lineage,dominant_iso,step,n_mut_H,phi_A,phi_S,phi_R
abstract_silk_height_useful_raise_eye_brain_diamond,IgM,0,13,0.2717276959164277,10.685307834583227,-0.2482827660215151
abstract_silk_height_useful_raise_eye_brain_diamond,IgM,1,13,0.2717276959164277,10.685307834583227,-0.2482827660215151
abstract_silk_height_useful_raise_eye_brain_diamond,IgM,2,13,0.2717276959164277,10.685307834583227,-0.2482827660215151
abstract_silk_height_useful_raise_eye_brain_diamond,IgM,3,13,0.2717276959164277,10.685307834583227,-0.2482827660215151
abstract_silk_height_useful_raise_eye_brain_diamond,IgM,4,13,0.2717276959164277,10.685307834583227,-0.2482827660215151
abstract_silk_height_useful_raise_eye_brain_diamond,IgM,5,13,0.2717276959164277,10.685307834583227,-0.2482827660215151
abstract_silk_height_useful_raise_eye_brain_diamond,IgM,6,13,0.2717276959164277,10.685307834583227,-0.2482827660215151
abstract_silk_height_useful_raise_eye_brain_diamond,IgM,7,14,0.04884662497261053,11.272957539628985,-0.2482827660215151
abstract_silk_height_useful_raise_eye_brain_diamond,IgM,8,15,-0.2873255496957979,11.479874536051195,-0.2482827660215151
abstract_silk_height_useful_raise_eye_brain_diamond,IgM,9,15,-0.2873255496957979,11.479874536051195,-0.2482827660215151
abstract_silk_height_useful_raise_eye_brain_diamond,IgM,10,15,-0.2873255496957979,11.479874536051195,-0.2482827660215151
abstract_silk_height_useful_raise_eye_brain_diamond,IgM,11,15,-0.2873255496957979,11.479874536051195,-0.2482827660215151
abstract_silk_height_useful_raise_eye_brain_diamond,IgM,12,16,0.9635635070700442,14.351920492838236,-0.3856277368002952
abstract_silk_height_useful_raise_eye_brain_diamond,IgM,13,16,0.9635635070700442,14.351920492838236,-0.3856277368002952
abstract_silk_height_useful_raise_eye_brain_diamond,IgM,14,16,0.9635635070700442,14.351920492838236,-0.3856277368002952
abstract_silk_height_useful_raise_eye_brain_diamond,IgM,15,16,0.9635635070700442,14.351920492838236,-0.3856277368002952
abstract_silk_height_useful_raise_eye_brain_diamond,IgM,16,16,0.9635635070700442,14.351920492838236,-0.3856277368002952
abstract_silk_height_useful_raise_eye_brain_diamond,IgM,17,16,0.9635635070700442,14.351920492838236,-0.3856277368002952
abstract_silk_height_useful_raise_eye_brain_diamond,IgM,18,16,0.9635635070700442,14.351920492838236,-0.3856277368002952
abstract_silk_height_useful_raise_eye_brain_diamond,IgM,19,18,2.0569474476523855,15.146487194306205,-0.38722626602555593
abstract_silk_height_useful_raise_eye_brain_diamond,IgM,20,18,2.0569474476523855,15.146487194306205,-0.38722626602555593
abstract_silk_height_useful_raise_eye_brain_diamond,IgM,21,18,2.0569474476523855,15.146487194306205,-0.38722626602555593
abstract_silk_height_useful_raise_eye_brain_diamond,IgM,22,18,2.0569474476523855,15.146487194306205,-0.38722626602555593
abstract_silk_height_useful_raise_eye_brain_diamond,IgM,23,18,2.0569474476523855,15.146487194306205,-0.38722626602555593
abstract_silk_height_useful_raise_eye_brain_diamond,IgM,24,18,2.0569474476523855,15.146487194306205,-0.38722626602555593
abstract_silk_height_useful_raise_eye_brain_diamond,IgM,25,18,2.0569474476523855,15.146487194306205,-0.38722626602555593
abstract_silk_height_useful_raise_eye_brain_diamond,IgM,26,18,2.0569474476523855,15.146487194306205,-0.38722626602555593
abstract_silk_height_useful_raise_eye_brain_diamond,IgM,27,18,2.0569474476523855,15.146487194306205,-0.38722626602555593
abstract_silk_height_useful_raise_eye_brain_diamond,IgM,28,18,2.0569474476523855,15.146487194306205,-0.38722626602555593
abstract_silk_height_useful_raise_eye_brain_diamond,IgM,29,18,2.0569474476523855,15.146487194306205,-0.38722626602555593
abstract_silk_height_useful_raise_eye_brain_diamond,IgM,30,18,2.0569474476523855,15.146487194306205,-0.38722626602555593
abstract_silk_height_useful_raise_eye_brain_diamond,IgM,31,18,2.0569474476523855,15.146487194306205,-0.38722626602555593
abstract_silk_height_useful_raise_eye_brain_diamond,IgM,32,18,2.0569474476523855,15.146487194306205,-0.38722626602555593
abstract_silk_height_useful_raise_eye_brain_diamond,IgM,33,18,2.0569474476523855,15.146487194306205,-0.38722626602555593
abstract_silk_height_useful_raise_eye_brain_diamond,IgM,34,18,2.0569474476523855,15.146487194306205,-0.38722626602555593
abstract_silk_height_useful_raise_eye_brain_diamond,IgM,35,18,2.0569474476523855,15.146487194306205,-0.38722626602555593
abstract_silk_height_useful_raise_eye_brain_diamond,IgM,36,18,2.0569474476523855,15.146487194306205,-0.38722626602555593
abstract_silk_height_useful_raise_eye_brain_diamond,IgM,37,18,2.0569474476523855,15.146487194306205,-0.38722626602555593
abstract_silk_height_useful_raise_eye_brain_diamond,IgM,38,18,2.0569474476523855,15.146487194306205,-0.38722626602555593
abstract_silk_height_useful_raise_eye_brain_diamond,IgM,39,18,2.0569474476523855,15.146487194306205,-0.38722626602555593
abstract_silk_height_useful_raise_eye_brain_diamond,IgM,40,18,2.0569474476523855,15.146487194306205,-0.38722626602555593
abstract_silk_height_useful_raise_eye_brain_diamond,IgM,41,18,2.0569474476523855,15.146487194306205,-0.38722626602555593
abstract_silk_height_useful_raise_eye_brain_diamond,IgM,42,18,2.0569474476523855,15.146487194306205,-0.38722626602555593
abstract_silk_height_useful_raise_eye_brain_diamond,IgM,43,18,2.0569474476523855,15.146487194306205,-0.38722626602555593
abstract_silk_height_useful_raise_eye_brain_diamond,IgM,44,18,2.0569474476523855,15.146487194306205,-0.38722626602555593
abstract_silk_height_useful_raise_eye_brain_diamond,IgM,45,18,2.0569474476523855,15.146487194306205,-0.38722626602555593
abstract_silk_height_useful_raise_eye_brain_diamond,IgM,46,18,2.0569474476523855,15.146487194306205,-0.38722626602555593
abstract_silk_height_useful_raise_eye_brain_diamond,IgM,47,18,2.0569474476523855,15.146487194306205,-0.38722626602555593
abstract_silk_height_useful_raise_eye_brain_diamond,IgM,48,18,2.0569474476523855,15.146487194306205,-0.38722626602555593
abstract_silk_height_useful_raise_eye_brain_diamond,IgM,49,18,2.0569474476523855,15.146487194306205,-0.38722626602555593
abstract_silk_height_useful_raise_eye_brain_diamond,IgM,50,18,2.0569474476523855,15.146487194306205,-0.38722626602555593
abstract_silk_height_useful_raise_eye_brain_diamond,IgM,51,18,2.0569474476523855,15.146487194306205,-0.38722626602555593
abstract_silk_height_useful_raise_eye_brain_diamond,IgM,52,18,2.0569474476523855,15.146487194306205,-0.38722626602555593
abstract_silk_height_useful_raise_eye_brain_diamond,IgM,53,18,2.0569474476523855,15.146487194306205,-0.38722626602555593
abstract_silk_height_useful_raise_eye_brain_diamond,IgM,54,18,2.0569474476523855,15.146487194306205,-0.38722626602555593
abstract_silk_height_useful_raise_eye_brain_diamond,IgM,55,18,2.0569474476523855,15.146487194306205,-0.38722626602555593
abstract_silk_height_useful_raise_eye_brain_diamond,IgM,56,18,2.0569474476523855,15.146487194306205,-0.38722626602555593
abstract_silk_height_useful_raise_eye_brain_diamond,IgM,57,18,2.0569474476523855,15.146487194306205,-0.38722626602555593
abstract_silk_height_useful_raise_eye_brain_diamond,IgM,58,18,2.0569474476523855,15.146487194306205,-0.38722626602555593
abstract_silk_height_useful_raise_eye_brain_diamond,IgM,59,18,2.0569474476523855,15.146487194306205,-0.38722626602555593
abstract_silk_height_useful_raise_eye_brain_diamond,IgM,60,18,2.0569474476523855,15.146487194306205,-0.38722626602555593
abstract_silk_height_useful_raise_eye_brain_diamond,IgM,61,18,2.0569474476523855,15.146487194306205,-0.38722626602555593
abstract_silk_height_useful_raise_eye_brain_diamond,IgM,62,18,2.0569474476523855,15.146487194306205,-0.38722626602555593
abstract_silk_height_useful_raise_eye_brain_diamond,IgM,63,18,2.0569474476523855,15.146487194306205,-0.38722626602555593
abstract_silk_height_useful_raise_eye_brain_diamond,IgM,64,18,2.0569474476523855,15.146487194306205,-0.38722626602555593
abstract_silk_height_useful_raise_eye_brain_diamond,IgM,65,18,2.0569474476523855,15.146487194306205,-0.38722626602555593
abstract_silk_height_useful_raise_eye_brain_diamond,IgM,66,18,2.0569474476523855,15.146487194306205,-0.38722626602555593
abstract_silk_height_useful_raise_eye_brain_diamond,IgM,67,18,2.0569474476523855,15.146487194306205,-0.38722626602555593
abstract_silk_height_useful_raise_eye_brain_diamond,IgM,68,18,2.0569474476523855,15.146487194306205,-0.38722626602555593
abstract_silk_height_useful_raise_eye_brain_diamond,IgM,69,18,2.0569474476523855,15.146487194306205,-0.38722626602555593
abstract_silk_height_useful_raise_eye_brain_diamond,IgM,70,18,2.0569474476523855,15.146487194306205,-0.38722626602555593
abstract_silk_height_useful_raise_eye_brain_diamond,IgM,71,18,2.0569474476523855,15.146487194306205,-0.38722626602555593
abstract_silk_height_useful_raise_eye_brain_diamond,IgM,72,18,2.0569474476523855,15.146487194306205,-0.38722626602555593
abstract_silk_height_useful_raise_eye_brain_diamond,IgM,73,18,2.0569474476523855,15.146487194306205,-0.38722626602555593
abstract_silk_height_useful_raise_eye_brain_diamond,IgM,74,18,2.0569474476523855,15.146487194306205,-0.38722626602555593
abstract_silk_height_useful_raise_eye_brain_diamond,IgM,75,18,2.0569474476523855,15.146487194306205,-0.38722626602555593
abstract_silk_height_useful_raise_eye_brain_diamond,IgM,76,18,2.0569474476523855,15.146487194306205,-0.38722626602555593
abstract_silk_height_useful_raise_eye_brain_diamond,IgM,77,18,2.0569474476523855,15.146487194306205,-0.38722626602555593
abstract_silk_height_useful_raise_eye_brain_diamond,IgM,78,18,2.0569474476523855,15.146487194306205,-0.38722626602555593
abstract_silk_height_useful_raise_eye_brain_diamond,IgM,79,18,2.0569474476523855,15.146487194306205,-0.38722626602555593
abstract_silk_height_useful_raise_eye_brain_diamond,IgM,80,18,2.0569474476523855,15.146487194306205,-0.38722626602555593
abstract_silk_height_useful_raise_eye_brain_diamond,IgM,81,18,2.0569474476523855,15.146487194306205,-0.38722626602555593
abstract_silk_height_useful_raise_eye_brain_diamond,IgM,82,18,2.0569474476523855,15.146487194306205,-0.38722626602555593
abstract_silk_height_useful_raise_eye_brain_diamond,IgM,83,18,2.0569474476523855,15.146487194306205,-0.38722626602555593
abstract_silk_height_useful_raise_eye_brain_diamond,IgM,84,18,2.0569474476523855,15.146487194306205,-0.38722626602555593
abstract_silk_height_useful_raise_eye_brain_diamond,IgM,85,18,2.0569474476523855,15.146487194306205,-0.38722626602555593
abstract_silk_height_useful_raise_eye_brain_diamond,IgM,86,18,2.0569474476523855,15.146487194306205,-0.38722626602555593
abstract_silk_height_useful_raise_eye_brain_diamond,IgM,87,18,2.0569474476523855,15.146487194306205,-0.38722626602555593
abstract_silk_height_useful_raise_eye_brain_diamond,IgM,88,18,2.0569474476523855,15.146487194306205,-0.38722626602555593
abstract_silk_height_useful_raise_eye_brain_diamond,IgM,89,18,2.0569474476523855,15.146487194306205,-0.38722626602555593
abstract_silk_height_useful_raise_eye_brain_diamond,IgM,90,19,2.0569474476523855,16.11486960797551,-0.38722626602555593
abstract_silk_height_useful_raise_eye_brain_diamond,IgM,91,19,2.0569474476523855,16.11486960797551,-0.38722626602555593
abstract_silk_height_useful_raise_eye_brain_diamond,IgM,92,19,2.0569474476523855,16.11486960797551,-0.38722626602555593
abstract_silk_height_useful_raise_eye_brain_diamond,IgM,93,20,0.8947453855092655,16.321786604397722,-0.42878760144709327
abstract_silk_height_useful_raise_eye_brain_diamond,IgM,94,20,0.8947453855092655,16.321786604397722,-0.42878760144709327
abstract_silk_height_useful_raise_eye_brain_diamond,IgM,95,20,2.2558814174084483,16.70251931302127,-0.38722626602555593
abstract_silk_height_useful_raise_eye_brain_diamond,IgM,96,20,2.2558814174084483,16.70251931302127,-0.38722626602555593
abstract_silk_height_useful_raise_eye_brain_diamond,IgM,97,20,0.8947453855092655,16.321786604397722,-0.42878760144709327
abstract_silk_height_useful_raise_eye_brain_diamond,IgM,98,20,2.2558814174084483,16.70251931302127,-0.38722626602555593
abstract_silk_height_useful_raise_eye_brain_diamond,IgM,99,20,0.8947453855092655,16.321786604397722,-0.42878760144709327
abstract_silk_height_useful_raise_eye_brain_diamond,IgM,100,20,2.2558814174084483,16.70251931302127,-0.38722626602555593
abstract_silk_height_useful_raise_eye_brain_diamond,IgM,101,20,0.8947453855092655,16.321786604397722,-0.42878760144709327
abstract_silk_height_useful_raise_eye_brain_diamond,IgM,102,20,2.2558814174084483,16.70251931302127,-0.38722626602555593
abstract_silk_height_useful_raise_eye_brain_diamond,IgM,103,20,2.2558814174084483,16.70251931302127,-0.38722626602555593
abstract_silk_height_useful_raise_eye_brain_diamond,IgM,104,20,0.8947453855092655,16.321786604397722,-0.42878760144709327
abstract_silk_height_useful_raise_eye_brain_diamond,IgM,105,20,2.2558814174084483,16.70251931302127,-0.38722626602555593
abstract_silk_height_useful_raise_eye_brain_diamond,IgM,106,20,0.8947453855092655,16.321786604397722,-0.42878760144709327
abstract_silk_height_useful_raise_eye_brain_diamond,IgM,107,20,2.2558814174084483,16.70251931302127,-0.38722626602555593
abstract_silk_height_useful_raise_eye_brain_diamond,IgM,108,20,0.8947453855092655,16.321786604397722,-0.42878760144709327
abstract_silk_height_useful_raise_eye_brain_diamond,IgM,109,20,0.8947453855092655,16.321786604397722,-0.42878760144709327
abstract_silk_height_useful_raise_eye_brain_diamond,IgM,110,20,0.8947453855092655,16.321786604397722,-0.42878760144709327
abstract_silk_height_useful_raise_eye_brain_diamond,IgM,111,20,2.2558814174084483,16.70251931302127,-0.38722626602555593
abstract_silk_height_useful_raise_eye_brain_diamond,IgM,112,20,0.8947453855092655,16.321786604397722,-0.42878760144709327
abstract_silk_height_useful_raise_eye_brain_diamond,IgM,113,21,1.6540930966380338,17.670901726690573,-0.33287678522594155
abstract_silk_height_useful_raise_eye_brain_diamond,IgM,114,21,1.1453609972360244,16.90943630944348,-0.42878760144709327
abstract_silk_height_useful_raise_eye_brain_diamond,IgM,115,21,1.1453609972360244,16.90943630944348,-0.42878760144709327
abstract_silk_height_useful_raise_eye_brain_diamond,IgM,116,21,1.1453609972360244,16.90943630944348,-0.42878760144709327
abstract_silk_height_useful_raise_eye_brain_diamond,IgM,117,21,1.1453609972360244,16.90943630944348,-0.42878760144709327
abstract_silk_height_useful_raise_eye_brain_diamond,IgM,118,21,1.6540930966380338,17.670901726690573,-0.33287678522594155
abstract_silk_height_useful_raise_eye_brain_diamond,IgM,119,21,1.1453609972360244,16.90943630944348,-0.42878760144709327
abstract_silk_height_useful_raise_eye_brain_diamond,IgM,120,22,0.5589724541282979,18.639284140359877,-0.42878760144709327
abstract_silk_height_useful_raise_eye_brain_diamond,IgM,121,22,0.5589724541282979,18.639284140359877,-0.42878760144709327
abstract_silk_height_useful_raise_eye_brain_diamond,IgM,122,22,0.5589724541282979,18.639284140359877,-0.42878760144709327
abstract_silk_height_useful_raise_eye_brain_diamond,IgM,123,22,0.5589724541282979,18.639284140359877,-0.42878760144709327
abstract_silk_height_useful_raise_eye_brain_diamond,IgM,124,22,0.5589724541282979,18.639284140359877,-0.42878760144709327
abstract_silk_height_useful_raise_eye_brain_diamond,IgM,125,22,0.5589724541282979,18.639284140359877,-0.42878760144709327
abstract_silk_height_useful_raise_eye_brain_diamond,IgM,126,22,0.5589724541282979,18.639284140359877,-0.42878760144709327
abstract_silk_height_useful_raise_eye_brain_diamond,IgM,127,23,1.1172774456369179,19.60766655402918,-0.42878760144709327
abstract_silk_height_useful_raise_eye_brain_diamond,IgM,128,23,1.1172774456369179,19.60766655402918,-0.42878760144709327
abstract_silk_height_useful_raise_eye_brain_diamond,IgM,129,23,1.1172774456369179,19.60766655402918,-0.42878760144709327
abstract_silk_height_useful_raise_eye_brain_diamond,IgM,130,23,1.1172774456369179,19.60766655402918,-0.42878760144709327
abstract_silk_height_useful_raise_eye_brain_diamond,IgM,131,23,1.1172774456369179,19.60766655402918,-0.42878760144709327
abstract_silk_height_useful_raise_eye_brain_diamond,IgM,132,23,1.1172774456369179,19.60766655402918,-0.42878760144709327
abstract_silk_height_useful_raise_eye_brain_diamond,IgM,133,23,1.1172774456369179,19.60766655402918,-0.42878760144709327
abstract_silk_height_useful_raise_eye_brain_diamond,IgM,134,23,1.1172774456369179,19.60766655402918,-0.42878760144709327
abstract_silk_height_useful_raise_eye_brain_diamond,IgM,135,23,1.1172774456369179,19.60766655402918,-0.42878760144709327
abstract_silk_height_useful_raise_eye_brain_diamond,IgM,136,23,1.1172774456369179,19.60766655402918,-0.42878760144709327
abstract_silk_height_useful_raise_eye_brain_diamond,IgM,137,23,1.1172774456369179,19.60766655402918,-0.42878760144709327
abstract_silk_height_useful_raise_eye_brain_diamond,IgM,138,23,1.1172774456369179,19.60766655402918,-0.42878760144709327
abstract_silk_height_useful_raise_eye_brain_diamond,IgM,139,23,1.1172774456369179,19.60766655402918,-0.42878760144709327
abstract_silk_height_useful_raise_eye_brain_diamond,IgM,140,23,1.1172774456369179,19.60766655402918,-0.42878760144709327
abstract_silk_height_useful_raise_eye_brain_diamond,IgM,141,23,1.1172774456369179,19.60766655402918,-0.42878760144709327
abstract_silk_height_useful_raise_eye_brain_diamond,IgM,142,23,1.1172774456369179,19.60766655402918,-0.42878760144709327
abstract_silk_height_useful_raise_eye_brain_diamond,IgM,143,23,1.1172774456369179,19.60766655402918,-0.42878760144709327
abstract_silk_height_useful_raise_eye_brain_diamond,IgM,144,23,1.1172774456369179,19.60766655402918,-0.42878760144709327
abstract_silk_height_useful_raise_eye_brain_diamond,IgM,145,23,1.1172774456369179,19.60766655402918,-0.42878760144709327
abstract_silk_height_useful_raise_eye_brain_diamond,IgM,146,23,1.1172774456369179,19.60766655402918,-0.42878760144709327
abstract_silk_height_useful_raise_eye_brain_diamond,IgM,147,25,1.3677189632096503,21.163698672744246,-0.42878760144709327
abstract_silk_height_useful_raise_eye_brain_diamond,IgM,148,25,1.3677189632096503,21.163698672744246,-0.42878760144709327
abstract_silk_height_useful_raise_eye_brain_diamond,IgM,149,25,1.3677189632096503,21.163698672744246,-0.42878760144709327
abstract_silk_height_useful_raise_eye_brain_diamond,IgM,150,25,1.3677189632096503,21.163698672744246,-0.42878760144709327
afford_poet_rotate_find_endless_tag_orchard_want,IgM,0,10,1.0686328406949839,7.780160593575313,-0.7681152478962328
afford_poet_rotate_find_endless_tag_orchard_want,IgM,1,10,1.0686328406949839,7.780160593575313,-0.7681152478962328
afford_poet_rotate_find_endless_tag_orchard_want,IgM,2,10,1.0686328406949839,7.780160593575313,-0.7681152478962328
afford_poet_rotate_find_endless_tag_orchard_want,IgM,3,12,-0.13329990662440827,8.955460003666829,-1.1029038943333282
afford_poet_rotate_find_endless_tag_orchard_want,IgM,4,12,-0.8260093901221207,10.09765812953747,-1.2266296448313032
afford_poet_rotate_find_endless_tag_orchard_want,IgM,5,14,-0.5384732379786434,12.415155665499626,-1.3525126010692659
afford_poet_rotate_find_endless_tag_orchard_want,IgM,6,14,-1.049065379029741,11.65369024825253,-1.3085534740204376
afford_poet_rotate_find_endless_tag_orchard_want,IgM,7,15,-0.8260093901221207,13.002805370545385,-1.118889036265121
afford_poet_rotate_find_endless_tag_orchard_want,IgM,8,15,1.0686328406949839,12.622072661921838,-1.2280466240489016
afford_poet_rotate_find_endless_tag_orchard_want,IgM,9,15,0.04884662497261053,12.24133995329829,-1.2086463678951374
afford_poet_rotate_find_endless_tag_orchard_want,IgM,10,15,1.0686328406949839,12.622072661921838,-1.2280466240489016
afford_poet_rotate_find_endless_tag_orchard_want,IgM,11,15,1.4726433090871196,13.002805370545385,-1.1586928159377874
afford_poet_rotate_find_endless_tag_orchard_want,IgM,12,15,1.0686328406949839,12.622072661921838,-1.2280466240489016
afford_poet_rotate_find_endless_tag_orchard_want,IgM,13,16,-0.5384732379786434,14.351920492838236,-1.3525126010692659
afford_poet_rotate_find_endless_tag_orchard_want,IgM,14,16,2.4944440280090023,13.971187784214688,-1.202651936354815
afford_poet_rotate_find_endless_tag_orchard_want,IgM,15,16,2.4944440280090023,13.971187784214688,-1.202651936354815
afford_poet_rotate_find_endless_tag_orchard_want,IgM,16,16,0.04884662497261053,13.209722366967595,-1.118889036265121
afford_poet_rotate_find_endless_tag_orchard_want,IgM,17,17,0.7816788823627474,14.1781047806369,-1.118889036265121
afford_poet_rotate_find_endless_tag_orchard_want,IgM,18,17,0.7816788823627474,14.1781047806369,-1.118889036265121
afford_poet_rotate_find_endless_tag_orchard_want,IgM,19,17,-0.8260093901221207,14.939570197883995,-1.2533457080002726
afford_poet_rotate_find_endless_tag_orchard_want,IgM,20,17,0.7816788823627474,14.1781047806369,-1.118889036265121
afford_poet_rotate_find_endless_tag_orchard_want,IgM,21,17,-0.13329990662440827,13.797372072013353,-1.3045571796950888
afford_poet_rotate_find_endless_tag_orchard_want,IgM,22,18,1.4039411963144843,15.146487194306205,-1.6187832221334721
afford_poet_rotate_find_endless_tag_orchard_want,IgM,23,18,0.5589724541282979,14.765754485682658,-1.3185441755695069
afford_poet_rotate_find_endless_tag_orchard_want,IgM,24,18,0.7816788823627474,15.146487194306205,-1.118889036265121
afford_poet_rotate_find_endless_tag_orchard_want,IgM,25,19,-0.13329990662440827,15.734136899351963,-1.2113847181664177
afford_poet_rotate_find_endless_tag_orchard_want,IgM,26,19,0.7816788823627474,16.11486960797551,-1.1361955488539794
afford_poet_rotate_find_endless_tag_orchard_want,IgM,27,19,-0.2873255496957979,15.353404190728416,-1.4816516096359869
afford_poet_rotate_find_endless_tag_orchard_want,IgM,28,19,0.37694241891061303,15.353404190728416,-1.1361955488539794
afford_poet_rotate_find_endless_tag_orchard_want,IgM,29,20,0.37694241891061303,16.321786604397722,-1.301301116110848
afford_poet_rotate_find_endless_tag_orchard_want,IgM,30,20,-0.8260093901221207,17.84471743889191,-1.118889036265121
afford_poet_rotate_find_endless_tag_orchard_want,IgM,31,20,0.37694241891061303,16.321786604397722,-1.1361955488539794
afford_poet_rotate_find_endless_tag_orchard_want,IgM,32,20,-1.049065379029741,16.495602316599054,-1.3025590391642148
afford_poet_rotate_find_endless_tag_orchard_want,IgM,33,20,-0.8260093901221207,17.84471743889191,-1.118889036265121
afford_poet_rotate_find_endless_tag_orchard_want,IgM,34,21,-0.5384732379786434,16.52870360081993,-1.6513346348981144
afford_poet_rotate_find_endless_tag_orchard_want,IgM,35,21,-0.13329990662440827,17.670901726690573,-1.1846686682610499
afford_poet_rotate_find_endless_tag_orchard_want,IgM,36,21,-0.13329990662440827,17.670901726690573,-1.1846686682610499
afford_poet_rotate_find_endless_tag_orchard_want,IgM,37,21,0.37694241891061303,17.290169018067026,-1.3445200256821692
afford_poet_rotate_find_endless_tag_orchard_want,IgM,38,21,1.4039411963144843,18.051634435314117,-1.118889036265121
afford_poet_rotate_find_endless_tag_orchard_want,IgM,39,21,-0.13329990662440827,17.670901726690573,-1.1846686682610499
afford_poet_rotate_find_endless_tag_orchard_want,IgM,40,21,-0.5384732379786434,16.52870360081993,-1.6513346348981144
afford_poet_rotate_find_endless_tag_orchard_want,IgM,41,21,-0.13329990662440827,17.670901726690573,-1.1846686682610499
afford_poet_rotate_find_endless_tag_orchard_want,IgM,42,21,-0.13329990662440827,17.670901726690573,-1.1846686682610499
afford_poet_rotate_find_endless_tag_orchard_want,IgM,43,21,-0.5384732379786434,16.52870360081993,-1.6513346348981144
afford_poet_rotate_find_endless_tag_orchard_want,IgM,44,21,-0.5384732379786434,16.52870360081993,-1.705284477312263
afford_poet_rotate_find_endless_tag_orchard_want,IgM,45,21,-0.5384732379786434,16.52870360081993,-1.6513346348981144
afford_poet_rotate_find_endless_tag_orchard_want,IgM,46,22,-0.8260093901221207,19.781482266230515,-1.2533457080002726
afford_poet_rotate_find_endless_tag_orchard_want,IgM,47,22,-1.049065379029741,19.40074955760697,-1.0889168984589102
afford_poet_rotate_find_endless_tag_orchard_want,IgM,48,22,-1.049065379029741,19.40074955760697,-1.0889168984589102
afford_poet_rotate_find_endless_tag_orchard_want,IgM,49,23,-0.6437753880682517,17.11635330586569,-1.1009057549077546
afford_poet_rotate_find_endless_tag_orchard_want,IgM,50,23,0.04884662497261053,19.988399262652727,-1.059525922868794
afford_poet_rotate_find_endless_tag_orchard_want,IgM,51,23,0.37694241891061303,19.226933845405632,-1.1574348785155193
afford_poet_rotate_find_endless_tag_orchard_want,IgM,52,23,0.04884662497261053,19.988399262652727,-1.059525922868794
afford_poet_rotate_find_endless_tag_orchard_want,IgM,53,23,0.5589724541282979,19.60766655402918,-1.118889036265121
afford_poet_rotate_find_endless_tag_orchard_want,IgM,54,23,-1.049065379029741,20.369131971276275,-1.0889168984589102
afford_poet_rotate_find_endless_tag_orchard_want,IgM,55,24,-1.2313285566261374,20.95678167632203,-1.0889168984589102
afford_poet_rotate_find_endless_tag_orchard_want,IgM,56,24,0.37694241891061303,20.19531625907494,-1.1074813309793696
afford_poet_rotate_find_endless_tag_orchard_want,IgM,57,24,0.08962486797974716,19.433850841827844,-1.4816516096359869
afford_poet_rotate_find_endless_tag_orchard_want,IgM,58,24,0.5589724541282979,20.576048967698487,-1.164687238635709
afford_poet_rotate_find_endless_tag_orchard_want,IgM,59,24,-0.13329990662440827,20.576048967698487,-1.0115704970734165
afford_poet_rotate_find_endless_tag_orchard_want,IgM,60,25,1.1453609972360244,20.7829659641207,-1.3185441755695069
afford_poet_rotate_find_endless_tag_orchard_want,IgM,61,25,0.7128316973393489,20.7829659641207,-1.3645014420439088
afford_poet_rotate_find_endless_tag_orchard_want,IgM,62,25,1.1453609972360244,20.7829659641207,-1.3345293108694987
afford_poet_rotate_find_endless_tag_orchard_want,IgM,63,25,-0.028036630969030377,20.021500546873604,-1.6513346348981144
afford_poet_rotate_find_endless_tag_orchard_want,IgM,64,25,0.4256596947182628,20.021500546873604,-1.345260227685475
afford_poet_rotate_find_endless_tag_orchard_want,IgM,65,25,0.8947453855092655,21.163698672744246,-1.3345293108694987
afford_poet_rotate_find_endless_tag_orchard_want,IgM,66,25,0.4256596947182628,20.021500546873604,-1.345260227685475
afford_poet_rotate_find_endless_tag_orchard_want,IgM,67,26,0.08962486797974716,21.370615669166455,-1.4816516096359869
afford_poet_rotate_find_endless_tag_orchard_want,IgM,68,27,0.8097873287703594,21.958265374212214,-1.1574348785155193
afford_poet_rotate_find_endless_tag_orchard_want,IgM,69,27,0.8097873287703594,21.958265374212214,-1.244612921767469
afford_poet_rotate_find_endless_tag_orchard_want,IgM,70,27,0.8097873287703594,21.958265374212214,-1.2945664784223445
afford_poet_rotate_find_endless_tag_orchard_want,IgM,71,27,0.8097873287703594,21.958265374212214,-1.2945664784223445
afford_poet_rotate_find_endless_tag_orchard_want,IgM,72,27,0.8097873287703594,21.958265374212214,-1.2945664784223445
afford_poet_rotate_find_endless_tag_orchard_want,IgM,73,27,0.8097873287703594,21.958265374212214,-1.1574348785155193
afford_poet_rotate_find_endless_tag_orchard_want,IgM,74,27,0.8097873287703594,21.958265374212214,-1.1574348785155193
afford_poet_rotate_find_endless_tag_orchard_want,IgM,75,28,1.1765137496567497,22.165182370634422,-1.2186370738654069
afford_poet_rotate_find_endless_tag_orchard_want,IgM,76,28,0.08962486797974716,23.30738049650506,-1.345260227685475
afford_poet_rotate_find_endless_tag_orchard_want,IgM,77,28,0.08962486797974716,23.30738049650506,-1.4456850557636551
afford_poet_rotate_find_endless_tag_orchard_want,IgM,78,28,1.875930417399004,22.926647787881517,-1.3525126010692659
afford_poet_rotate_find_endless_tag_orchard_want,IgM,79,28,1.330124067440297,22.54591507925797,-1.2186370738654069
afford_poet_rotate_find_endless_tag_orchard_want,IgM,80,28,-0.028036630969030377,22.926647787881517,-1.6513346348981144
afford_poet_rotate_find_endless_tag_orchard_want,IgM,81,29,0.8097873287703594,23.89503020155082,-1.2945664784223445
afford_poet_rotate_find_endless_tag_orchard_want,IgM,82,29,0.08962486797974716,24.27576291017437,-1.4816516096359869
afford_poet_rotate_find_endless_tag_orchard_want,IgM,83,29,-0.5384732379786434,24.27576291017437,-1.6013810812828142
afford_poet_rotate_find_endless_tag_orchard_want,IgM,84,29,-0.13329990662440827,22.54591507925797,-0.941794599766266
afford_poet_rotate_find_endless_tag_orchard_want,IgM,85,29,0.8097873287703594,23.89503020155082,-1.2945664784223445
afford_poet_rotate_find_endless_tag_orchard_want,IgM,86,29,0.8097873287703594,23.89503020155082,-1.2945664784223445
afford_poet_rotate_find_endless_tag_orchard_want,IgM,87,29,-0.028036630969030377,23.89503020155082,-1.2566017715845128
afford_poet_rotate_find_endless_tag_orchard_want,IgM,88,30,0.8767705722600375,24.101947197973033,-1.164687238635709
afford_poet_rotate_find_endless_tag_orchard_want,IgM,89,30,0.5589724541282979,25.244145323843675,-1.3185441755695069
afford_poet_rotate_find_endless_tag_orchard_want,IgM,90,30,0.5589724541282979,25.244145323843675,-1.3185441755695069
afford_poet_rotate_find_endless_tag_orchard_want,IgM,91,30,0.5589724541282979,25.244145323843675,-1.3185441755695069
afford_poet_rotate_find_endless_tag_orchard_want,IgM,92,30,1.875930417399004,24.863412615220128,-1.3525126010692659
afford_poet_rotate_find_endless_tag_orchard_want,IgM,93,30,0.5589724541282979,25.244145323843675,-1.3185441755695069
afford_poet_rotate_find_endless_tag_orchard_want,IgM,94,30,0.5589724541282979,25.244145323843675,-1.3185441755695069
afford_poet_rotate_find_endless_tag_orchard_want,IgM,95,30,0.5589724541282979,25.244145323843675,-1.3185441755695069
afford_poet_rotate_find_endless_tag_orchard_want,IgM,96,30,0.6765369043602282,24.48267990659658,-1.2945664784223445
afford_poet_rotate_find_endless_tag_orchard_want,IgM,97,30,0.5589724541282979,25.244145323843675,-1.3185441755695069
afford_poet_rotate_find_endless_tag_orchard_want,IgM,98,30,0.5589724541282979,25.244145323843675,-1.3185441755695069
afford_poet_rotate_find_endless_tag_orchard_want,IgM,99,30,0.5589724541282979,25.244145323843675,-1.3185441755695069
afford_poet_rotate_find_endless_tag_orchard_want,IgM,100,30,0.5589724541282979,25.244145323843675,-1.3185441755695069
afford_poet_rotate_find_endless_tag_orchard_want,IgM,101,30,0.5589724541282979,25.244145323843675,-1.3185441755695069
afford_poet_rotate_find_endless_tag_orchard_want,IgM,102,31,0.8767705722600375,25.070329611642336,-1.2685906280333572
afford_poet_rotate_find_endless_tag_orchard_want,IgM,103,31,0.8767705722600375,25.070329611642336,-1.2685906280333572
afford_poet_rotate_find_endless_tag_orchard_want,IgM,104,31,0.8767705722600375,25.070329611642336,-1.2186370738654069
afford_poet_rotate_find_endless_tag_orchard_want,IgM,105,31,0.8767705722600375,25.070329611642336,-1.2186370738654069
afford_poet_rotate_find_endless_tag_orchard_want,IgM,106,31,0.5589724541282979,26.21252773751298,-1.345260227685475
afford_poet_rotate_find_endless_tag_orchard_want,IgM,107,32,0.5589724541282979,27.18091015118228,-1.0569466295859578
afford_poet_rotate_find_endless_tag_orchard_want,IgM,108,33,0.8097873287703594,27.76855985622804,-1.2945664784223445
apology_consider_away_answer_predict_rice_cream_raise,IgA,0,12,0.2717276959164277,9.716925420913922,-0.6479674273749956
apology_consider_away_answer_predict_rice_cream_raise,IgA,1,12,0.2717276959164277,9.716925420913922,-0.6479674273749956
apology_consider_away_answer_predict_rice_cream_raise,IgA,2,12,0.2717276959164277,9.716925420913922,-0.27519295771849417
apology_consider_away_answer_predict_rice_cream_raise,IgA,3,16,-1.049065379029741,13.59045507559114,-0.0167665952279913
apology_consider_away_answer_predict_rice_cream_raise,IgA,4,17,0.7816788823627474,14.1781047806369,-0.2565436446232714
apology_consider_away_answer_predict_rice_cream_raise,IgA,5,17,0.7816788823627474,14.1781047806369,-0.2565436446232714
apology_consider_away_answer_predict_rice_cream_raise,IgA,6,19,1.4726433090871196,16.876335025222602,-0.19526727900793456
apology_consider_away_answer_predict_rice_cream_raise,IgA,7,19,0.5589724541282979,15.734136899351963,-0.2565436446232714
apology_consider_away_answer_predict_rice_cream_raise,IgA,8,19,0.5589724541282979,15.734136899351963,-0.2565436446232714
apology_consider_away_answer_predict_rice_cream_raise,IgA,9,21,0.7128316973393489,16.90943630944348,-0.2565436446232714
apology_consider_away_answer_predict_rice_cream_raise,IgA,10,21,0.37694241891061303,17.290169018067026,-0.2565436446232714
apology_consider_away_answer_predict_rice_cream_raise,IgA,11,21,0.7128316973393489,16.90943630944348,-0.2565436446232714
apology_consider_away_answer_predict_rice_cream_raise,IgA,12,21,1.1172774456369179,17.670901726690573,-0.5148321178511251
apology_consider_away_answer_predict_rice_cream_raise,IgA,13,23,0.7816788823627474,19.988399262652727,-0.5600491865409405
apology_consider_away_answer_predict_rice_cream_raise,IgA,14,25,1.4039411963144843,21.925164089991338,-0.2565436446232714
apology_consider_away_answer_predict_rice_cream_raise,IgA,15,25,0.9635635070700442,20.40223325549715,-0.2565436446232714
apology_consider_away_answer_predict_rice_cream_raise,IgA,16,25,0.9635635070700442,20.40223325549715,-0.6745351628800514
apology_consider_away_answer_predict_rice_cream_raise,IgA,17,25,0.9635635070700442,20.40223325549715,-0.6745351628800514
apology_consider_away_answer_predict_rice_cream_raise,IgA,18,25,1.4039411963144843,21.925164089991338,-0.2565436446232714
apology_consider_away_answer_predict_rice_cream_raise,IgA,19,28,0.7128316973393489,23.688113205128612,-0.7571250481236448
apology_consider_away_answer_predict_rice_cream_raise,IgA,20,31,0.5589724541282979,27.35472586338362,-0.2565436446232714
apology_consider_away_answer_predict_rice_cream_raise,IgA,21,33,0.6765369043602282,27.387827147604497,-0.1526402519097229
apology_consider_away_answer_predict_rice_cream_raise,IgA,22,34,0.4256596947182628,28.736942269897344,-0.1526402519097229
bachelor_furnace_oval_trophy_absent_time_reduce_dynamic,IgM,0,5,0.9635635070700442,3.699713942475883,-0.8543083779932831
bachelor_furnace_oval_trophy_absent_time_reduce_dynamic,IgM,1,5,-0.13329990662440827,4.080446651099431,-0.6753065467614144
bachelor_furnace_oval_trophy_absent_time_reduce_dynamic,IgM,2,6,1.6540930966380338,5.048829064768735,-0.40420870831965494
bachelor_furnace_oval_trophy_absent_time_reduce_dynamic,IgM,3,7,-0.8260093901221207,5.255746061190946,-0.3494005788328704
bachelor_furnace_oval_trophy_absent_time_reduce_dynamic,IgM,4,7,-0.8260093901221207,5.255746061190946,-0.3494005788328704
bachelor_furnace_oval_trophy_absent_time_reduce_dynamic,IgM,5,9,-0.13329990662440827,7.953976305776649,-1.0654619367980367
bachelor_furnace_oval_trophy_absent_time_reduce_dynamic,IgM,6,10,0.5589724541282979,8.160893302198861,-0.8619920374992814
bachelor_furnace_oval_trophy_absent_time_reduce_dynamic,IgM,7,12,-0.13329990662440827,8.955460003666829,-0.7897183512152268
bachelor_furnace_oval_trophy_absent_time_reduce_dynamic,IgM,8,12,-0.8260093901221207,10.09765812953747,-0.2942518776326299
bachelor_furnace_oval_trophy_absent_time_reduce_dynamic,IgM,9,12,-1.2313285566261374,9.336192712290377,-0.14304255979364494
bachelor_furnace_oval_trophy_absent_time_reduce_dynamic,IgM,10,13,0.5589724541282979,8.160893302198861,-0.5141655675503479
bachelor_furnace_oval_trophy_absent_time_reduce_dynamic,IgM,11,13,-0.8260093901221207,11.066040543206775,-0.46860793559286135
bachelor_furnace_oval_trophy_absent_time_reduce_dynamic,IgM,12,13,-0.13329990662440827,9.923842417336134,-0.6196674795414561
bachelor_furnace_oval_trophy_absent_time_reduce_dynamic,IgM,13,14,0.04884662497261053,11.272957539628985,-0.5741098387415686
bachelor_furnace_oval_trophy_absent_time_reduce_dynamic,IgM,14,15,6.907755278982137,12.034422956876078,-0.2843201946750159
bachelor_furnace_oval_trophy_absent_time_reduce_dynamic,IgM,15,15,0.04884662497261053,10.30457512595968,-0.6533860073549561
bachelor_furnace_oval_trophy_absent_time_reduce_dynamic,IgM,16,15,0.5589724541282979,13.002805370545385,-0.5552682434258488
bachelor_furnace_oval_trophy_absent_time_reduce_dynamic,IgM,17,16,0.5589724541282979,12.828989658344048,-0.5336883287872515
bachelor_furnace_oval_trophy_absent_time_reduce_dynamic,IgM,18,16,0.04884662497261053,13.209722366967595,-0.8493220281903736
bachelor_furnace_oval_trophy_absent_time_reduce_dynamic,IgM,19,16,0.5589724541282979,12.828989658344048,-0.5336883287872515
bachelor_furnace_oval_trophy_absent_time_reduce_dynamic,IgM,20,16,0.5589724541282979,12.828989658344048,-0.5336883287872515
bachelor_furnace_oval_trophy_absent_time_reduce_dynamic,IgM,21,16,-0.13329990662440827,12.828989658344048,-0.4879398506998295
bachelor_furnace_oval_trophy_absent_time_reduce_dynamic,IgM,22,17,0.2717276959164277,14.558837489260448,-0.2870585491733619
bachelor_furnace_oval_trophy_absent_time_reduce_dynamic,IgM,23,17,-0.4207631544924123,13.035906654766258,-0.17627075455229546
bachelor_furnace_oval_trophy_absent_time_reduce_dynamic,IgM,24,17,0.2717276959164277,14.558837489260448,-0.2870585491733619
bachelor_furnace_oval_trophy_absent_time_reduce_dynamic,IgM,25,18,0.04884662497261053,15.146487194306205,-0.648440740324123
bachelor_furnace_oval_trophy_absent_time_reduce_dynamic,IgM,26,18,-1.2313285566261374,15.146487194306205,-1.1300109161235121
bachelor_furnace_oval_trophy_absent_time_reduce_dynamic,IgM,27,18,0.04884662497261053,15.146487194306205,-0.34700280267978095
bachelor_furnace_oval_trophy_absent_time_reduce_dynamic,IgM,28,18,0.04884662497261053,15.146487194306205,-0.648440740324123
bachelor_furnace_oval_trophy_absent_time_reduce_dynamic,IgM,29,18,-1.2313285566261374,15.146487194306205,-1.1300109161235121
bachelor_furnace_oval_trophy_absent_time_reduce_dynamic,IgM,30,18,-1.2313285566261374,15.146487194306205,-1.1300109161235121
bachelor_furnace_oval_trophy_absent_time_reduce_dynamic,IgM,31,18,-1.2313285566261374,15.146487194306205,-1.1300109161235121
bachelor_furnace_oval_trophy_absent_time_reduce_dynamic,IgM,32,18,0.2717276959164277,14.558837489260448,-0.5741098387415686
bachelor_furnace_oval_trophy_absent_time_reduce_dynamic,IgM,33,18,-1.2313285566261374,15.146487194306205,-1.1300109161235121
bachelor_furnace_oval_trophy_absent_time_reduce_dynamic,IgM,34,18,-1.2313285566261374,15.146487194306205,-1.1300109161235121
bachelor_furnace_oval_trophy_absent_time_reduce_dynamic,IgM,35,18,-1.2313285566261374,15.146487194306205,-1.1300109161235121
bachelor_furnace_oval_trophy_absent_time_reduce_dynamic,IgM,36,18,2.1614392234301927,15.32030290650754,-0.6316563249372995
bachelor_furnace_oval_trophy_absent_time_reduce_dynamic,IgM,37,18,-0.4207631544924123,14.004289068435563,-0.9679843017997822
bachelor_furnace_oval_trophy_absent_time_reduce_dynamic,IgM,38,18,-1.049065379029741,15.527219902929751,-0.26068306454378415
bachelor_furnace_oval_trophy_absent_time_reduce_dynamic,IgM,39,19,0.2717276959164277,15.527219902929751,-0.4571094252683329
bachelor_furnace_oval_trophy_absent_time_reduce_dynamic,IgM,40,20,0.04884662497261053,17.083252021644814,-1.003119933665731
bachelor_furnace_oval_trophy_absent_time_reduce_dynamic,IgM,41,20,-0.13329990662440827,15.734136899351963,-0.2702741691561415
bachelor_furnace_oval_trophy_absent_time_reduce_dynamic,IgM,42,20,-1.2313285566261374,17.083252021644814,-1.1300109161235121
bachelor_furnace_oval_trophy_absent_time_reduce_dynamic,IgM,43,21,0.7128316973393489,16.90943630944348,-0.6624867632357813
bachelor_furnace_oval_trophy_absent_time_reduce_dynamic,IgM,44,21,0.2717276959164277,18.432367143937665,-0.5528704849575611
bachelor_furnace_oval_trophy_absent_time_reduce_dynamic,IgM,45,21,0.5589724541282979,17.670901726690573,-0.5386336155193515
bachelor_furnace_oval_trophy_absent_time_reduce_dynamic,IgM,46,21,-0.13329990662440827,17.670901726690573,-0.6100763926139003
bachelor_furnace_oval_trophy_absent_time_reduce_dynamic,IgM,47,21,0.22300002082450082,16.90943630944348,-0.8972774230373481
bachelor_furnace_oval_trophy_absent_time_reduce_dynamic,IgM,48,22,0.08962486797974716,17.497086014489234,-0.6100763926139003
bachelor_furnace_oval_trophy_absent_time_reduce_dynamic,IgM,49,22,0.37694241891061303,18.25855143173633,-0.21478484318803998
bachelor_furnace_oval_trophy_absent_time_reduce_dynamic,IgM,50,22,1.4039411963144843,19.020016848983424,-0.40454930656031335
bachelor_furnace_oval_trophy_absent_time_reduce_dynamic,IgM,51,23,0.22300002082450082,18.846201136782085,-0.5837009079843227
bachelor_furnace_oval_trophy_absent_time_reduce_dynamic,IgM,52,23,-1.5189376502879606,19.226933845405632,-0.3565939072921384
bachelor_furnace_oval_trophy_absent_time_reduce_dynamic,IgM,53,24,-1.5189376502879606,20.19531625907494,-0.7684789974312191
bachelor_furnace_oval_trophy_absent_time_reduce_dynamic,IgM,54,25,1.3677189632096503,21.163698672744246,-0.7588879281884652
bachelor_furnace_oval_trophy_absent_time_reduce_dynamic,IgM,55,25,1.3677189632096503,21.163698672744246,-0.7588879281884652
bachelor_furnace_oval_trophy_absent_time_reduce_dynamic,IgM,56,27,0.5589724541282979,23.4811962087064,-0.4761418425915208
bachelor_furnace_oval_trophy_absent_time_reduce_dynamic,IgM,57,27,0.5589724541282979,23.4811962087064,-0.4761418425915208
bachelor_furnace_oval_trophy_absent_time_reduce_dynamic,IgM,58,28,-0.4207631544924123,23.688113205128612,-0.8520603897171362
bachelor_furnace_oval_trophy_absent_time_reduce_dynamic,IgM,59,29,0.08962486797974716,24.27576291017437,-0.6677726465886904
bachelor_furnace_oval_trophy_absent_time_reduce_dynamic,IgM,60,31,0.22300002082450082,26.593260446136526,-0.5213588783248143
bachelor_furnace_oval_trophy_absent_time_reduce_dynamic,IgM,61,33,0.7128316973393489,28.530025273475136,-0.4353797187282087
bachelor_furnace_oval_trophy_absent_time_reduce_dynamic,IgM,62,35,0.10762348706378222,28.563126557696012,-0.6801020813827915
bachelor_furnace_oval_trophy_absent_time_reduce_dynamic,IgM,63,35,0.10762348706378222,28.563126557696012,-0.6801020813827915
badge_kite_rain_cable_fly_pipe_meat_uniform,IgM,0,4,-0.13329990662440827,3.1120642374301255,-0.385976530784153
badge_kite_rain_cable_fly_pipe_meat_uniform,IgM,1,8,-0.5384732379786434,6.604861183483798,-0.239545435570311
badge_kite_rain_cable_fly_pipe_meat_uniform,IgM,2,9,-0.5384732379786434,7.573243597153103,-0.239545435570311
badge_kite_rain_cable_fly_pipe_meat_uniform,IgM,3,10,-0.8260093901221207,8.160893302198861,-0.239545435570311
badge_kite_rain_cable_fly_pipe_meat_uniform,IgM,4,10,-1.049065379029741,7.780160593575313,-0.2460848065900802
badge_kite_rain_cable_fly_pipe_meat_uniform,IgM,5,12,1.4039411963144843,9.336192712290377,-0.10495694780969957
badge_kite_rain_cable_fly_pipe_meat_uniform,IgM,6,13,0.5589724541282979,9.923842417336134,-0.239545435570311
badge_kite_rain_cable_fly_pipe_meat_uniform,IgM,7,14,-0.13329990662440827,10.89222483100544,-0.2024889762118835
badge_kite_rain_cable_fly_pipe_meat_uniform,IgM,8,14,-0.13329990662440827,10.89222483100544,-0.2460848065900802
badge_kite_rain_cable_fly_pipe_meat_uniform,IgM,9,15,-1.2313285566261374,12.24133995329829,-0.239545435570311
badge_kite_rain_cable_fly_pipe_meat_uniform,IgM,10,15,-1.2313285566261374,12.24133995329829,-0.239545435570311
badge_kite_rain_cable_fly_pipe_meat_uniform,IgM,11,15,-1.2313285566261374,12.24133995329829,-0.239545435570311
badge_kite_rain_cable_fly_pipe_meat_uniform,IgM,12,17,0.37694241891061303,13.416639363389805,-0.239545435570311
badge_kite_rain_cable_fly_pipe_meat_uniform,IgM,13,18,-0.2873255496957979,14.38502177705911,-0.239545435570311
badge_kite_rain_cable_fly_pipe_meat_uniform,IgM,14,18,-1.3854375349398593,14.765754485682658,-0.239545435570311
badge_kite_rain_cable_fly_pipe_meat_uniform,IgM,15,18,0.8947453855092655,13.416639363389805,-0.2928040712719474
badge_kite_rain_cable_fly_pipe_meat_uniform,IgM,16,19,0.04884662497261053,16.11486960797551,-0.239545435570311
badge_kite_rain_cable_fly_pipe_meat_uniform,IgM,17,19,-0.2873255496957979,15.353404190728416,-0.239545435570311
badge_kite_rain_cable_fly_pipe_meat_uniform,IgM,18,19,0.7816788823627474,16.11486960797551,-0.5445427270212527
badge_kite_rain_cable_fly_pipe_meat_uniform,IgM,19,19,-0.2873255496957979,15.353404190728416,-0.239545435570311
badge_kite_rain_cable_fly_pipe_meat_uniform,IgM,20,30,-1.7420374117716249,25.244145323843675,-1.0921744532441167
beach_that_cherry_proof_outside_fish_broken_winner,IgA,0,11,0.04884662497261053,8.367810298621071,0.20529875487479166
beach_that_cherry_proof_outside_fish_broken_winner,IgA,1,13,-1.049065379029741,10.685307834583227,-0.011993574570338741
beach_that_cherry_proof_outside_fish_broken_winner,IgA,2,14,0.04884662497261053,11.272957539628985,0.38008268465362594
beach_that_cherry_proof_outside_fish_broken_winner,IgA,3,15,-1.3854375349398593,11.860607244674743,-0.017635388849653696
beach_that_cherry_proof_outside_fish_broken_winner,IgA,4,17,-0.4207631544924123,13.035906654766258,-0.12059847623584942
beach_that_cherry_proof_outside_fish_broken_winner,IgA,5,18,-1.2313285566261374,15.146487194306205,0.17285833824293212
beach_that_cherry_proof_outside_fish_broken_winner,IgA,6,18,-1.2313285566261374,15.146487194306205,0.17285833824293212
beach_that_cherry_proof_outside_fish_broken_winner,IgA,7,19,-1.2313285566261374,16.11486960797551,0.16298516104353072
beach_that_cherry_proof_outside_fish_broken_winner,IgA,8,19,-1.2313285566261374,16.11486960797551,0.16298516104353072
beach_that_cherry_proof_outside_fish_broken_winner,IgA,9,19,-0.5384732379786434,14.59193877348132,0.20670920623402012
beach_that_cherry_proof_outside_fish_broken_winner,IgA,10,19,-1.2313285566261374,16.11486960797551,0.16298516104353072
beach_that_cherry_proof_outside_fish_broken_winner,IgA,11,21,0.30804674017099487,15.767238183572836,0.11502975293295485
beach_that_cherry_proof_outside_fish_broken_winner,IgA,12,21,-0.2873255496957979,17.290169018067026,0.06707434040117859
beach_that_cherry_proof_outside_fish_broken_winner,IgA,13,21,-0.2873255496957979,17.290169018067026,0.06707434040117859
beach_that_cherry_proof_outside_fish_broken_winner,IgA,14,21,-1.7420374117716249,16.52870360081993,0.20106740079710606
beach_that_cherry_proof_outside_fish_broken_winner,IgA,15,22,-0.4207631544924123,17.87781872311278,0.215171932074193
beach_that_cherry_proof_outside_fish_broken_winner,IgA,16,24,-0.2873255496957979,20.19531625907494,0.16721651512121627
beach_that_cherry_proof_outside_fish_broken_winner,IgA,17,25,-0.2873255496957979,21.163698672744246,0.16721651512121627
beach_that_cherry_proof_outside_fish_broken_winner,IgA,18,28,0.5589724541282979,23.30738049650506,0.03737228489946563
boat_pretty_clock_absurd_correct_bronze_tiny_loud,IgM,0,10,-0.8260093901221207,8.160893302198861,-0.7189085662202233
boat_pretty_clock_absurd_correct_bronze_tiny_loud,IgM,1,10,-0.8260093901221207,8.160893302198861,-0.7189085662202233
boat_pretty_clock_absurd_correct_bronze_tiny_loud,IgM,2,10,-0.8260093901221207,8.160893302198861,-0.7189085662202233
boat_pretty_clock_absurd_correct_bronze_tiny_loud,IgM,3,10,-0.8260093901221207,8.160893302198861,-0.7189085662202233
boat_pretty_clock_absurd_correct_bronze_tiny_loud,IgM,4,10,-0.8260093901221207,8.160893302198861,-0.7189085662202233
boat_pretty_clock_absurd_correct_bronze_tiny_loud,IgM,5,10,-0.8260093901221207,8.160893302198861,-0.7189085662202233
boat_pretty_clock_absurd_correct_bronze_tiny_loud,IgM,6,10,-0.8260093901221207,8.160893302198861,-0.7189085662202233
boat_pretty_clock_absurd_correct_bronze_tiny_loud,IgM,7,10,-0.8260093901221207,8.160893302198861,-0.7189085662202233
boat_pretty_clock_absurd_correct_bronze_tiny_loud,IgM,8,10,-0.8260093901221207,8.160893302198861,-0.7189085662202233
boat_pretty_clock_absurd_correct_bronze_tiny_loud,IgM,9,10,-0.8260093901221207,8.160893302198861,-0.7189085662202233
boat_pretty_clock_absurd_correct_bronze_tiny_loud,IgM,10,10,-0.8260093901221207,8.160893302198861,-0.7189085662202233
boat_pretty_clock_absurd_correct_bronze_tiny_loud,IgM,11,10,-0.8260093901221207,8.160893302198861,-0.7189085662202233
boat_pretty_clock_absurd_correct_bronze_tiny_loud,IgM,12,10,-0.8260093901221207,8.160893302198861,-0.7189085662202233
boat_pretty_clock_absurd_correct_bronze_tiny_loud,IgM,13,10,-0.8260093901221207,8.160893302198861,-0.7189085662202233
boat_pretty_clock_absurd_correct_bronze_tiny_loud,IgM,14,10,-0.8260093901221207,8.160893302198861,-0.7189085662202233
boat_pretty_clock_absurd_correct_bronze_tiny_loud,IgM,15,10,-0.8260093901221207,8.160893302198861,-0.7189085662202233
boat_pretty_clock_absurd_correct_bronze_tiny_loud,IgM,16,12,0.04884662497261053,9.336192712290377,-0.7189085662202233
boat_pretty_clock_absurd_correct_bronze_tiny_loud,IgM,17,12,-0.5384732379786434,10.478390838161015,-0.671640168430512
boat_pretty_clock_absurd_correct_bronze_tiny_loud,IgM,18,14,-1.2313285566261374,11.272957539628985,-0.4876949730849736
boat_pretty_clock_absurd_correct_bronze_tiny_loud,IgM,19,16,-1.2313285566261374,13.209722366967595,-0.7641255910946504
boat_pretty_clock_absurd_correct_bronze_tiny_loud,IgM,20,17,0.04884662497261053,14.1781047806369,-0.37054481393868055
boat_pretty_clock_absurd_correct_bronze_tiny_loud,IgM,21,17,0.5589724541282979,13.797372072013353,-0.4876949730849736
boat_pretty_clock_absurd_correct_bronze_tiny_loud,IgM,22,18,0.37694241891061303,14.38502177705911,-0.569904243815875
boat_pretty_clock_absurd_correct_bronze_tiny_loud,IgM,23,18,-1.3854375349398593,14.765754485682658,-0.4876949730849736
boat_pretty_clock_absurd_correct_bronze_tiny_loud,IgM,24,18,-1.3854375349398593,14.765754485682658,-0.4876949730849736
boat_pretty_clock_absurd_correct_bronze_tiny_loud,IgM,25,19,0.22300002082450082,14.972671482104868,-0.2651811842478757
boat_pretty_clock_absurd_correct_bronze_tiny_loud,IgM,26,19,-0.2873255496957979,15.353404190728416,-1.0345948123589264
boat_pretty_clock_absurd_correct_bronze_tiny_loud,IgM,27,19,0.22300002082450082,14.972671482104868,-0.5544900092842189
boat_pretty_clock_absurd_correct_bronze_tiny_loud,IgM,28,19,0.22300002082450082,14.972671482104868,-0.5544900092842189
boat_pretty_clock_absurd_correct_bronze_tiny_loud,IgM,29,19,-1.3854375349398593,15.734136899351963,-0.4876949730849736
boat_pretty_clock_absurd_correct_bronze_tiny_loud,IgM,30,19,-1.3854375349398593,15.734136899351963,-0.37054481393868055
boat_pretty_clock_absurd_correct_bronze_tiny_loud,IgM,31,20,-0.2873255496957979,16.321786604397722,-0.37054481393868055
boat_pretty_clock_absurd_correct_bronze_tiny_loud,IgM,32,20,-1.3854375349398593,16.70251931302127,-0.4876949730849736
boat_pretty_clock_absurd_correct_bronze_tiny_loud,IgM,33,20,-0.13329990662440827,16.70251931302127,-0.26963224326182894
boat_pretty_clock_absurd_correct_bronze_tiny_loud,IgM,34,20,-1.3854375349398593,16.70251931302127,-0.4876949730849736
boat_pretty_clock_absurd_correct_bronze_tiny_loud,IgM,35,20,-0.13329990662440827,16.70251931302127,-0.3969222306198402
boat_pretty_clock_absurd_correct_bronze_tiny_loud,IgM,36,20,-1.5189376502879606,16.321786604397722,-0.6195723542314581
boat_pretty_clock_absurd_correct_bronze_tiny_loud,IgM,37,21,-0.13329990662440827,17.670901726690573,-0.22852760458047794
boat_pretty_clock_absurd_correct_bronze_tiny_loud,IgM,38,21,0.7128316973393489,16.90943630944348,-0.6442370796606116
boat_pretty_clock_absurd_correct_bronze_tiny_loud,IgM,39,21,-1.5189376502879606,17.290169018067026,-0.4876949730849736
boat_pretty_clock_absurd_correct_bronze_tiny_loud,IgM,40,21,0.22300002082450082,16.90943630944348,-0.37054481393868055
boat_pretty_clock_absurd_correct_bronze_tiny_loud,IgM,41,21,-1.3854375349398593,17.670901726690573,-0.4876949730849736
boat_pretty_clock_absurd_correct_bronze_tiny_loud,IgM,42,22,-0.2873255496957979,18.25855143173633,-0.4876949730849736
boat_pretty_clock_absurd_correct_bronze_tiny_loud,IgM,43,22,-0.2873255496957979,18.25855143173633,-0.4876949730849736
boat_pretty_clock_absurd_correct_bronze_tiny_loud,IgM,44,22,-0.2873255496957979,18.25855143173633,-0.4876949730849736
boat_pretty_clock_absurd_correct_bronze_tiny_loud,IgM,45,24,0.7128316973393489,19.814583550451392,-0.7744017607126891
boat_pretty_clock_absurd_correct_bronze_tiny_loud,IgM,46,25,0.37694241891061303,21.163698672744246,-0.3969222306198402
boat_pretty_clock_absurd_correct_bronze_tiny_loud,IgM,47,25,0.37694241891061303,21.163698672744246,-0.3969222306198402
boat_pretty_clock_absurd_correct_bronze_tiny_loud,IgM,48,25,0.37694241891061303,21.163698672744246,-0.3969222306198402
brass_artist_scale_pretty_left_menu_boost_august,IgA,0,9,0.04884662497261053,6.431045471282461,0.05775654194997469
brass_artist_scale_pretty_left_menu_boost_august,IgA,1,15,-0.13329990662440827,11.860607244674743,-0.6319822854432031
brass_artist_scale_pretty_left_menu_boost_august,IgA,2,16,0.8947453855092655,12.448256949720502,-0.1979314766985673
brass_artist_scale_pretty_left_menu_boost_august,IgA,3,17,0.7816788823627474,14.1781047806369,-0.2565436446232714
brass_artist_scale_pretty_left_menu_boost_august,IgA,4,17,1.0686328406949839,14.558837489260448,-0.2565436446232714
brass_artist_scale_pretty_left_menu_boost_august,IgA,5,17,0.7816788823627474,14.1781047806369,-0.2565436446232714
brass_artist_scale_pretty_left_menu_boost_august,IgA,6,17,0.7816788823627474,14.1781047806369,-0.2565436446232714
brass_artist_scale_pretty_left_menu_boost_august,IgA,7,17,0.7816788823627474,14.1781047806369,-0.2565436446232714
brass_artist_scale_pretty_left_menu_boost_august,IgA,8,19,1.0686328406949839,16.495602316599054,-0.2565436446232714
brass_artist_scale_pretty_left_menu_boost_august,IgA,9,19,0.5589724541282979,15.734136899351963,-0.2565436446232714
brass_artist_scale_pretty_left_menu_boost_august,IgA,10,19,1.0686328406949839,16.495602316599054,-0.2565436446232714
brass_artist_scale_pretty_left_menu_boost_august,IgA,11,19,1.0686328406949839,16.495602316599054,-0.2565436446232714
brass_artist_scale_pretty_left_menu_boost_august,IgA,12,19,1.0686328406949839,16.495602316599054,-0.2565436446232714
brass_artist_scale_pretty_left_menu_boost_august,IgA,13,21,0.9635635070700442,16.52870360081993,-0.7464682927307169
brass_artist_scale_pretty_left_menu_boost_august,IgA,14,21,0.7128316973393489,16.90943630944348,-0.2565436446232714
brass_artist_scale_pretty_left_menu_boost_august,IgA,15,21,0.7128316973393489,16.90943630944348,-0.2565436446232714
brass_artist_scale_pretty_left_menu_boost_august,IgA,16,21,0.7128316973393489,16.90943630944348,-0.2565436446232714
brass_artist_scale_pretty_left_menu_boost_august,IgA,17,21,0.7128316973393489,16.90943630944348,-0.2565436446232714
brass_artist_scale_pretty_left_menu_boost_august,IgA,18,21,0.7128316973393489,16.90943630944348,-0.2565436446232714
brass_artist_scale_pretty_left_menu_boost_august,IgA,19,22,0.9635635070700442,17.497086014489234,-0.1979314766985673
brass_artist_scale_pretty_left_menu_boost_august,IgA,20,23,1.4726433090871196,20.749864679899822,-0.2645362023255664
brass_artist_scale_pretty_left_menu_boost_august,IgA,21,23,0.7128316973393489,18.846201136782085,-0.41618295336681216
brass_artist_scale_pretty_left_menu_boost_august,IgA,22,24,1.1453609972360244,19.814583550451392,-0.2645362023255664
brass_artist_scale_pretty_left_menu_boost_august,IgA,23,25,0.9635635070700442,20.40223325549715,-0.2565436446232714
brass_artist_scale_pretty_left_menu_boost_august,IgA,24,26,0.5589724541282979,22.512813795037097,-0.2645362023255664
brass_artist_scale_pretty_left_menu_boost_august,IgA,25,30,0.5589724541282979,25.244145323843675,-0.7464682927307169
brass_artist_scale_pretty_left_menu_boost_august,IgA,26,30,0.5589724541282979,25.244145323843675,-0.7464682927307169
brass_artist_scale_pretty_left_menu_boost_august,IgA,27,31,0.5589724541282979,27.35472586338362,-0.2565436446232714
brass_artist_scale_pretty_left_menu_boost_august,IgA,28,38,0.30804674017099487,32.22973921595102,-0.1526402519097229
brass_artist_scale_pretty_left_menu_boost_august,IgA,29,38,0.30804674017099487,32.22973921595102,-0.1526402519097229
business_clerk_combine_warfare_twice_roast_ten_spoil,IgM,0,10,0.5589724541282979,8.160893302198861,-0.12685971240440824
business_clerk_combine_warfare_twice_roast_ten_spoil,IgM,1,11,-0.8260093901221207,9.129275715868165,-0.24674822825964743
business_clerk_combine_warfare_twice_roast_ten_spoil,IgM,2,13,0.7816788823627474,10.30457512595968,-0.20221821702198517
business_clerk_combine_warfare_twice_roast_ten_spoil,IgM,3,14,-1.3854375349398593,10.89222483100544,0.1898522344870926
business_clerk_combine_warfare_twice_roast_ten_spoil,IgM,4,17,-1.049065379029741,14.558837489260448,-0.3262191592887008
business_clerk_combine_warfare_twice_roast_ten_spoil,IgM,5,18,0.04884662497261053,15.146487194306205,-0.2570243934564857
business_clerk_combine_warfare_twice_roast_ten_spoil,IgM,6,18,0.04884662497261053,15.146487194306205,-0.2570243934564857
business_clerk_combine_warfare_twice_roast_ten_spoil,IgM,7,18,-1.2313285566261374,15.146487194306205,0.1898522344870926
business_clerk_combine_warfare_twice_roast_ten_spoil,IgM,8,18,0.5589724541282979,13.623556359812017,-0.27312566243147396
business_clerk_combine_warfare_twice_roast_ten_spoil,IgM,9,19,-1.3854375349398593,15.734136899351963,0.1898522344870926
business_clerk_combine_warfare_twice_roast_ten_spoil,IgM,10,20,1.0686328406949839,17.46398473026836,-0.1850912790800217
business_clerk_combine_warfare_twice_roast_ten_spoil,IgM,11,20,1.0686328406949839,17.46398473026836,-0.1850912790800217
business_clerk_combine_warfare_twice_roast_ten_spoil,IgM,12,20,1.0686328406949839,17.46398473026836,-0.1850912790800217
business_clerk_combine_warfare_twice_roast_ten_spoil,IgM,13,21,-1.2313285566261374,18.051634435314117,-0.14398664703047132
business_clerk_combine_warfare_twice_roast_ten_spoil,IgM,14,23,1.1172774456369179,19.60766655402918,-0.3152559756063007
business_clerk_combine_warfare_twice_roast_ten_spoil,IgM,15,24,0.22300002082450082,19.814583550451392,-0.14261259544033922
business_clerk_combine_warfare_twice_roast_ten_spoil,IgM,16,25,0.37694241891061303,21.163698672744246,-0.07390252338467586
business_clerk_combine_warfare_twice_roast_ten_spoil,IgM,17,25,0.04884662497261053,21.925164089991338,0.13093364221054782
business_clerk_combine_warfare_twice_roast_ten_spoil,IgM,18,25,-0.2873255496957979,21.163698672744246,-0.4322697963417441
business_clerk_combine_warfare_twice_roast_ten_spoil,IgM,19,29,-0.13329990662440827,25.41796103604501,-0.17138973137917124
caught_glue_beach_develop_claw_erosion_heart_follow,IgM,0,13,1.4039411963144843,10.30457512595968,-1.3435128501409932
caught_glue_beach_develop_claw_erosion_heart_follow,IgM,1,13,-0.8260093901221207,11.066040543206775,-1.5804773841163193
caught_glue_beach_develop_claw_erosion_heart_follow,IgM,2,14,-0.8260093901221207,12.034422956876078,-1.4312827737292957
caught_glue_beach_develop_claw_erosion_heart_follow,IgM,3,14,-0.8260093901221207,12.034422956876078,-1.4312827737292957
caught_glue_beach_develop_claw_erosion_heart_follow,IgM,4,15,-0.13329990662440827,11.860607244674743,-1.420626018336368
caught_glue_beach_develop_claw_erosion_heart_follow,IgM,5,16,-0.2873255496957979,12.448256949720502,-1.8546768113542131
caught_glue_beach_develop_claw_erosion_heart_follow,IgM,6,17,0.04884662497261053,14.1781047806369,-1.5804773841163193
caught_glue_beach_develop_claw_erosion_heart_follow,IgM,7,17,0.37694241891061303,13.416639363389805,-1.2769081192638188
caught_glue_beach_develop_claw_erosion_heart_follow,IgM,8,19,-0.2873255496957979,15.353404190728416,-1.9664986076874929
caught_glue_beach_develop_claw_erosion_heart_follow,IgM,9,20,0.37694241891061303,16.321786604397722,-1.1331056095080907
caught_glue_beach_develop_claw_erosion_heart_follow,IgM,10,21,-0.13329990662440827,17.670901726690573,-1.5298577787986796
caught_glue_beach_develop_claw_erosion_heart_follow,IgM,11,21,-0.4207631544924123,16.90943630944348,-1.420626018336368
caught_glue_beach_develop_claw_erosion_heart_follow,IgM,12,22,0.7128316973393489,17.87781872311278,-1.6043809268355118
caught_glue_beach_develop_claw_erosion_heart_follow,IgM,13,23,0.37694241891061303,19.226933845405632,-2.022446593395766
caught_glue_beach_develop_claw_erosion_heart_follow,IgM,14,23,0.37694241891061303,19.226933845405632,-2.022446593395766
caught_glue_beach_develop_claw_erosion_heart_follow,IgM,15,23,-1.2313285566261374,19.988399262652727,-1.5991267021163114
caught_glue_beach_develop_claw_erosion_heart_follow,IgM,16,23,0.37694241891061303,19.226933845405632,-2.022446593395766
caught_glue_beach_develop_claw_erosion_heart_follow,IgM,17,26,-1.049065379029741,23.274279212284192,-1.3727447696407216
caught_glue_beach_develop_claw_erosion_heart_follow,IgM,18,32,1.3677189632096503,27.942375568429377,-1.5804773841163193
caught_glue_beach_develop_claw_erosion_heart_follow,IgM,19,34,0.10762348706378222,27.594744144026706,-1.5405145386128076
caught_glue_beach_develop_claw_erosion_heart_follow,IgM,20,34,0.10762348706378222,27.594744144026706,-1.5405145386128076
chicken_equip_merit_vote_unlock_pet_tongue_polar,IgM,0,8,0.5589724541282979,6.224128474860251,-0.07822358872254752
chicken_equip_merit_vote_unlock_pet_tongue_polar,IgM,1,12,-1.049065379029741,9.716925420913922,-0.0030934402121644416
chicken_equip_merit_vote_unlock_pet_tongue_polar,IgM,2,13,0.04884662497261053,10.30457512595968,0.4079287846142012
chicken_equip_merit_vote_unlock_pet_tongue_polar,IgM,3,14,-1.2313285566261374,11.272957539628985,0.372761486512099
chicken_equip_merit_vote_unlock_pet_tongue_polar,IgM,4,17,0.5589724541282979,13.797372072013353,0.25926701239749533
chicken_equip_merit_vote_unlock_pet_tongue_polar,IgM,5,18,-0.5384732379786434,13.623556359812017,0.28976598424833744
chicken_equip_merit_vote_unlock_pet_tongue_polar,IgM,6,18,-0.5384732379786434,13.623556359812017,0.28976598424833744
chicken_equip_merit_vote_unlock_pet_tongue_polar,IgM,7,18,-0.5384732379786434,13.623556359812017,0.28976598424833744
chicken_equip_merit_vote_unlock_pet_tongue_polar,IgM,8,19,0.08962486797974716,14.59193877348132,0.32493327350803874
chicken_equip_merit_vote_unlock_pet_tongue_polar,IgM,9,20,-0.5384732379786434,15.560321187150626,0.28976598424833744
chicken_equip_merit_vote_unlock_pet_tongue_polar,IgM,10,22,0.08962486797974716,17.497086014489234,0.32493327350803874
chicken_equip_merit_vote_unlock_pet_tongue_polar,IgM,11,22,0.08962486797974716,17.497086014489234,0.32493327350803874
chicken_equip_merit_vote_unlock_pet_tongue_polar,IgM,12,25,-1.5189376502879606,21.163698672744246,0.31694069812094205
chicken_equip_merit_vote_unlock_pet_tongue_polar,IgM,13,25,-1.5189376502879606,21.163698672744246,0.31694069812094205
chicken_equip_merit_vote_unlock_pet_tongue_polar,IgM,14,26,0.22300002082450082,21.751348377790002,-0.1075827471145383
chicken_equip_merit_vote_unlock_pet_tongue_polar,IgM,15,26,1.1636519232287181,20.989882960542907,0.25939422076761226
chicken_equip_merit_vote_unlock_pet_tongue_polar,IgM,16,28,-0.4207631544924123,23.688113205128612,0.10766266594635716
clarify_zoo_siren_hobby_build_club_fashion_relief,IgG,0,8,1.0686328406949839,5.8433957662367035,-0.179186809593685
clarify_zoo_siren_hobby_build_club_fashion_relief,IgG,1,13,0.2717276959164277,10.685307834583227,-0.3650730642625896
clarify_zoo_siren_hobby_build_club_fashion_relief,IgG,2,16,0.7816788823627474,13.209722366967595,-0.40343737660320894
clarify_zoo_siren_hobby_build_club_fashion_relief,IgG,3,17,0.04884662497261053,14.1781047806369,-0.395444818900914
clarify_zoo_siren_hobby_build_club_fashion_relief,IgG,4,18,0.7128316973393489,14.004289068435563,-0.3650730642625896
clarify_zoo_siren_hobby_build_club_fashion_relief,IgG,5,18,0.7128316973393489,14.004289068435563,-0.3650730642625896
clarify_zoo_siren_hobby_build_club_fashion_relief,IgG,6,18,0.7128316973393489,14.004289068435563,-0.3650730642625896
clarify_zoo_siren_hobby_build_club_fashion_relief,IgG,7,19,0.5589724541282979,15.734136899351963,-0.4066344350537303
clarify_zoo_siren_hobby_build_club_fashion_relief,IgG,8,20,0.5589724541282979,16.70251931302127,-0.4066344350537303
clarify_zoo_siren_hobby_build_club_fashion_relief,IgG,9,20,0.04884662497261053,17.083252021644814,-0.3650730642625896
clarify_zoo_siren_hobby_build_club_fashion_relief,IgG,10,21,0.37694241891061303,17.290169018067026,-0.40183886506274996
clarify_zoo_siren_hobby_build_club_fashion_relief,IgG,11,22,-0.2873255496957979,18.25855143173633,-0.4194225273774023
clarify_zoo_siren_hobby_build_club_fashion_relief,IgG,12,22,0.5589724541282979,17.497086014489234,-0.5829296003819979
clarify_zoo_siren_hobby_build_club_fashion_relief,IgG,13,22,-0.2873255496957979,18.25855143173633,-0.4194225273774023
clarify_zoo_siren_hobby_build_club_fashion_relief,IgG,14,24,0.37694241891061303,20.19531625907494,-0.4066344350537303
clarify_zoo_siren_hobby_build_club_fashion_relief,IgG,15,25,0.8097873287703594,20.021500546873604,-0.4066344350537303
clarify_zoo_siren_hobby_build_club_fashion_relief,IgG,16,27,0.37694241891061303,23.100463500082853,-0.472173478951756
clarify_zoo_siren_hobby_build_club_fashion_relief,IgG,17,27,0.37694241891061303,23.100463500082853,-0.472173478951756
clarify_zoo_siren_hobby_build_club_fashion_relief,IgG,18,27,-0.5384732379786434,22.338998082835758,-0.472173478951756
clarify_zoo_siren_hobby_build_club_fashion_relief,IgG,19,27,-0.5384732379786434,22.338998082835758,-0.472173478951756
clarify_zoo_siren_hobby_build_club_fashion_relief,IgG,20,28,0.22300002082450082,23.688113205128612,-0.472173478951756
clarify_zoo_siren_hobby_build_club_fashion_relief,IgG,21,29,0.22300002082450082,24.656495618797916,-0.472173478951756
clarify_zoo_siren_hobby_build_club_fashion_relief,IgG,22,30,-0.028036630969030377,24.863412615220128,-0.4066344350537303
clarify_zoo_siren_hobby_build_club_fashion_relief,IgG,23,31,1.330124067440297,25.451062320265887,-0.48336309510457237
clarify_zoo_siren_hobby_build_club_fashion_relief,IgG,24,31,1.330124067440297,25.451062320265887,-0.48336309510457237
clarify_zoo_siren_hobby_build_club_fashion_relief,IgG,25,32,-0.028036630969030377,26.800177442558738,-0.472173478951756
clarify_zoo_siren_hobby_build_club_fashion_relief,IgG,26,37,0.8767705722600375,30.880624093658167,-0.472173478951756
clarify_zoo_siren_hobby_build_club_fashion_relief,IgG,27,46,0.6541077617708603,38.83460039943482,-0.4625823920242003
clarify_zoo_siren_hobby_build_club_fashion_relief,IgG,28,46,0.6541077617708603,38.83460039943482,-0.4625823920242003
clarify_zoo_siren_hobby_build_club_fashion_relief,IgG,29,46,0.6541077617708603,38.83460039943482,-0.4625823920242003
clarify_zoo_siren_hobby_build_club_fashion_relief,IgG,30,46,0.6541077617708603,38.83460039943482,-0.4625823920242003
clarify_zoo_siren_hobby_build_club_fashion_relief,IgG,31,46,0.6541077617708603,38.83460039943482,-0.4625823920242003
clarify_zoo_siren_hobby_build_club_fashion_relief,IgG,32,46,0.6541077617708603,38.83460039943482,-0.4625823920242003
clarify_zoo_siren_hobby_build_club_fashion_relief,IgG,33,46,0.6541077617708603,38.83460039943482,-0.4625823920242003
clarify_zoo_siren_hobby_build_club_fashion_relief,IgG,34,46,0.6541077617708603,38.83460039943482,-0.4625823920242003
clarify_zoo_siren_hobby_build_club_fashion_relief,IgG,35,46,0.6541077617708603,38.83460039943482,-0.4625823920242003
clarify_zoo_siren_hobby_build_club_fashion_relief,IgG,36,46,0.6541077617708603,38.83460039943482,-0.4625823920242003
clarify_zoo_siren_hobby_build_club_fashion_relief,IgG,37,46,0.6541077617708603,38.83460039943482,-0.4625823920242003
clarify_zoo_siren_hobby_build_club_fashion_relief,IgG,38,46,0.6541077617708603,38.83460039943482,-0.4625823920242003
clarify_zoo_siren_hobby_build_club_fashion_relief,IgG,39,46,0.6541077617708603,38.83460039943482,-0.4625823920242003
clarify_zoo_siren_hobby_build_club_fashion_relief,IgG,40,46,0.6541077617708603,38.83460039943482,-0.4625823920242003
clarify_zoo_siren_hobby_build_club_fashion_relief,IgG,41,46,0.6541077617708603,38.83460039943482,-0.4625823920242003
clarify_zoo_siren_hobby_build_club_fashion_relief,IgG,42,46,0.6541077617708603,38.83460039943482,-0.4625823920242003
clarify_zoo_siren_hobby_build_club_fashion_relief,IgG,43,46,0.6541077617708603,38.83460039943482,-0.4625823920242003
clarify_zoo_siren_hobby_build_club_fashion_relief,IgG,44,46,0.6541077617708603,38.83460039943482,-0.4625823920242003
clarify_zoo_siren_hobby_build_club_fashion_relief,IgG,45,46,0.6541077617708603,38.83460039943482,-0.4625823920242003
clarify_zoo_siren_hobby_build_club_fashion_relief,IgG,46,46,0.6541077617708603,38.83460039943482,-0.4625823920242003
clarify_zoo_siren_hobby_build_club_fashion_relief,IgG,47,46,0.6541077617708603,38.83460039943482,-0.4625823920242003
clarify_zoo_siren_hobby_build_club_fashion_relief,IgG,48,46,0.6541077617708603,38.83460039943482,-0.4625823920242003
clarify_zoo_siren_hobby_build_club_fashion_relief,IgG,49,46,0.6541077617708603,38.83460039943482,-0.4625823920242003
copy_mansion_lonely_echo_anxiety_curious_simple_castle,IgM,0,3,-0.13329990662440827,2.1436818237608204,-0.30637709741515057
copy_mansion_lonely_echo_anxiety_curious_simple_castle,IgM,1,3,-0.13329990662440827,2.1436818237608204,-0.30637709741515057
copy_mansion_lonely_echo_anxiety_curious_simple_castle,IgM,2,7,0.9635635070700442,5.6364787698144925,-0.1973569450409372
copy_mansion_lonely_echo_anxiety_curious_simple_castle,IgM,3,8,0.5589724541282979,6.224128474860251,-0.1523987527005226
copy_mansion_lonely_echo_anxiety_curious_simple_castle,IgM,4,9,0.9635635070700442,7.573243597153103,-0.23170561950380503
copy_mansion_lonely_echo_anxiety_curious_simple_castle,IgM,5,9,0.9635635070700442,7.573243597153103,-0.23170561950380503
copy_mansion_lonely_echo_anxiety_curious_simple_castle,IgM,6,9,0.9635635070700442,7.573243597153103,-0.1973569450409372
copy_mansion_lonely_echo_anxiety_curious_simple_castle,IgM,7,9,0.9635635070700442,7.573243597153103,-0.23170561950380503
copy_mansion_lonely_echo_anxiety_curious_simple_castle,IgM,8,10,1.6540930966380338,8.922358719445954,-0.23170561950380503
copy_mansion_lonely_echo_anxiety_curious_simple_castle,IgM,9,10,0.5589724541282979,8.160893302198861,-0.23170561950380503
copy_mansion_lonely_echo_anxiety_curious_simple_castle,IgM,10,11,0.9635635070700442,9.510008424491712,-0.2228332542180555
copy_mansion_lonely_echo_anxiety_curious_simple_castle,IgM,11,11,0.5589724541282979,9.129275715868165,-0.23170561950380503
copy_mansion_lonely_echo_anxiety_curious_simple_castle,IgM,12,12,1.4039411963144843,9.336192712290377,-0.15977251175914164
copy_mansion_lonely_echo_anxiety_curious_simple_castle,IgM,13,14,1.0686328406949839,11.65369024825253,-0.17026274705930416
copy_mansion_lonely_echo_anxiety_curious_simple_castle,IgM,14,14,1.1172774456369179,10.89222483100544,-0.0471181543562232
copy_mansion_lonely_echo_anxiety_curious_simple_castle,IgM,15,14,1.0686328406949839,11.65369024825253,-0.17026274705930416
copy_mansion_lonely_echo_anxiety_curious_simple_castle,IgM,16,14,1.4039411963144843,11.272957539628985,-0.17026274705930416
copy_mansion_lonely_echo_anxiety_curious_simple_castle,IgM,17,15,1.0686328406949839,12.622072661921838,-0.17026274705930416
copy_mansion_lonely_echo_anxiety_curious_simple_castle,IgM,18,16,1.1172774456369179,12.828989658344048,-0.0471181543562232
copy_mansion_lonely_echo_anxiety_curious_simple_castle,IgM,19,16,0.04884662497261053,10.30457512595968,-0.27628567563679335
copy_mansion_lonely_echo_anxiety_curious_simple_castle,IgM,20,16,0.04884662497261053,10.30457512595968,-0.27628567563679335
copy_mansion_lonely_echo_anxiety_curious_simple_castle,IgM,21,17,1.1172774456369179,13.797372072013353,-0.1973569450409372
copy_mansion_lonely_echo_anxiety_curious_simple_castle,IgM,22,18,0.5589724541282979,14.765754485682658,-0.2898924195216645
copy_mansion_lonely_echo_anxiety_curious_simple_castle,IgM,23,18,0.7816788823627474,15.146487194306205,-0.17026274705930416
copy_mansion_lonely_echo_anxiety_curious_simple_castle,IgM,24,19,1.3677189632096503,15.353404190728416,-0.0471181543562232
copy_mansion_lonely_echo_anxiety_curious_simple_castle,IgM,25,19,0.7816788823627474,16.11486960797551,-0.06660005023047068
copy_mansion_lonely_echo_anxiety_curious_simple_castle,IgM,26,19,0.04884662497261053,16.11486960797551,-0.1973569450409372
copy_mansion_lonely_echo_anxiety_curious_simple_castle,IgM,27,19,0.7816788823627474,16.11486960797551,-0.06660005023047068
copy_mansion_lonely_echo_anxiety_curious_simple_castle,IgM,28,20,0.5589724541282979,16.70251931302127,-0.1973569450409372
copy_mansion_lonely_echo_anxiety_curious_simple_castle,IgM,29,20,1.1453609972360244,15.941053895774173,-0.15977251175914164
copy_mansion_lonely_echo_anxiety_curious_simple_castle,IgM,30,20,1.1453609972360244,15.941053895774173,-0.15977251175914164
copy_mansion_lonely_echo_anxiety_curious_simple_castle,IgM,31,20,1.1453609972360244,15.941053895774173,-0.15977251175914164
copy_mansion_lonely_echo_anxiety_curious_simple_castle,IgM,32,20,0.7128316973393489,15.941053895774173,-0.2898924195216645
copy_mansion_lonely_echo_anxiety_curious_simple_castle,IgM,33,20,0.5589724541282979,16.70251931302127,-0.1973569450409372
copy_mansion_lonely_echo_anxiety_curious_simple_castle,IgM,34,20,0.04884662497261053,17.083252021644814,-0.1973569450409372
copy_mansion_lonely_echo_anxiety_curious_simple_castle,IgM,35,21,0.04884662497261053,18.051634435314117,-0.1973569450409372
copy_mansion_lonely_echo_anxiety_curious_simple_castle,IgM,36,21,0.9635635070700442,16.52870360081993,-0.005157177785969816
copy_mansion_lonely_echo_anxiety_curious_simple_castle,IgM,37,21,0.5589724541282979,17.670901726690573,-0.1973569450409372
copy_mansion_lonely_echo_anxiety_curious_simple_castle,IgM,38,21,0.5589724541282979,17.670901726690573,-0.1973569450409372
copy_mansion_lonely_echo_anxiety_curious_simple_castle,IgM,39,22,1.1453609972360244,17.87781872311278,-0.15977251175914164
copy_mansion_lonely_echo_anxiety_curious_simple_castle,IgM,40,22,1.1172774456369179,18.639284140359877,-0.24669169393341084
copy_mansion_lonely_echo_anxiety_curious_simple_castle,IgM,41,22,1.3453333641476,17.497086014489234,-0.15977251175914164
copy_mansion_lonely_echo_anxiety_curious_simple_castle,IgM,42,24,1.7337002045176217,19.433850841827844,-0.15977251175914164
copy_mansion_lonely_echo_anxiety_curious_simple_castle,IgM,43,25,1.7337002045176217,20.40223325549715,-0.15977251175914164
copy_mansion_lonely_echo_anxiety_curious_simple_castle,IgM,44,25,1.5675175092722258,20.7829659641207,-0.25868054817165503
copy_mansion_lonely_echo_anxiety_curious_simple_castle,IgM,45,26,1.1172774456369179,22.512813795037097,-0.25568333682269423
copy_mansion_lonely_echo_anxiety_curious_simple_castle,IgM,46,27,0.5589724541282979,22.338998082835758,-0.0621042199434282
corn_sketch_vibrant_anchor_ladder_supply_figure_render,IgM,0,3,-0.13329990662440827,2.1436818237608204,0.5499911711684858
corn_sketch_vibrant_anchor_ladder_supply_figure_render,IgM,1,3,-0.13329990662440827,2.1436818237608204,0.5499911711684858
corn_sketch_vibrant_anchor_ladder_supply_figure_render,IgM,2,3,-0.13329990662440827,2.1436818237608204,0.5499911711684858
corn_sketch_vibrant_anchor_ladder_supply_figure_render,IgM,3,3,-0.13329990662440827,2.1436818237608204,0.5499911711684858
corn_sketch_vibrant_anchor_ladder_supply_figure_render,IgM,4,3,-0.13329990662440827,2.1436818237608204,0.5499911711684858
corn_sketch_vibrant_anchor_ladder_supply_figure_render,IgM,5,3,-0.13329990662440827,2.1436818237608204,0.5499911711684858
corn_sketch_vibrant_anchor_ladder_supply_figure_render,IgM,6,3,-0.13329990662440827,2.1436818237608204,0.5499911711684858
corn_sketch_vibrant_anchor_ladder_supply_figure_render,IgM,7,3,-0.13329990662440827,2.1436818237608204,0.5499911711684858
corn_sketch_vibrant_anchor_ladder_supply_figure_render,IgM,8,3,-0.13329990662440827,2.1436818237608204,0.5499911711684858
corn_sketch_vibrant_anchor_ladder_supply_figure_render,IgM,9,3,-0.13329990662440827,2.1436818237608204,0.5499911711684858
corn_sketch_vibrant_anchor_ladder_supply_figure_render,IgM,10,3,-0.13329990662440827,2.1436818237608204,0.5499911711684858
corn_sketch_vibrant_anchor_ladder_supply_figure_render,IgM,11,3,-0.13329990662440827,2.1436818237608204,0.5499911711684858
corn_sketch_vibrant_anchor_ladder_supply_figure_render,IgM,12,3,-0.13329990662440827,2.1436818237608204,0.5499911711684858
corn_sketch_vibrant_anchor_ladder_supply_figure_render,IgM,13,3,-0.13329990662440827,2.1436818237608204,0.5499911711684858
corn_sketch_vibrant_anchor_ladder_supply_figure_render,IgM,14,3,-0.13329990662440827,2.1436818237608204,0.5499911711684858
corn_sketch_vibrant_anchor_ladder_supply_figure_render,IgM,15,3,-0.13329990662440827,2.1436818237608204,0.5499911711684858
corn_sketch_vibrant_anchor_ladder_supply_figure_render,IgM,16,3,-0.13329990662440827,2.1436818237608204,0.5499911711684858
corn_sketch_vibrant_anchor_ladder_supply_figure_render,IgM,17,3,-0.13329990662440827,2.1436818237608204,0.5499911711684858
corn_sketch_vibrant_anchor_ladder_supply_figure_render,IgM,18,3,-0.13329990662440827,2.1436818237608204,0.5499911711684858
corn_sketch_vibrant_anchor_ladder_supply_figure_render,IgM,19,3,-0.13329990662440827,2.1436818237608204,0.5499911711684858
corn_sketch_vibrant_anchor_ladder_supply_figure_render,IgM,20,3,-0.13329990662440827,2.1436818237608204,0.5499911711684858
corn_sketch_vibrant_anchor_ladder_supply_figure_render,IgM,21,3,-0.13329990662440827,2.1436818237608204,0.5499911711684858
corn_sketch_vibrant_anchor_ladder_supply_figure_render,IgM,22,3,-0.13329990662440827,2.1436818237608204,0.5499911711684858
corn_sketch_vibrant_anchor_ladder_supply_figure_render,IgM,23,3,-0.13329990662440827,2.1436818237608204,0.5499911711684858
corn_sketch_vibrant_anchor_ladder_supply_figure_render,IgM,24,3,-0.13329990662440827,2.1436818237608204,0.5499911711684858
corn_sketch_vibrant_anchor_ladder_supply_figure_render,IgM,25,3,-0.13329990662440827,2.1436818237608204,0.5499911711684858
corn_sketch_vibrant_anchor_ladder_supply_figure_render,IgM,26,3,-0.13329990662440827,2.1436818237608204,0.5499911711684858
corn_sketch_vibrant_anchor_ladder_supply_figure_render,IgM,27,3,-0.13329990662440827,2.1436818237608204,0.5499911711684858
corn_sketch_vibrant_anchor_ladder_supply_figure_render,IgM,28,3,-0.13329990662440827,2.1436818237608204,0.5499911711684858
corn_sketch_vibrant_anchor_ladder_supply_figure_render,IgM,29,3,-0.13329990662440827,2.1436818237608204,0.5499911711684858
corn_sketch_vibrant_anchor_ladder_supply_figure_render,IgM,30,3,-0.13329990662440827,2.1436818237608204,0.5499911711684858
corn_sketch_vibrant_anchor_ladder_supply_figure_render,IgM,31,3,-0.13329990662440827,2.1436818237608204,0.5499911711684858
corn_sketch_vibrant_anchor_ladder_supply_figure_render,IgM,32,3,-0.13329990662440827,2.1436818237608204,0.5499911711684858
corn_sketch_vibrant_anchor_ladder_supply_figure_render,IgM,33,3,-0.13329990662440827,2.1436818237608204,0.5499911711684858
corn_sketch_vibrant_anchor_ladder_supply_figure_render,IgM,34,3,-0.13329990662440827,2.1436818237608204,0.5499911711684858
corn_sketch_vibrant_anchor_ladder_supply_figure_render,IgM,35,3,-0.13329990662440827,2.1436818237608204,0.5499911711684858
corn_sketch_vibrant_anchor_ladder_supply_figure_render,IgM,36,3,-0.13329990662440827,2.1436818237608204,0.5499911711684858
corn_sketch_vibrant_anchor_ladder_supply_figure_render,IgM,37,3,-0.13329990662440827,2.1436818237608204,0.5499911711684858
corn_sketch_vibrant_anchor_ladder_supply_figure_render,IgM,38,3,-0.13329990662440827,2.1436818237608204,0.5499911711684858
corn_sketch_vibrant_anchor_ladder_supply_figure_render,IgM,39,3,-0.13329990662440827,2.1436818237608204,0.5499911711684858
corn_sketch_vibrant_anchor_ladder_supply_figure_render,IgM,40,3,-0.13329990662440827,2.1436818237608204,0.5499911711684858
corn_sketch_vibrant_anchor_ladder_supply_figure_render,IgM,41,4,0.9635635070700442,2.7313315288065785,0.5499911711684858
corn_sketch_vibrant_anchor_ladder_supply_figure_render,IgM,42,5,-0.13329990662440827,2.1436818237608204,0.5499911711684858
corn_sketch_vibrant_anchor_ladder_supply_figure_render,IgM,43,5,-0.13329990662440827,4.080446651099431,0.503251375617235
corn_sketch_vibrant_anchor_ladder_supply_figure_render,IgM,44,5,-1.049065379029741,2.938248525228789,0.6413635456657794
corn_sketch_vibrant_anchor_ladder_supply_figure_render,IgM,45,6,2.4944440280090023,4.287363647521641,0.30739321021234783
corn_sketch_vibrant_anchor_ladder_supply_figure_render,IgM,46,6,-0.5384732379786434,4.668096356145188,0.8333502809859707
corn_sketch_vibrant_anchor_ladder_supply_figure_render,IgM,47,7,6.907755278982137,6.3979441870615865,0.5045495825513948
corn_sketch_vibrant_anchor_ladder_supply_figure_render,IgM,48,10,-0.5384732379786434,8.541626010822407,0.9756938133019313
corn_sketch_vibrant_anchor_ladder_supply_figure_render,IgM,49,11,-0.13329990662440827,7.987077589997524,0.07481040413355959
corn_sketch_vibrant_anchor_ladder_supply_figure_render,IgM,50,11,2.4944440280090023,9.129275715868165,0.848947796368196
corn_sketch_vibrant_anchor_ladder_supply_figure_render,IgM,51,12,0.7816788823627474,9.336192712290377,0.6289468042084767
corn_sketch_vibrant_anchor_ladder_supply_figure_render,IgM,52,13,-1.049065379029741,10.685307834583227,1.0998136964984573
corn_sketch_vibrant_anchor_ladder_supply_figure_render,IgM,53,14,-1.2313285566261374,11.272957539628985,0.9826635373521642
corn_sketch_vibrant_anchor_ladder_supply_figure_render,IgM,54,14,-1.2313285566261374,11.272957539628985,0.9826635373521642
corn_sketch_vibrant_anchor_ladder_supply_figure_render,IgM,55,14,-1.2313285566261374,11.272957539628985,0.9826635373521642
corn_sketch_vibrant_anchor_ladder_supply_figure_render,IgM,56,16,-0.8260093901221207,13.971187784214688,1.0984032407180284
corn_sketch_vibrant_anchor_ladder_supply_figure_render,IgM,57,16,-1.049065379029741,13.59045507559114,0.34096670760688874
corn_sketch_vibrant_anchor_ladder_supply_figure_render,IgM,58,18,0.37694241891061303,14.38502177705911,1.0207457771057395
corn_sketch_vibrant_anchor_ladder_supply_figure_render,IgM,59,20,-0.2873255496957979,16.321786604397722,1.091350975079485
corn_sketch_vibrant_anchor_ladder_supply_figure_render,IgM,60,20,-0.2873255496957979,16.321786604397722,1.091350975079485
corn_sketch_vibrant_anchor_ladder_supply_figure_render,IgM,61,22,-1.3854375349398593,18.639284140359877,0.940349941310303
corn_sketch_vibrant_anchor_ladder_supply_figure_render,IgM,62,23,-1.3854375349398593,19.60766655402918,0.940349941310303
corn_sketch_vibrant_anchor_ladder_supply_figure_render,IgM,63,27,0.8097873287703594,21.958265374212214,0.9432533922488713
corn_sketch_vibrant_anchor_ladder_supply_figure_render,IgM,64,28,0.10762348706378222,21.78444966201088,1.2520303360747744
corn_sketch_vibrant_anchor_ladder_supply_figure_render,IgM,65,28,0.10762348706378222,21.78444966201088,1.2520303360747744
corn_sketch_vibrant_anchor_ladder_supply_figure_render,IgM,66,28,0.10762348706378222,21.78444966201088,1.2520303360747744
corn_sketch_vibrant_anchor_ladder_supply_figure_render,IgM,67,28,0.10762348706378222,21.78444966201088,1.2520303360747744
corn_sketch_vibrant_anchor_ladder_supply_figure_render,IgM,68,28,0.10762348706378222,21.78444966201088,1.2520303360747744
corn_sketch_vibrant_anchor_ladder_supply_figure_render,IgM,69,28,0.10762348706378222,21.78444966201088,1.2520303360747744
corn_sketch_vibrant_anchor_ladder_supply_figure_render,IgM,70,28,0.10762348706378222,21.78444966201088,1.2520303360747744
corn_sketch_vibrant_anchor_ladder_supply_figure_render,IgM,71,28,0.10762348706378222,21.78444966201088,1.2520303360747744
corn_sketch_vibrant_anchor_ladder_supply_figure_render,IgM,72,28,0.10762348706378222,21.78444966201088,1.2520303360747744
corn_sketch_vibrant_anchor_ladder_supply_figure_render,IgM,73,28,0.10762348706378222,21.78444966201088,1.2520303360747744
corn_sketch_vibrant_anchor_ladder_supply_figure_render,IgM,74,28,0.10762348706378222,21.78444966201088,1.2520303360747744
corn_sketch_vibrant_anchor_ladder_supply_figure_render,IgM,75,28,0.10762348706378222,21.78444966201088,1.2520303360747744
corn_sketch_vibrant_anchor_ladder_supply_figure_render,IgM,76,28,0.10762348706378222,21.78444966201088,1.2520303360747744
corn_sketch_vibrant_anchor_ladder_supply_figure_render,IgM,77,28,0.10762348706378222,21.78444966201088,1.2520303360747744
corn_sketch_vibrant_anchor_ladder_supply_figure_render,IgM,78,28,0.10762348706378222,21.78444966201088,1.2520303360747744
corn_sketch_vibrant_anchor_ladder_supply_figure_render,IgM,79,28,0.10762348706378222,21.78444966201088,1.2520303360747744
corn_sketch_vibrant_anchor_ladder_supply_figure_render,IgM,80,28,0.10762348706378222,21.78444966201088,1.2520303360747744
corn_sketch_vibrant_anchor_ladder_supply_figure_render,IgM,81,28,0.10762348706378222,21.78444966201088,1.2520303360747744
corn_sketch_vibrant_anchor_ladder_supply_figure_render,IgM,82,28,0.10762348706378222,21.78444966201088,1.2520303360747744
corn_sketch_vibrant_anchor_ladder_supply_figure_render,IgM,83,28,0.10762348706378222,21.78444966201088,1.2520303360747744
corn_sketch_vibrant_anchor_ladder_supply_figure_render,IgM,84,28,0.10762348706378222,21.78444966201088,1.2520303360747744
corn_sketch_vibrant_anchor_ladder_supply_figure_render,IgM,85,28,0.10762348706378222,21.78444966201088,1.2520303360747744
corn_sketch_vibrant_anchor_ladder_supply_figure_render,IgM,86,28,0.10762348706378222,21.78444966201088,1.2520303360747744
corn_sketch_vibrant_anchor_ladder_supply_figure_render,IgM,87,28,0.10762348706378222,21.78444966201088,1.2520303360747744
corn_sketch_vibrant_anchor_ladder_supply_figure_render,IgM,88,28,0.10762348706378222,21.78444966201088,1.2520303360747744
corn_sketch_vibrant_anchor_ladder_supply_figure_render,IgM,89,28,0.10762348706378222,21.78444966201088,1.2520303360747744
corn_sketch_vibrant_anchor_ladder_supply_figure_render,IgM,90,28,0.10762348706378222,21.78444966201088,1.2520303360747744
corn_sketch_vibrant_anchor_ladder_supply_figure_render,IgM,91,28,0.10762348706378222,21.78444966201088,1.2520303360747744
corn_sketch_vibrant_anchor_ladder_supply_figure_render,IgM,92,28,0.10762348706378222,21.78444966201088,1.2520303360747744
corn_sketch_vibrant_anchor_ladder_supply_figure_render,IgM,93,28,0.10762348706378222,21.78444966201088,1.2520303360747744
corn_sketch_vibrant_anchor_ladder_supply_figure_render,IgM,94,28,0.10762348706378222,21.78444966201088,1.2520303360747744
corn_sketch_vibrant_anchor_ladder_supply_figure_render,IgM,95,28,0.10762348706378222,21.78444966201088,1.2520303360747744
corn_sketch_vibrant_anchor_ladder_supply_figure_render,IgM,96,28,0.10762348706378222,21.78444966201088,1.2520303360747744
corn_sketch_vibrant_anchor_ladder_supply_figure_render,IgM,97,28,0.10762348706378222,21.78444966201088,1.2520303360747744
corn_sketch_vibrant_anchor_ladder_supply_figure_render,IgM,98,28,0.10762348706378222,21.78444966201088,1.2520303360747744
crack_mutual_drive_agree_toddler_exile_enemy_punch,IgM,0,10,-1.2313285566261374,7.399427884951766,-0.3015694062473852
crack_mutual_drive_agree_toddler_exile_enemy_punch,IgM,1,10,-1.2313285566261374,7.399427884951766,-0.3015694062473852
crack_mutual_drive_agree_toddler_exile_enemy_punch,IgM,2,11,-1.3854375349398593,7.987077589997524,-0.3015694062473852
crack_mutual_drive_agree_toddler_exile_enemy_punch,IgM,3,12,0.2717276959164277,9.716925420913922,-0.4389143627835586
crack_mutual_drive_agree_toddler_exile_enemy_punch,IgM,4,12,0.2717276959164277,9.716925420913922,-0.4389143627835586
crack_mutual_drive_agree_toddler_exile_enemy_punch,IgM,5,12,0.2717276959164277,9.716925420913922,-0.4389143627835586
crack_mutual_drive_agree_toddler_exile_enemy_punch,IgM,6,12,0.2717276959164277,9.716925420913922,-0.4389143627835586
crack_mutual_drive_agree_toddler_exile_enemy_punch,IgM,7,13,0.22300002082450082,9.16237700008904,-0.09330395705553257
crack_mutual_drive_agree_toddler_exile_enemy_punch,IgM,8,16,0.37694241891061303,12.448256949720502,-0.09330395705553257
crack_mutual_drive_agree_toddler_exile_enemy_punch,IgM,9,16,0.37694241891061303,12.448256949720502,-0.09330395705553257
crack_mutual_drive_agree_toddler_exile_enemy_punch,IgM,10,16,-0.2873255496957979,12.448256949720502,-0.12847125349968458
crack_mutual_drive_agree_toddler_exile_enemy_punch,IgM,11,16,0.37694241891061303,12.448256949720502,-0.09330395705553257
crack_mutual_drive_agree_toddler_exile_enemy_punch,IgM,12,18,-0.2873255496957979,14.38502177705911,-0.09330395705553257
crack_mutual_drive_agree_toddler_exile_enemy_punch,IgM,13,18,-0.2873255496957979,14.38502177705911,-0.09330395705553257
crack_mutual_drive_agree_toddler_exile_enemy_punch,IgM,14,19,-0.4207631544924123,14.972671482104868,-0.02776489989390564
crack_mutual_drive_agree_toddler_exile_enemy_punch,IgM,15,19,-0.4207631544924123,14.972671482104868,-0.02776489989390564
crack_mutual_drive_agree_toddler_exile_enemy_punch,IgM,16,19,-0.4207631544924123,14.972671482104868,-0.02776489989390564
crack_mutual_drive_agree_toddler_exile_enemy_punch,IgM,17,19,-0.4207631544924123,14.972671482104868,-0.02776489989390564
crack_mutual_drive_agree_toddler_exile_enemy_punch,IgM,18,19,-0.028036630969030377,14.211206064857775,-0.09330395705553257
crack_mutual_drive_agree_toddler_exile_enemy_punch,IgM,19,20,0.4256596947182628,15.17958847852708,-0.09330395705553257
crack_mutual_drive_agree_toddler_exile_enemy_punch,IgM,20,20,0.08962486797974716,15.560321187150626,-0.02776489989390564
crack_mutual_drive_agree_toddler_exile_enemy_punch,IgM,21,20,1.1172774456369179,16.70251931302127,0.2738149449966243
crack_mutual_drive_agree_toddler_exile_enemy_punch,IgM,22,20,0.4256596947182628,15.17958847852708,-0.09330395705553257
crack_mutual_drive_agree_toddler_exile_enemy_punch,IgM,23,20,0.4256596947182628,15.17958847852708,-0.13326678977901174
crack_mutual_drive_agree_toddler_exile_enemy_punch,IgM,24,20,0.4256596947182628,15.17958847852708,-0.13326678977901174
crack_mutual_drive_agree_toddler_exile_enemy_punch,IgM,25,20,0.4256596947182628,15.17958847852708,-0.13326678977901174
crack_mutual_drive_agree_toddler_exile_enemy_punch,IgM,26,22,0.4256596947182628,17.11635330586569,-0.13326678977901174
crack_mutual_drive_agree_toddler_exile_enemy_punch,IgM,27,22,0.4256596947182628,17.11635330586569,-0.13326678977901174
crack_mutual_drive_agree_toddler_exile_enemy_punch,IgM,28,22,0.4256596947182628,17.11635330586569,-0.13326678977901174
crack_mutual_drive_agree_toddler_exile_enemy_punch,IgM,29,22,0.4256596947182628,17.11635330586569,-0.13326678977901174
crack_mutual_drive_agree_toddler_exile_enemy_punch,IgM,30,22,0.4256596947182628,17.11635330586569,-0.13326678977901174
crack_mutual_drive_agree_toddler_exile_enemy_punch,IgM,31,22,-0.5384732379786434,17.497086014489234,-0.09330395705553257
crack_mutual_drive_agree_toddler_exile_enemy_punch,IgM,32,22,0.4256596947182628,17.11635330586569,-0.13326678977901174
crack_mutual_drive_agree_toddler_exile_enemy_punch,IgM,33,22,-0.5384732379786434,17.497086014489234,-0.09330395705553257
crack_mutual_drive_agree_toddler_exile_enemy_punch,IgM,34,22,0.4256596947182628,17.11635330586569,-0.13326678977901174
crack_mutual_drive_agree_toddler_exile_enemy_punch,IgM,35,23,-0.028036630969030377,18.084735719534994,-0.09330395705553257
crack_mutual_drive_agree_toddler_exile_enemy_punch,IgM,36,23,-0.5384732379786434,18.46546842815854,-0.09330395705553257
crack_mutual_drive_agree_toddler_exile_enemy_punch,IgM,37,23,-0.028036630969030377,18.084735719534994,-0.09330395705553257
crack_mutual_drive_agree_toddler_exile_enemy_punch,IgM,38,23,-0.028036630969030377,18.084735719534994,-0.09330395705553257
crack_mutual_drive_agree_toddler_exile_enemy_punch,IgM,39,23,-0.028036630969030377,18.084735719534994,-0.09330395705553257
crack_mutual_drive_agree_toddler_exile_enemy_punch,IgM,40,23,-0.5384732379786434,18.46546842815854,-0.09330395705553257
crack_mutual_drive_agree_toddler_exile_enemy_punch,IgM,41,23,-0.5384732379786434,18.46546842815854,-0.09330395705553257
crack_mutual_drive_agree_toddler_exile_enemy_punch,IgM,42,23,-0.5384732379786434,18.46546842815854,-0.09330395705553257
crack_mutual_drive_agree_toddler_exile_enemy_punch,IgM,43,23,-0.5384732379786434,18.46546842815854,-0.09330395705553257
crack_mutual_drive_agree_toddler_exile_enemy_punch,IgM,44,23,-0.5384732379786434,18.46546842815854,-0.09330395705553257
crack_mutual_drive_agree_toddler_exile_enemy_punch,IgM,45,23,-0.028036630969030377,18.084735719534994,-0.09330395705553257
crack_mutual_drive_agree_toddler_exile_enemy_punch,IgM,46,24,-0.5384732379786434,19.433850841827844,-0.09330395705553257
crack_mutual_drive_agree_toddler_exile_enemy_punch,IgM,47,24,-0.5384732379786434,19.433850841827844,-0.09330395705553257
crack_mutual_drive_agree_toddler_exile_enemy_punch,IgM,48,24,-0.6437753880682517,19.0531181332043,-0.09330395705553257
crack_mutual_drive_agree_toddler_exile_enemy_punch,IgM,49,25,-0.028036630969030377,20.021500546873604,-0.09330395705553257
crack_mutual_drive_agree_toddler_exile_enemy_punch,IgM,50,25,-0.5384732379786434,20.40223325549715,-0.09330395705553257
crane_buyer_wise_wet_banner_birth_favorite_dilemma,IgM,0,7,-0.13329990662440827,6.017211478438039,-0.12613670734561866
crane_buyer_wise_wet_banner_birth_favorite_dilemma,IgM,1,9,1.6540930966380338,7.953976305776649,-0.12613670734561866
crane_buyer_wise_wet_banner_birth_favorite_dilemma,IgM,2,10,-0.13329990662440827,8.922358719445954,-0.12613670734561866
crane_buyer_wise_wet_banner_birth_favorite_dilemma,IgM,3,11,-0.5384732379786434,9.510008424491712,-0.16671435689756903
crane_buyer_wise_wet_banner_birth_favorite_dilemma,IgM,4,11,-0.13329990662440827,9.890741133115258,-0.12613670734561866
crane_buyer_wise_wet_banner_birth_favorite_dilemma,IgM,5,11,-0.13329990662440827,9.890741133115258,-0.12613670734561866
crane_buyer_wise_wet_banner_birth_favorite_dilemma,IgM,6,12,1.6540930966380338,10.859123546784563,-0.11507007489601846
crane_buyer_wise_wet_banner_birth_favorite_dilemma,IgM,7,13,0.9635635070700442,11.44677325183032,-0.12613670734561866
crane_buyer_wise_wet_banner_birth_favorite_dilemma,IgM,8,13,0.9635635070700442,11.44677325183032,-0.12613670734561866
crane_buyer_wise_wet_banner_birth_favorite_dilemma,IgM,9,13,0.9635635070700442,11.44677325183032,-0.12613670734561866
crane_buyer_wise_wet_banner_birth_favorite_dilemma,IgM,10,13,0.9635635070700442,11.44677325183032,-0.12613670734561866
crane_buyer_wise_wet_banner_birth_favorite_dilemma,IgM,11,14,0.9635635070700442,12.415155665499626,-0.12613670734561866
crane_buyer_wise_wet_banner_birth_favorite_dilemma,IgM,12,15,6.907755278982137,13.764270787792478,-0.11507007489601846
crane_buyer_wise_wet_banner_birth_favorite_dilemma,IgM,13,15,6.907755278982137,13.764270787792478,-0.11507007489601846
crane_buyer_wise_wet_banner_birth_favorite_dilemma,IgM,14,16,6.907755278982137,14.732653201461781,-0.11507007489601846
crane_buyer_wise_wet_banner_birth_favorite_dilemma,IgM,15,16,6.907755278982137,14.732653201461781,-0.11507007489601846
crane_buyer_wise_wet_banner_birth_favorite_dilemma,IgM,16,16,6.907755278982137,14.732653201461781,-0.11507007489601846
crane_buyer_wise_wet_banner_birth_favorite_dilemma,IgM,17,16,6.907755278982137,14.732653201461781,-0.11507007489601846
crane_buyer_wise_wet_banner_birth_favorite_dilemma,IgM,18,16,2.1614392234301927,14.351920492838236,-0.16118103445545584
crane_buyer_wise_wet_banner_birth_favorite_dilemma,IgM,19,16,0.5589724541282979,15.113385910085329,-0.12613670734561866
crane_buyer_wise_wet_banner_birth_favorite_dilemma,IgM,20,17,-1.049065379029741,14.558837489260448,-0.35838919372122646
crane_buyer_wise_wet_banner_birth_favorite_dilemma,IgM,21,17,-1.049065379029741,14.558837489260448,-0.35838919372122646
crane_buyer_wise_wet_banner_birth_favorite_dilemma,IgM,22,18,1.4726433090871196,15.907952611553299,-0.12613670734561866
crane_buyer_wise_wet_banner_birth_favorite_dilemma,IgM,23,21,-1.3854375349398593,17.670901726690573,-0.08815058426114995
crane_buyer_wise_wet_banner_birth_favorite_dilemma,IgM,24,21,0.04884662497261053,18.051634435314117,-0.4100334768280771
crane_buyer_wise_wet_banner_birth_favorite_dilemma,IgM,25,22,-1.3854375349398593,18.639284140359877,-0.08815058426114995
current_wrestle_phrase_payment_mammal_monster_cruel_north,IgM,0,5,1.6540930966380338,4.080446651099431,-0.8524061962282696
current_wrestle_phrase_payment_mammal_monster_cruel_north,IgM,1,11,1.6540930966380338,9.890741133115258,-2.0225526928134006
current_wrestle_phrase_payment_mammal_monster_cruel_north,IgM,2,13,0.5589724541282979,11.066040543206775,-1.5419359259587129
current_wrestle_phrase_payment_mammal_monster_cruel_north,IgM,3,14,1.1172774456369179,10.89222483100544,-1.0342725253559057
current_wrestle_phrase_payment_mammal_monster_cruel_north,IgM,4,15,0.04884662497261053,12.24133995329829,-1.3268686446326259
current_wrestle_phrase_payment_mammal_monster_cruel_north,IgM,5,17,0.5589724541282979,13.797372072013353,-1.1715448977828768
current_wrestle_phrase_payment_mammal_monster_cruel_north,IgM,6,22,1.0686328406949839,19.40074955760697,-1.49235929722132
current_wrestle_phrase_payment_mammal_monster_cruel_north,IgM,7,23,0.7128316973393489,18.846201136782085,-1.2135194986918556
current_wrestle_phrase_payment_mammal_monster_cruel_north,IgM,8,23,0.7128316973393489,18.846201136782085,-1.490738067549621
current_wrestle_phrase_payment_mammal_monster_cruel_north,IgM,9,25,-0.2873255496957979,21.163698672744246,-1.1196694593666323
current_wrestle_phrase_payment_mammal_monster_cruel_north,IgM,10,26,0.9635635070700442,21.370615669166455,-1.2135194986918556
current_wrestle_phrase_payment_mammal_monster_cruel_north,IgM,11,28,0.6765369043602282,22.54591507925797,-1.3508463542144142
current_wrestle_phrase_payment_mammal_monster_cruel_north,IgM,12,29,0.5589724541282979,24.27576291017437,-1.467996521806492
custom_space_city_spread_chief_shiver_correct_have,IgM,0,5,0.9635635070700442,3.699713942475883,-1.2859927646569496
custom_space_city_spread_chief_shiver_correct_have,IgM,1,6,1.4726433090871196,4.287363647521641,-1.2799983154318253
custom_space_city_spread_chief_shiver_correct_have,IgM,2,8,0.5589724541282979,7.366326600730891,-1.0543672857187945
custom_space_city_spread_chief_shiver_correct_have,IgM,3,10,0.5589724541282979,8.160893302198861,-1.283994594282973
custom_space_city_spread_chief_shiver_correct_have,IgM,4,12,0.2717276959164277,9.716925420913922,-1.283994594282973
custom_space_city_spread_chief_shiver_correct_have,IgM,5,12,0.2717276959164277,9.716925420913922,-1.058363564569942
custom_space_city_spread_chief_shiver_correct_have,IgM,6,13,0.5589724541282979,9.923842417336134,-1.1960763534489178
custom_space_city_spread_chief_shiver_correct_have,IgM,7,13,-0.13329990662440827,9.923842417336134,-1.2340410600104246
custom_space_city_spread_chief_shiver_correct_have,IgM,8,13,0.5589724541282979,9.923842417336134,-1.1960763534489178
custom_space_city_spread_chief_shiver_correct_have,IgM,9,14,0.5589724541282979,12.034422956876078,-1.3399425689382445
custom_space_city_spread_chief_shiver_correct_have,IgM,10,15,0.7816788823627474,12.24133995329829,-1.5056293225336757
custom_space_city_spread_chief_shiver_correct_have,IgM,11,17,-1.2313285566261374,14.1781047806369,-1.6215215595377672
custom_space_city_spread_chief_shiver_correct_have,IgM,12,21,0.7128316973393489,16.90943630944348,-1.287990899661323
custom_space_city_spread_chief_shiver_correct_have,IgM,13,23,0.5589724541282979,18.46546842815854,-1.3279537412272029
denial_axis_load_brother_wage_dawn_work_ghost,IgM,0,7,-0.8260093901221207,5.255746061190946,-0.6396040740098256
denial_axis_load_brother_wage_dawn_work_ghost,IgM,1,7,-0.8260093901221207,5.255746061190946,-0.6396040740098256
denial_axis_load_brother_wage_dawn_work_ghost,IgM,2,7,-0.8260093901221207,5.255746061190946,-0.6396040740098256
denial_axis_load_brother_wage_dawn_work_ghost,IgM,3,11,-0.8260093901221207,9.129275715868165,-0.3541512879329088
denial_axis_load_brother_wage_dawn_work_ghost,IgM,4,11,-0.13329990662440827,7.987077589997524,-0.22959447461676097
denial_axis_load_brother_wage_dawn_work_ghost,IgM,5,13,-1.2313285566261374,10.30457512595968,-0.6396040740098256
denial_axis_load_brother_wage_dawn_work_ghost,IgM,6,14,0.5589724541282979,10.89222483100544,-0.4840895655334603
denial_axis_load_brother_wage_dawn_work_ghost,IgM,7,14,0.5589724541282979,10.89222483100544,-0.4840895655334603
denial_axis_load_brother_wage_dawn_work_ghost,IgM,8,14,0.5589724541282979,10.89222483100544,-0.4840895655334603
denial_axis_load_brother_wage_dawn_work_ghost,IgM,9,14,-1.5189376502879606,10.511492122381892,-0.3621438544776046
denial_axis_load_brother_wage_dawn_work_ghost,IgM,10,14,-1.5189376502879606,10.511492122381892,-0.3621438544776046
denial_axis_load_brother_wage_dawn_work_ghost,IgM,11,14,0.5589724541282979,10.89222483100544,-0.4840895655334603
denial_axis_load_brother_wage_dawn_work_ghost,IgM,12,14,-0.2873255496957979,10.511492122381892,-0.2401981498510683
denial_axis_load_brother_wage_dawn_work_ghost,IgM,13,15,-1.3854375349398593,11.860607244674743,-0.4840895655334603
denial_axis_load_brother_wage_dawn_work_ghost,IgM,14,15,-1.3854375349398593,11.860607244674743,-0.4840895655334603
denial_axis_load_brother_wage_dawn_work_ghost,IgM,15,15,-1.3854375349398593,11.860607244674743,-0.4840895655334603
denial_axis_load_brother_wage_dawn_work_ghost,IgM,16,15,-1.3854375349398593,11.860607244674743,-0.4840895655334603
denial_axis_load_brother_wage_dawn_work_ghost,IgM,17,15,-1.5189376502879606,11.479874536051195,-0.3493557533115318
denial_axis_load_brother_wage_dawn_work_ghost,IgM,18,15,-1.3854375349398593,11.860607244674743,-0.4840895655334603
denial_axis_load_brother_wage_dawn_work_ghost,IgM,19,15,-1.3854375349398593,11.860607244674743,-0.4840895655334603
denial_axis_load_brother_wage_dawn_work_ghost,IgM,20,15,-1.3854375349398593,11.860607244674743,-0.4840895655334603
denial_axis_load_brother_wage_dawn_work_ghost,IgM,21,15,-1.3854375349398593,11.860607244674743,-0.4840895655334603
denial_axis_load_brother_wage_dawn_work_ghost,IgM,22,15,-1.3854375349398593,11.860607244674743,-0.4840895655334603
denial_axis_load_brother_wage_dawn_work_ghost,IgM,23,15,-1.3854375349398593,11.860607244674743,-0.4840895655334603
denial_axis_load_brother_wage_dawn_work_ghost,IgM,24,15,-1.3854375349398593,11.860607244674743,-0.4840895655334603
denial_axis_load_brother_wage_dawn_work_ghost,IgM,25,15,-1.3854375349398593,11.860607244674743,-0.4840895655334603
denial_axis_load_brother_wage_dawn_work_ghost,IgM,26,15,-1.3854375349398593,11.860607244674743,-0.4840895655334603
denial_axis_load_brother_wage_dawn_work_ghost,IgM,27,15,-1.3854375349398593,11.860607244674743,-0.4840895655334603
denial_axis_load_brother_wage_dawn_work_ghost,IgM,28,15,-1.3854375349398593,11.860607244674743,-0.4840895655334603
denial_axis_load_brother_wage_dawn_work_ghost,IgM,29,15,-1.3854375349398593,11.860607244674743,-0.4840895655334603
denial_axis_load_brother_wage_dawn_work_ghost,IgM,30,15,-1.3854375349398593,11.860607244674743,-0.4840895655334603
denial_axis_load_brother_wage_dawn_work_ghost,IgM,31,15,-1.3854375349398593,11.860607244674743,-0.4840895655334603
denial_axis_load_brother_wage_dawn_work_ghost,IgM,32,15,-1.3854375349398593,11.860607244674743,-0.4840895655334603
denial_axis_load_brother_wage_dawn_work_ghost,IgM,33,16,-1.3854375349398593,12.828989658344048,-0.4840895655334603
denial_axis_load_brother_wage_dawn_work_ghost,IgM,34,16,-1.5189376502879606,12.448256949720502,-0.4840895655334603
denial_axis_load_brother_wage_dawn_work_ghost,IgM,35,16,-1.5189376502879606,12.448256949720502,-0.4840895655334603
denial_axis_load_brother_wage_dawn_work_ghost,IgM,36,16,-1.3854375349398593,12.828989658344048,-0.4840895655334603
denial_axis_load_brother_wage_dawn_work_ghost,IgM,37,16,-1.5189376502879606,12.448256949720502,-0.4840895655334603
denial_axis_load_brother_wage_dawn_work_ghost,IgM,38,16,-1.3854375349398593,12.828989658344048,-0.34501888466551056
denial_axis_load_brother_wage_dawn_work_ghost,IgM,39,16,-1.5189376502879606,12.448256949720502,-0.4840895655334603
denial_axis_load_brother_wage_dawn_work_ghost,IgM,40,17,-1.3854375349398593,13.797372072013353,-0.4840895655334603
denial_axis_load_brother_wage_dawn_work_ghost,IgM,41,17,-1.3854375349398593,13.797372072013353,-0.4840895655334603
denial_axis_load_brother_wage_dawn_work_ghost,IgM,42,17,-0.2873255496957979,13.416639363389805,-0.3434203731250516
denial_axis_load_brother_wage_dawn_work_ghost,IgM,43,17,-1.6366963584974425,13.035906654766258,-0.4840895655334603
denial_axis_load_brother_wage_dawn_work_ghost,IgM,44,17,-1.6366963584974425,13.035906654766258,-0.4840895655334603
denial_axis_load_brother_wage_dawn_work_ghost,IgM,45,17,0.7128316973393489,13.035906654766258,-0.4840895655334603
denial_axis_load_brother_wage_dawn_work_ghost,IgM,46,17,0.7128316973393489,13.035906654766258,-0.4840895655334603
denial_axis_load_brother_wage_dawn_work_ghost,IgM,47,17,-0.5384732379786434,12.65517394614271,-0.9884114953519901
denial_axis_load_brother_wage_dawn_work_ghost,IgM,48,17,-0.5384732379786434,12.65517394614271,-0.9884114953519901
denial_axis_load_brother_wage_dawn_work_ghost,IgM,49,17,-0.5384732379786434,12.65517394614271,-0.9884114953519901
denial_axis_load_brother_wage_dawn_work_ghost,IgM,50,17,0.7128316973393489,13.035906654766258,-0.4840895655334603
denial_axis_load_brother_wage_dawn_work_ghost,IgM,51,17,-1.5189376502879606,13.416639363389805,-0.4840895655334603
denial_axis_load_brother_wage_dawn_work_ghost,IgM,52,17,-1.5189376502879606,13.416639363389805,-0.4840895655334603
denial_axis_load_brother_wage_dawn_work_ghost,IgM,53,17,-0.5384732379786434,12.65517394614271,-0.9884114953519901
denial_axis_load_brother_wage_dawn_work_ghost,IgM,54,17,-1.5189376502879606,13.416639363389805,-0.4840895655334603
denial_axis_load_brother_wage_dawn_work_ghost,IgM,55,17,-0.5384732379786434,12.65517394614271,-0.9884114953519901
denial_axis_load_brother_wage_dawn_work_ghost,IgM,56,17,-0.5384732379786434,12.65517394614271,-0.9884114953519901
denial_axis_load_brother_wage_dawn_work_ghost,IgM,57,17,-0.5384732379786434,12.65517394614271,-0.9884114953519901
denial_axis_load_brother_wage_dawn_work_ghost,IgM,58,18,-0.4207631544924123,14.004289068435563,-0.3157869667498886
denial_axis_load_brother_wage_dawn_work_ghost,IgM,59,18,-0.4207631544924123,14.004289068435563,-0.3157869667498886
denial_axis_load_brother_wage_dawn_work_ghost,IgM,60,18,-1.3854375349398593,14.765754485682658,-0.4840895655334603
denial_axis_load_brother_wage_dawn_work_ghost,IgM,61,18,-1.3854375349398593,14.765754485682658,-0.4840895655334603
denial_axis_load_brother_wage_dawn_work_ghost,IgM,62,18,-1.3854375349398593,14.765754485682658,-0.4840895655334603
denial_axis_load_brother_wage_dawn_work_ghost,IgM,63,18,0.22300002082450082,14.004289068435563,-0.5272494318382085
denial_axis_load_brother_wage_dawn_work_ghost,IgM,64,18,-1.3854375349398593,14.765754485682658,-0.4840895655334603
denial_axis_load_brother_wage_dawn_work_ghost,IgM,65,18,-1.3854375349398593,14.765754485682658,-0.4840895655334603
denial_axis_load_brother_wage_dawn_work_ghost,IgM,66,18,-1.3854375349398593,14.765754485682658,-0.4840895655334603
denial_axis_load_brother_wage_dawn_work_ghost,IgM,67,18,-1.3854375349398593,14.765754485682658,-0.4840895655334603
denial_axis_load_brother_wage_dawn_work_ghost,IgM,68,18,-0.4207631544924123,14.004289068435563,-0.3157869667498886
denial_axis_load_brother_wage_dawn_work_ghost,IgM,69,18,-1.3854375349398593,14.765754485682658,-0.4840895655334603
denial_axis_load_brother_wage_dawn_work_ghost,IgM,70,18,-1.3854375349398593,14.765754485682658,-0.4840895655334603
denial_axis_load_brother_wage_dawn_work_ghost,IgM,71,18,-1.3854375349398593,14.765754485682658,-0.4840895655334603
denial_axis_load_brother_wage_dawn_work_ghost,IgM,72,18,-1.5189376502879606,14.38502177705911,-0.11084579251849261
denial_axis_load_brother_wage_dawn_work_ghost,IgM,73,18,-0.4207631544924123,14.004289068435563,-0.3157869667498886
denial_axis_load_brother_wage_dawn_work_ghost,IgM,74,18,-1.3854375349398593,14.765754485682658,-0.4840895655334603
denial_axis_load_brother_wage_dawn_work_ghost,IgM,75,18,-1.6366963584974425,14.004289068435563,-0.30939291174565176
denial_axis_load_brother_wage_dawn_work_ghost,IgM,76,18,0.22300002082450082,14.004289068435563,-0.41009926424613063
denial_axis_load_brother_wage_dawn_work_ghost,IgM,77,18,-1.3854375349398593,14.765754485682658,-0.4840895655334603
denial_axis_load_brother_wage_dawn_work_ghost,IgM,78,18,-0.4207631544924123,14.004289068435563,-0.3157869667498886
denial_axis_load_brother_wage_dawn_work_ghost,IgM,79,18,1.1172774456369179,14.765754485682658,-1.0027981169009228
denial_axis_load_brother_wage_dawn_work_ghost,IgM,80,19,-0.5384732379786434,14.59193877348132,-0.23325017141013554
denial_axis_load_brother_wage_dawn_work_ghost,IgM,81,19,-0.5384732379786434,14.59193877348132,-0.23325017141013554
denial_axis_load_brother_wage_dawn_work_ghost,IgM,82,19,-0.4207631544924123,14.972671482104868,-0.4840895655334603
denial_axis_load_brother_wage_dawn_work_ghost,IgM,83,20,-0.4207631544924123,15.941053895774173,-0.27742262788206673
denial_axis_load_brother_wage_dawn_work_ghost,IgM,84,20,-0.4207631544924123,15.941053895774173,-0.20822787482988409
denial_axis_load_brother_wage_dawn_work_ghost,IgM,85,20,-0.4207631544924123,15.941053895774173,-0.7461185845782564
denial_axis_load_brother_wage_dawn_work_ghost,IgM,86,20,-0.4207631544924123,15.941053895774173,-0.27742262788206673
denial_axis_load_brother_wage_dawn_work_ghost,IgM,87,20,-0.4207631544924123,15.941053895774173,-0.7461185845782564
denial_axis_load_brother_wage_dawn_work_ghost,IgM,88,21,-0.4207631544924123,16.90943630944348,-0.8632687630292005
denial_axis_load_brother_wage_dawn_work_ghost,IgM,89,21,-0.4207631544924123,16.90943630944348,-0.8632687630292005
denial_axis_load_brother_wage_dawn_work_ghost,IgM,90,21,-0.4207631544924123,16.90943630944348,-0.8632687630292005
denial_axis_load_brother_wage_dawn_work_ghost,IgM,91,21,-0.4207631544924123,16.90943630944348,-0.8632687630292005
denial_axis_load_brother_wage_dawn_work_ghost,IgM,92,21,-0.4207631544924123,16.90943630944348,-0.8632687630292005
denial_axis_load_brother_wage_dawn_work_ghost,IgM,93,21,-0.4207631544924123,16.90943630944348,-0.8632687630292005
denial_axis_load_brother_wage_dawn_work_ghost,IgM,94,22,-0.5384732379786434,17.497086014489234,-0.7461185845782564
denial_axis_load_brother_wage_dawn_work_ghost,IgM,95,22,-0.5384732379786434,17.497086014489234,-0.7461185845782564
denial_axis_load_brother_wage_dawn_work_ghost,IgM,96,22,-0.5384732379786434,17.497086014489234,-0.7461185845782564
denial_axis_load_brother_wage_dawn_work_ghost,IgM,97,22,-0.5384732379786434,17.497086014489234,-0.7461185845782564
denial_axis_load_brother_wage_dawn_work_ghost,IgM,98,23,0.22300002082450082,18.846201136782085,-0.4856880770739193
denial_axis_load_brother_wage_dawn_work_ghost,IgM,99,23,-0.13329990662440827,17.704003010911446,-0.4840895655334603
denial_axis_load_brother_wage_dawn_work_ghost,IgM,100,23,-0.4207631544924123,18.846201136782085,-0.20822787482988409
denial_axis_load_brother_wage_dawn_work_ghost,IgM,101,24,0.8097873287703594,19.0531181332043,-0.4840895655334603
denial_axis_load_brother_wage_dawn_work_ghost,IgM,102,24,0.8097873287703594,19.0531181332043,-0.4840895655334603
denial_axis_load_brother_wage_dawn_work_ghost,IgM,103,26,-0.4207631544924123,21.751348377790002,-0.3721936162229169
denial_axis_load_brother_wage_dawn_work_ghost,IgM,104,26,0.5589724541282979,21.370615669166455,-0.5352420066726551
denial_axis_load_brother_wage_dawn_work_ghost,IgM,105,27,-2.0784596005240825,20.816067248341575,-0.7653007562227676
denial_axis_load_brother_wage_dawn_work_ghost,IgM,106,27,-2.0784596005240825,20.816067248341575,-0.7653007562227676
denial_axis_load_brother_wage_dawn_work_ghost,IgM,107,27,-2.0784596005240825,20.816067248341575,-0.7653007562227676
denial_axis_load_brother_wage_dawn_work_ghost,IgM,108,28,0.4256596947182628,22.926647787881517,-0.4516606201157199
denial_axis_load_brother_wage_dawn_work_ghost,IgM,109,31,-0.9800975261556183,24.308864194395245,-0.8052635933674472
denial_axis_load_brother_wage_dawn_work_ghost,IgM,110,31,-0.9800975261556183,24.308864194395245,-0.8052635933674472
denial_axis_load_brother_wage_dawn_work_ghost,IgM,111,36,0.5589724541282979,29.91224167998886,-0.3669393979413824
denial_axis_load_brother_wage_dawn_work_ghost,IgM,112,38,-1.2313285566261374,9.336192712290377,-0.3157869667498886
dolphin_inspire_slight_trigger_smooth_twin_noodle_kingdom,IgM,0,4,0.5589724541282979,3.492796946053672,-0.7225647328102918
dolphin_inspire_slight_trigger_smooth_twin_noodle_kingdom,IgM,1,5,-0.5384732379786434,3.699713942475883,-0.7252289305009245
dolphin_inspire_slight_trigger_smooth_twin_noodle_kingdom,IgM,2,8,-0.13329990662440827,6.985593892107344,-0.4774593057185477
dolphin_inspire_slight_trigger_smooth_twin_noodle_kingdom,IgM,3,10,-0.8260093901221207,8.160893302198861,-0.6612883981433577
dolphin_inspire_slight_trigger_smooth_twin_noodle_kingdom,IgM,4,11,2.1614392234301927,9.510008424491712,-0.6532958050714595
dolphin_inspire_slight_trigger_smooth_twin_noodle_kingdom,IgM,5,12,1.6540930966380338,10.859123546784563,-0.2510773688217575
dolphin_inspire_slight_trigger_smooth_twin_noodle_kingdom,IgM,6,13,0.5589724541282979,9.923842417336134,-0.6612883981433577
dolphin_inspire_slight_trigger_smooth_twin_noodle_kingdom,IgM,7,16,1.6540930966380338,12.828989658344048,-0.19779359185711864
dolphin_inspire_slight_trigger_smooth_twin_noodle_kingdom,IgM,8,18,0.5589724541282979,15.907952611553299,-0.7545349989890751
dolphin_inspire_slight_trigger_smooth_twin_noodle_kingdom,IgM,9,18,0.5589724541282979,15.907952611553299,-0.7545349989890751
dolphin_inspire_slight_trigger_smooth_twin_noodle_kingdom,IgM,10,18,0.5589724541282979,15.907952611553299,-0.7545349989890751
dolphin_inspire_slight_trigger_smooth_twin_noodle_kingdom,IgM,11,19,0.7816788823627474,16.11486960797551,-0.9274952450893856
dolphin_inspire_slight_trigger_smooth_twin_noodle_kingdom,IgM,12,27,0.5589724541282979,24.62339433457704,-0.6905944666315083
dolphin_inspire_slight_trigger_smooth_twin_noodle_kingdom,IgM,13,30,-1.3854375349398593,26.386343449714314,-1.1751906947884967
dove_inform_coral_photo_cricket_bubble_buyer_erase,IgM,0,5,-0.13329990662440827,4.080446651099431,-1.3591402815781777
dove_inform_coral_photo_cricket_bubble_buyer_erase,IgM,1,5,-0.13329990662440827,4.080446651099431,-1.3687313685057334
dove_inform_coral_photo_cricket_bubble_buyer_erase,IgM,2,5,-0.13329990662440827,4.080446651099431,-1.3591402815781777
dove_inform_coral_photo_cricket_bubble_buyer_erase,IgM,3,5,0.5589724541282979,4.461179359722977,-1.3591402815781777
dove_inform_coral_photo_cricket_bubble_buyer_erase,IgM,4,6,0.9635635070700442,4.668096356145188,-1.0236432466174799
dove_inform_coral_photo_cricket_bubble_buyer_erase,IgM,5,6,0.9635635070700442,4.668096356145188,-1.0236432466174799
dove_inform_coral_photo_cricket_bubble_buyer_erase,IgM,6,7,0.5589724541282979,5.255746061190946,-1.5002681576467438
dove_inform_coral_photo_cricket_bubble_buyer_erase,IgM,7,8,-0.13329990662440827,6.985593892107344,-1.3063893322144242
dove_inform_coral_photo_cricket_bubble_buyer_erase,IgM,8,8,-0.5384732379786434,6.604861183483798,-1.5002681576467438
dove_inform_coral_photo_cricket_bubble_buyer_erase,IgM,9,8,-0.5384732379786434,6.604861183483798,-1.5002681576467438
dove_inform_coral_photo_cricket_bubble_buyer_erase,IgM,10,8,-0.13329990662440827,6.985593892107344,-1.3063893322144242
dove_inform_coral_photo_cricket_bubble_buyer_erase,IgM,11,8,-0.5384732379786434,6.604861183483798,-1.5002681576467438
dove_inform_coral_photo_cricket_bubble_buyer_erase,IgM,12,8,-0.13329990662440827,6.985593892107344,-1.3063893322144242
dove_inform_coral_photo_cricket_bubble_buyer_erase,IgM,13,9,-1.049065379029741,6.811778179906009,-1.524736172600771
dove_inform_coral_photo_cricket_bubble_buyer_erase,IgM,14,10,2.1614392234301927,8.541626010822407,-1.620306414980057
dove_inform_coral_photo_cricket_bubble_buyer_erase,IgM,15,10,-0.5384732379786434,8.541626010822407,-1.5483732981166678
dove_inform_coral_photo_cricket_bubble_buyer_erase,IgM,16,11,-0.5384732379786434,9.510008424491712,-1.5483732981166678
dove_inform_coral_photo_cricket_bubble_buyer_erase,IgM,17,11,-0.5384732379786434,9.510008424491712,-1.2896049367230025
dove_inform_coral_photo_cricket_bubble_buyer_erase,IgM,18,12,0.2717276959164277,9.716925420913922,-1.768627597125564
dove_inform_coral_photo_cricket_bubble_buyer_erase,IgM,19,13,-0.8260093901221207,11.066040543206775,-0.8677881614157074
dove_inform_coral_photo_cricket_bubble_buyer_erase,IgM,20,15,-1.049065379029741,12.622072661921838,-1.2584339263144486
dove_inform_coral_photo_cricket_bubble_buyer_erase,IgM,21,15,0.9635635070700442,10.718409118804102,-1.3401078465117338
dove_inform_coral_photo_cricket_bubble_buyer_erase,IgM,22,15,-1.2313285566261374,12.24133995329829,-1.3135826429888906
dove_inform_coral_photo_cricket_bubble_buyer_erase,IgM,23,16,-1.049065379029741,13.59045507559114,-1.9602583768798771
dove_inform_coral_photo_cricket_bubble_buyer_erase,IgM,24,16,-0.13329990662440827,12.828989658344048,-1.2991960192293577
dove_inform_coral_photo_cricket_bubble_buyer_erase,IgM,25,18,1.1172774456369179,14.765754485682658,-1.5915331693952663
dove_inform_coral_photo_cricket_bubble_buyer_erase,IgM,26,20,-1.7420374117716249,15.560321187150626,-1.3423558910606064
dove_inform_coral_photo_cricket_bubble_buyer_erase,IgM,27,22,-1.5189376502879606,18.25855143173633,-1.42833504327028
dove_inform_coral_photo_cricket_bubble_buyer_erase,IgM,28,23,-0.5384732379786434,18.46546842815854,-1.4595060586526842
dove_inform_coral_photo_cricket_bubble_buyer_erase,IgM,29,25,-0.5384732379786434,20.40223325549715,-1.4019595608513025
dove_inform_coral_photo_cricket_bubble_buyer_erase,IgM,30,25,-0.5384732379786434,20.40223325549715,-1.4019595608513025
dove_inform_coral_photo_cricket_bubble_buyer_erase,IgM,31,25,-0.5384732379786434,20.40223325549715,-1.4019595608513025
dove_inform_coral_photo_cricket_bubble_buyer_erase,IgM,32,25,-0.5384732379786434,20.40223325549715,-1.4019595608513025
dove_inform_coral_photo_cricket_bubble_buyer_erase,IgM,33,26,0.5589724541282979,21.370615669166455,-1.040427645424802
dove_inform_coral_photo_cricket_bubble_buyer_erase,IgM,34,30,-1.6366963584974425,25.624878032467223,-1.6850462160951294
dove_inform_coral_photo_cricket_bubble_buyer_erase,IgM,35,30,-1.6366963584974425,25.624878032467223,-1.6850462160951294
drift_cat_relax_hospital_employ_hollow_rare_motor,IgM,0,3,0.5589724541282979,2.5244145323843674,0.254072613050303
drift_cat_relax_hospital_employ_hollow_rare_motor,IgM,1,5,1.6540930966380338,4.080446651099431,0.2281767048731052
drift_cat_relax_hospital_employ_hollow_rare_motor,IgM,2,5,1.6540930966380338,4.080446651099431,0.2281767048731052
drift_cat_relax_hospital_employ_hollow_rare_motor,IgM,3,9,0.9635635070700442,7.573243597153103,0.16761391679212145
drift_cat_relax_hospital_employ_hollow_rare_motor,IgM,4,10,-0.8260093901221207,8.160893302198861,0.1618592734779889
drift_cat_relax_hospital_employ_hollow_rare_motor,IgM,5,11,1.8073727665419612,8.748543007244617,0.4275948701634494
drift_cat_relax_hospital_employ_hollow_rare_motor,IgM,6,11,1.6540930966380338,9.890741133115258,0.08225328292767974
drift_cat_relax_hospital_employ_hollow_rare_motor,IgM,7,11,1.6540930966380338,9.890741133115258,0.08225328292767974
drift_cat_relax_hospital_employ_hollow_rare_motor,IgM,8,13,-1.2313285566261374,10.30457512595968,0.1618592734779889
drift_cat_relax_hospital_employ_hollow_rare_motor,IgM,9,14,0.2717276959164277,11.65369024825253,0.2790094434831482
drift_cat_relax_hospital_employ_hollow_rare_motor,IgM,10,14,0.8947453855092655,10.511492122381892,0.2281767048731052
drift_cat_relax_hospital_employ_hollow_rare_motor,IgM,11,14,-1.3854375349398593,10.89222483100544,0.04470910588591098
drift_cat_relax_hospital_employ_hollow_rare_motor,IgM,12,14,0.2717276959164277,11.65369024825253,0.2790094434831482
drift_cat_relax_hospital_employ_hollow_rare_motor,IgM,13,15,0.7128316973393489,11.09914182742765,0.15152440342222856
drift_cat_relax_hospital_employ_hollow_rare_motor,IgM,14,15,0.7816788823627474,12.24133995329829,0.30202802558207925
drift_cat_relax_hospital_employ_hollow_rare_motor,IgM,15,15,0.5589724541282979,11.860607244674743,0.2521544133495936
drift_cat_relax_hospital_employ_hollow_rare_motor,IgM,16,15,0.5589724541282979,13.002805370545385,0.2291357958810591
drift_cat_relax_hospital_employ_hollow_rare_motor,IgM,17,15,-1.2313285566261374,12.24133995329829,0.0899261347849226
drift_cat_relax_hospital_employ_hollow_rare_motor,IgM,18,16,0.37694241891061303,12.448256949720502,0.10143545678279108
drift_cat_relax_hospital_employ_hollow_rare_motor,IgM,19,16,0.37694241891061303,12.448256949720502,0.3288067090739292
drift_cat_relax_hospital_employ_hollow_rare_motor,IgM,20,18,0.8947453855092655,14.38502177705911,0.34532686401939827
drift_cat_relax_hospital_employ_hollow_rare_motor,IgM,21,24,0.7128316973393489,19.814583550451392,0.11678119586688017
drift_cat_relax_hospital_employ_hollow_rare_motor,IgM,22,24,-0.13329990662440827,20.576048967698487,0.3249703008301095
drift_cat_relax_hospital_employ_hollow_rare_motor,IgM,23,25,0.5589724541282979,20.40223325549715,0.09973255611942992
drink_find_advice_speak_vanish_solar_impact_please,IgM,0,4,0.5589724541282979,3.492796946053672,-0.09923973613350813
drink_find_advice_speak_vanish_solar_impact_please,IgM,1,4,0.5589724541282979,3.492796946053672,-0.09923973613350813
drink_find_advice_speak_vanish_solar_impact_please,IgM,2,6,1.6540930966380338,5.048829064768735,-0.16993309928137157
drink_find_advice_speak_vanish_solar_impact_please,IgM,3,6,0.5589724541282979,5.429561773392281,0.22160163595834914
drink_find_advice_speak_vanish_solar_impact_please,IgM,4,6,0.5589724541282979,5.429561773392281,0.22160163595834914
drink_find_advice_speak_vanish_solar_impact_please,IgM,5,6,-0.13329990662440827,5.048829064768735,-0.09949860163238904
drink_find_advice_speak_vanish_solar_impact_please,IgM,6,7,0.5589724541282979,6.3979441870615865,0.22160163595834914
drink_find_advice_speak_vanish_solar_impact_please,IgM,7,8,-0.13329990662440827,6.985593892107344,-0.09923973613350813
drink_find_advice_speak_vanish_solar_impact_please,IgM,8,8,0.9635635070700442,6.604861183483798,0.12131427202753921
drink_find_advice_speak_vanish_solar_impact_please,IgM,9,8,-0.13329990662440827,6.985593892107344,-0.09923973613350813
drink_find_advice_speak_vanish_solar_impact_please,IgM,10,8,0.9635635070700442,6.604861183483798,0.12131427202753921
drink_find_advice_speak_vanish_solar_impact_please,IgM,11,8,-0.13329990662440827,6.985593892107344,-0.19353266712923317
drink_find_advice_speak_vanish_solar_impact_please,IgM,12,8,0.9635635070700442,6.604861183483798,0.12131427202753921
drink_find_advice_speak_vanish_solar_impact_please,IgM,13,9,2.1614392234301927,7.573243597153103,0.22310024605402995
drink_find_advice_speak_vanish_solar_impact_please,IgM,14,10,0.5589724541282979,8.160893302198861,-0.08874950083334567
drink_find_advice_speak_vanish_solar_impact_please,IgM,15,11,1.4726433090871196,9.129275715868165,0.12131427202753921
drink_find_advice_speak_vanish_solar_impact_please,IgM,16,12,0.2717276959164277,9.716925420913922,-0.3121814472300733
drink_find_advice_speak_vanish_solar_impact_please,IgM,17,12,0.2717276959164277,9.716925420913922,-0.13696376560040158
drink_find_advice_speak_vanish_solar_impact_please,IgM,18,12,0.9635635070700442,10.478390838161015,-0.09923973613350813
drink_find_advice_speak_vanish_solar_impact_please,IgM,19,13,0.5589724541282979,11.066040543206775,-0.05903621747301484
drink_find_advice_speak_vanish_solar_impact_please,IgM,20,13,0.9635635070700442,11.44677325183032,-0.09923973613350813
drink_find_advice_speak_vanish_solar_impact_please,IgM,21,14,0.5589724541282979,12.034422956876078,-0.05903621747301484
drink_find_advice_speak_vanish_solar_impact_please,IgM,22,16,0.5589724541282979,13.971187784214688,0.22310024605402995
drink_find_advice_speak_vanish_solar_impact_please,IgM,23,16,1.4726433090871196,13.971187784214688,-0.09923973613350813
engage_chicken_kidney_party_taste_payment_spawn_magnet,IgM,0,5,-0.13329990662440827,4.080446651099431,-0.18716639029682391
engage_chicken_kidney_party_taste_payment_spawn_magnet,IgM,1,6,0.9635635070700442,4.668096356145188,-0.048713413183322216
engage_chicken_kidney_party_taste_payment_spawn_magnet,IgM,2,8,-0.8260093901221207,6.224128474860251,-0.2163983194679282
engage_chicken_kidney_party_taste_payment_spawn_magnet,IgM,3,10,0.04884662497261053,7.399427884951766,-0.4022255292123099
engage_chicken_kidney_party_taste_payment_spawn_magnet,IgM,4,10,1.4726433090871196,8.160893302198861,-0.31830355838700153
engage_chicken_kidney_party_taste_payment_spawn_magnet,IgM,5,10,-0.13329990662440827,8.922358719445954,-0.18716639029682391
engage_chicken_kidney_party_taste_payment_spawn_magnet,IgM,6,11,0.04884662497261053,8.367810298621071,0.011230849165497839
engage_chicken_kidney_party_taste_payment_spawn_magnet,IgM,7,11,0.04884662497261053,8.367810298621071,0.011230849165497839
engage_chicken_kidney_party_taste_payment_spawn_magnet,IgM,8,13,-0.8260093901221207,11.066040543206775,-0.35027384225058655
engage_chicken_kidney_party_taste_payment_spawn_magnet,IgM,9,13,0.37694241891061303,9.543109708712587,-0.29832213760406157
engage_chicken_kidney_party_taste_payment_spawn_magnet,IgM,10,13,0.2717276959164277,10.685307834583227,-0.15119983642449225
engage_chicken_kidney_party_taste_payment_spawn_magnet,IgM,11,16,-0.13329990662440827,12.828989658344048,-0.2663518714252782
engage_chicken_kidney_party_taste_payment_spawn_magnet,IgM,12,18,-0.4207631544924123,14.004289068435563,-0.35027384225058655
engage_chicken_kidney_party_taste_payment_spawn_magnet,IgM,13,18,0.7816788823627474,15.146487194306205,-0.2850753592071506
engage_chicken_kidney_party_taste_payment_spawn_magnet,IgM,14,19,0.5589724541282979,14.59193877348132,-0.29832213760406157
engage_chicken_kidney_party_taste_payment_spawn_magnet,IgM,15,19,0.5589724541282979,14.59193877348132,-0.29832213760406157
engage_chicken_kidney_party_taste_payment_spawn_magnet,IgM,16,19,0.5589724541282979,14.59193877348132,-0.29832213760406157
engage_chicken_kidney_party_taste_payment_spawn_magnet,IgM,17,19,-0.4207631544924123,14.972671482104868,-0.35027384225058655
engage_chicken_kidney_party_taste_payment_spawn_magnet,IgM,18,20,-0.5384732379786434,15.560321187150626,-0.29832213760406157
engage_chicken_kidney_party_taste_payment_spawn_magnet,IgM,19,20,-0.5384732379786434,15.560321187150626,-0.29832213760406157
engage_chicken_kidney_party_taste_payment_spawn_magnet,IgM,20,21,-1.7420374117716249,16.52870360081993,-0.2663518714252782
engage_chicken_kidney_party_taste_payment_spawn_magnet,IgM,21,21,0.4256596947182628,16.147970892196383,-0.3462775368722365
engage_chicken_kidney_party_taste_payment_spawn_magnet,IgM,22,21,-1.6366963584974425,16.90943630944348,-0.29832213760406157
engage_chicken_kidney_party_taste_payment_spawn_magnet,IgM,23,22,-0.13329990662440827,16.735620597242143,-0.2603574310425549
engage_chicken_kidney_party_taste_payment_spawn_magnet,IgM,24,23,0.6765369043602282,17.704003010911446,-0.35227197725495984
engage_chicken_kidney_party_taste_payment_spawn_magnet,IgM,25,23,0.4256596947182628,18.084735719534994,-0.35227197725495984
engage_chicken_kidney_party_taste_payment_spawn_magnet,IgM,26,23,0.4256596947182628,18.084735719534994,-0.35227197725495984
engage_chicken_kidney_party_taste_payment_spawn_magnet,IgM,27,26,0.4256596947182628,20.989882960542907,-0.3123091180042782
engage_chicken_kidney_party_taste_payment_spawn_magnet,IgM,28,26,0.7592545863069617,19.84768483467227,-0.2663518714252782
excuse_eye_nuclear_elbow_camera_decade_upgrade_success,IgM,0,12,0.7816788823627474,9.336192712290377,-0.2865170784029432
excuse_eye_nuclear_elbow_camera_decade_upgrade_success,IgM,1,12,0.7816788823627474,9.336192712290377,-0.2865170784029432
excuse_eye_nuclear_elbow_camera_decade_upgrade_success,IgM,2,17,0.37694241891061303,13.416639363389805,-0.0019011206393951402
excuse_eye_nuclear_elbow_camera_decade_upgrade_success,IgM,3,17,0.37694241891061303,13.416639363389805,-0.0019011206393951402
excuse_eye_nuclear_elbow_camera_decade_upgrade_success,IgM,4,17,-1.3854375349398593,11.860607244674743,-0.297007326966707
excuse_eye_nuclear_elbow_camera_decade_upgrade_success,IgM,5,17,0.8947453855092655,13.416639363389805,-0.24605470750717034
excuse_eye_nuclear_elbow_camera_decade_upgrade_success,IgM,6,18,-1.3854375349398593,12.828989658344048,-0.297007326966707
excuse_eye_nuclear_elbow_camera_decade_upgrade_success,IgM,7,18,-0.2873255496957979,14.38502177705911,-0.3961742047556338
excuse_eye_nuclear_elbow_camera_decade_upgrade_success,IgM,8,19,-1.2313285566261374,16.11486960797551,-0.27141172098019634
excuse_eye_nuclear_elbow_camera_decade_upgrade_success,IgM,9,19,-1.5189376502879606,15.353404190728416,-0.297007326966707
excuse_eye_nuclear_elbow_camera_decade_upgrade_success,IgM,10,19,-1.5189376502879606,13.416639363389805,-0.297007326966707
excuse_eye_nuclear_elbow_camera_decade_upgrade_success,IgM,11,19,0.22300002082450082,14.972671482104868,-0.297007326966707
excuse_eye_nuclear_elbow_camera_decade_upgrade_success,IgM,12,19,-0.4207631544924123,13.035906654766258,-0.297007326966707
excuse_eye_nuclear_elbow_camera_decade_upgrade_success,IgM,13,19,0.22300002082450082,14.972671482104868,-0.297007326966707
excuse_eye_nuclear_elbow_camera_decade_upgrade_success,IgM,14,19,-0.5384732379786434,14.59193877348132,-0.2160825763327603
excuse_eye_nuclear_elbow_camera_decade_upgrade_success,IgM,15,20,-1.6366963584974425,14.972671482104868,-0.297007326966707
excuse_eye_nuclear_elbow_camera_decade_upgrade_success,IgM,16,20,-1.3854375349398593,14.765754485682658,-0.297007326966707
excuse_eye_nuclear_elbow_camera_decade_upgrade_success,IgM,17,20,-1.7420374117716249,15.560321187150626,0.053547311422382324
excuse_eye_nuclear_elbow_camera_decade_upgrade_success,IgM,18,20,-1.7420374117716249,15.560321187150626,0.053547311422382324
excuse_eye_nuclear_elbow_camera_decade_upgrade_success,IgM,19,20,-0.028036630969030377,15.17958847852708,-0.07645331880565974
excuse_eye_nuclear_elbow_camera_decade_upgrade_success,IgM,20,20,-1.7420374117716249,15.560321187150626,0.053547311422382324
excuse_eye_nuclear_elbow_camera_decade_upgrade_success,IgM,21,20,0.22300002082450082,14.972671482104868,-0.06184538298821517
excuse_eye_nuclear_elbow_camera_decade_upgrade_success,IgM,22,20,-0.2873255496957979,16.321786604397722,-0.1531411114773803
excuse_eye_nuclear_elbow_camera_decade_upgrade_success,IgM,23,21,-1.7420374117716249,16.52870360081993,0.053547311422382324
excuse_eye_nuclear_elbow_camera_decade_upgrade_success,IgM,24,21,0.5589724541282979,15.734136899351963,-0.3374697106425124
excuse_eye_nuclear_elbow_camera_decade_upgrade_success,IgM,25,21,-1.3854375349398593,15.734136899351963,-0.297007326966707
excuse_eye_nuclear_elbow_camera_decade_upgrade_success,IgM,26,21,-0.5384732379786434,16.52870360081993,-0.2745282330070999
excuse_eye_nuclear_elbow_camera_decade_upgrade_success,IgM,27,21,0.7128316973393489,16.90943630944348,-0.42015191544272235
excuse_eye_nuclear_elbow_camera_decade_upgrade_success,IgM,28,21,-0.5384732379786434,14.59193877348132,-0.6193472943695868
excuse_eye_nuclear_elbow_camera_decade_upgrade_success,IgM,29,21,-0.5384732379786434,14.59193877348132,-0.297007326966707
excuse_eye_nuclear_elbow_camera_decade_upgrade_success,IgM,30,21,-1.3854375349398593,17.670901726690573,0.08677551742816873
excuse_eye_nuclear_elbow_camera_decade_upgrade_success,IgM,31,21,-0.13329990662440827,16.70251931302127,-0.2865170784029432
excuse_eye_nuclear_elbow_camera_decade_upgrade_success,IgM,32,21,-0.5384732379786434,16.52870360081993,-0.2745282330070999
excuse_eye_nuclear_elbow_camera_decade_upgrade_success,IgM,33,22,0.7128316973393489,17.87781872311278,-0.1393947925034406
excuse_eye_nuclear_elbow_camera_decade_upgrade_success,IgM,34,22,0.08962486797974716,17.497086014489234,-0.297007326966707
excuse_eye_nuclear_elbow_camera_decade_upgrade_success,IgM,35,22,-1.6366963584974425,16.90943630944348,-0.297007326966707
excuse_eye_nuclear_elbow_camera_decade_upgrade_success,IgM,36,22,-0.028036630969030377,17.11635330586569,-0.1351578080140119
excuse_eye_nuclear_elbow_camera_decade_upgrade_success,IgM,37,22,1.1172774456369179,18.639284140359877,-0.4167765554076047
excuse_eye_nuclear_elbow_camera_decade_upgrade_success,IgM,38,22,-0.5384732379786434,17.497086014489234,-0.2745282330070999
excuse_eye_nuclear_elbow_camera_decade_upgrade_success,IgM,39,22,0.37694241891061303,18.25855143173633,-0.20709093344347695
excuse_eye_nuclear_elbow_camera_decade_upgrade_success,IgM,40,22,0.04884662497261053,17.083252021644814,-0.4002918885671197
excuse_eye_nuclear_elbow_camera_decade_upgrade_success,IgM,41,22,-0.5384732379786434,17.497086014489234,0.04905151650494323
excuse_eye_nuclear_elbow_camera_decade_upgrade_success,IgM,42,22,-0.6437753880682517,17.11635330586569,-0.3359710984053126
excuse_eye_nuclear_elbow_camera_decade_upgrade_success,IgM,43,22,0.08962486797974716,17.497086014489234,-0.04348398512468972
excuse_eye_nuclear_elbow_camera_decade_upgrade_success,IgM,44,23,0.08962486797974716,18.46546842815854,-0.06334398424149516
excuse_eye_nuclear_elbow_camera_decade_upgrade_success,IgM,45,23,0.22300002082450082,18.846201136782085,-0.27778430341727584
excuse_eye_nuclear_elbow_camera_decade_upgrade_success,IgM,46,23,0.04884662497261053,18.051634435314117,-0.36894043913257074
excuse_eye_nuclear_elbow_camera_decade_upgrade_success,IgM,47,23,0.5589724541282979,19.60766655402918,-0.25954217184109535
excuse_eye_nuclear_elbow_camera_decade_upgrade_success,IgM,48,23,-0.8260093901221207,17.3232703022879,-0.23893980006212784
excuse_eye_nuclear_elbow_camera_decade_upgrade_success,IgM,49,23,0.2717276959164277,20.369131971276275,-0.4167765554076047
excuse_eye_nuclear_elbow_camera_decade_upgrade_success,IgM,50,23,-0.028036630969030377,18.084735719534994,-0.2175811775860403
excuse_eye_nuclear_elbow_camera_decade_upgrade_success,IgM,51,23,0.2717276959164277,20.369131971276275,-0.4167765554076047
excuse_eye_nuclear_elbow_camera_decade_upgrade_success,IgM,52,23,-0.028036630969030377,18.084735719534994,-0.2175811775860403
excuse_eye_nuclear_elbow_camera_decade_upgrade_success,IgM,53,23,0.08962486797974716,18.46546842815854,-0.6148514718196451
excuse_eye_nuclear_elbow_camera_decade_upgrade_success,IgM,54,24,1.3677189632096503,20.19531625907494,-0.45885684591940207
excuse_eye_nuclear_elbow_camera_decade_upgrade_success,IgM,55,24,0.5589724541282979,19.433850841827844,-0.297007326966707
excuse_eye_nuclear_elbow_camera_decade_upgrade_success,IgM,56,24,0.9635635070700442,19.433850841827844,0.014583555043490695
excuse_eye_nuclear_elbow_camera_decade_upgrade_success,IgM,57,24,1.3677189632096503,20.19531625907494,-0.45885684591940207
excuse_eye_nuclear_elbow_camera_decade_upgrade_success,IgM,58,24,0.9635635070700442,19.433850841827844,0.014583555043490695
excuse_eye_nuclear_elbow_camera_decade_upgrade_success,IgM,59,24,0.22300002082450082,18.846201136782085,-0.22507421037964281
excuse_eye_nuclear_elbow_camera_decade_upgrade_success,IgM,60,24,-0.6437753880682517,17.11635330586569,-0.297007326966707
excuse_eye_nuclear_elbow_camera_decade_upgrade_success,IgM,61,24,-0.13329990662440827,19.60766655402918,-0.16512993918842195
excuse_eye_nuclear_elbow_camera_decade_upgrade_success,IgM,62,24,0.22300002082450082,18.846201136782085,-0.22507421037964281
excuse_eye_nuclear_elbow_camera_decade_upgrade_success,IgM,63,25,0.5589724541282979,20.40223325549715,-0.13527710303915957
excuse_eye_nuclear_elbow_camera_decade_upgrade_success,IgM,64,25,0.5589724541282979,20.40223325549715,-0.13527710303915957
excuse_eye_nuclear_elbow_camera_decade_upgrade_success,IgM,65,25,0.5589724541282979,20.40223325549715,-0.13527710303915957
excuse_eye_nuclear_elbow_camera_decade_upgrade_success,IgM,66,25,0.5589724541282979,20.40223325549715,-0.13527710303915957
excuse_eye_nuclear_elbow_camera_decade_upgrade_success,IgM,67,25,0.5589724541282979,20.40223325549715,-0.13527710303915957
excuse_eye_nuclear_elbow_camera_decade_upgrade_success,IgM,68,25,0.5589724541282979,21.54443138136779,-0.25954217184109535
excuse_eye_nuclear_elbow_camera_decade_upgrade_success,IgM,69,25,0.08962486797974716,20.40223325549715,-0.35845019720060767
excuse_eye_nuclear_elbow_camera_decade_upgrade_success,IgM,70,25,0.5589724541282979,20.40223325549715,-0.13527710303915957
excuse_eye_nuclear_elbow_camera_decade_upgrade_success,IgM,71,25,0.202822310231392,19.26003512962651,-0.36294601864524934
excuse_eye_nuclear_elbow_camera_decade_upgrade_success,IgM,72,25,0.5589724541282979,20.40223325549715,-0.13527710303915957
excuse_eye_nuclear_elbow_camera_decade_upgrade_success,IgM,73,25,0.202822310231392,19.26003512962651,-0.36294601864524934
excuse_eye_nuclear_elbow_camera_decade_upgrade_success,IgM,74,25,0.5589724541282979,20.40223325549715,-0.13527710303915957
excuse_eye_nuclear_elbow_camera_decade_upgrade_success,IgM,75,25,0.5589724541282979,20.40223325549715,-0.13527710303915957
excuse_eye_nuclear_elbow_camera_decade_upgrade_success,IgM,76,25,-0.4207631544924123,20.7829659641207,-0.29101289984758494
excuse_eye_nuclear_elbow_camera_decade_upgrade_success,IgM,77,25,0.5589724541282979,20.40223325549715,-0.13527710303915957
excuse_eye_nuclear_elbow_camera_decade_upgrade_success,IgM,78,25,-0.4207631544924123,20.7829659641207,-0.29101289984758494
excuse_eye_nuclear_elbow_camera_decade_upgrade_success,IgM,79,25,-0.6437753880682517,20.021500546873604,-0.44862543486350137
excuse_eye_nuclear_elbow_camera_decade_upgrade_success,IgM,80,25,0.5589724541282979,20.40223325549715,-0.13527710303915957
excuse_eye_nuclear_elbow_camera_decade_upgrade_success,IgM,81,25,0.5589724541282979,20.40223325549715,-0.13527710303915957
excuse_eye_nuclear_elbow_camera_decade_upgrade_success,IgM,82,26,0.5589724541282979,21.370615669166455,-0.13527710303915957
excuse_eye_nuclear_elbow_camera_decade_upgrade_success,IgM,83,26,0.5589724541282979,21.370615669166455,-0.13527710303915957
excuse_eye_nuclear_elbow_camera_decade_upgrade_success,IgM,84,26,0.5589724541282979,21.370615669166455,-0.13527710303915957
excuse_eye_nuclear_elbow_camera_decade_upgrade_success,IgM,85,26,0.5589724541282979,21.370615669166455,-0.13527710303915957
excuse_eye_nuclear_elbow_camera_decade_upgrade_success,IgM,86,26,0.5589724541282979,21.370615669166455,-0.13527710303915957
excuse_eye_nuclear_elbow_camera_decade_upgrade_success,IgM,87,26,0.10762348706378222,19.84768483467227,-0.1711243795711453
excuse_eye_nuclear_elbow_camera_decade_upgrade_success,IgM,88,26,0.5589724541282979,21.370615669166455,-0.13527710303915957
excuse_eye_nuclear_elbow_camera_decade_upgrade_success,IgM,89,26,0.30804674017099487,20.60915025191936,-0.12029103524135436
excuse_eye_nuclear_elbow_camera_decade_upgrade_success,IgM,90,26,0.8097873287703594,20.989882960542907,-0.13527710303915957
excuse_eye_nuclear_elbow_camera_decade_upgrade_success,IgM,91,26,0.5589724541282979,21.370615669166455,-0.13527710303915957
excuse_eye_nuclear_elbow_camera_decade_upgrade_success,IgM,92,26,-0.4207631544924123,20.7829659641207,-0.25954217184109535
excuse_eye_nuclear_elbow_camera_decade_upgrade_success,IgM,93,26,0.5589724541282979,21.370615669166455,-0.13527710303915957
excuse_eye_nuclear_elbow_camera_decade_upgrade_success,IgM,94,26,-0.4207631544924123,20.7829659641207,-0.25954217184109535
excuse_eye_nuclear_elbow_camera_decade_upgrade_success,IgM,95,26,0.37694241891061303,21.163698672744246,-0.13527710303915957
excuse_eye_nuclear_elbow_camera_decade_upgrade_success,IgM,96,26,-0.6437753880682517,20.989882960542907,-0.2927703690044809
excuse_eye_nuclear_elbow_camera_decade_upgrade_success,IgM,97,26,-0.4207631544924123,20.7829659641207,-0.25954217184109535
excuse_eye_nuclear_elbow_camera_decade_upgrade_success,IgM,98,26,-0.4207631544924123,20.7829659641207,-0.25954217184109535
excuse_eye_nuclear_elbow_camera_decade_upgrade_success,IgM,99,26,0.5589724541282979,21.370615669166455,-0.13527710303915957
excuse_eye_nuclear_elbow_camera_decade_upgrade_success,IgM,100,26,0.8097873287703594,20.989882960542907,-0.13527710303915957
excuse_eye_nuclear_elbow_camera_decade_upgrade_success,IgM,101,26,0.5589724541282979,21.370615669166455,-0.13527710303915957
excuse_eye_nuclear_elbow_camera_decade_upgrade_success,IgM,102,27,-0.6437753880682517,21.958265374212214,-0.0573495615435735
excuse_eye_nuclear_elbow_camera_decade_upgrade_success,IgM,103,27,0.37694241891061303,23.100463500082853,-0.33772854808129416
excuse_eye_nuclear_elbow_camera_decade_upgrade_success,IgM,104,27,-0.6437753880682517,21.958265374212214,-0.0573495615435735
excuse_eye_nuclear_elbow_camera_decade_upgrade_success,IgM,105,27,0.202822310231392,21.19679995696512,-0.7047678675534753
excuse_eye_nuclear_elbow_camera_decade_upgrade_success,IgM,106,27,-0.6437753880682517,21.958265374212214,-0.2895142941731045
excuse_eye_nuclear_elbow_camera_decade_upgrade_success,IgM,107,27,-1.6366963584974425,21.751348377790002,-0.297007326966707
excuse_eye_nuclear_elbow_camera_decade_upgrade_success,IgM,108,27,0.8097873287703594,21.958265374212214,-0.13527710303915957
excuse_eye_nuclear_elbow_camera_decade_upgrade_success,IgM,109,27,-0.028036630969030377,21.958265374212214,-0.41689585166434706
excuse_eye_nuclear_elbow_camera_decade_upgrade_success,IgM,110,27,-1.6366963584974425,21.751348377790002,-0.297007326966707
excuse_eye_nuclear_elbow_camera_decade_upgrade_success,IgM,111,27,0.4256596947182628,21.958265374212214,-0.6792915534025066
excuse_eye_nuclear_elbow_camera_decade_upgrade_success,IgM,112,27,0.4256596947182628,21.958265374212214,-0.6792915534025066
excuse_eye_nuclear_elbow_camera_decade_upgrade_success,IgM,113,27,0.6765369043602282,19.640767838250056,-0.3449627439196837
excuse_eye_nuclear_elbow_camera_decade_upgrade_success,IgM,114,28,-0.5384732379786434,21.370615669166455,-0.297007326966707
excuse_eye_nuclear_elbow_camera_decade_upgrade_success,IgM,115,28,-0.22853051939302463,22.165182370634422,-0.12916338531609023
excuse_eye_nuclear_elbow_camera_decade_upgrade_success,IgM,116,28,0.5589724541282979,23.30738049650506,-0.17573948498793357
excuse_eye_nuclear_elbow_camera_decade_upgrade_success,IgM,117,28,0.10762348706378222,21.78444966201088,-0.19360347795195282
excuse_eye_nuclear_elbow_camera_decade_upgrade_success,IgM,118,28,-0.13329990662440827,23.4811962087064,-0.297007326966707
excuse_eye_nuclear_elbow_camera_decade_upgrade_success,IgM,119,28,0.5589724541282979,23.30738049650506,-0.6283389246860814
excuse_eye_nuclear_elbow_camera_decade_upgrade_success,IgM,120,28,-0.4207631544924123,23.688113205128612,-0.10043101843974724
excuse_eye_nuclear_elbow_camera_decade_upgrade_success,IgM,121,28,-0.13329990662440827,22.512813795037097,-0.3374697106425124
excuse_eye_nuclear_elbow_camera_decade_upgrade_success,IgM,122,28,-0.13329990662440827,23.4811962087064,-0.297007326966707
excuse_eye_nuclear_elbow_camera_decade_upgrade_success,IgM,123,28,-0.4207631544924123,22.719730791459305,-0.4300051717333156
excuse_eye_nuclear_elbow_camera_decade_upgrade_success,IgM,124,28,-0.4207631544924123,23.688113205128612,-0.10043101843974724
excuse_eye_nuclear_elbow_camera_decade_upgrade_success,IgM,125,28,-0.4207631544924123,22.719730791459305,-0.4300051717333156
excuse_eye_nuclear_elbow_camera_decade_upgrade_success,IgM,126,28,-0.4207631544924123,23.688113205128612,-0.10043101843974724
excuse_eye_nuclear_elbow_camera_decade_upgrade_success,IgM,127,28,1.1172774456369179,21.54443138136779,-0.5605234820878273
excuse_eye_nuclear_elbow_camera_decade_upgrade_success,IgM,128,28,-0.4207631544924123,22.719730791459305,-0.4300051717333156
excuse_eye_nuclear_elbow_camera_decade_upgrade_success,IgM,129,29,0.5589724541282979,24.27576291017437,-0.17573948498793357
excuse_eye_nuclear_elbow_camera_decade_upgrade_success,IgM,130,29,0.202822310231392,23.13356478430373,-0.12017174242680691
excuse_eye_nuclear_elbow_camera_decade_upgrade_success,IgM,131,29,0.8097873287703594,23.89503020155082,-0.5938709769027177
excuse_eye_nuclear_elbow_camera_decade_upgrade_success,IgM,132,29,0.10762348706378222,22.752832075680182,-0.19360347795195282
excuse_eye_nuclear_elbow_camera_decade_upgrade_success,IgM,133,29,-0.6437753880682517,23.89503020155082,-0.4471268369261217
excuse_eye_nuclear_elbow_camera_decade_upgrade_success,IgM,134,29,0.202822310231392,23.13356478430373,-0.12017174242680691
excuse_eye_nuclear_elbow_camera_decade_upgrade_success,IgM,135,29,-0.5384732379786434,24.27576291017437,-0.4021686318747559
excuse_eye_nuclear_elbow_camera_decade_upgrade_success,IgM,136,29,0.08962486797974716,23.30738049650506,-0.5471553308796088
excuse_eye_nuclear_elbow_camera_decade_upgrade_success,IgM,137,30,0.22300002082450082,24.656495618797916,-0.33859016590380453
excuse_eye_nuclear_elbow_camera_decade_upgrade_success,IgM,138,30,0.8097873287703594,24.863412615220128,-0.5938709769027177
excuse_eye_nuclear_elbow_camera_decade_upgrade_success,IgM,139,30,0.5589724541282979,25.244145323843675,-0.6822887647514674
excuse_eye_nuclear_elbow_camera_decade_upgrade_success,IgM,140,30,0.4256596947182628,23.89503020155082,-0.16512993918842195
excuse_eye_nuclear_elbow_camera_decade_upgrade_success,IgM,141,30,-0.6437753880682517,23.89503020155082,-0.4662305736138614
excuse_eye_nuclear_elbow_camera_decade_upgrade_success,IgM,142,30,-1.7420374117716249,25.244145323843675,-0.23856167471356782
excuse_eye_nuclear_elbow_camera_decade_upgrade_success,IgM,143,30,0.6765369043602282,24.48267990659658,0.014583555043490695
excuse_eye_nuclear_elbow_camera_decade_upgrade_success,IgM,144,30,-0.13329990662440827,24.48267990659658,0.016082147454369852
excuse_eye_nuclear_elbow_camera_decade_upgrade_success,IgM,145,31,-0.028036630969030377,24.863412615220128,-0.4212723856946472
excuse_eye_nuclear_elbow_camera_decade_upgrade_success,IgM,146,31,-1.8373316675257687,24.863412615220128,-0.4300051717333156
excuse_eye_nuclear_elbow_camera_decade_upgrade_success,IgM,147,31,-0.3954621808685486,24.308864194395245,-1.0196147950473549
excuse_eye_nuclear_elbow_camera_decade_upgrade_success,IgM,148,31,-0.6437753880682517,25.83179502888943,-0.07982865992438103
excuse_eye_nuclear_elbow_camera_decade_upgrade_success,IgM,149,31,-0.22853051939302463,25.070329611642336,-0.2580435617454145
excuse_eye_nuclear_elbow_camera_decade_upgrade_success,IgM,150,31,-0.13329990662440827,25.451062320265887,0.016082147454369852
excuse_eye_nuclear_elbow_camera_decade_upgrade_success,IgM,151,31,-0.6437753880682517,25.83179502888943,-0.07982865992438103
excuse_eye_nuclear_elbow_camera_decade_upgrade_success,IgM,152,32,-0.8260093901221207,26.038712025311643,-0.20858954353915782
excuse_eye_nuclear_elbow_camera_decade_upgrade_success,IgM,153,32,0.30804674017099487,24.48267990659658,-0.5996065626454264
excuse_eye_nuclear_elbow_camera_decade_upgrade_success,IgM,154,33,0.10762348706378222,25.657979316688095,-0.23556445452220615
excuse_eye_nuclear_elbow_camera_decade_upgrade_success,IgM,155,33,0.08962486797974716,26.21252773751298,-0.5595223293828093
excuse_eye_nuclear_elbow_camera_decade_upgrade_success,IgM,156,33,0.08962486797974716,26.21252773751298,-0.5595223293828093
excuse_eye_nuclear_elbow_camera_decade_upgrade_success,IgM,157,33,0.08962486797974716,26.21252773751298,-0.5595223293828093
excuse_eye_nuclear_elbow_camera_decade_upgrade_success,IgM,158,33,-0.13329990662440827,27.387827147604497,-0.12141151556727474
excuse_eye_nuclear_elbow_camera_decade_upgrade_success,IgM,159,33,-0.028036630969030377,26.800177442558738,-0.6912804120619511
excuse_eye_nuclear_elbow_camera_decade_upgrade_success,IgM,160,33,-0.13329990662440827,27.387827147604497,-0.12141151556727474
excuse_eye_nuclear_elbow_camera_decade_upgrade_success,IgM,161,33,-0.028036630969030377,26.800177442558738,-0.6912804120619511
excuse_eye_nuclear_elbow_camera_decade_upgrade_success,IgM,162,35,-1.6366963584974425,29.49840768714444,-0.557904423030386
excuse_eye_nuclear_elbow_camera_decade_upgrade_success,IgM,163,36,1.0099587200229059,30.29297438861241,-0.5519100003324644
excuse_eye_nuclear_elbow_camera_decade_upgrade_success,IgM,164,36,0.4537868412178557,29.531508971365316,-0.7454890946912407
excuse_eye_nuclear_elbow_camera_decade_upgrade_success,IgM,165,37,-0.8260093901221207,30.880624093658167,-0.2160825763327603
excuse_eye_nuclear_elbow_camera_decade_upgrade_success,IgM,166,37,0.9635635070700442,29.35769325916398,-0.5726316383987768
excuse_eye_nuclear_elbow_camera_decade_upgrade_success,IgM,167,38,-0.22853051939302463,31.84900650732747,-0.12141151556727474
excuse_eye_nuclear_elbow_camera_decade_upgrade_success,IgM,168,39,-0.22853051939302463,32.81738892099678,-0.12141151556727474
excuse_eye_nuclear_elbow_camera_decade_upgrade_success,IgM,169,44,-0.7390378116919329,36.103268870628234,-0.4261463359300438
exhaust_fan_glimpse_junk_deliver_gaze_fox_lucky,IgM,0,8,1.0686328406949839,5.8433957662367035,-0.5070961569563105
exhaust_fan_glimpse_junk_deliver_gaze_fox_lucky,IgM,1,8,1.0686328406949839,5.8433957662367035,-0.5070961569563105
exhaust_fan_glimpse_junk_deliver_gaze_fox_lucky,IgM,2,10,0.5589724541282979,8.160893302198861,-0.7227364700461516
exhaust_fan_glimpse_junk_deliver_gaze_fox_lucky,IgM,3,10,0.5589724541282979,8.160893302198861,-0.7227364700461516
exhaust_fan_glimpse_junk_deliver_gaze_fox_lucky,IgM,4,10,0.5589724541282979,8.160893302198861,-0.7227364700461516
exhaust_fan_glimpse_junk_deliver_gaze_fox_lucky,IgM,5,11,0.5589724541282979,9.129275715868165,-0.7227364700461516
exhaust_fan_glimpse_junk_deliver_gaze_fox_lucky,IgM,6,11,0.5589724541282979,9.129275715868165,-0.7227364700461516
exhaust_fan_glimpse_junk_deliver_gaze_fox_lucky,IgM,7,12,0.5589724541282979,10.09765812953747,-0.7227364700461516
exhaust_fan_glimpse_junk_deliver_gaze_fox_lucky,IgM,8,12,0.5589724541282979,8.955460003666829,-0.22152089634804112
exhaust_fan_glimpse_junk_deliver_gaze_fox_lucky,IgM,9,12,1.0686328406949839,9.716925420913922,-0.8220623997864964
exhaust_fan_glimpse_junk_deliver_gaze_fox_lucky,IgM,10,12,0.2717276959164277,9.716925420913922,-0.7287308839016724
exhaust_fan_glimpse_junk_deliver_gaze_fox_lucky,IgM,11,12,0.5589724541282979,10.09765812953747,-0.7227364700461516
exhaust_fan_glimpse_junk_deliver_gaze_fox_lucky,IgM,12,12,0.04884662497261053,9.336192712290377,-0.85986805199185
exhaust_fan_glimpse_junk_deliver_gaze_fox_lucky,IgM,13,12,1.0686328406949839,9.716925420913922,-0.7227364700461516
exhaust_fan_glimpse_junk_deliver_gaze_fox_lucky,IgM,14,12,0.04884662497261053,9.336192712290377,-0.85986805199185
exhaust_fan_glimpse_junk_deliver_gaze_fox_lucky,IgM,15,13,0.5589724541282979,11.066040543206775,-0.7227364700461516
exhaust_fan_glimpse_junk_deliver_gaze_fox_lucky,IgM,16,13,0.5589724541282979,11.066040543206775,-0.7227364700461516
exhaust_fan_glimpse_junk_deliver_gaze_fox_lucky,IgM,17,13,0.04884662497261053,10.30457512595968,-0.3946190498508729
exhaust_fan_glimpse_junk_deliver_gaze_fox_lucky,IgM,18,14,1.0686328406949839,11.65369024825253,-0.7227364700461516
exhaust_fan_glimpse_junk_deliver_gaze_fox_lucky,IgM,19,14,0.9635635070700442,12.415155665499626,-0.5902779080935114
exhaust_fan_glimpse_junk_deliver_gaze_fox_lucky,IgM,20,14,0.5589724541282979,12.034422956876078,-0.7227364700461516
exhaust_fan_glimpse_junk_deliver_gaze_fox_lucky,IgM,21,14,0.5589724541282979,12.034422956876078,-0.7227364700461516
exhaust_fan_glimpse_junk_deliver_gaze_fox_lucky,IgM,22,15,1.0686328406949839,12.622072661921838,-0.7227364700461516
exhaust_fan_glimpse_junk_deliver_gaze_fox_lucky,IgM,23,15,0.5589724541282979,11.860607244674743,-0.730147869048293
exhaust_fan_glimpse_junk_deliver_gaze_fox_lucky,IgM,24,15,0.5589724541282979,11.860607244674743,-0.730147869048293
exhaust_fan_glimpse_junk_deliver_gaze_fox_lucky,IgM,25,16,0.2717276959164277,13.59045507559114,-0.7227364700461516
exhaust_fan_glimpse_junk_deliver_gaze_fox_lucky,IgM,26,16,1.0686328406949839,13.59045507559114,-0.7227364700461516
exhaust_fan_glimpse_junk_deliver_gaze_fox_lucky,IgM,27,18,-0.13329990662440827,14.765754485682658,-0.708168297786778
exhaust_fan_glimpse_junk_deliver_gaze_fox_lucky,IgM,28,18,-0.4207631544924123,14.004289068435563,-0.6522203142891057
exhaust_fan_glimpse_junk_deliver_gaze_fox_lucky,IgM,29,18,-0.13329990662440827,14.765754485682658,-0.708168297786778
exhaust_fan_glimpse_junk_deliver_gaze_fox_lucky,IgM,30,20,0.5589724541282979,15.560321187150626,-0.47912216078627373
exhaust_fan_glimpse_junk_deliver_gaze_fox_lucky,IgM,31,21,-1.5189376502879606,17.290169018067026,-0.9472051339232703
exhaust_fan_glimpse_junk_deliver_gaze_fox_lucky,IgM,32,21,-1.5189376502879606,17.290169018067026,-0.9472051339232703
expose_jewel_trigger_hundred_rack_crush_hope_weasel,IgM,0,8,-0.5384732379786434,6.604861183483798,-0.7999843418775987
expose_jewel_trigger_hundred_rack_crush_hope_weasel,IgM,1,8,-0.5384732379786434,6.604861183483798,-0.7999843418775987
expose_jewel_trigger_hundred_rack_crush_hope_weasel,IgM,2,8,-0.5384732379786434,6.604861183483798,-0.7999843418775987
expose_jewel_trigger_hundred_rack_crush_hope_weasel,IgM,3,8,-0.5384732379786434,6.604861183483798,-0.7999843418775987
expose_jewel_trigger_hundred_rack_crush_hope_weasel,IgM,4,9,0.5589724541282979,7.192510888529555,-0.7999843418775987
expose_jewel_trigger_hundred_rack_crush_hope_weasel,IgM,5,11,-0.8260093901221207,9.129275715868165,-0.7999843418775987
expose_jewel_trigger_hundred_rack_crush_hope_weasel,IgM,6,11,-1.049065379029741,8.748543007244617,-0.9092161255512123
expose_jewel_trigger_hundred_rack_crush_hope_weasel,IgM,7,12,0.2717276959164277,9.716925420913922,-0.7999843418775987
expose_jewel_trigger_hundred_rack_crush_hope_weasel,IgM,8,14,0.2717276959164277,11.65369024825253,-0.9092161255512123
expose_jewel_trigger_hundred_rack_crush_hope_weasel,IgM,9,15,0.5589724541282979,11.860607244674743,-1.0875047228207841
expose_jewel_trigger_hundred_rack_crush_hope_weasel,IgM,10,16,-0.13329990662440827,12.828989658344048,-0.7999843418775987
expose_jewel_trigger_hundred_rack_crush_hope_weasel,IgM,11,17,-0.13329990662440827,13.797372072013353,-0.7999843418775987
expose_jewel_trigger_hundred_rack_crush_hope_weasel,IgM,12,17,-0.13329990662440827,13.797372072013353,-0.7999843418775987
expose_jewel_trigger_hundred_rack_crush_hope_weasel,IgM,13,17,-0.2873255496957979,13.416639363389805,-0.7493647438134907
expose_jewel_trigger_hundred_rack_crush_hope_weasel,IgM,14,17,0.37694241891061303,13.416639363389805,-0.9092161255512123
expose_jewel_trigger_hundred_rack_crush_hope_weasel,IgM,15,18,-0.2873255496957979,14.38502177705911,-0.7919917814120534
expose_jewel_trigger_hundred_rack_crush_hope_weasel,IgM,16,18,0.22300002082450082,14.004289068435563,-1.0875047228207841
expose_jewel_trigger_hundred_rack_crush_hope_weasel,IgM,17,18,0.22300002082450082,14.004289068435563,-1.0875047228207841
expose_jewel_trigger_hundred_rack_crush_hope_weasel,IgM,18,19,0.22300002082450082,14.972671482104868,-1.0875047228207841
expose_jewel_trigger_hundred_rack_crush_hope_weasel,IgM,19,19,-0.2873255496957979,15.353404190728416,-0.7919917814120534
expose_jewel_trigger_hundred_rack_crush_hope_weasel,IgM,20,19,-0.2873255496957979,15.353404190728416,-0.7919917814120534
expose_jewel_trigger_hundred_rack_crush_hope_weasel,IgM,21,20,0.8947453855092655,16.321786604397722,-0.7493647438134907
expose_jewel_trigger_hundred_rack_crush_hope_weasel,IgM,22,22,0.5589724541282979,17.497086014489234,-0.7493647438134907
expose_jewel_trigger_hundred_rack_crush_hope_weasel,IgM,23,23,0.7128316973393489,18.846201136782085,-0.7493647438134907
expose_jewel_trigger_hundred_rack_crush_hope_weasel,IgM,24,23,-1.3854375349398593,19.60766655402918,-0.9092161255512123
expose_jewel_trigger_hundred_rack_crush_hope_weasel,IgM,25,26,-0.2873255496957979,22.13208108641355,-0.9092161255512123
expose_jewel_trigger_hundred_rack_crush_hope_weasel,IgM,26,30,0.5589724541282979,25.244145323843675,-1.359177887822319
expose_jewel_trigger_hundred_rack_crush_hope_weasel,IgM,27,30,0.5589724541282979,25.244145323843675,-1.359177887822319
expose_jewel_trigger_hundred_rack_crush_hope_weasel,IgM,28,31,0.22300002082450082,26.593260446136526,-1.359177887822319
fame_violin_eight_morning_banner_lemon_clinic_wink,IgM,0,6,-0.13329990662440827,5.048829064768735,-0.22208571518115627
fame_violin_eight_morning_banner_lemon_clinic_wink,IgM,1,6,-0.13329990662440827,5.048829064768735,-0.22208571518115627
fame_violin_eight_morning_banner_lemon_clinic_wink,IgM,2,6,-0.13329990662440827,5.048829064768735,-0.22208571518115627
fame_violin_eight_morning_banner_lemon_clinic_wink,IgM,3,6,-0.13329990662440827,5.048829064768735,-0.22208571518115627
fame_violin_eight_morning_banner_lemon_clinic_wink,IgM,4,7,-0.5384732379786434,5.6364787698144925,-0.2417038503464659
fame_violin_eight_morning_banner_lemon_clinic_wink,IgM,5,7,-0.5384732379786434,5.6364787698144925,-0.2417038503464659
fame_violin_eight_morning_banner_lemon_clinic_wink,IgM,6,7,0.9635635070700442,5.6364787698144925,-0.24388363921265543
fame_violin_eight_morning_banner_lemon_clinic_wink,IgM,7,7,-0.5384732379786434,5.6364787698144925,-0.2417038503464659
fame_violin_eight_morning_banner_lemon_clinic_wink,IgM,8,7,0.9635635070700442,5.6364787698144925,-0.24388363921265543
fame_violin_eight_morning_banner_lemon_clinic_wink,IgM,9,7,0.9635635070700442,5.6364787698144925,-0.24388363921265543
fame_violin_eight_morning_banner_lemon_clinic_wink,IgM,10,7,-0.5384732379786434,5.6364787698144925,-0.2417038503464659
fame_violin_eight_morning_banner_lemon_clinic_wink,IgM,11,8,-0.5384732379786434,6.604861183483798,-0.24388363921265543
fame_violin_eight_morning_banner_lemon_clinic_wink,IgM,12,8,-0.5384732379786434,6.604861183483798,-0.43771159059020903
fame_violin_eight_morning_banner_lemon_clinic_wink,IgM,13,8,-0.5384732379786434,6.604861183483798,-0.43771159059020903
fame_violin_eight_morning_banner_lemon_clinic_wink,IgM,14,8,-0.5384732379786434,6.604861183483798,-0.2417038503464659
fame_violin_eight_morning_banner_lemon_clinic_wink,IgM,15,8,-0.5384732379786434,6.604861183483798,-0.2417038503464659
fame_violin_eight_morning_banner_lemon_clinic_wink,IgM,16,8,0.9635635070700442,6.604861183483798,-0.24388363921265543
fame_violin_eight_morning_banner_lemon_clinic_wink,IgM,17,9,0.2717276959164277,6.811778179906009,-0.1479728141491029
fame_violin_eight_morning_banner_lemon_clinic_wink,IgM,18,9,-0.5384732379786434,7.573243597153103,-0.24388363921265543
fame_violin_eight_morning_banner_lemon_clinic_wink,IgM,19,11,-0.5384732379786434,9.510008424491712,-0.18720905850516967
fame_violin_eight_morning_banner_lemon_clinic_wink,IgM,20,11,-0.5384732379786434,9.510008424491712,-0.18720905850516967
fame_violin_eight_morning_banner_lemon_clinic_wink,IgM,21,11,-0.5384732379786434,9.510008424491712,-0.18720905850516967
fame_violin_eight_morning_banner_lemon_clinic_wink,IgM,22,11,-0.5384732379786434,9.510008424491712,-0.18720905850516967
fame_violin_eight_morning_banner_lemon_clinic_wink,IgM,23,11,-0.5384732379786434,9.510008424491712,-0.18720905850516967
fame_violin_eight_morning_banner_lemon_clinic_wink,IgM,24,11,-0.5384732379786434,9.510008424491712,-0.18720905850516967
fame_violin_eight_morning_banner_lemon_clinic_wink,IgM,25,11,-0.5384732379786434,9.510008424491712,-0.18720905850516967
fame_violin_eight_morning_banner_lemon_clinic_wink,IgM,26,11,-0.5384732379786434,9.510008424491712,-0.18720905850516967
fame_violin_eight_morning_banner_lemon_clinic_wink,IgM,27,11,-0.13329990662440827,9.890741133115258,-0.24388363921265543
fame_violin_eight_morning_banner_lemon_clinic_wink,IgM,28,11,-0.5384732379786434,9.510008424491712,-0.18720905850516967
fame_violin_eight_morning_banner_lemon_clinic_wink,IgM,29,11,-0.5384732379786434,9.510008424491712,-0.18720905850516967
fame_violin_eight_morning_banner_lemon_clinic_wink,IgM,30,11,-0.5384732379786434,9.510008424491712,-0.18720905850516967
fame_violin_eight_morning_banner_lemon_clinic_wink,IgM,31,11,-0.5384732379786434,9.510008424491712,-0.18720905850516967
fame_violin_eight_morning_banner_lemon_clinic_wink,IgM,32,11,-0.5384732379786434,9.510008424491712,-0.18720905850516967
fame_violin_eight_morning_banner_lemon_clinic_wink,IgM,33,11,-0.5384732379786434,9.510008424491712,-0.18720905850516967
fame_violin_eight_morning_banner_lemon_clinic_wink,IgM,34,11,-0.5384732379786434,9.510008424491712,-0.18720905850516967
fame_violin_eight_morning_banner_lemon_clinic_wink,IgM,35,11,-0.5384732379786434,9.510008424491712,-0.18720905850516967
fame_violin_eight_morning_banner_lemon_clinic_wink,IgM,36,11,-0.13329990662440827,9.890741133115258,-0.24388363921265543
fame_violin_eight_morning_banner_lemon_clinic_wink,IgM,37,11,-0.13329990662440827,9.890741133115258,-0.24388363921265543
fame_violin_eight_morning_banner_lemon_clinic_wink,IgM,38,11,-0.5384732379786434,9.510008424491712,-0.18720905850516967
fame_violin_eight_morning_banner_lemon_clinic_wink,IgM,39,11,-0.5384732379786434,9.510008424491712,-0.18720905850516967
fame_violin_eight_morning_banner_lemon_clinic_wink,IgM,40,11,-0.5384732379786434,9.510008424491712,-0.18720905850516967
fame_violin_eight_morning_banner_lemon_clinic_wink,IgM,41,11,-0.5384732379786434,9.510008424491712,-0.18720905850516967
fame_violin_eight_morning_banner_lemon_clinic_wink,IgM,42,11,-0.5384732379786434,9.510008424491712,-0.18720905850516967
fame_violin_eight_morning_banner_lemon_clinic_wink,IgM,43,11,-0.5384732379786434,9.510008424491712,-0.18720905850516967
fame_violin_eight_morning_banner_lemon_clinic_wink,IgM,44,11,-0.5384732379786434,9.510008424491712,-0.18720905850516967
fame_violin_eight_morning_banner_lemon_clinic_wink,IgM,45,11,-0.5384732379786434,9.510008424491712,-0.18720905850516967
fame_violin_eight_morning_banner_lemon_clinic_wink,IgM,46,11,-0.5384732379786434,9.510008424491712,-0.18720905850516967
fame_violin_eight_morning_banner_lemon_clinic_wink,IgM,47,11,-0.5384732379786434,9.510008424491712,-0.18720905850516967
fame_violin_eight_morning_banner_lemon_clinic_wink,IgM,48,11,-0.5384732379786434,9.510008424491712,-0.18720905850516967
fame_violin_eight_morning_banner_lemon_clinic_wink,IgM,49,11,-0.5384732379786434,9.510008424491712,-0.18720905850516967
fame_violin_eight_morning_banner_lemon_clinic_wink,IgM,50,11,-0.5384732379786434,9.510008424491712,-0.18720905850516967
fame_violin_eight_morning_banner_lemon_clinic_wink,IgM,51,11,-0.5384732379786434,9.510008424491712,-0.18720905850516967
fame_violin_eight_morning_banner_lemon_clinic_wink,IgM,52,11,-0.5384732379786434,9.510008424491712,-0.18720905850516967
fame_violin_eight_morning_banner_lemon_clinic_wink,IgM,53,11,-0.5384732379786434,9.510008424491712,-0.18720905850516967
fame_violin_eight_morning_banner_lemon_clinic_wink,IgM,54,11,-0.5384732379786434,9.510008424491712,-0.18720905850516967
fame_violin_eight_morning_banner_lemon_clinic_wink,IgM,55,11,-0.5384732379786434,9.510008424491712,-0.18720905850516967
fame_violin_eight_morning_banner_lemon_clinic_wink,IgM,56,11,0.5589724541282979,9.129275715868165,-0.24388363921265543
fame_violin_eight_morning_banner_lemon_clinic_wink,IgM,57,11,-0.5384732379786434,9.510008424491712,-0.18720905850516967
fame_violin_eight_morning_banner_lemon_clinic_wink,IgM,58,11,-0.5384732379786434,9.510008424491712,-0.18720905850516967
fame_violin_eight_morning_banner_lemon_clinic_wink,IgM,59,11,-0.5384732379786434,9.510008424491712,-0.18720905850516967
fame_violin_eight_morning_banner_lemon_clinic_wink,IgM,60,11,-0.5384732379786434,9.510008424491712,-0.18720905850516967
fame_violin_eight_morning_banner_lemon_clinic_wink,IgM,61,11,-0.5384732379786434,9.510008424491712,-0.18720905850516967
fame_violin_eight_morning_banner_lemon_clinic_wink,IgM,62,11,-0.5384732379786434,9.510008424491712,-0.18720905850516967
fame_violin_eight_morning_banner_lemon_clinic_wink,IgM,63,11,-0.8260093901221207,9.129275715868165,-0.15233239409208227
fame_violin_eight_morning_banner_lemon_clinic_wink,IgM,64,11,-0.5384732379786434,9.510008424491712,-0.18720905850516967
fame_violin_eight_morning_banner_lemon_clinic_wink,IgM,65,11,-0.5384732379786434,9.510008424491712,-0.18720905850516967
fame_violin_eight_morning_banner_lemon_clinic_wink,IgM,66,11,-0.5384732379786434,9.510008424491712,-0.18720905850516967
fame_violin_eight_morning_banner_lemon_clinic_wink,IgM,67,11,0.5589724541282979,9.129275715868165,-0.24388363921265543
fame_violin_eight_morning_banner_lemon_clinic_wink,IgM,68,12,-1.049065379029741,9.716925420913922,-0.4900265769167329
fame_violin_eight_morning_banner_lemon_clinic_wink,IgM,69,12,-1.049065379029741,9.716925420913922,-0.09783761717233751
fame_violin_eight_morning_banner_lemon_clinic_wink,IgM,70,13,0.2717276959164277,10.685307834583227,-0.4834872058969637
fame_violin_eight_morning_banner_lemon_clinic_wink,IgM,71,13,0.2717276959164277,10.685307834583227,-0.4834872058969637
fame_violin_eight_morning_banner_lemon_clinic_wink,IgM,72,13,0.2717276959164277,10.685307834583227,-0.4834872058969637
fame_violin_eight_morning_banner_lemon_clinic_wink,IgM,73,13,0.2717276959164277,10.685307834583227,-0.4834872058969637
fame_violin_eight_morning_banner_lemon_clinic_wink,IgM,74,13,0.2717276959164277,10.685307834583227,-0.4834872058969637
fame_violin_eight_morning_banner_lemon_clinic_wink,IgM,75,13,0.2717276959164277,10.685307834583227,-0.4834872058969637
fame_violin_eight_morning_banner_lemon_clinic_wink,IgM,76,13,-0.5384732379786434,11.44677325183032,-0.18720905850516967
fame_violin_eight_morning_banner_lemon_clinic_wink,IgM,77,13,0.2717276959164277,10.685307834583227,-0.4834872058969637
fame_violin_eight_morning_banner_lemon_clinic_wink,IgM,78,13,0.2717276959164277,10.685307834583227,-0.4834872058969637
fame_violin_eight_morning_banner_lemon_clinic_wink,IgM,79,13,0.2717276959164277,10.685307834583227,-0.4834872058969637
fame_violin_eight_morning_banner_lemon_clinic_wink,IgM,80,13,0.2717276959164277,10.685307834583227,-0.4834872058969637
fame_violin_eight_morning_banner_lemon_clinic_wink,IgM,81,13,0.2717276959164277,10.685307834583227,-0.4834872058969637
fame_violin_eight_morning_banner_lemon_clinic_wink,IgM,82,13,0.2717276959164277,10.685307834583227,-0.4834872058969637
fame_violin_eight_morning_banner_lemon_clinic_wink,IgM,83,13,0.2717276959164277,10.685307834583227,-0.4834872058969637
fame_violin_eight_morning_banner_lemon_clinic_wink,IgM,84,13,0.2717276959164277,10.685307834583227,-0.4834872058969637
fame_violin_eight_morning_banner_lemon_clinic_wink,IgM,85,13,0.2717276959164277,10.685307834583227,-0.4834872058969637
fame_violin_eight_morning_banner_lemon_clinic_wink,IgM,86,13,0.2717276959164277,10.685307834583227,-0.4834872058969637
fame_violin_eight_morning_banner_lemon_clinic_wink,IgM,87,13,0.2717276959164277,10.685307834583227,-0.4834872058969637
fame_violin_eight_morning_banner_lemon_clinic_wink,IgM,88,13,0.2717276959164277,10.685307834583227,-0.4834872058969637
fame_violin_eight_morning_banner_lemon_clinic_wink,IgM,89,14,0.04884662497261053,11.272957539628985,-0.48566699476315334
fame_violin_eight_morning_banner_lemon_clinic_wink,IgM,90,14,0.5589724541282979,12.034422956876078,-0.1261748989600046
fame_violin_eight_morning_banner_lemon_clinic_wink,IgM,91,14,0.04884662497261053,11.272957539628985,-0.48566699476315334
fame_violin_eight_morning_banner_lemon_clinic_wink,IgM,92,14,0.5589724541282979,10.89222483100544,-0.48566699476315334
fame_violin_eight_morning_banner_lemon_clinic_wink,IgM,93,14,0.04884662497261053,11.272957539628985,-0.48566699476315334
fame_violin_eight_morning_banner_lemon_clinic_wink,IgM,94,15,0.2717276959164277,12.622072661921838,-0.4268126301633284
fame_violin_eight_morning_banner_lemon_clinic_wink,IgM,95,15,0.5589724541282979,11.860607244674743,-0.4268126301633284
fame_violin_eight_morning_banner_lemon_clinic_wink,IgM,96,15,0.5589724541282979,11.860607244674743,-0.18720905850516967
fame_violin_eight_morning_banner_lemon_clinic_wink,IgM,97,15,0.5589724541282979,11.860607244674743,-0.18720905850516967
fame_violin_eight_morning_banner_lemon_clinic_wink,IgM,98,15,0.04884662497261053,12.24133995329829,-0.4268126301633284
fame_violin_eight_morning_banner_lemon_clinic_wink,IgM,99,15,-0.13329990662440827,11.860607244674743,-0.48566699476315334
fame_violin_eight_morning_banner_lemon_clinic_wink,IgM,100,15,0.2717276959164277,12.622072661921838,-0.4268126301633284
fame_violin_eight_morning_banner_lemon_clinic_wink,IgM,101,15,0.5589724541282979,11.860607244674743,-0.4268126301633284
fame_violin_eight_morning_banner_lemon_clinic_wink,IgM,102,15,0.5589724541282979,11.860607244674743,-0.4268126301633284
fame_violin_eight_morning_banner_lemon_clinic_wink,IgM,103,15,0.2717276959164277,12.622072661921838,-0.4268126301633284
fame_violin_eight_morning_banner_lemon_clinic_wink,IgM,104,15,0.5589724541282979,11.860607244674743,-0.4268126301633284
fame_violin_eight_morning_banner_lemon_clinic_wink,IgM,105,16,0.04884662497261053,13.209722366967595,-0.38539658754602113
fame_violin_eight_morning_banner_lemon_clinic_wink,IgM,106,16,0.04884662497261053,13.209722366967595,-0.38539658754602113
fame_violin_eight_morning_banner_lemon_clinic_wink,IgM,107,16,-1.049065379029741,13.59045507559114,-0.3461603525850053
fame_violin_eight_morning_banner_lemon_clinic_wink,IgM,108,16,0.04884662497261053,13.209722366967595,-0.48840534503443356
fame_violin_eight_morning_banner_lemon_clinic_wink,IgM,109,16,0.04884662497261053,13.209722366967595,-0.38539658754602113
fame_violin_eight_morning_banner_lemon_clinic_wink,IgM,110,16,0.04884662497261053,13.209722366967595,-0.38539658754602113
fame_violin_eight_morning_banner_lemon_clinic_wink,IgM,111,16,0.04884662497261053,13.209722366967595,-0.38539658754602113
fame_violin_eight_morning_banner_lemon_clinic_wink,IgM,112,16,-1.049065379029741,13.59045507559114,-0.3461603525850053
fame_violin_eight_morning_banner_lemon_clinic_wink,IgM,113,16,0.04884662497261053,13.209722366967595,-0.38539658754602113
fame_violin_eight_morning_banner_lemon_clinic_wink,IgM,114,16,0.04884662497261053,13.209722366967595,-0.38539658754602113
fame_violin_eight_morning_banner_lemon_clinic_wink,IgM,115,17,-0.8260093901221207,14.939570197883995,-0.2264453061771367
fame_violin_eight_morning_banner_lemon_clinic_wink,IgM,116,17,0.04884662497261053,14.1781047806369,-0.38539658754602113
fame_violin_eight_morning_banner_lemon_clinic_wink,IgM,117,18,-1.2313285566261374,15.146487194306205,-0.4268126301633284
fame_violin_eight_morning_banner_lemon_clinic_wink,IgM,118,18,0.04884662497261053,15.146487194306205,-0.48840534503443356
fame_violin_eight_morning_banner_lemon_clinic_wink,IgM,119,18,0.04884662497261053,15.146487194306205,-0.48840534503443356
fame_violin_eight_morning_banner_lemon_clinic_wink,IgM,120,19,0.04884662497261053,16.11486960797551,-0.36795826335290327
fame_violin_eight_morning_banner_lemon_clinic_wink,IgM,121,20,-1.3854375349398593,16.70251931302127,-0.42463284129713885
fame_violin_eight_morning_banner_lemon_clinic_wink,IgM,122,20,0.22300002082450082,15.941053895774173,-0.842420719291879
fame_violin_eight_morning_banner_lemon_clinic_wink,IgM,123,20,0.22300002082450082,15.941053895774173,-0.842420719291879
fame_violin_eight_morning_banner_lemon_clinic_wink,IgM,124,21,0.7816788823627474,18.051634435314117,-0.49220636578292243
fame_violin_eight_morning_banner_lemon_clinic_wink,IgM,125,22,0.22300002082450082,17.87781872311278,-0.42463284129713885
fame_violin_eight_morning_banner_lemon_clinic_wink,IgM,126,22,0.22300002082450082,17.87781872311278,-0.42463284129713885
fame_violin_eight_morning_banner_lemon_clinic_wink,IgM,127,22,0.8947453855092655,18.25855143173633,-0.17848988742804733
fame_violin_eight_morning_banner_lemon_clinic_wink,IgM,128,23,-1.049065379029741,20.369131971276275,-0.47476803716860416
fame_violin_eight_morning_banner_lemon_clinic_wink,IgM,129,23,0.37694241891061303,19.226933845405632,-0.4333519975908722
fame_violin_eight_morning_banner_lemon_clinic_wink,IgM,130,23,-1.049065379029741,20.369131971276275,-0.47476803716860416
fame_violin_eight_morning_banner_lemon_clinic_wink,IgM,131,24,-0.2873255496957979,20.19531625907494,-0.42463284129713885
fame_violin_eight_morning_banner_lemon_clinic_wink,IgM,132,24,-0.2873255496957979,20.19531625907494,-0.42463284129713885
fame_violin_eight_morning_banner_lemon_clinic_wink,IgM,133,24,-0.2873255496957979,20.19531625907494,-0.42463284129713885
fame_violin_eight_morning_banner_lemon_clinic_wink,IgM,134,24,-0.2873255496957979,20.19531625907494,-0.42463284129713885
fame_violin_eight_morning_banner_lemon_clinic_wink,IgM,135,24,0.37694241891061303,20.19531625907494,-0.4268126301633284
fame_violin_eight_morning_banner_lemon_clinic_wink,IgM,136,24,-0.2873255496957979,20.19531625907494,-0.42463284129713885
fame_violin_eight_morning_banner_lemon_clinic_wink,IgM,137,24,-0.2873255496957979,20.19531625907494,-0.42463284129713885
fame_violin_eight_morning_banner_lemon_clinic_wink,IgM,138,28,-0.2873255496957979,24.068845913752156,-0.42463284129713885
fat_lend_target_coil_useful_page_volcano_drama,IgM,0,10,2.1614392234301927,8.541626010822407,-0.8407445878321558
fat_lend_target_coil_useful_page_volcano_drama,IgM,1,13,0.2717276959164277,10.685307834583227,-0.8249274864764552
fat_lend_target_coil_useful_page_volcano_drama,IgM,2,13,1.1172774456369179,9.923842417336134,-0.5074100026352864
fat_lend_target_coil_useful_page_volcano_drama,IgM,3,13,1.1172774456369179,9.923842417336134,-0.5074100026352864
fat_lend_target_coil_useful_page_volcano_drama,IgM,4,13,1.1172774456369179,9.923842417336134,-0.5074100026352864
fat_lend_target_coil_useful_page_volcano_drama,IgM,5,13,1.1172774456369179,9.923842417336134,-0.5074100026352864
fat_lend_target_coil_useful_page_volcano_drama,IgM,6,13,1.1172774456369179,9.923842417336134,-0.5074100026352864
fat_lend_target_coil_useful_page_volcano_drama,IgM,7,13,1.1172774456369179,9.923842417336134,-0.5074100026352864
fat_lend_target_coil_useful_page_volcano_drama,IgM,8,13,1.1172774456369179,9.923842417336134,-0.5074100026352864
fat_lend_target_coil_useful_page_volcano_drama,IgM,9,13,0.2717276959164277,10.685307834583227,-0.5357472888441539
fat_lend_target_coil_useful_page_volcano_drama,IgM,10,13,1.1172774456369179,9.923842417336134,-0.5074100026352864
fat_lend_target_coil_useful_page_volcano_drama,IgM,11,15,0.5589724541282979,12.034422956876078,-0.28071168643714367
fat_lend_target_coil_useful_page_volcano_drama,IgM,12,15,0.5589724541282979,12.034422956876078,-0.28071168643714367
fat_lend_target_coil_useful_page_volcano_drama,IgM,13,15,0.5589724541282979,12.034422956876078,-0.28071168643714367
fat_lend_target_coil_useful_page_volcano_drama,IgM,14,15,0.5589724541282979,12.034422956876078,-0.28071168643714367
fat_lend_target_coil_useful_page_volcano_drama,IgM,15,15,0.5589724541282979,12.034422956876078,-0.28071168643714367
fat_lend_target_coil_useful_page_volcano_drama,IgM,16,15,0.5589724541282979,12.034422956876078,-0.28071168643714367
fat_lend_target_coil_useful_page_volcano_drama,IgM,17,15,1.0686328406949839,12.622072661921838,-0.043672991734344316
fat_lend_target_coil_useful_page_volcano_drama,IgM,18,16,0.04884662497261053,12.24133995329829,-0.35247133357683735
fat_lend_target_coil_useful_page_volcano_drama,IgM,19,16,0.04884662497261053,12.24133995329829,-0.35247133357683735
fat_lend_target_coil_useful_page_volcano_drama,IgM,20,16,0.04884662497261053,12.24133995329829,-0.35247133357683735
fat_lend_target_coil_useful_page_volcano_drama,IgM,21,17,0.9635635070700442,14.351920492838236,-0.33520647440988954
fat_lend_target_coil_useful_page_volcano_drama,IgM,22,17,0.9635635070700442,14.351920492838236,-0.33520647440988954
fat_lend_target_coil_useful_page_volcano_drama,IgM,23,18,0.9635635070700442,15.32030290650754,-0.33520647440988954
fat_lend_target_coil_useful_page_volcano_drama,IgM,24,18,-1.049065379029741,15.527219902929751,-0.169542317204262
fat_lend_target_coil_useful_page_volcano_drama,IgM,25,18,0.8947453855092655,14.38502177705911,-0.5074100026352864
fat_lend_target_coil_useful_page_volcano_drama,IgM,26,18,0.8947453855092655,14.38502177705911,-0.5074100026352864
fat_lend_target_coil_useful_page_volcano_drama,IgM,27,18,0.8947453855092655,14.38502177705911,-0.5074100026352864
fat_lend_target_coil_useful_page_volcano_drama,IgM,28,18,0.8947453855092655,14.38502177705911,-0.5074100026352864
fat_lend_target_coil_useful_page_volcano_drama,IgM,29,18,0.8947453855092655,14.38502177705911,-0.5074100026352864
fat_lend_target_coil_useful_page_volcano_drama,IgM,30,19,-0.13329990662440827,15.734136899351963,-0.4616343789696996
fat_lend_target_coil_useful_page_volcano_drama,IgM,31,19,0.5589724541282979,16.876335025222602,-0.169542317204262
fat_lend_target_coil_useful_page_volcano_drama,IgM,32,19,1.0686328406949839,16.495602316599054,-0.2937904373190829
fat_lend_target_coil_useful_page_volcano_drama,IgM,33,20,1.1172774456369179,16.70251931302127,-0.14556464409737702
fat_lend_target_coil_useful_page_volcano_drama,IgM,34,20,-1.3854375349398593,16.70251931302127,-0.45129398278024113
fat_lend_target_coil_useful_page_volcano_drama,IgM,35,20,0.8947453855092655,16.321786604397722,-0.5895100258665553
fat_lend_target_coil_useful_page_volcano_drama,IgM,36,20,-0.13329990662440827,16.70251931302127,-0.4376566704932113
fat_lend_target_coil_useful_page_volcano_drama,IgM,37,21,0.7816788823627474,18.051634435314117,-0.043672991734344316
fat_lend_target_coil_useful_page_volcano_drama,IgM,38,22,0.04884662497261053,19.020016848983424,-0.22621690730679866
fat_lend_target_coil_useful_page_volcano_drama,IgM,39,22,0.04884662497261053,19.020016848983424,-0.22621690730679866
fat_lend_target_coil_useful_page_volcano_drama,IgM,40,22,1.1172774456369179,18.639284140359877,-0.5204887358324238
fat_lend_target_coil_useful_page_volcano_drama,IgM,41,22,0.04884662497261053,19.020016848983424,-0.22621690730679866
fat_lend_target_coil_useful_page_volcano_drama,IgM,42,22,0.04884662497261053,19.020016848983424,-0.22621690730679866
fat_lend_target_coil_useful_page_volcano_drama,IgM,43,22,0.04884662497261053,19.020016848983424,-0.22621690730679866
fat_lend_target_coil_useful_page_volcano_drama,IgM,44,22,1.1172774456369179,18.639284140359877,-0.5204887358324238
fat_lend_target_coil_useful_page_volcano_drama,IgM,45,22,0.04884662497261053,19.020016848983424,-0.22621690730679866
fat_lend_target_coil_useful_page_volcano_drama,IgM,46,22,0.04884662497261053,19.020016848983424,-0.22621690730679866
fat_lend_target_coil_useful_page_volcano_drama,IgM,47,22,0.04884662497261053,19.020016848983424,-0.22621690730679866
fat_lend_target_coil_useful_page_volcano_drama,IgM,48,22,1.1172774456369179,18.639284140359877,-0.5204887358324238
fat_lend_target_coil_useful_page_volcano_drama,IgM,49,22,0.04884662497261053,19.020016848983424,-0.22621690730679866
fat_lend_target_coil_useful_page_volcano_drama,IgM,50,22,1.1172774456369179,18.639284140359877,-0.5204887358324238
fat_lend_target_coil_useful_page_volcano_drama,IgM,51,22,0.04884662497261053,19.020016848983424,-0.22621690730679866
fat_lend_target_coil_useful_page_volcano_drama,IgM,52,22,1.1172774456369179,18.639284140359877,-0.5204887358324238
fat_lend_target_coil_useful_page_volcano_drama,IgM,53,22,0.04884662497261053,19.020016848983424,-0.22621690730679866
fat_lend_target_coil_useful_page_volcano_drama,IgM,54,22,0.04884662497261053,19.020016848983424,-0.22621690730679866
fat_lend_target_coil_useful_page_volcano_drama,IgM,55,22,0.04884662497261053,19.020016848983424,-0.22621690730679866
fat_lend_target_coil_useful_page_volcano_drama,IgM,56,22,1.1172774456369179,18.639284140359877,-0.5204887358324238
fat_lend_target_coil_useful_page_volcano_drama,IgM,57,22,1.1172774456369179,18.639284140359877,-0.5204887358324238
fat_lend_target_coil_useful_page_volcano_drama,IgM,58,22,1.1172774456369179,18.639284140359877,-0.5204887358324238
fat_lend_target_coil_useful_page_volcano_drama,IgM,59,22,1.1172774456369179,18.639284140359877,-0.5204887358324238
fat_lend_target_coil_useful_page_volcano_drama,IgM,60,22,1.1172774456369179,18.639284140359877,-0.5204887358324238
fat_lend_target_coil_useful_page_volcano_drama,IgM,61,22,1.1172774456369179,18.639284140359877,-0.5204887358324238
fat_lend_target_coil_useful_page_volcano_drama,IgM,62,22,0.04884662497261053,19.020016848983424,-0.22621690730679866
fat_lend_target_coil_useful_page_volcano_drama,IgM,63,22,0.04884662497261053,19.020016848983424,-0.22621690730679866
fat_lend_target_coil_useful_page_volcano_drama,IgM,64,22,0.04884662497261053,19.020016848983424,-0.22621690730679866
fat_lend_target_coil_useful_page_volcano_drama,IgM,65,22,0.04884662497261053,19.020016848983424,-0.22621690730679866
fat_lend_target_coil_useful_page_volcano_drama,IgM,66,22,0.04884662497261053,19.020016848983424,-0.22621690730679866
fat_lend_target_coil_useful_page_volcano_drama,IgM,67,22,0.04884662497261053,19.020016848983424,-0.22621690730679866
fat_lend_target_coil_useful_page_volcano_drama,IgM,68,22,0.04884662497261053,19.020016848983424,-0.22621690730679866
fat_lend_target_coil_useful_page_volcano_drama,IgM,69,22,0.04884662497261053,19.020016848983424,-0.22621690730679866
fat_lend_target_coil_useful_page_volcano_drama,IgM,70,22,0.04884662497261053,19.020016848983424,-0.22621690730679866
fat_lend_target_coil_useful_page_volcano_drama,IgM,71,22,0.04884662497261053,19.020016848983424,-0.22621690730679866
fat_lend_target_coil_useful_page_volcano_drama,IgM,72,22,0.04884662497261053,19.020016848983424,-0.22621690730679866
fat_lend_target_coil_useful_page_volcano_drama,IgM,73,22,0.04884662497261053,19.020016848983424,-0.22621690730679866
fat_lend_target_coil_useful_page_volcano_drama,IgM,74,22,0.04884662497261053,19.020016848983424,-0.22621690730679866
fat_lend_target_coil_useful_page_volcano_drama,IgM,75,22,1.1172774456369179,18.639284140359877,-0.5204887358324238
fat_lend_target_coil_useful_page_volcano_drama,IgM,76,22,0.04884662497261053,19.020016848983424,-0.22621690730679866
fat_lend_target_coil_useful_page_volcano_drama,IgM,77,22,0.04884662497261053,19.020016848983424,-0.22621690730679866
fat_lend_target_coil_useful_page_volcano_drama,IgM,78,23,0.04884662497261053,19.988399262652727,-0.22621690730679866
fat_lend_target_coil_useful_page_volcano_drama,IgM,79,23,0.5589724541282979,18.46546842815854,-0.46599395670207877
fat_lend_target_coil_useful_page_volcano_drama,IgM,80,27,-1.5189376502879606,22.13208108641355,-0.41786506145933067
fine_glory_prosper_among_museum_panic_visa_motor,IgM,0,6,0.9635635070700442,4.668096356145188,-1.5804773841163193
fine_glory_prosper_among_museum_panic_visa_motor,IgM,1,10,0.5589724541282979,8.160893302198861,-1.5804773841163193
fine_glory_prosper_among_museum_panic_visa_motor,IgM,2,14,0.9635635070700442,12.415155665499626,-1.5804773841163193
fine_glory_prosper_among_museum_panic_visa_motor,IgM,3,16,-1.2313285566261374,13.209722366967595,-1.420626018336368
fine_glory_prosper_among_museum_panic_visa_motor,IgM,4,16,1.1172774456369179,12.828989658344048,-1.2769081192638188
fine_glory_prosper_among_museum_panic_visa_motor,IgM,5,16,-1.2313285566261374,13.209722366967595,-1.420626018336368
fine_glory_prosper_among_museum_panic_visa_motor,IgM,6,16,-0.2873255496957979,12.448256949720502,-1.5804773841163193
fine_glory_prosper_among_museum_panic_visa_motor,IgM,7,21,-0.13329990662440827,17.670901726690573,-1.5298577787986796
fine_glory_prosper_among_museum_panic_visa_motor,IgM,8,22,-1.5189376502879606,18.25855143173633,-1.5298577787986796
fine_glory_prosper_among_museum_panic_visa_motor,IgM,9,23,1.4039411963144843,19.988399262652727,-1.5218652122539837
fine_glory_prosper_among_museum_panic_visa_motor,IgM,10,24,0.08962486797974716,19.433850841827844,-1.5298577787986796
fine_glory_prosper_among_museum_panic_visa_motor,IgM,11,24,0.08962486797974716,19.433850841827844,-1.5298577787986796
fine_glory_prosper_among_museum_panic_visa_motor,IgM,12,26,0.22300002082450082,21.751348377790002,-2.011789835308669
fine_glory_prosper_among_museum_panic_visa_motor,IgM,13,28,-1.049065379029741,25.2110440396228,-1.3727447696407216
fine_glory_prosper_among_museum_panic_visa_motor,IgM,14,31,0.08962486797974716,26.21252773751298,-1.519201027826952
fine_glory_prosper_among_museum_panic_visa_motor,IgM,15,34,-0.4207631544924123,29.49840768714444,-1.585805762849002
fit_cigar_actor_tuna_maple_venture_fluid_infant,IgM,0,5,-0.13329990662440827,4.080446651099431,-0.8282288801793747
fit_cigar_actor_tuna_maple_venture_fluid_infant,IgM,1,5,-0.13329990662440827,4.080446651099431,-0.8282288801793747
fit_cigar_actor_tuna_maple_venture_fluid_infant,IgM,2,6,2.4944440280090023,4.287363647521641,-1.387750738341188
fit_cigar_actor_tuna_maple_venture_fluid_infant,IgM,3,9,-0.13329990662440827,7.953976305776649,-1.0392986113829406
fit_cigar_actor_tuna_maple_venture_fluid_infant,IgM,4,10,0.04884662497261053,7.399427884951766,-1.37319865527519
fit_cigar_actor_tuna_maple_venture_fluid_infant,IgM,5,11,-0.13329990662440827,7.987077589997524,-1.3471730846443621
fit_cigar_actor_tuna_maple_venture_fluid_infant,IgM,6,11,0.04884662497261053,8.367810298621071,-1.0466763724284913
fit_cigar_actor_tuna_maple_venture_fluid_infant,IgM,7,11,-0.13329990662440827,7.987077589997524,-1.3471730846443621
fit_cigar_actor_tuna_maple_venture_fluid_infant,IgM,8,11,-0.13329990662440827,7.987077589997524,-1.3471730846443621
fit_cigar_actor_tuna_maple_venture_fluid_infant,IgM,9,11,-0.13329990662440827,7.987077589997524,-1.3471730846443621
fit_cigar_actor_tuna_maple_venture_fluid_infant,IgM,10,14,1.4039411963144843,11.272957539628985,-0.8917435142655384
fit_cigar_actor_tuna_maple_venture_fluid_infant,IgM,11,15,-0.8260093901221207,13.002805370545385,-1.3351559481941444
fit_cigar_actor_tuna_maple_venture_fluid_infant,IgM,12,15,-1.049065379029741,12.622072661921838,-1.1951819918578066
fit_cigar_actor_tuna_maple_venture_fluid_infant,IgM,13,16,1.4726433090871196,13.971187784214688,-0.8734459446504708
fit_cigar_actor_tuna_maple_venture_fluid_infant,IgM,14,20,1.4726433090871196,17.84471743889191,-1.467061627026804
fit_cigar_actor_tuna_maple_venture_fluid_infant,IgM,15,20,1.4726433090871196,17.84471743889191,-1.467061627026804
fit_cigar_actor_tuna_maple_venture_fluid_infant,IgM,16,20,1.4726433090871196,17.84471743889191,-1.467061627026804
fit_cigar_actor_tuna_maple_venture_fluid_infant,IgM,17,20,1.4726433090871196,17.84471743889191,-1.467061627026804
fit_cigar_actor_tuna_maple_venture_fluid_infant,IgM,18,21,1.4726433090871196,18.813099852561212,-1.467061627026804
fit_cigar_actor_tuna_maple_venture_fluid_infant,IgM,19,23,0.22300002082450082,18.846201136782085,-1.3038570738419744
fit_cigar_actor_tuna_maple_venture_fluid_infant,IgM,20,23,0.22300002082450082,18.846201136782085,-1.3038570738419744
fix_later_case_purpose_dismiss_pull_hunt_absorb,IgM,0,9,0.5589724541282979,7.192510888529555,-0.7664433352786477
fix_later_case_purpose_dismiss_pull_hunt_absorb,IgM,1,9,0.5589724541282979,7.192510888529555,-0.7664433352786477
fix_later_case_purpose_dismiss_pull_hunt_absorb,IgM,2,11,1.0686328406949839,8.748543007244617,-0.8463689830408043
fix_later_case_purpose_dismiss_pull_hunt_absorb,IgM,3,11,-0.8260093901221207,9.129275715868165,-0.6025956636367775
fix_later_case_purpose_dismiss_pull_hunt_absorb,IgM,4,14,-0.8260093901221207,12.034422956876078,-0.7664433352786477
fix_later_case_purpose_dismiss_pull_hunt_absorb,IgM,5,14,-0.8260093901221207,12.034422956876078,-0.7664433352786477
fix_later_case_purpose_dismiss_pull_hunt_absorb,IgM,6,14,-0.8260093901221207,12.034422956876078,-0.7664433352786477
fix_later_case_purpose_dismiss_pull_hunt_absorb,IgM,7,14,-0.8260093901221207,12.034422956876078,-0.7664433352786477
fix_later_case_purpose_dismiss_pull_hunt_absorb,IgM,8,15,-0.8260093901221207,13.002805370545385,-0.7664433352786477
fix_later_case_purpose_dismiss_pull_hunt_absorb,IgM,9,16,0.2717276959164277,13.59045507559114,-0.7664433352786477
fix_later_case_purpose_dismiss_pull_hunt_absorb,IgM,10,17,1.4039411963144843,14.1781047806369,-0.7664433352786477
fix_later_case_purpose_dismiss_pull_hunt_absorb,IgM,11,17,1.4039411963144843,14.1781047806369,-0.7664433352786477
fix_later_case_purpose_dismiss_pull_hunt_absorb,IgM,12,17,1.4039411963144843,14.1781047806369,-0.7664433352786477
fix_later_case_purpose_dismiss_pull_hunt_absorb,IgM,13,17,1.4039411963144843,14.1781047806369,-0.7664433352786477
fix_later_case_purpose_dismiss_pull_hunt_absorb,IgM,14,17,1.4039411963144843,14.1781047806369,-0.7664433352786477
fix_later_case_purpose_dismiss_pull_hunt_absorb,IgM,15,17,1.4039411963144843,14.1781047806369,-0.7664433352786477
fix_later_case_purpose_dismiss_pull_hunt_absorb,IgM,16,17,1.4039411963144843,14.1781047806369,-0.7664433352786477
fix_later_case_purpose_dismiss_pull_hunt_absorb,IgM,17,17,1.4039411963144843,14.1781047806369,-0.7664433352786477
fix_later_case_purpose_dismiss_pull_hunt_absorb,IgM,18,17,1.4039411963144843,14.1781047806369,-0.7664433352786477
fix_later_case_purpose_dismiss_pull_hunt_absorb,IgM,19,17,1.4039411963144843,14.1781047806369,-0.7664433352786477
fix_later_case_purpose_dismiss_pull_hunt_absorb,IgM,20,17,1.4039411963144843,14.1781047806369,-0.7664433352786477
fix_later_case_purpose_dismiss_pull_hunt_absorb,IgM,21,17,1.4039411963144843,14.1781047806369,-0.7664433352786477
fix_later_case_purpose_dismiss_pull_hunt_absorb,IgM,22,17,1.4039411963144843,14.1781047806369,-0.7664433352786477
fix_later_case_purpose_dismiss_pull_hunt_absorb,IgM,23,17,1.4039411963144843,14.1781047806369,-0.7664433352786477
fix_later_case_purpose_dismiss_pull_hunt_absorb,IgM,24,17,1.4039411963144843,14.1781047806369,-0.7664433352786477
fix_later_case_purpose_dismiss_pull_hunt_absorb,IgM,25,17,1.4039411963144843,14.1781047806369,-0.7664433352786477
fix_later_case_purpose_dismiss_pull_hunt_absorb,IgM,26,17,1.4039411963144843,14.1781047806369,-0.7664433352786477
fix_later_case_purpose_dismiss_pull_hunt_absorb,IgM,27,17,1.4039411963144843,14.1781047806369,-0.7664433352786477
fix_later_case_purpose_dismiss_pull_hunt_absorb,IgM,28,17,1.4039411963144843,14.1781047806369,-0.7664433352786477
fix_later_case_purpose_dismiss_pull_hunt_absorb,IgM,29,17,1.4039411963144843,14.1781047806369,-0.7664433352786477
fix_later_case_purpose_dismiss_pull_hunt_absorb,IgM,30,17,1.4039411963144843,14.1781047806369,-0.7664433352786477
fix_later_case_purpose_dismiss_pull_hunt_absorb,IgM,31,17,1.4039411963144843,14.1781047806369,-0.7664433352786477
fix_later_case_purpose_dismiss_pull_hunt_absorb,IgM,32,17,1.4039411963144843,14.1781047806369,-0.7664433352786477
fix_later_case_purpose_dismiss_pull_hunt_absorb,IgM,33,17,1.4039411963144843,14.1781047806369,-0.7664433352786477
fix_later_case_purpose_dismiss_pull_hunt_absorb,IgM,34,17,1.4039411963144843,14.1781047806369,-0.7664433352786477
fix_later_case_purpose_dismiss_pull_hunt_absorb,IgM,35,17,1.4039411963144843,14.1781047806369,-0.7664433352786477
fix_later_case_purpose_dismiss_pull_hunt_absorb,IgM,36,17,1.4039411963144843,14.1781047806369,-0.7664433352786477
fix_later_case_purpose_dismiss_pull_hunt_absorb,IgM,37,17,1.4039411963144843,14.1781047806369,-0.7664433352786477
fix_later_case_purpose_dismiss_pull_hunt_absorb,IgM,38,17,1.4039411963144843,14.1781047806369,-0.7664433352786477
fix_later_case_purpose_dismiss_pull_hunt_absorb,IgM,39,17,1.4039411963144843,14.1781047806369,-0.7664433352786477
fix_later_case_purpose_dismiss_pull_hunt_absorb,IgM,40,17,1.4039411963144843,14.1781047806369,-0.7664433352786477
fix_later_case_purpose_dismiss_pull_hunt_absorb,IgM,41,17,1.4039411963144843,14.1781047806369,-0.7664433352786477
fix_later_case_purpose_dismiss_pull_hunt_absorb,IgM,42,17,1.4039411963144843,14.1781047806369,-0.7664433352786477
fix_later_case_purpose_dismiss_pull_hunt_absorb,IgM,43,17,1.4039411963144843,14.1781047806369,-0.7664433352786477
fix_later_case_purpose_dismiss_pull_hunt_absorb,IgM,44,17,1.4039411963144843,14.1781047806369,-0.7664433352786477
fix_later_case_purpose_dismiss_pull_hunt_absorb,IgM,45,17,1.4039411963144843,14.1781047806369,-0.7664433352786477
fix_later_case_purpose_dismiss_pull_hunt_absorb,IgM,46,17,1.4039411963144843,14.1781047806369,-0.7664433352786477
fix_later_case_purpose_dismiss_pull_hunt_absorb,IgM,47,17,1.4039411963144843,14.1781047806369,-0.7664433352786477
fix_later_case_purpose_dismiss_pull_hunt_absorb,IgM,48,17,1.4039411963144843,14.1781047806369,-0.7664433352786477
fix_later_case_purpose_dismiss_pull_hunt_absorb,IgM,49,17,1.4039411963144843,14.1781047806369,-0.7664433352786477
fix_later_case_purpose_dismiss_pull_hunt_absorb,IgM,50,17,1.4039411963144843,14.1781047806369,-0.7664433352786477
fix_later_case_purpose_dismiss_pull_hunt_absorb,IgM,51,17,1.4039411963144843,14.1781047806369,-0.7664433352786477
fix_later_case_purpose_dismiss_pull_hunt_absorb,IgM,52,17,1.4039411963144843,14.1781047806369,-0.7664433352786477
fix_later_case_purpose_dismiss_pull_hunt_absorb,IgM,53,17,1.4039411963144843,14.1781047806369,-0.7664433352786477
fix_later_case_purpose_dismiss_pull_hunt_absorb,IgM,54,17,1.4039411963144843,14.1781047806369,-0.7664433352786477
fix_later_case_purpose_dismiss_pull_hunt_absorb,IgM,55,17,1.4039411963144843,14.1781047806369,-0.7664433352786477
fix_later_case_purpose_dismiss_pull_hunt_absorb,IgM,56,17,1.4039411963144843,14.1781047806369,-0.7664433352786477
fix_later_case_purpose_dismiss_pull_hunt_absorb,IgM,57,17,1.4039411963144843,14.1781047806369,-0.7664433352786477
fix_later_case_purpose_dismiss_pull_hunt_absorb,IgM,58,17,1.4039411963144843,14.1781047806369,-0.7664433352786477
fix_later_case_purpose_dismiss_pull_hunt_absorb,IgM,59,17,1.4039411963144843,14.1781047806369,-0.7664433352786477
fix_later_case_purpose_dismiss_pull_hunt_absorb,IgM,60,17,0.2717276959164277,14.558837489260448,-1.2177053128074038
fix_later_case_purpose_dismiss_pull_hunt_absorb,IgM,61,17,1.4039411963144843,14.1781047806369,-0.7664433352786477
fix_later_case_purpose_dismiss_pull_hunt_absorb,IgM,62,17,0.2717276959164277,14.558837489260448,-1.2177053128074038
fix_later_case_purpose_dismiss_pull_hunt_absorb,IgM,63,17,1.4039411963144843,14.1781047806369,-0.7664433352786477
fix_later_case_purpose_dismiss_pull_hunt_absorb,IgM,64,17,1.4039411963144843,14.1781047806369,-0.7664433352786477
fix_later_case_purpose_dismiss_pull_hunt_absorb,IgM,65,17,1.4039411963144843,14.1781047806369,-0.7664433352786477
fix_later_case_purpose_dismiss_pull_hunt_absorb,IgM,66,17,1.4039411963144843,14.1781047806369,-0.7664433352786477
fix_later_case_purpose_dismiss_pull_hunt_absorb,IgM,67,17,1.4039411963144843,14.1781047806369,-0.7664433352786477
fix_later_case_purpose_dismiss_pull_hunt_absorb,IgM,68,17,1.4039411963144843,14.1781047806369,-0.7664433352786477
fix_later_case_purpose_dismiss_pull_hunt_absorb,IgM,69,20,0.04884662497261053,17.083252021644814,-1.1230524364132553
fix_later_case_purpose_dismiss_pull_hunt_absorb,IgM,70,21,0.2717276959164277,18.432367143937665,-0.7664433352786477
fix_later_case_purpose_dismiss_pull_hunt_absorb,IgM,71,22,1.1172774456369179,18.639284140359877,-0.9887547836646533
fix_later_case_purpose_dismiss_pull_hunt_absorb,IgM,72,23,-0.13329990662440827,19.60766655402918,-1.1230524364132553
fix_later_case_purpose_dismiss_pull_hunt_absorb,IgM,73,23,-0.13329990662440827,19.60766655402918,-1.1230524364132553
fix_later_case_purpose_dismiss_pull_hunt_absorb,IgM,74,25,-0.13329990662440827,21.54443138136779,-0.7664433352786477
fix_later_case_purpose_dismiss_pull_hunt_absorb,IgM,75,25,-0.13329990662440827,21.54443138136779,-0.7664433352786477
fix_later_case_purpose_dismiss_pull_hunt_absorb,IgM,76,25,-0.13329990662440827,21.54443138136779,-0.7664433352786477
fix_later_case_purpose_dismiss_pull_hunt_absorb,IgM,77,27,-0.13329990662440827,23.4811962087064,-0.5079427695578272
fix_later_case_purpose_dismiss_pull_hunt_absorb,IgM,78,27,-0.13329990662440827,23.4811962087064,-0.5079427695578272
fix_later_case_purpose_dismiss_pull_hunt_absorb,IgM,79,29,-1.3854375349398593,25.41796103604501,-1.334855471953697
fix_later_case_purpose_dismiss_pull_hunt_absorb,IgM,80,36,-0.028036630969030377,30.673707097235955,-1.334855471953697
fix_later_case_purpose_dismiss_pull_hunt_absorb,IgM,81,36,-0.028036630969030377,30.673707097235955,-1.334855471953697
fix_later_case_purpose_dismiss_pull_hunt_absorb,IgM,82,36,-0.028036630969030377,30.673707097235955,-1.334855471953697
fix_later_case_purpose_dismiss_pull_hunt_absorb,IgM,83,36,-0.028036630969030377,30.673707097235955,-1.334855471953697
fix_later_case_purpose_dismiss_pull_hunt_absorb,IgM,84,36,-0.028036630969030377,30.673707097235955,-1.334855471953697
fix_later_case_purpose_dismiss_pull_hunt_absorb,IgM,85,36,-0.028036630969030377,30.673707097235955,-1.334855471953697
fix_later_case_purpose_dismiss_pull_hunt_absorb,IgM,86,38,-0.028036630969030377,32.61047192457457,-1.334855471953697
fix_later_case_purpose_dismiss_pull_hunt_absorb,IgM,87,38,-0.028036630969030377,32.61047192457457,-1.334855471953697
fix_later_case_purpose_dismiss_pull_hunt_absorb,IgM,88,38,-0.028036630969030377,32.61047192457457,-1.334855471953697
fix_later_case_purpose_dismiss_pull_hunt_absorb,IgM,89,41,0.08962486797974716,35.896351874206026,-1.334855471953697
fix_later_case_purpose_dismiss_pull_hunt_absorb,IgM,90,42,-0.028036630969030377,36.48400157925179,-1.334855471953697
fix_later_case_purpose_dismiss_pull_hunt_absorb,IgM,91,44,-0.8260093901221207,15.907952611553299,-1.2177053128074038
fix_later_case_purpose_dismiss_pull_hunt_absorb,IgM,92,44,0.202822310231392,37.6593009893433,-1.334855471953697
fix_later_case_purpose_dismiss_pull_hunt_absorb,IgM,93,44,0.202822310231392,37.6593009893433,-1.334855471953697
fix_later_case_purpose_dismiss_pull_hunt_absorb,IgM,94,44,0.202822310231392,37.6593009893433,-1.334855471953697
fix_later_case_purpose_dismiss_pull_hunt_absorb,IgM,95,44,0.202822310231392,37.6593009893433,-1.334855471953697
fix_later_case_purpose_dismiss_pull_hunt_absorb,IgM,96,49,0.8767705722600375,42.501213057689824,-1.334855471953697
fix_later_case_purpose_dismiss_pull_hunt_absorb,IgM,97,49,0.8767705722600375,42.501213057689824,-1.334855471953697
fix_later_case_purpose_dismiss_pull_hunt_absorb,IgM,98,49,0.8767705722600375,42.501213057689824,-1.334855471953697
fix_later_case_purpose_dismiss_pull_hunt_absorb,IgM,99,49,0.8767705722600375,42.501213057689824,-1.334855471953697
fix_later_case_purpose_dismiss_pull_hunt_absorb,IgM,100,49,0.8767705722600375,42.501213057689824,-1.334855471953697
fix_later_case_purpose_dismiss_pull_hunt_absorb,IgM,101,49,0.8767705722600375,42.501213057689824,-1.334855471953697
fix_later_case_purpose_dismiss_pull_hunt_absorb,IgM,102,49,0.8767705722600375,42.501213057689824,-1.334855471953697
fix_later_case_purpose_dismiss_pull_hunt_absorb,IgM,103,49,0.8767705722600375,42.501213057689824,-1.334855471953697
fix_later_case_purpose_dismiss_pull_hunt_absorb,IgM,104,49,0.8767705722600375,42.501213057689824,-1.334855471953697
fix_later_case_purpose_dismiss_pull_hunt_absorb,IgM,105,49,0.8767705722600375,42.501213057689824,-1.334855471953697
fix_later_case_purpose_dismiss_pull_hunt_absorb,IgM,106,49,0.8767705722600375,42.501213057689824,-1.334855471953697
fix_later_case_purpose_dismiss_pull_hunt_absorb,IgM,107,49,0.8767705722600375,42.501213057689824,-1.334855471953697
fix_later_case_purpose_dismiss_pull_hunt_absorb,IgM,108,49,0.8767705722600375,42.501213057689824,-1.334855471953697
fix_later_case_purpose_dismiss_pull_hunt_absorb,IgM,109,49,0.8767705722600375,42.501213057689824,-1.334855471953697
fix_later_case_purpose_dismiss_pull_hunt_absorb,IgM,110,49,0.8767705722600375,42.501213057689824,-1.334855471953697
fix_later_case_purpose_dismiss_pull_hunt_absorb,IgM,111,49,0.8767705722600375,42.501213057689824,-1.334855471953697
fix_later_case_purpose_dismiss_pull_hunt_absorb,IgM,112,49,0.8767705722600375,42.501213057689824,-1.334855471953697
fix_later_case_purpose_dismiss_pull_hunt_absorb,IgM,113,49,0.8767705722600375,42.501213057689824,-1.334855471953697
fluid_turtle_more_useless_owner_dune_alert_pottery,IgM,0,3,-0.13329990662440827,2.1436818237608204,-2.1808532612624467
fluid_turtle_more_useless_owner_dune_alert_pottery,IgM,1,7,0.2717276959164277,4.875013352567398,-1.744990474022749
fluid_turtle_more_useless_owner_dune_alert_pottery,IgM,2,8,-0.13329990662440827,6.985593892107344,-1.5098592313106984
fluid_turtle_more_useless_owner_dune_alert_pottery,IgM,3,9,0.5589724541282979,7.192510888529555,-1.7398543507117983
fluid_turtle_more_useless_owner_dune_alert_pottery,IgM,4,10,-1.049065379029741,7.780160593575313,-1.9537462167548743
fluid_turtle_more_useless_owner_dune_alert_pottery,IgM,5,10,-0.8260093901221207,8.160893302198861,-1.2848093932592246
fluid_turtle_more_useless_owner_dune_alert_pottery,IgM,6,11,-0.5384732379786434,9.510008424491712,-1.19883024250502
fluid_turtle_more_useless_owner_dune_alert_pottery,IgM,7,11,0.5589724541282979,9.129275715868165,-0.9349257345389937
fluid_turtle_more_useless_owner_dune_alert_pottery,IgM,8,11,0.5589724541282979,9.129275715868165,-0.9349257345389937
fluid_turtle_more_useless_owner_dune_alert_pottery,IgM,9,12,0.2717276959164277,9.716925420913922,-1.768627597125564
fluid_turtle_more_useless_owner_dune_alert_pottery,IgM,10,12,-0.5384732379786434,9.510008424491712,-1.3401078465117338
fluid_turtle_more_useless_owner_dune_alert_pottery,IgM,11,13,-1.049065379029741,10.685307834583227,-1.6586707314655518
fluid_turtle_more_useless_owner_dune_alert_pottery,IgM,12,13,0.9635635070700442,11.44677325183032,-1.7086833369873442
fluid_turtle_more_useless_owner_dune_alert_pottery,IgM,13,13,-1.049065379029741,10.685307834583227,-1.6586707314655518
fluid_turtle_more_useless_owner_dune_alert_pottery,IgM,14,15,0.5589724541282979,11.860607244674743,-1.7758208990576296
fluid_turtle_more_useless_owner_dune_alert_pottery,IgM,15,16,1.0686328406949839,12.622072661921838,-1.4334711698971307
fluid_turtle_more_useless_owner_dune_alert_pottery,IgM,16,16,-1.3854375349398593,12.828989658344048,-1.3063893322144242
fluid_turtle_more_useless_owner_dune_alert_pottery,IgM,17,18,-1.6366963584974425,14.004289068435563,-1.8045941509978958
fluid_turtle_more_useless_owner_dune_alert_pottery,IgM,18,19,0.04884662497261053,16.11486960797551,-1.8169235729250115
fluid_turtle_more_useless_owner_dune_alert_pottery,IgM,19,21,0.8947453855092655,17.290169018067026,-1.2279440838435438
fluid_turtle_more_useless_owner_dune_alert_pottery,IgM,20,24,0.08962486797974716,19.433850841827844,-1.6585210256334062
fluid_turtle_more_useless_owner_dune_alert_pottery,IgM,21,24,-0.13329990662440827,20.576048967698487,-1.5002681576467438
fluid_turtle_more_useless_owner_dune_alert_pottery,IgM,22,32,0.08962486797974716,27.18091015118228,-1.5002681576467438
fly_spread_scorpion_gauge_eyebrow_shadow_session_eagle,IgM,0,5,-0.13329990662440827,3.1120642374301255,0.8955323977506532
fly_spread_scorpion_gauge_eyebrow_shadow_session_eagle,IgM,1,7,-0.13329990662440827,6.017211478438039,0.20139635346725326
fly_spread_scorpion_gauge_eyebrow_shadow_session_eagle,IgM,2,8,-0.5384732379786434,6.604861183483798,0.6266825171582102
fly_spread_scorpion_gauge_eyebrow_shadow_session_eagle,IgM,3,8,-0.5384732379786434,6.604861183483798,0.6266825171582102
fly_spread_scorpion_gauge_eyebrow_shadow_session_eagle,IgM,4,8,-0.13329990662440827,6.985593892107344,0.6226862383070627
fly_spread_scorpion_gauge_eyebrow_shadow_session_eagle,IgM,5,8,0.2717276959164277,5.8433957662367035,0.27059109123936925
fly_spread_scorpion_gauge_eyebrow_shadow_session_eagle,IgM,6,9,-0.5384732379786434,7.573243597153103,0.5441775555901784
fly_spread_scorpion_gauge_eyebrow_shadow_session_eagle,IgM,7,10,0.5589724541282979,8.160893302198861,0.9774562335715882
fly_spread_scorpion_gauge_eyebrow_shadow_session_eagle,IgM,8,12,-0.5384732379786434,10.478390838161015,0.25318904978014867
fly_spread_scorpion_gauge_eyebrow_shadow_session_eagle,IgM,9,13,-1.049065379029741,10.685307834583227,0.3844851960023379
fly_spread_scorpion_gauge_eyebrow_shadow_session_eagle,IgM,10,14,0.04884662497261053,11.272957539628985,0.5194596342515181
fly_spread_scorpion_gauge_eyebrow_shadow_session_eagle,IgM,11,17,-0.2873255496957979,13.416639363389805,0.19124665242695527
fly_spread_scorpion_gauge_eyebrow_shadow_session_eagle,IgM,12,18,-0.4207631544924123,14.004289068435563,-0.2432900581376291
fly_spread_scorpion_gauge_eyebrow_shadow_session_eagle,IgM,13,23,0.04884662497261053,19.020016848983424,0.7618159709254708
fly_spread_scorpion_gauge_eyebrow_shadow_session_eagle,IgM,14,23,0.04884662497261053,19.020016848983424,0.7618159709254708
fly_spread_scorpion_gauge_eyebrow_shadow_session_eagle,IgM,15,23,0.04884662497261053,19.020016848983424,0.7618159709254708
fly_spread_scorpion_gauge_eyebrow_shadow_session_eagle,IgM,16,23,0.04884662497261053,19.020016848983424,0.7618159709254708
fly_spread_scorpion_gauge_eyebrow_shadow_session_eagle,IgM,17,23,0.04884662497261053,19.020016848983424,0.7618159709254708
fly_spread_scorpion_gauge_eyebrow_shadow_session_eagle,IgM,18,31,0.8767705722600375,23.13356478430373,0.596129244762502
friend_wild_much_spin_buddy_shop_burst_nothing,IgM,0,7,-0.5384732379786434,5.6364787698144925,0.34284838940334567
friend_wild_much_spin_buddy_shop_burst_nothing,IgM,1,7,-0.5384732379786434,5.6364787698144925,0.34284838940334567
friend_wild_much_spin_buddy_shop_burst_nothing,IgM,2,7,-0.5384732379786434,5.6364787698144925,0.34284838940334567
friend_wild_much_spin_buddy_shop_burst_nothing,IgM,3,13,1.0686328406949839,10.685307834583227,0.48032056315203686
friend_wild_much_spin_buddy_shop_burst_nothing,IgM,4,14,0.7128316973393489,10.130759413758344,-0.1412468128469076
friend_wild_much_spin_buddy_shop_burst_nothing,IgM,5,14,0.7816788823627474,11.272957539628985,0.25926701239749533
friend_wild_much_spin_buddy_shop_burst_nothing,IgM,6,15,-0.13329990662440827,11.860607244674743,0.12352055192757945
friend_wild_much_spin_buddy_shop_burst_nothing,IgM,7,15,0.7128316973393489,11.09914182742765,-0.1412468128469076
friend_wild_much_spin_buddy_shop_burst_nothing,IgM,8,16,0.7816788823627474,13.209722366967595,0.4275696049458825
friend_wild_much_spin_buddy_shop_burst_nothing,IgM,9,16,0.7816788823627474,13.209722366967595,0.4275696049458825
friend_wild_much_spin_buddy_shop_burst_nothing,IgM,10,17,0.5589724541282979,13.797372072013353,0.25926701239749533
friend_wild_much_spin_buddy_shop_burst_nothing,IgM,11,17,0.5589724541282979,14.939570197883995,-0.05378721241027197
friend_wild_much_spin_buddy_shop_burst_nothing,IgM,12,17,0.37694241891061303,13.416639363389805,0.25926701239749533
friend_wild_much_spin_buddy_shop_burst_nothing,IgM,13,17,0.5589724541282979,14.939570197883995,-0.05378721241027197
friend_wild_much_spin_buddy_shop_burst_nothing,IgM,14,17,0.37694241891061303,13.416639363389805,0.25926701239749533
friend_wild_much_spin_buddy_shop_burst_nothing,IgM,15,17,0.37694241891061303,13.416639363389805,0.25926701239749533
friend_wild_much_spin_buddy_shop_burst_nothing,IgM,16,17,0.37694241891061303,13.416639363389805,0.25926701239749533
friend_wild_much_spin_buddy_shop_burst_nothing,IgM,17,17,0.37694241891061303,13.416639363389805,0.25926701239749533
friend_wild_much_spin_buddy_shop_burst_nothing,IgM,18,17,0.37694241891061303,13.416639363389805,0.25926701239749533
friend_wild_much_spin_buddy_shop_burst_nothing,IgM,19,18,1.1172774456369179,14.765754485682658,0.4275696049458825
friend_wild_much_spin_buddy_shop_burst_nothing,IgM,20,18,0.22300002082450082,14.004289068435563,0.25926701239749533
friend_wild_much_spin_buddy_shop_burst_nothing,IgM,21,18,0.5589724541282979,13.623556359812017,-0.1412468128469076
friend_wild_much_spin_buddy_shop_burst_nothing,IgM,22,18,0.22300002082450082,14.004289068435563,0.25926701239749533
friend_wild_much_spin_buddy_shop_burst_nothing,IgM,23,19,0.22300002082450082,14.972671482104868,0.25926701239749533
friend_wild_much_spin_buddy_shop_burst_nothing,IgM,24,20,0.22300002082450082,15.941053895774173,0.25926701239749533
friend_wild_much_spin_buddy_shop_burst_nothing,IgM,25,20,0.7128316973393489,15.941053895774173,-0.024555311230185565
friend_wild_much_spin_buddy_shop_burst_nothing,IgM,26,20,0.9635635070700442,15.560321187150626,-0.1412468128469076
friend_wild_much_spin_buddy_shop_burst_nothing,IgM,27,20,0.22300002082450082,15.941053895774173,0.25926701239749533
friend_wild_much_spin_buddy_shop_burst_nothing,IgM,28,23,0.08962486797974716,18.46546842815854,-0.22688536536045378
frog_there_degree_junior_oven_wool_weird_fiction,IgM,0,9,0.2717276959164277,6.811778179906009,-0.14631473534049527
frog_there_degree_junior_oven_wool_weird_fiction,IgM,1,10,-0.5384732379786434,8.541626010822407,-0.20046611607616166
frog_there_degree_junior_oven_wool_weird_fiction,IgM,2,11,0.2717276959164277,8.748543007244617,-0.21929545274778006
frog_there_degree_junior_oven_wool_weird_fiction,IgM,3,11,-0.5384732379786434,9.510008424491712,-0.20046611607616166
frog_there_degree_junior_oven_wool_weird_fiction,IgM,4,11,-0.5384732379786434,9.510008424491712,-0.20046611607616166
frog_there_degree_junior_oven_wool_weird_fiction,IgM,5,11,-0.5384732379786434,9.510008424491712,-0.20046611607616166
frog_there_degree_junior_oven_wool_weird_fiction,IgM,6,11,-0.5384732379786434,9.510008424491712,-0.20046611607616166
frog_there_degree_junior_oven_wool_weird_fiction,IgM,7,11,-0.5384732379786434,9.510008424491712,-0.20046611607616166
frog_there_degree_junior_oven_wool_weird_fiction,IgM,8,11,-0.5384732379786434,9.510008424491712,-0.20046611607616166
frog_there_degree_junior_oven_wool_weird_fiction,IgM,9,11,-0.5384732379786434,9.510008424491712,-0.20046611607616166
frog_there_degree_junior_oven_wool_weird_fiction,IgM,10,11,-0.5384732379786434,9.510008424491712,-0.20046611607616166
frog_there_degree_junior_oven_wool_weird_fiction,IgM,11,11,-0.5384732379786434,9.510008424491712,-0.20046611607616166
frog_there_degree_junior_oven_wool_weird_fiction,IgM,12,11,-0.5384732379786434,9.510008424491712,-0.20046611607616166
frog_there_degree_junior_oven_wool_weird_fiction,IgM,13,11,-0.5384732379786434,9.510008424491712,-0.20046611607616166
frog_there_degree_junior_oven_wool_weird_fiction,IgM,14,11,-0.5384732379786434,9.510008424491712,-0.20046611607616166
frog_there_degree_junior_oven_wool_weird_fiction,IgM,15,11,-0.5384732379786434,9.510008424491712,-0.20046611607616166
frog_there_degree_junior_oven_wool_weird_fiction,IgM,16,11,-0.5384732379786434,9.510008424491712,-0.20046611607616166
frog_there_degree_junior_oven_wool_weird_fiction,IgM,17,11,-0.5384732379786434,9.510008424491712,-0.20046611607616166
frog_there_degree_junior_oven_wool_weird_fiction,IgM,18,11,-0.5384732379786434,9.510008424491712,-0.20046611607616166
frog_there_degree_junior_oven_wool_weird_fiction,IgM,19,11,-0.5384732379786434,9.510008424491712,-0.20046611607616166
frog_there_degree_junior_oven_wool_weird_fiction,IgM,20,11,-0.5384732379786434,9.510008424491712,-0.20046611607616166
frog_there_degree_junior_oven_wool_weird_fiction,IgM,21,11,-0.5384732379786434,9.510008424491712,-0.20046611607616166
frog_there_degree_junior_oven_wool_weird_fiction,IgM,22,11,-0.5384732379786434,9.510008424491712,-0.20046611607616166
frog_there_degree_junior_oven_wool_weird_fiction,IgM,23,12,0.22300002082450082,8.193994586419734,-0.2156099212520901
frog_there_degree_junior_oven_wool_weird_fiction,IgM,24,12,-0.8260093901221207,10.09765812953747,-0.13358093823207395
frog_there_degree_junior_oven_wool_weird_fiction,IgM,25,12,0.22300002082450082,8.193994586419734,-0.2156099212520901
frog_there_degree_junior_oven_wool_weird_fiction,IgM,26,13,0.22300002082450082,9.16237700008904,-0.20930001053432074
frog_there_degree_junior_oven_wool_weird_fiction,IgM,27,13,0.22300002082450082,9.16237700008904,-0.20930001053432074
frog_there_degree_junior_oven_wool_weird_fiction,IgM,28,13,0.2717276959164277,10.685307834583227,-0.17407839068976533
frog_there_degree_junior_oven_wool_weird_fiction,IgM,29,13,0.2717276959164277,10.685307834583227,-0.17407839068976533
frog_there_degree_junior_oven_wool_weird_fiction,IgM,30,14,-0.13329990662440827,10.89222483100544,-0.336559538937216
frog_there_degree_junior_oven_wool_weird_fiction,IgM,31,17,0.37694241891061303,13.416639363389805,-0.21056198914091423
frog_there_degree_junior_oven_wool_weird_fiction,IgM,32,17,0.7128316973393489,13.035906654766258,-0.21687190427988412
frog_there_degree_junior_oven_wool_weird_fiction,IgM,33,18,-0.5384732379786434,13.623556359812017,-0.336559538937216
frog_there_degree_junior_oven_wool_weird_fiction,IgM,34,19,0.4256596947182628,14.211206064857775,-0.17417882375165872
frog_there_degree_junior_oven_wool_weird_fiction,IgM,35,20,0.08962486797974716,15.560321187150626,-0.13000937798806605
frog_there_degree_junior_oven_wool_weird_fiction,IgM,36,20,0.04884662497261053,17.083252021644814,-0.4651680326697217
frog_there_degree_junior_oven_wool_weird_fiction,IgM,37,21,-0.13329990662440827,17.670901726690573,-0.4651680326697217
frog_there_degree_junior_oven_wool_weird_fiction,IgM,38,21,-0.13329990662440827,17.670901726690573,-0.4651680326697217
frog_there_degree_junior_oven_wool_weird_fiction,IgM,39,21,-0.13329990662440827,17.670901726690573,-0.4651680326697217
frog_there_degree_junior_oven_wool_weird_fiction,IgM,40,21,-0.13329990662440827,17.670901726690573,-0.4651680326697217
frog_there_degree_junior_oven_wool_weird_fiction,IgM,41,21,-0.13329990662440827,17.670901726690573,-0.4651680326697217
frog_there_degree_junior_oven_wool_weird_fiction,IgM,42,21,0.4256596947182628,16.147970892196383,-0.369357656142264
frog_there_degree_junior_oven_wool_weird_fiction,IgM,43,21,0.9635635070700442,16.52870360081993,-0.2156099212520901
frog_there_degree_junior_oven_wool_weird_fiction,IgM,44,21,-0.13329990662440827,17.670901726690573,-0.4651680326697217
frog_there_degree_junior_oven_wool_weird_fiction,IgM,45,21,0.9635635070700442,16.52870360081993,-0.2156099212520901
frog_there_degree_junior_oven_wool_weird_fiction,IgM,46,21,0.9635635070700442,16.52870360081993,-0.2156099212520901
frog_there_degree_junior_oven_wool_weird_fiction,IgM,47,21,-0.13329990662440827,17.670901726690573,-0.4651680326697217
frog_there_degree_junior_oven_wool_weird_fiction,IgM,48,21,-0.13329990662440827,17.670901726690573,-0.4651680326697217
frog_there_degree_junior_oven_wool_weird_fiction,IgM,49,21,-0.13329990662440827,17.670901726690573,-0.4651680326697217
frog_there_degree_junior_oven_wool_weird_fiction,IgM,50,21,0.4256596947182628,16.147970892196383,-0.369357656142264
frog_there_degree_junior_oven_wool_weird_fiction,IgM,51,21,-0.13329990662440827,17.670901726690573,-0.4651680326697217
frog_there_degree_junior_oven_wool_weird_fiction,IgM,52,21,0.4256596947182628,16.147970892196383,-0.369357656142264
frog_there_degree_junior_oven_wool_weird_fiction,IgM,53,21,-0.13329990662440827,17.670901726690573,-0.4651680326697217
frog_there_degree_junior_oven_wool_weird_fiction,IgM,54,21,-0.13329990662440827,17.670901726690573,-0.4651680326697217
frog_there_degree_junior_oven_wool_weird_fiction,IgM,55,21,-0.13329990662440827,17.670901726690573,-0.4651680326697217
frog_there_degree_junior_oven_wool_weird_fiction,IgM,56,21,-0.13329990662440827,17.670901726690573,-0.4651680326697217
frog_there_degree_junior_oven_wool_weird_fiction,IgM,57,21,-0.13329990662440827,17.670901726690573,-0.4651680326697217
frog_there_degree_junior_oven_wool_weird_fiction,IgM,58,21,-0.13329990662440827,17.670901726690573,-0.4651680326697217
frog_there_degree_junior_oven_wool_weird_fiction,IgM,59,21,-0.13329990662440827,17.670901726690573,-0.4651680326697217
frog_there_degree_junior_oven_wool_weird_fiction,IgM,60,21,-0.13329990662440827,17.670901726690573,-0.4651680326697217
frog_there_degree_junior_oven_wool_weird_fiction,IgM,61,21,0.4256596947182628,16.147970892196383,-0.369357656142264
frog_there_degree_junior_oven_wool_weird_fiction,IgM,62,21,-0.13329990662440827,17.670901726690573,-0.4651680326697217
frog_there_degree_junior_oven_wool_weird_fiction,IgM,63,21,-0.13329990662440827,17.670901726690573,-0.4651680326697217
frog_there_degree_junior_oven_wool_weird_fiction,IgM,64,22,0.22300002082450082,17.87781872311278,-0.35042788861935237
frog_there_degree_junior_oven_wool_weird_fiction,IgM,65,23,-1.6366963584974425,18.846201136782085,-0.36430972403108813
frog_there_degree_junior_oven_wool_weird_fiction,IgM,66,25,0.37694241891061303,21.163698672744246,-0.3705191994763639
frog_there_degree_junior_oven_wool_weird_fiction,IgM,67,28,0.6765369043602282,22.54591507925797,-0.20046611607616166
frog_there_degree_junior_oven_wool_weird_fiction,IgM,68,30,1.330124067440297,24.48267990659658,-0.4702159780444988
frog_there_degree_junior_oven_wool_weird_fiction,IgM,69,30,0.9635635070700442,25.244145323843675,-0.43361842823706975
frog_there_degree_junior_oven_wool_weird_fiction,IgM,70,31,1.330124067440297,25.451062320265887,-0.4702159780444988
frog_there_degree_junior_oven_wool_weird_fiction,IgM,71,31,1.330124067440297,25.451062320265887,-0.4702159780444988
frog_there_degree_junior_oven_wool_weird_fiction,IgM,72,31,1.330124067440297,25.451062320265887,-0.4702159780444988
game_pigeon_once_cool_practice_guitar_secret_napkin,IgM,0,5,0.5589724541282979,4.461179359722977,-1.3591402815781777
game_pigeon_once_cool_practice_guitar_secret_napkin,IgM,1,7,2.1614392234301927,5.6364787698144925,-1.4118912464161326
game_pigeon_once_cool_practice_guitar_secret_napkin,IgM,2,7,0.2717276959164277,4.875013352567398,-1.744990474022749
game_pigeon_once_cool_practice_guitar_secret_napkin,IgM,3,7,6.907755278982137,6.3979441870615865,-1.3591402815781777
game_pigeon_once_cool_practice_guitar_secret_napkin,IgM,4,8,0.5589724541282979,7.366326600730891,-1.3591402815781777
game_pigeon_once_cool_practice_guitar_secret_napkin,IgM,5,8,-0.5384732379786434,6.604861183483798,-1.5002681576467438
game_pigeon_once_cool_practice_guitar_secret_napkin,IgM,6,8,0.5589724541282979,7.366326600730891,-1.620306414980057
game_pigeon_once_cool_practice_guitar_secret_napkin,IgM,7,9,-0.5384732379786434,7.573243597153103,-1.5002681576467438
game_pigeon_once_cool_practice_guitar_secret_napkin,IgM,8,9,-0.5384732379786434,7.573243597153103,-1.5002681576467438
game_pigeon_once_cool_practice_guitar_secret_napkin,IgM,9,9,-0.5384732379786434,7.573243597153103,-1.5002681576467438
game_pigeon_once_cool_practice_guitar_secret_napkin,IgM,10,9,0.5589724541282979,7.192510888529555,-1.7398543507117983
game_pigeon_once_cool_practice_guitar_secret_napkin,IgM,11,12,0.04884662497261053,9.336192712290377,-1.2488428393868929
game_pigeon_once_cool_practice_guitar_secret_napkin,IgM,12,13,-1.3854375349398593,9.923842417336134,-1.8669361850786046
game_pigeon_once_cool_practice_guitar_secret_napkin,IgM,13,14,0.37694241891061303,10.511492122381892,-1.7258083001676376
game_pigeon_once_cool_practice_guitar_secret_napkin,IgM,14,14,-1.049065379029741,11.65369024825253,-1.7499357411273277
game_pigeon_once_cool_practice_guitar_secret_napkin,IgM,15,14,-0.13329990662440827,10.89222483100544,-1.809389698882874
game_pigeon_once_cool_practice_guitar_secret_napkin,IgM,16,14,-1.2313285566261374,11.272957539628985,-1.728206076320727
game_pigeon_once_cool_practice_guitar_secret_napkin,IgM,17,14,-1.2313285566261374,11.272957539628985,-1.728206076320727
game_pigeon_once_cool_practice_guitar_secret_napkin,IgM,18,15,-0.13329990662440827,11.860607244674743,-1.2156146334370788
game_pigeon_once_cool_practice_guitar_secret_napkin,IgM,19,16,-0.4207631544924123,12.067524241096955,-1.5196000550188025
game_pigeon_once_cool_practice_guitar_secret_napkin,IgM,20,18,0.7128316973393489,14.004289068435563,-1.5100089769336476
game_pigeon_once_cool_practice_guitar_secret_napkin,IgM,21,18,0.7128316973393489,14.004289068435563,-1.5100089769336476
game_pigeon_once_cool_practice_guitar_secret_napkin,IgM,22,19,-0.8260093901221207,16.876335025222602,-1.2176718201359382
game_pigeon_once_cool_practice_guitar_secret_napkin,IgM,23,20,-0.13329990662440827,16.70251931302127,-1.467039956458774
game_pigeon_once_cool_practice_guitar_secret_napkin,IgM,24,20,-1.7420374117716249,15.560321187150626,-1.3423558910606064
game_pigeon_once_cool_practice_guitar_secret_napkin,IgM,25,20,-1.7420374117716249,15.560321187150626,-1.3423558910606064
game_pigeon_once_cool_practice_guitar_secret_napkin,IgM,26,20,0.5589724541282979,16.70251931302127,-1.282411625948536
game_pigeon_once_cool_practice_guitar_secret_napkin,IgM,27,21,-0.2873255496957979,17.290169018067026,-1.1436815236199778
game_pigeon_once_cool_practice_guitar_secret_napkin,IgM,28,21,-1.3854375349398593,17.670901726690573,-1.6586707314655518
game_pigeon_once_cool_practice_guitar_secret_napkin,IgM,29,22,-1.6366963584974425,17.87781872311278,-1.2584339263144486
game_pigeon_once_cool_practice_guitar_secret_napkin,IgM,30,22,-0.4207631544924123,17.87781872311278,-1.8501518050613843
game_pigeon_once_cool_practice_guitar_secret_napkin,IgM,31,23,-0.028036630969030377,18.084735719534994,-0.7742751036628434
game_pigeon_once_cool_practice_guitar_secret_napkin,IgM,32,23,-1.049065379029741,20.369131971276275,-1.4572580165168931
game_pigeon_once_cool_practice_guitar_secret_napkin,IgM,33,24,0.08962486797974716,19.433850841827844,-1.6585210256334062
game_pigeon_once_cool_practice_guitar_secret_napkin,IgM,34,25,0.37694241891061303,21.163698672744246,-1.369071960308726
grain_accident_antenna_tone_glass_barrel_picnic_chronic,IgA,0,12,0.5589724541282979,11.23985625540811,-0.36837873476280647
grain_accident_antenna_tone_glass_barrel_picnic_chronic,IgA,1,12,-0.8260093901221207,10.09765812953747,-0.2015604744399473
grain_accident_antenna_tone_glass_barrel_picnic_chronic,IgA,2,16,-0.5384732379786434,14.351920492838236,-0.13647811401850662
grain_accident_antenna_tone_glass_barrel_picnic_chronic,IgA,3,17,1.0686328406949839,14.558837489260448,-0.14332888344773143
grain_accident_antenna_tone_glass_barrel_picnic_chronic,IgA,4,18,0.22300002082450082,14.004289068435563,-0.24937954335480284
grain_accident_antenna_tone_glass_barrel_picnic_chronic,IgA,5,19,1.0686328406949839,16.495602316599054,-0.18785892673909682
grain_accident_antenna_tone_glass_barrel_picnic_chronic,IgA,6,20,-1.2313285566261374,17.083252021644814,-0.14332888344773143
grain_accident_antenna_tone_glass_barrel_picnic_chronic,IgA,7,20,-1.2313285566261374,17.083252021644814,-0.14332888344773143
grain_accident_antenna_tone_glass_barrel_picnic_chronic,IgA,8,20,-1.3854375349398593,16.70251931302127,-0.267329829311435
grain_accident_antenna_tone_glass_barrel_picnic_chronic,IgA,9,20,-1.2313285566261374,17.083252021644814,-0.14332888344773143
grain_accident_antenna_tone_glass_barrel_picnic_chronic,IgA,10,20,0.2717276959164277,17.46398473026836,-0.09879887221006918
grain_accident_antenna_tone_glass_barrel_picnic_chronic,IgA,11,20,-1.2313285566261374,17.083252021644814,-0.14332888344773143
grain_accident_antenna_tone_glass_barrel_picnic_chronic,IgA,12,20,-1.2313285566261374,17.083252021644814,-0.14332888344773143
grain_accident_antenna_tone_glass_barrel_picnic_chronic,IgA,13,20,0.2717276959164277,17.46398473026836,-0.09879887221006918
grain_accident_antenna_tone_glass_barrel_picnic_chronic,IgA,14,21,1.0686328406949839,18.432367143937665,-0.33926294589849926
grain_accident_antenna_tone_glass_barrel_picnic_chronic,IgA,15,21,1.4726433090871196,18.813099852561212,-0.31185985933919913
grain_accident_antenna_tone_glass_barrel_picnic_chronic,IgA,16,21,1.0686328406949839,18.432367143937665,-0.33926294589849926
grain_accident_antenna_tone_glass_barrel_picnic_chronic,IgA,17,22,-1.049065379029741,19.40074955760697,-0.267329829311435
grain_accident_antenna_tone_glass_barrel_picnic_chronic,IgA,18,23,0.2717276959164277,20.369131971276275,-0.267329829311435
grain_accident_antenna_tone_glass_barrel_picnic_chronic,IgA,19,25,0.7816788823627474,21.925164089991338,-0.2570536729569976
grain_accident_antenna_tone_glass_barrel_picnic_chronic,IgA,20,26,0.04884662497261053,22.89354650366064,-0.13647811401850662
grain_accident_antenna_tone_glass_barrel_picnic_chronic,IgA,21,26,0.04884662497261053,22.89354650366064,-0.05426884549820542
grain_accident_antenna_tone_glass_barrel_picnic_chronic,IgA,22,26,0.5589724541282979,22.512813795037097,-0.4521643730241952
grain_accident_antenna_tone_glass_barrel_picnic_chronic,IgA,23,27,0.8947453855092655,23.100463500082853,-0.29473291587073513
grain_accident_antenna_tone_glass_barrel_picnic_chronic,IgA,24,27,0.8947453855092655,23.100463500082853,-0.29473291587073513
grain_accident_antenna_tone_glass_barrel_picnic_chronic,IgA,25,27,0.8947453855092655,23.100463500082853,-0.29473291587073513
grain_accident_antenna_tone_glass_barrel_picnic_chronic,IgA,26,28,0.8947453855092655,24.068845913752156,-0.29473291587073513
grain_accident_antenna_tone_glass_barrel_picnic_chronic,IgA,27,29,0.5589724541282979,24.27576291017437,-0.24937954335480284
grain_accident_antenna_tone_glass_barrel_picnic_chronic,IgA,28,29,-1.3854375349398593,23.4811962087064,0.007388110313220883
grain_accident_antenna_tone_glass_barrel_picnic_chronic,IgA,29,29,-1.3854375349398593,23.4811962087064,0.007388110313220883
grain_accident_antenna_tone_glass_barrel_picnic_chronic,IgA,30,29,-1.3854375349398593,23.4811962087064,0.007388110313220883
grain_accident_antenna_tone_glass_barrel_picnic_chronic,IgA,31,29,-1.3854375349398593,23.4811962087064,0.007388110313220883
grain_accident_antenna_tone_glass_barrel_picnic_chronic,IgA,32,29,-1.3854375349398593,23.4811962087064,0.007388110313220883
grain_accident_antenna_tone_glass_barrel_picnic_chronic,IgA,33,29,-1.3854375349398593,23.4811962087064,0.007388110313220883
grain_accident_antenna_tone_glass_barrel_picnic_chronic,IgA,34,29,-1.3854375349398593,23.4811962087064,0.007388110313220883
grain_accident_antenna_tone_glass_barrel_picnic_chronic,IgA,35,29,-1.3854375349398593,23.4811962087064,0.007388110313220883
grain_accident_antenna_tone_glass_barrel_picnic_chronic,IgA,36,29,-1.3854375349398593,23.4811962087064,0.007388110313220883
grain_accident_antenna_tone_glass_barrel_picnic_chronic,IgA,37,29,-1.3854375349398593,23.4811962087064,0.007388110313220883
grain_accident_antenna_tone_glass_barrel_picnic_chronic,IgA,38,29,-1.3854375349398593,23.4811962087064,0.007388110313220883
grain_accident_antenna_tone_glass_barrel_picnic_chronic,IgA,39,29,-1.3854375349398593,23.4811962087064,0.007388110313220883
grain_accident_antenna_tone_glass_barrel_picnic_chronic,IgA,40,29,-1.3854375349398593,23.4811962087064,0.007388110313220883
grain_accident_antenna_tone_glass_barrel_picnic_chronic,IgA,41,29,-1.3854375349398593,23.4811962087064,0.007388110313220883
grain_accident_antenna_tone_glass_barrel_picnic_chronic,IgA,42,32,0.37694241891061303,27.942375568429377,-0.12277656631765617
grant_robust_vacant_carbon_thought_melody_wheat_decide,IgM,0,8,-0.5384732379786434,6.604861183483798,-1.1396415122062513
grant_robust_vacant_carbon_thought_melody_wheat_decide,IgM,1,13,-1.2313285566261374,10.30457512595968,-1.0415509093295103
grant_robust_vacant_carbon_thought_melody_wheat_decide,IgM,2,13,0.5589724541282979,9.923842417336134,-1.2829491793516075
grant_robust_vacant_carbon_thought_melody_wheat_decide,IgM,3,14,1.4726433090871196,12.034422956876078,-1.0094126063097857
grant_robust_vacant_carbon_thought_melody_wheat_decide,IgM,4,17,-1.3854375349398593,13.797372072013353,-1.207215057692737
grant_robust_vacant_carbon_thought_melody_wheat_decide,IgM,5,17,-1.3854375349398593,13.797372072013353,-1.207215057692737
grant_robust_vacant_carbon_thought_melody_wheat_decide,IgM,6,18,0.04884662497261053,15.146487194306205,-1.3340280157248041
grant_robust_vacant_carbon_thought_melody_wheat_decide,IgM,7,18,0.37694241891061303,14.38502177705911,-1.1814426226647168
grant_robust_vacant_carbon_thought_melody_wheat_decide,IgM,8,20,0.7816788823627474,17.083252021644814,-1.1661840873377884
grant_robust_vacant_carbon_thought_melody_wheat_decide,IgM,9,20,0.5589724541282979,15.560321187150626,-1.1138690838100318
grant_robust_vacant_carbon_thought_melody_wheat_decide,IgM,10,20,-0.4207631544924123,15.941053895774173,-1.1243829728726102
grant_robust_vacant_carbon_thought_melody_wheat_decide,IgM,11,20,0.5589724541282979,16.70251931302127,-1.6773179248463328
grant_robust_vacant_carbon_thought_melody_wheat_decide,IgM,12,20,0.7816788823627474,17.083252021644814,-1.7474562920730845
grant_robust_vacant_carbon_thought_melody_wheat_decide,IgM,13,21,0.22300002082450082,16.90943630944348,-1.2141394866059636
grant_robust_vacant_carbon_thought_melody_wheat_decide,IgM,14,21,0.37694241891061303,17.290169018067026,-1.6773179248463328
grant_robust_vacant_carbon_thought_melody_wheat_decide,IgM,15,22,-0.2873255496957979,18.25855143173633,-1.220678862046933
grant_robust_vacant_carbon_thought_melody_wheat_decide,IgM,16,28,-0.4207631544924123,23.688113205128612,-1.362365306354872
grant_robust_vacant_carbon_thought_melody_wheat_decide,IgM,17,28,0.7128316973393489,23.688113205128612,-1.5409346857089434
grant_robust_vacant_carbon_thought_melody_wheat_decide,IgM,18,28,-0.4207631544924123,23.688113205128612,-1.362365306354872
grant_robust_vacant_carbon_thought_melody_wheat_decide,IgM,19,28,-0.4207631544924123,23.688113205128612,-1.362365306354872
grant_robust_vacant_carbon_thought_melody_wheat_decide,IgM,20,34,0.4256596947182628,28.736942269897344,-0.8372090785679577
grape_leader_catalog_rescue_voice_people_input_hammer,IgM,0,3,0.5589724541282979,2.5244145323843674,-0.5263041785146504
grape_leader_catalog_rescue_voice_people_input_hammer,IgM,1,6,0.5589724541282979,5.429561773392281,-0.7607953379252207
grape_leader_catalog_rescue_voice_people_input_hammer,IgM,2,7,6.907755278982137,6.017211478438039,-0.6097357939766259
grape_leader_catalog_rescue_voice_people_input_hammer,IgM,3,9,0.2717276959164277,6.811778179906009,-0.2630808406968735
grape_leader_catalog_rescue_voice_people_input_hammer,IgM,4,10,0.9635635070700442,8.541626010822407,-0.06631390858520377
grape_leader_catalog_rescue_voice_people_input_hammer,IgM,5,11,-0.5384732379786434,9.510008424491712,-0.34632163474213196
grape_leader_catalog_rescue_voice_people_input_hammer,IgM,6,12,-1.2313285566261374,9.336192712290377,-0.7607953379252207
grape_leader_catalog_rescue_voice_people_input_hammer,IgM,7,12,0.5589724541282979,10.09765812953747,-0.7607953379252207
grape_leader_catalog_rescue_voice_people_input_hammer,IgM,8,12,0.5589724541282979,10.09765812953747,-0.7607953379252207
grape_leader_catalog_rescue_voice_people_input_hammer,IgM,9,13,-0.13329990662440827,10.859123546784563,-0.5456771741830948
grape_leader_catalog_rescue_voice_people_input_hammer,IgM,10,13,0.04884662497261053,10.30457512595968,0.043983542448481835
grape_leader_catalog_rescue_voice_people_input_hammer,IgM,11,13,-1.2313285566261374,10.30457512595968,-0.28417043827529265
grape_leader_catalog_rescue_voice_people_input_hammer,IgM,12,13,-1.2313285566261374,10.30457512595968,-0.28417043827529265
grape_leader_catalog_rescue_voice_people_input_hammer,IgM,13,13,-1.2313285566261374,10.30457512595968,-0.28417043827529265
grape_leader_catalog_rescue_voice_people_input_hammer,IgM,14,13,-1.2313285566261374,10.30457512595968,-0.28417043827529265
grape_leader_catalog_rescue_voice_people_input_hammer,IgM,15,13,-1.2313285566261374,10.30457512595968,-0.28417043827529265
grape_leader_catalog_rescue_voice_people_input_hammer,IgM,16,14,0.5589724541282979,12.034422956876078,-0.34700280267978095
grape_leader_catalog_rescue_voice_people_input_hammer,IgM,17,15,1.8073727665419612,11.65369024825253,-0.8280826812406478
grape_leader_catalog_rescue_voice_people_input_hammer,IgM,18,15,0.9635635070700442,12.415155665499626,-0.40420870831965494
grape_leader_catalog_rescue_voice_people_input_hammer,IgM,19,16,0.5589724541282979,12.828989658344048,-0.5336883287872515
grape_leader_catalog_rescue_voice_people_input_hammer,IgM,20,16,-0.2873255496957979,12.448256949720502,-0.1214626186278452
grape_leader_catalog_rescue_voice_people_input_hammer,IgM,21,16,-0.13329990662440827,12.828989658344048,-0.4879398506998295
grape_leader_catalog_rescue_voice_people_input_hammer,IgM,22,17,-0.2873255496957979,13.416639363389805,-0.8260254836269497
grape_leader_catalog_rescue_voice_people_input_hammer,IgM,23,17,1.3677189632096503,13.416639363389805,-0.4018109410089664
grape_leader_catalog_rescue_voice_people_input_hammer,IgM,24,17,0.7816788823627474,14.1781047806369,-0.2939112661283701
grape_leader_catalog_rescue_voice_people_input_hammer,IgM,25,18,0.8947453855092655,14.38502177705911,-0.7227305036170064
grape_leader_catalog_rescue_voice_people_input_hammer,IgM,26,18,0.8947453855092655,14.38502177705911,-0.7227305036170064
grape_leader_catalog_rescue_voice_people_input_hammer,IgM,27,18,0.2717276959164277,13.59045507559114,-0.5408816395617179
grape_leader_catalog_rescue_voice_people_input_hammer,IgM,28,18,0.8947453855092655,14.38502177705911,-0.7227305036170064
grape_leader_catalog_rescue_voice_people_input_hammer,IgM,29,18,0.5589724541282979,14.939570197883995,-0.5456771741830948
grape_leader_catalog_rescue_voice_people_input_hammer,IgM,30,19,0.5589724541282979,15.734136899351963,0.02240360570388243
grape_leader_catalog_rescue_voice_people_input_hammer,IgM,31,19,0.5589724541282979,15.734136899351963,0.02240360570388243
grape_leader_catalog_rescue_voice_people_input_hammer,IgM,32,20,1.3677189632096503,16.321786604397722,-0.45916659875956334
grape_leader_catalog_rescue_voice_people_input_hammer,IgM,33,21,-1.3854375349398593,16.70251931302127,-0.6196674795414561
grape_leader_catalog_rescue_voice_people_input_hammer,IgM,34,22,-1.2313285566261374,19.020016848983424,-0.34632163474213196
grape_leader_catalog_rescue_voice_people_input_hammer,IgM,35,23,-1.3854375349398593,19.60766655402918,-0.3870837404370735
grape_leader_catalog_rescue_voice_people_input_hammer,IgM,36,23,0.04884662497261053,19.988399262652727,-0.17676110698207703
grape_leader_catalog_rescue_voice_people_input_hammer,IgM,37,24,0.5589724541282979,20.576048967698487,-0.4038681330961638
grape_leader_catalog_rescue_voice_people_input_hammer,IgM,38,24,0.5589724541282979,20.576048967698487,-0.6126239188612475
grape_leader_catalog_rescue_voice_people_input_hammer,IgM,39,27,-0.4207631544924123,22.719730791459305,-0.138247025172268
grape_leader_catalog_rescue_voice_people_input_hammer,IgM,40,27,0.08962486797974716,22.338998082835758,-0.7537517885004943
grape_leader_catalog_rescue_voice_people_input_hammer,IgM,41,28,-1.9243297742798746,22.54591507925797,-0.6797614831421329
grape_leader_catalog_rescue_voice_people_input_hammer,IgM,42,35,-0.4207631544924123,30.466790100813746,-0.6698298260340179
grief_enhance_solve_armor_label_heavy_visit_rug,IgM,0,7,-0.5384732379786434,5.6364787698144925,-0.6165081748452632
grief_enhance_solve_armor_label_heavy_visit_rug,IgM,1,7,-0.8260093901221207,5.255746061190946,-0.6165081748452632
grief_enhance_solve_armor_label_heavy_visit_rug,IgM,2,8,-1.049065379029741,5.8433957662367035,-0.6165081748452632
grief_enhance_solve_armor_label_heavy_visit_rug,IgM,3,8,-1.049065379029741,5.8433957662367035,-0.6165081748452632
grief_enhance_solve_armor_label_heavy_visit_rug,IgM,4,8,0.2717276959164277,5.8433957662367035,-0.6165081748452632
grief_enhance_solve_armor_label_heavy_visit_rug,IgM,5,9,0.7816788823627474,6.431045471282461,-0.6165081748452632
grief_enhance_solve_armor_label_heavy_visit_rug,IgM,6,10,-1.2313285566261374,7.399427884951766,-0.6165081748452632
grief_enhance_solve_armor_label_heavy_visit_rug,IgM,7,10,-0.8260093901221207,8.160893302198861,-0.6165081748452632
grief_enhance_solve_armor_label_heavy_visit_rug,IgM,8,10,-0.8260093901221207,8.160893302198861,-0.6165081748452632
grief_enhance_solve_armor_label_heavy_visit_rug,IgM,9,10,1.0686328406949839,7.780160593575313,-0.6165081748452632
grief_enhance_solve_armor_label_heavy_visit_rug,IgM,10,10,-0.8260093901221207,8.160893302198861,-0.6165081748452632
grief_enhance_solve_armor_label_heavy_visit_rug,IgM,11,10,-0.8260093901221207,8.160893302198861,-0.6165081748452632
grief_enhance_solve_armor_label_heavy_visit_rug,IgM,12,10,-0.8260093901221207,8.160893302198861,-0.6165081748452632
grief_enhance_solve_armor_label_heavy_visit_rug,IgM,13,10,-0.8260093901221207,8.160893302198861,-0.6165081748452632
grief_enhance_solve_armor_label_heavy_visit_rug,IgM,14,10,-0.8260093901221207,8.160893302198861,-0.6165081748452632
grief_enhance_solve_armor_label_heavy_visit_rug,IgM,15,10,-0.8260093901221207,8.160893302198861,-0.6165081748452632
grief_enhance_solve_armor_label_heavy_visit_rug,IgM,16,11,0.04884662497261053,8.367810298621071,-0.6165081748452632
grief_enhance_solve_armor_label_heavy_visit_rug,IgM,17,11,-1.2313285566261374,8.367810298621071,-0.6165081748452632
grief_enhance_solve_armor_label_heavy_visit_rug,IgM,18,11,-1.049065379029741,8.748543007244617,-0.6165081748452632
grief_enhance_solve_armor_label_heavy_visit_rug,IgM,19,11,0.04884662497261053,8.367810298621071,-0.6165081748452632
grief_enhance_solve_armor_label_heavy_visit_rug,IgM,20,11,0.04884662497261053,8.367810298621071,-0.6165081748452632
grief_enhance_solve_armor_label_heavy_visit_rug,IgM,21,11,0.04884662497261053,8.367810298621071,-0.6165081748452632
grief_enhance_solve_armor_label_heavy_visit_rug,IgM,22,11,0.04884662497261053,8.367810298621071,-0.6165081748452632
grief_enhance_solve_armor_label_heavy_visit_rug,IgM,23,11,-0.8260093901221207,9.129275715868165,-0.6165081748452632
grief_enhance_solve_armor_label_heavy_visit_rug,IgM,24,11,0.04884662497261053,8.367810298621071,-0.6165081748452632
grief_enhance_solve_armor_label_heavy_visit_rug,IgM,25,11,0.5589724541282979,9.129275715868165,-0.6165081748452632
grief_enhance_solve_armor_label_heavy_visit_rug,IgM,26,11,0.04884662497261053,8.367810298621071,-0.6165081748452632
grief_enhance_solve_armor_label_heavy_visit_rug,IgM,27,11,0.5589724541282979,9.129275715868165,-0.6165081748452632
grief_enhance_solve_armor_label_heavy_visit_rug,IgM,28,11,0.04884662497261053,8.367810298621071,-0.6165081748452632
grief_enhance_solve_armor_label_heavy_visit_rug,IgM,29,11,-1.2313285566261374,8.367810298621071,-0.6165081748452632
grief_enhance_solve_armor_label_heavy_visit_rug,IgM,30,11,0.04884662497261053,8.367810298621071,-0.6165081748452632
grief_enhance_solve_armor_label_heavy_visit_rug,IgM,31,11,0.04884662497261053,8.367810298621071,-0.6165081748452632
grief_enhance_solve_armor_label_heavy_visit_rug,IgM,32,11,1.0686328406949839,8.748543007244617,-0.6165081748452632
grief_enhance_solve_armor_label_heavy_visit_rug,IgM,33,11,-1.2313285566261374,8.367810298621071,-0.6165081748452632
grief_enhance_solve_armor_label_heavy_visit_rug,IgM,34,11,-1.2313285566261374,8.367810298621071,-0.6165081748452632
grief_enhance_solve_armor_label_heavy_visit_rug,IgM,35,11,-1.2313285566261374,8.367810298621071,-0.6165081748452632
grief_enhance_solve_armor_label_heavy_visit_rug,IgM,36,11,-1.049065379029741,8.748543007244617,-0.6165081748452632
grief_enhance_solve_armor_label_heavy_visit_rug,IgM,37,11,-1.2313285566261374,8.367810298621071,-0.6165081748452632
grief_enhance_solve_armor_label_heavy_visit_rug,IgM,38,11,-1.2313285566261374,8.367810298621071,-0.6165081748452632
grief_enhance_solve_armor_label_heavy_visit_rug,IgM,39,11,-1.2313285566261374,8.367810298621071,-0.6165081748452632
grief_enhance_solve_armor_label_heavy_visit_rug,IgM,40,11,-1.049065379029741,8.748543007244617,-0.6165081748452632
grief_enhance_solve_armor_label_heavy_visit_rug,IgM,41,12,-0.2873255496957979,8.574727295043282,-0.6165081748452632
grief_enhance_solve_armor_label_heavy_visit_rug,IgM,42,12,0.04884662497261053,9.336192712290377,-0.6165081748452632
grief_enhance_solve_armor_label_heavy_visit_rug,IgM,43,12,-0.2873255496957979,8.574727295043282,-0.6165081748452632
grief_enhance_solve_armor_label_heavy_visit_rug,IgM,44,12,0.2717276959164277,9.716925420913922,-0.6165081748452632
grief_enhance_solve_armor_label_heavy_visit_rug,IgM,45,12,0.2717276959164277,9.716925420913922,-0.6165081748452632
grief_enhance_solve_armor_label_heavy_visit_rug,IgM,46,12,-0.2873255496957979,8.574727295043282,-0.6165081748452632
grief_enhance_solve_armor_label_heavy_visit_rug,IgM,47,12,-0.2873255496957979,8.574727295043282,-0.6165081748452632
grief_enhance_solve_armor_label_heavy_visit_rug,IgM,48,12,-0.13329990662440827,8.955460003666829,-0.6165081748452632
grief_enhance_solve_armor_label_heavy_visit_rug,IgM,49,12,-0.2873255496957979,8.574727295043282,-0.6165081748452632
grief_enhance_solve_armor_label_heavy_visit_rug,IgM,50,12,-0.2873255496957979,8.574727295043282,-0.6165081748452632
grief_enhance_solve_armor_label_heavy_visit_rug,IgM,51,12,-0.13329990662440827,8.955460003666829,-0.6165081748452632
grief_enhance_solve_armor_label_heavy_visit_rug,IgM,52,12,-0.2873255496957979,8.574727295043282,-0.6165081748452632
grief_enhance_solve_armor_label_heavy_visit_rug,IgM,53,12,0.2717276959164277,9.716925420913922,-0.6165081748452632
grief_enhance_solve_armor_label_heavy_visit_rug,IgM,54,12,-1.5189376502879606,8.574727295043282,-0.6165081748452632
grief_enhance_solve_armor_label_heavy_visit_rug,IgM,55,12,0.2717276959164277,9.716925420913922,-0.6165081748452632
grief_enhance_solve_armor_label_heavy_visit_rug,IgM,56,12,0.2717276959164277,9.716925420913922,-0.6165081748452632
grief_enhance_solve_armor_label_heavy_visit_rug,IgM,57,12,-0.2873255496957979,8.574727295043282,-0.6165081748452632
grief_enhance_solve_armor_label_heavy_visit_rug,IgM,58,12,-0.2873255496957979,8.574727295043282,-0.6165081748452632
grief_enhance_solve_armor_label_heavy_visit_rug,IgM,59,12,-0.2873255496957979,8.574727295043282,-0.6165081748452632
grief_enhance_solve_armor_label_heavy_visit_rug,IgM,60,12,-0.13329990662440827,8.955460003666829,-0.6165081748452632
grief_enhance_solve_armor_label_heavy_visit_rug,IgM,61,12,-0.2873255496957979,8.574727295043282,-0.6165081748452632
grief_enhance_solve_armor_label_heavy_visit_rug,IgM,62,12,-0.2873255496957979,8.574727295043282,-0.6165081748452632
grief_enhance_solve_armor_label_heavy_visit_rug,IgM,63,12,-0.2873255496957979,8.574727295043282,-0.6165081748452632
grief_enhance_solve_armor_label_heavy_visit_rug,IgM,64,12,0.2717276959164277,9.716925420913922,-0.6165081748452632
grief_enhance_solve_armor_label_heavy_visit_rug,IgM,65,12,-0.2873255496957979,8.574727295043282,-0.6165081748452632
grief_enhance_solve_armor_label_heavy_visit_rug,IgM,66,12,0.5589724541282979,10.09765812953747,-0.6165081748452632
grief_enhance_solve_armor_label_heavy_visit_rug,IgM,67,12,0.2717276959164277,9.716925420913922,-0.6165081748452632
grief_enhance_solve_armor_label_heavy_visit_rug,IgM,68,12,0.2717276959164277,9.716925420913922,-0.6165081748452632
grief_enhance_solve_armor_label_heavy_visit_rug,IgM,69,12,-0.13329990662440827,8.955460003666829,-0.6165081748452632
grief_enhance_solve_armor_label_heavy_visit_rug,IgM,70,13,-1.049065379029741,10.685307834583227,-0.6165081748452632
grief_enhance_solve_armor_label_heavy_visit_rug,IgM,71,13,0.04884662497261053,10.30457512595968,-0.6165081748452632
grief_enhance_solve_armor_label_heavy_visit_rug,IgM,72,13,-1.049065379029741,10.685307834583227,-0.6165081748452632
grief_enhance_solve_armor_label_heavy_visit_rug,IgM,73,13,0.04884662497261053,10.30457512595968,-0.6165081748452632
grief_enhance_solve_armor_label_heavy_visit_rug,IgM,74,13,-1.049065379029741,10.685307834583227,-0.6165081748452632
grief_enhance_solve_armor_label_heavy_visit_rug,IgM,75,13,-1.049065379029741,10.685307834583227,-0.6165081748452632
grief_enhance_solve_armor_label_heavy_visit_rug,IgM,76,13,0.7816788823627474,10.30457512595968,-0.6165081748452632
grief_enhance_solve_armor_label_heavy_visit_rug,IgM,77,13,-1.049065379029741,10.685307834583227,-0.6165081748452632
grief_enhance_solve_armor_label_heavy_visit_rug,IgM,78,13,-1.049065379029741,10.685307834583227,-0.6165081748452632
grief_enhance_solve_armor_label_heavy_visit_rug,IgM,79,13,-1.049065379029741,10.685307834583227,-0.6165081748452632
grief_enhance_solve_armor_label_heavy_visit_rug,IgM,80,13,-1.049065379029741,10.685307834583227,-0.6165081748452632
grief_enhance_solve_armor_label_heavy_visit_rug,IgM,81,13,0.04884662497261053,10.30457512595968,-0.6165081748452632
grief_enhance_solve_armor_label_heavy_visit_rug,IgM,82,13,-0.13329990662440827,9.923842417336134,-0.6165081748452632
grief_enhance_solve_armor_label_heavy_visit_rug,IgM,83,13,-0.13329990662440827,9.923842417336134,-0.6165081748452632
grief_enhance_solve_armor_label_heavy_visit_rug,IgM,84,13,0.04884662497261053,10.30457512595968,-0.6165081748452632
grief_enhance_solve_armor_label_heavy_visit_rug,IgM,85,13,1.5675175092722258,9.16237700008904,-0.6165081748452632
grief_enhance_solve_armor_label_heavy_visit_rug,IgM,86,13,-0.13329990662440827,9.923842417336134,-0.6165081748452632
grief_enhance_solve_armor_label_heavy_visit_rug,IgM,87,13,-1.049065379029741,10.685307834583227,-0.6165081748452632
grief_enhance_solve_armor_label_heavy_visit_rug,IgM,88,13,-1.049065379029741,10.685307834583227,-0.6165081748452632
grief_enhance_solve_armor_label_heavy_visit_rug,IgM,89,13,0.04884662497261053,10.30457512595968,-0.6165081748452632
grief_enhance_solve_armor_label_heavy_visit_rug,IgM,90,13,0.04884662497261053,10.30457512595968,-0.6165081748452632
grief_enhance_solve_armor_label_heavy_visit_rug,IgM,91,14,0.04884662497261053,11.272957539628985,-0.6165081748452632
grief_enhance_solve_armor_label_heavy_visit_rug,IgM,92,14,-1.049065379029741,11.65369024825253,-0.6165081748452632
grief_enhance_solve_armor_label_heavy_visit_rug,IgM,93,14,-0.13329990662440827,10.89222483100544,-0.6165081748452632
grief_enhance_solve_armor_label_heavy_visit_rug,IgM,94,14,-0.13329990662440827,10.89222483100544,-0.6165081748452632
grief_enhance_solve_armor_label_heavy_visit_rug,IgM,95,14,-0.13329990662440827,10.89222483100544,-0.6165081748452632
grief_enhance_solve_armor_label_heavy_visit_rug,IgM,96,14,0.5589724541282979,10.89222483100544,-0.6165081748452632
grief_enhance_solve_armor_label_heavy_visit_rug,IgM,97,14,-0.13329990662440827,10.89222483100544,-0.6165081748452632
grief_enhance_solve_armor_label_heavy_visit_rug,IgM,98,14,-1.049065379029741,11.65369024825253,-0.6165081748452632
grief_enhance_solve_armor_label_heavy_visit_rug,IgM,99,14,0.04884662497261053,11.272957539628985,-0.6165081748452632
grief_enhance_solve_armor_label_heavy_visit_rug,IgM,100,14,-1.049065379029741,11.65369024825253,-0.6165081748452632
grief_enhance_solve_armor_label_heavy_visit_rug,IgM,101,14,0.04884662497261053,11.272957539628985,-0.6165081748452632
grief_enhance_solve_armor_label_heavy_visit_rug,IgM,102,14,0.04884662497261053,11.272957539628985,-0.6165081748452632
grief_enhance_solve_armor_label_heavy_visit_rug,IgM,103,14,-1.049065379029741,11.65369024825253,-0.6165081748452632
grief_enhance_solve_armor_label_heavy_visit_rug,IgM,104,14,0.04884662497261053,11.272957539628985,-0.6165081748452632
grief_enhance_solve_armor_label_heavy_visit_rug,IgM,105,14,0.04884662497261053,11.272957539628985,-0.6165081748452632
grief_enhance_solve_armor_label_heavy_visit_rug,IgM,106,14,0.04884662497261053,11.272957539628985,-0.6165081748452632
grief_enhance_solve_armor_label_heavy_visit_rug,IgM,107,14,0.04884662497261053,11.272957539628985,-0.6165081748452632
grief_enhance_solve_armor_label_heavy_visit_rug,IgM,108,14,-1.049065379029741,11.65369024825253,-0.6165081748452632
grief_enhance_solve_armor_label_heavy_visit_rug,IgM,109,14,-1.049065379029741,11.65369024825253,-0.6165081748452632
grief_enhance_solve_armor_label_heavy_visit_rug,IgM,110,14,-1.049065379029741,11.65369024825253,-0.6165081748452632
grief_enhance_solve_armor_label_heavy_visit_rug,IgM,111,14,0.04884662497261053,11.272957539628985,-0.6165081748452632
grief_enhance_solve_armor_label_heavy_visit_rug,IgM,112,14,-1.049065379029741,11.65369024825253,-0.6165081748452632
grief_enhance_solve_armor_label_heavy_visit_rug,IgM,113,14,-1.049065379029741,11.65369024825253,-0.6165081748452632
grief_enhance_solve_armor_label_heavy_visit_rug,IgM,114,14,-1.049065379029741,11.65369024825253,-0.6165081748452632
grief_enhance_solve_armor_label_heavy_visit_rug,IgM,115,14,-1.049065379029741,11.65369024825253,-0.6165081748452632
grief_enhance_solve_armor_label_heavy_visit_rug,IgM,116,14,-0.13329990662440827,10.89222483100544,-0.6165081748452632
grief_enhance_solve_armor_label_heavy_visit_rug,IgM,117,14,0.5589724541282979,10.89222483100544,-0.6165081748452632
grief_enhance_solve_armor_label_heavy_visit_rug,IgM,118,14,-1.049065379029741,11.65369024825253,-0.6165081748452632
grief_enhance_solve_armor_label_heavy_visit_rug,IgM,119,14,-1.049065379029741,11.65369024825253,-0.6165081748452632
grief_enhance_solve_armor_label_heavy_visit_rug,IgM,120,14,-0.13329990662440827,10.89222483100544,-0.6165081748452632
grief_enhance_solve_armor_label_heavy_visit_rug,IgM,121,14,-1.049065379029741,11.65369024825253,-0.6165081748452632
grief_enhance_solve_armor_label_heavy_visit_rug,IgM,122,14,-0.13329990662440827,10.89222483100544,-0.6165081748452632
grief_enhance_solve_armor_label_heavy_visit_rug,IgM,123,14,-1.049065379029741,11.65369024825253,-0.6165081748452632
grief_enhance_solve_armor_label_heavy_visit_rug,IgM,124,14,-0.13329990662440827,10.89222483100544,-0.6165081748452632
grief_enhance_solve_armor_label_heavy_visit_rug,IgM,125,14,-1.049065379029741,11.65369024825253,-0.6165081748452632
grief_enhance_solve_armor_label_heavy_visit_rug,IgM,126,14,-0.13329990662440827,10.89222483100544,-0.6165081748452632
grief_enhance_solve_armor_label_heavy_visit_rug,IgM,127,14,-1.049065379029741,11.65369024825253,-0.6165081748452632
grief_enhance_solve_armor_label_heavy_visit_rug,IgM,128,14,-1.049065379029741,11.65369024825253,-0.6165081748452632
grief_enhance_solve_armor_label_heavy_visit_rug,IgM,129,14,-1.049065379029741,11.65369024825253,-0.6165081748452632
grief_enhance_solve_armor_label_heavy_visit_rug,IgM,130,14,0.2717276959164277,11.65369024825253,-0.6165081748452632
grief_enhance_solve_armor_label_heavy_visit_rug,IgM,131,14,0.04884662497261053,11.272957539628985,-0.6165081748452632
grief_enhance_solve_armor_label_heavy_visit_rug,IgM,132,14,-0.13329990662440827,10.89222483100544,-0.6165081748452632
grief_enhance_solve_armor_label_heavy_visit_rug,IgM,133,14,-1.049065379029741,11.65369024825253,-0.6165081748452632
grief_enhance_solve_armor_label_heavy_visit_rug,IgM,134,14,-0.13329990662440827,10.89222483100544,-0.6165081748452632
grief_enhance_solve_armor_label_heavy_visit_rug,IgM,135,14,-0.13329990662440827,10.89222483100544,-0.6165081748452632
grief_enhance_solve_armor_label_heavy_visit_rug,IgM,136,14,1.4039411963144843,11.272957539628985,-0.6165081748452632
grief_enhance_solve_armor_label_heavy_visit_rug,IgM,137,14,-1.049065379029741,11.65369024825253,-0.6165081748452632
grief_enhance_solve_armor_label_heavy_visit_rug,IgM,138,14,-1.2313285566261374,11.272957539628985,-0.6165081748452632
grief_enhance_solve_armor_label_heavy_visit_rug,IgM,139,14,-1.049065379029741,11.65369024825253,-0.6165081748452632
grief_enhance_solve_armor_label_heavy_visit_rug,IgM,140,14,-1.049065379029741,11.65369024825253,-0.6165081748452632
grief_enhance_solve_armor_label_heavy_visit_rug,IgM,141,14,-1.049065379029741,11.65369024825253,-0.6165081748452632
grief_enhance_solve_armor_label_heavy_visit_rug,IgM,142,14,-1.049065379029741,11.65369024825253,-0.6165081748452632
grief_enhance_solve_armor_label_heavy_visit_rug,IgM,143,14,-0.13329990662440827,10.89222483100544,-0.6165081748452632
grief_enhance_solve_armor_label_heavy_visit_rug,IgM,144,14,-1.049065379029741,11.65369024825253,-0.6165081748452632
grief_enhance_solve_armor_label_heavy_visit_rug,IgM,145,14,-1.049065379029741,11.65369024825253,-0.6165081748452632
grief_enhance_solve_armor_label_heavy_visit_rug,IgM,146,14,-0.13329990662440827,10.89222483100544,-0.6165081748452632
grief_enhance_solve_armor_label_heavy_visit_rug,IgM,147,14,-1.049065379029741,11.65369024825253,-0.6165081748452632
grief_enhance_solve_armor_label_heavy_visit_rug,IgM,148,14,-1.049065379029741,11.65369024825253,-0.6165081748452632
grief_enhance_solve_armor_label_heavy_visit_rug,IgM,149,14,-1.049065379029741,11.65369024825253,-0.6165081748452632
grief_enhance_solve_armor_label_heavy_visit_rug,IgM,150,14,-1.049065379029741,11.65369024825253,-0.6165081748452632
grief_enhance_solve_armor_label_heavy_visit_rug,IgM,151,14,-1.049065379029741,11.65369024825253,-0.6165081748452632
grief_enhance_solve_armor_label_heavy_visit_rug,IgM,152,14,-1.049065379029741,11.65369024825253,-0.6165081748452632
grief_enhance_solve_armor_label_heavy_visit_rug,IgM,153,14,-1.049065379029741,11.65369024825253,-0.6165081748452632
grief_enhance_solve_armor_label_heavy_visit_rug,IgM,154,14,-0.13329990662440827,10.89222483100544,-0.6165081748452632
grief_enhance_solve_armor_label_heavy_visit_rug,IgM,155,14,-0.13329990662440827,10.89222483100544,-0.6165081748452632
grief_enhance_solve_armor_label_heavy_visit_rug,IgM,156,14,0.04884662497261053,11.272957539628985,-0.6165081748452632
grief_enhance_solve_armor_label_heavy_visit_rug,IgM,157,14,-1.049065379029741,11.65369024825253,-0.6165081748452632
grief_enhance_solve_armor_label_heavy_visit_rug,IgM,158,14,-1.049065379029741,11.65369024825253,-0.6165081748452632
grief_enhance_solve_armor_label_heavy_visit_rug,IgM,159,14,1.4039411963144843,11.272957539628985,-0.6165081748452632
grief_enhance_solve_armor_label_heavy_visit_rug,IgM,160,14,-1.049065379029741,11.65369024825253,-0.6165081748452632
grief_enhance_solve_armor_label_heavy_visit_rug,IgM,161,14,-1.049065379029741,11.65369024825253,-0.6165081748452632
grief_enhance_solve_armor_label_heavy_visit_rug,IgM,162,14,1.4039411963144843,11.272957539628985,-0.6165081748452632
grief_enhance_solve_armor_label_heavy_visit_rug,IgM,163,14,-1.049065379029741,11.65369024825253,-0.6165081748452632
grief_enhance_solve_armor_label_heavy_visit_rug,IgM,164,14,-1.049065379029741,11.65369024825253,-0.6165081748452632
grief_enhance_solve_armor_label_heavy_visit_rug,IgM,165,14,-1.2313285566261374,11.272957539628985,-0.6165081748452632
grief_enhance_solve_armor_label_heavy_visit_rug,IgM,166,14,-1.049065379029741,11.65369024825253,-0.6165081748452632
grief_enhance_solve_armor_label_heavy_visit_rug,IgM,167,14,-1.3854375349398593,10.89222483100544,-0.6165081748452632
grief_enhance_solve_armor_label_heavy_visit_rug,IgM,168,14,0.04884662497261053,11.272957539628985,-0.6165081748452632
grief_enhance_solve_armor_label_heavy_visit_rug,IgM,169,14,1.4039411963144843,11.272957539628985,-0.6165081748452632
grief_enhance_solve_armor_label_heavy_visit_rug,IgM,170,14,-0.13329990662440827,10.89222483100544,-0.6165081748452632
grief_enhance_solve_armor_label_heavy_visit_rug,IgM,171,14,-0.13329990662440827,10.89222483100544,-0.6165081748452632
grief_enhance_solve_armor_label_heavy_visit_rug,IgM,172,14,-1.049065379029741,11.65369024825253,-0.6165081748452632
grief_enhance_solve_armor_label_heavy_visit_rug,IgM,173,14,1.4039411963144843,11.272957539628985,-0.6165081748452632
grief_enhance_solve_armor_label_heavy_visit_rug,IgM,174,14,-1.049065379029741,11.65369024825253,-0.6165081748452632
grief_enhance_solve_armor_label_heavy_visit_rug,IgM,175,14,-1.049065379029741,11.65369024825253,-0.6165081748452632
grief_enhance_solve_armor_label_heavy_visit_rug,IgM,176,14,-1.049065379029741,11.65369024825253,-0.6165081748452632
grief_enhance_solve_armor_label_heavy_visit_rug,IgM,177,14,-1.2313285566261374,11.272957539628985,-0.6165081748452632
grief_enhance_solve_armor_label_heavy_visit_rug,IgM,178,14,-1.049065379029741,11.65369024825253,-0.6165081748452632
grief_enhance_solve_armor_label_heavy_visit_rug,IgM,179,14,-0.13329990662440827,10.89222483100544,-0.6165081748452632
grief_enhance_solve_armor_label_heavy_visit_rug,IgM,180,14,-1.049065379029741,11.65369024825253,-0.6165081748452632
grief_enhance_solve_armor_label_heavy_visit_rug,IgM,181,14,1.4039411963144843,11.272957539628985,-0.6165081748452632
grief_enhance_solve_armor_label_heavy_visit_rug,IgM,182,15,-0.13329990662440827,11.860607244674743,-0.6165081748452632
grief_enhance_solve_armor_label_heavy_visit_rug,IgM,183,15,-0.13329990662440827,11.860607244674743,-0.6165081748452632
grief_enhance_solve_armor_label_heavy_visit_rug,IgM,184,15,0.5589724541282979,11.860607244674743,-0.6165081748452632
grief_enhance_solve_armor_label_heavy_visit_rug,IgM,185,15,0.8947453855092655,11.479874536051195,-0.6165081748452632
grief_enhance_solve_armor_label_heavy_visit_rug,IgM,186,15,-0.13329990662440827,11.860607244674743,-0.6165081748452632
grief_enhance_solve_armor_label_heavy_visit_rug,IgM,187,15,-1.049065379029741,12.622072661921838,-0.6165081748452632
grief_enhance_solve_armor_label_heavy_visit_rug,IgM,188,15,-0.13329990662440827,11.860607244674743,-0.6165081748452632
grief_enhance_solve_armor_label_heavy_visit_rug,IgM,189,15,-1.049065379029741,12.622072661921838,-0.6165081748452632
grief_enhance_solve_armor_label_heavy_visit_rug,IgM,190,15,-1.2313285566261374,12.24133995329829,-0.6165081748452632
grief_enhance_solve_armor_label_heavy_visit_rug,IgM,191,15,-0.13329990662440827,11.860607244674743,-0.6165081748452632
grief_enhance_solve_armor_label_heavy_visit_rug,IgM,192,15,-0.13329990662440827,11.860607244674743,-0.6165081748452632
grief_enhance_solve_armor_label_heavy_visit_rug,IgM,193,15,-0.13329990662440827,11.860607244674743,-0.6165081748452632
grief_enhance_solve_armor_label_heavy_visit_rug,IgM,194,15,0.37694241891061303,11.479874536051195,-0.6165081748452632
grief_enhance_solve_armor_label_heavy_visit_rug,IgM,195,15,-0.13329990662440827,11.860607244674743,-0.6165081748452632
grief_enhance_solve_armor_label_heavy_visit_rug,IgM,196,15,-0.13329990662440827,11.860607244674743,-0.6165081748452632
grief_enhance_solve_armor_label_heavy_visit_rug,IgM,197,15,-0.13329990662440827,11.860607244674743,-0.6165081748452632
grief_enhance_solve_armor_label_heavy_visit_rug,IgM,198,15,-0.13329990662440827,11.860607244674743,-0.6165081748452632
grief_enhance_solve_armor_label_heavy_visit_rug,IgM,199,15,-0.13329990662440827,11.860607244674743,-0.6165081748452632
grief_enhance_solve_armor_label_heavy_visit_rug,IgM,200,15,-0.13329990662440827,11.860607244674743,-0.6165081748452632
grief_enhance_solve_armor_label_heavy_visit_rug,IgM,201,15,-0.13329990662440827,11.860607244674743,-0.6165081748452632
grief_enhance_solve_armor_label_heavy_visit_rug,IgM,202,15,-0.13329990662440827,11.860607244674743,-0.6165081748452632
grief_enhance_solve_armor_label_heavy_visit_rug,IgM,203,16,0.7128316973393489,12.067524241096955,-0.6165081748452632
grief_enhance_solve_armor_label_heavy_visit_rug,IgM,204,16,0.7128316973393489,12.067524241096955,-0.6165081748452632
grief_enhance_solve_armor_label_heavy_visit_rug,IgM,205,16,0.7128316973393489,12.067524241096955,-0.6165081748452632
grief_enhance_solve_armor_label_heavy_visit_rug,IgM,206,16,0.7128316973393489,12.067524241096955,-0.6165081748452632
grief_enhance_solve_armor_label_heavy_visit_rug,IgM,207,16,0.7128316973393489,12.067524241096955,-0.6165081748452632
grief_enhance_solve_armor_label_heavy_visit_rug,IgM,208,16,0.7128316973393489,12.067524241096955,-0.6165081748452632
grief_enhance_solve_armor_label_heavy_visit_rug,IgM,209,16,0.7128316973393489,12.067524241096955,-0.6165081748452632
grief_enhance_solve_armor_label_heavy_visit_rug,IgM,210,16,0.7128316973393489,12.067524241096955,-0.6165081748452632
grief_enhance_solve_armor_label_heavy_visit_rug,IgM,211,16,0.04884662497261053,13.209722366967595,-0.6165081748452632
grief_enhance_solve_armor_label_heavy_visit_rug,IgM,212,16,0.7128316973393489,12.067524241096955,-0.6165081748452632
grief_enhance_solve_armor_label_heavy_visit_rug,IgM,213,16,-0.13329990662440827,12.828989658344048,-0.6165081748452632
grief_enhance_solve_armor_label_heavy_visit_rug,IgM,214,16,0.7128316973393489,12.067524241096955,-0.6165081748452632
grief_enhance_solve_armor_label_heavy_visit_rug,IgM,215,16,0.7128316973393489,12.067524241096955,-0.6165081748452632
grief_enhance_solve_armor_label_heavy_visit_rug,IgM,216,16,0.7128316973393489,12.067524241096955,-0.6165081748452632
grief_enhance_solve_armor_label_heavy_visit_rug,IgM,217,16,0.7128316973393489,12.067524241096955,-0.6165081748452632
grief_enhance_solve_armor_label_heavy_visit_rug,IgM,218,16,0.7128316973393489,12.067524241096955,-0.6165081748452632
grief_enhance_solve_armor_label_heavy_visit_rug,IgM,219,16,0.7128316973393489,12.067524241096955,-0.6165081748452632
grief_enhance_solve_armor_label_heavy_visit_rug,IgM,220,16,0.7128316973393489,12.067524241096955,-0.6165081748452632
grief_enhance_solve_armor_label_heavy_visit_rug,IgM,221,16,0.7128316973393489,12.067524241096955,-0.6165081748452632
grief_enhance_solve_armor_label_heavy_visit_rug,IgM,222,16,0.7128316973393489,12.067524241096955,-0.6165081748452632
grief_enhance_solve_armor_label_heavy_visit_rug,IgM,223,16,0.7128316973393489,12.067524241096955,-0.6165081748452632
grief_enhance_solve_armor_label_heavy_visit_rug,IgM,224,16,0.7128316973393489,12.067524241096955,-0.6165081748452632
grief_enhance_solve_armor_label_heavy_visit_rug,IgM,225,16,0.7128316973393489,12.067524241096955,-0.6165081748452632
grief_enhance_solve_armor_label_heavy_visit_rug,IgM,226,16,0.7128316973393489,12.067524241096955,-0.6165081748452632
grief_enhance_solve_armor_label_heavy_visit_rug,IgM,227,16,0.7128316973393489,12.067524241096955,-0.6165081748452632
grief_enhance_solve_armor_label_heavy_visit_rug,IgM,228,16,0.7128316973393489,12.067524241096955,-0.6165081748452632
grief_enhance_solve_armor_label_heavy_visit_rug,IgM,229,16,0.7128316973393489,12.067524241096955,-0.6165081748452632
grief_enhance_solve_armor_label_heavy_visit_rug,IgM,230,17,1.3677189632096503,13.416639363389805,-0.6165081748452632
grief_enhance_solve_armor_label_heavy_visit_rug,IgM,231,17,1.3677189632096503,13.416639363389805,-0.6165081748452632
grief_enhance_solve_armor_label_heavy_visit_rug,IgM,232,17,0.04884662497261053,14.1781047806369,-0.6165081748452632
grief_enhance_solve_armor_label_heavy_visit_rug,IgM,233,17,0.04884662497261053,14.1781047806369,-0.6165081748452632
grief_enhance_solve_armor_label_heavy_visit_rug,IgM,234,17,0.04884662497261053,14.1781047806369,-0.6165081748452632
grief_enhance_solve_armor_label_heavy_visit_rug,IgM,235,17,0.04884662497261053,14.1781047806369,-0.6165081748452632
grief_enhance_solve_armor_label_heavy_visit_rug,IgM,236,17,1.3677189632096503,13.416639363389805,-0.6165081748452632
grief_enhance_solve_armor_label_heavy_visit_rug,IgM,237,17,0.04884662497261053,14.1781047806369,-0.6165081748452632
grief_enhance_solve_armor_label_heavy_visit_rug,IgM,238,17,1.3677189632096503,13.416639363389805,-0.6165081748452632
grief_enhance_solve_armor_label_heavy_visit_rug,IgM,239,17,1.3677189632096503,13.416639363389805,-0.6165081748452632
grief_enhance_solve_armor_label_heavy_visit_rug,IgM,240,17,0.04884662497261053,14.1781047806369,-0.6165081748452632
grief_enhance_solve_armor_label_heavy_visit_rug,IgM,241,17,0.04884662497261053,14.1781047806369,-0.6165081748452632
grief_enhance_solve_armor_label_heavy_visit_rug,IgM,242,17,0.04884662497261053,14.1781047806369,-0.6165081748452632
grief_enhance_solve_armor_label_heavy_visit_rug,IgM,243,17,1.1172774456369179,13.797372072013353,-0.6165081748452632
grief_enhance_solve_armor_label_heavy_visit_rug,IgM,244,17,0.04884662497261053,14.1781047806369,-0.6165081748452632
grief_enhance_solve_armor_label_heavy_visit_rug,IgM,245,17,0.04884662497261053,14.1781047806369,-0.6165081748452632
grief_enhance_solve_armor_label_heavy_visit_rug,IgM,246,17,1.3677189632096503,13.416639363389805,-0.6165081748452632
grief_enhance_solve_armor_label_heavy_visit_rug,IgM,247,17,0.8947453855092655,13.416639363389805,-0.6165081748452632
grief_enhance_solve_armor_label_heavy_visit_rug,IgM,248,17,0.8947453855092655,13.416639363389805,-0.6165081748452632
grief_enhance_solve_armor_label_heavy_visit_rug,IgM,249,18,1.1453609972360244,14.004289068435563,-0.6165081748452632
grief_enhance_solve_armor_label_heavy_visit_rug,IgM,250,18,0.04884662497261053,15.146487194306205,-0.6165081748452632
grief_enhance_solve_armor_label_heavy_visit_rug,IgM,251,18,0.04884662497261053,15.146487194306205,-0.6165081748452632
grief_enhance_solve_armor_label_heavy_visit_rug,IgM,252,18,0.04884662497261053,15.146487194306205,-0.6165081748452632
grief_enhance_solve_armor_label_heavy_visit_rug,IgM,253,18,1.1453609972360244,14.004289068435563,-0.6165081748452632
grief_enhance_solve_armor_label_heavy_visit_rug,IgM,254,18,0.04884662497261053,15.146487194306205,-0.6165081748452632
grief_enhance_solve_armor_label_heavy_visit_rug,IgM,255,18,0.04884662497261053,15.146487194306205,-0.6165081748452632
grief_enhance_solve_armor_label_heavy_visit_rug,IgM,256,18,1.1453609972360244,14.004289068435563,-0.6165081748452632
grief_enhance_solve_armor_label_heavy_visit_rug,IgM,257,18,0.04884662497261053,15.146487194306205,-0.6165081748452632
grief_enhance_solve_armor_label_heavy_visit_rug,IgM,258,18,1.1453609972360244,14.004289068435563,-0.6165081748452632
grief_enhance_solve_armor_label_heavy_visit_rug,IgM,259,18,0.04884662497261053,15.146487194306205,-0.6165081748452632
grief_enhance_solve_armor_label_heavy_visit_rug,IgM,260,18,1.1453609972360244,14.004289068435563,-0.6165081748452632
grief_enhance_solve_armor_label_heavy_visit_rug,IgM,261,18,1.1453609972360244,14.004289068435563,-0.6165081748452632
grief_enhance_solve_armor_label_heavy_visit_rug,IgM,262,18,1.1453609972360244,14.004289068435563,-0.6165081748452632
grief_enhance_solve_armor_label_heavy_visit_rug,IgM,263,18,0.04884662497261053,15.146487194306205,-0.6165081748452632
grief_enhance_solve_armor_label_heavy_visit_rug,IgM,264,18,1.1453609972360244,14.004289068435563,-0.6165081748452632
grief_enhance_solve_armor_label_heavy_visit_rug,IgM,265,18,0.04884662497261053,15.146487194306205,-0.6165081748452632
grief_enhance_solve_armor_label_heavy_visit_rug,IgM,266,18,1.1453609972360244,14.004289068435563,-0.6165081748452632
grief_enhance_solve_armor_label_heavy_visit_rug,IgM,267,18,0.04884662497261053,15.146487194306205,-0.6165081748452632
grief_enhance_solve_armor_label_heavy_visit_rug,IgM,268,18,1.1453609972360244,14.004289068435563,-0.6165081748452632
grief_enhance_solve_armor_label_heavy_visit_rug,IgM,269,18,0.04884662497261053,15.146487194306205,-0.6165081748452632
grief_enhance_solve_armor_label_heavy_visit_rug,IgM,270,18,0.04884662497261053,15.146487194306205,-0.6165081748452632
grief_enhance_solve_armor_label_heavy_visit_rug,IgM,271,18,1.1453609972360244,14.004289068435563,-0.6165081748452632
grief_enhance_solve_armor_label_heavy_visit_rug,IgM,272,18,0.04884662497261053,15.146487194306205,-0.6165081748452632
grief_enhance_solve_armor_label_heavy_visit_rug,IgM,273,18,0.04884662497261053,15.146487194306205,-0.6165081748452632
grief_enhance_solve_armor_label_heavy_visit_rug,IgM,274,18,0.04884662497261053,15.146487194306205,-0.6165081748452632
grief_enhance_solve_armor_label_heavy_visit_rug,IgM,275,18,1.1453609972360244,14.004289068435563,-0.6165081748452632
grief_enhance_solve_armor_label_heavy_visit_rug,IgM,276,18,1.1453609972360244,14.004289068435563,-0.6165081748452632
grief_enhance_solve_armor_label_heavy_visit_rug,IgM,277,18,0.04884662497261053,15.146487194306205,-0.6165081748452632
grief_enhance_solve_armor_label_heavy_visit_rug,IgM,278,18,0.04884662497261053,15.146487194306205,-0.6165081748452632
grief_enhance_solve_armor_label_heavy_visit_rug,IgM,279,18,0.04884662497261053,15.146487194306205,-0.6165081748452632
grief_enhance_solve_armor_label_heavy_visit_rug,IgM,280,18,0.04884662497261053,15.146487194306205,-0.6165081748452632
grief_enhance_solve_armor_label_heavy_visit_rug,IgM,281,18,0.04884662497261053,15.146487194306205,-0.6165081748452632
grief_enhance_solve_armor_label_heavy_visit_rug,IgM,282,18,0.04884662497261053,15.146487194306205,-0.6165081748452632
grief_enhance_solve_armor_label_heavy_visit_rug,IgM,283,18,1.1453609972360244,14.004289068435563,-0.6165081748452632
grief_enhance_solve_armor_label_heavy_visit_rug,IgM,284,18,0.04884662497261053,15.146487194306205,-0.6165081748452632
grief_enhance_solve_armor_label_heavy_visit_rug,IgM,285,18,0.04884662497261053,15.146487194306205,-0.6165081748452632
grief_enhance_solve_armor_label_heavy_visit_rug,IgM,286,18,0.04884662497261053,15.146487194306205,-0.6165081748452632
grief_enhance_solve_armor_label_heavy_visit_rug,IgM,287,18,1.1453609972360244,14.004289068435563,-0.6165081748452632
grief_enhance_solve_armor_label_heavy_visit_rug,IgM,288,18,1.1453609972360244,14.004289068435563,-0.6165081748452632
grief_enhance_solve_armor_label_heavy_visit_rug,IgM,289,18,0.04884662497261053,15.146487194306205,-0.6165081748452632
grief_enhance_solve_armor_label_heavy_visit_rug,IgM,290,18,1.1453609972360244,14.004289068435563,-0.6165081748452632
grief_enhance_solve_armor_label_heavy_visit_rug,IgM,291,18,0.04884662497261053,15.146487194306205,-0.6165081748452632
grief_enhance_solve_armor_label_heavy_visit_rug,IgM,292,18,1.1453609972360244,14.004289068435563,-0.6165081748452632
grief_enhance_solve_armor_label_heavy_visit_rug,IgM,293,18,0.04884662497261053,15.146487194306205,-0.6165081748452632
grief_enhance_solve_armor_label_heavy_visit_rug,IgM,294,18,0.04884662497261053,15.146487194306205,-0.6165081748452632
grief_enhance_solve_armor_label_heavy_visit_rug,IgM,295,18,0.04884662497261053,15.146487194306205,-0.6165081748452632
grief_enhance_solve_armor_label_heavy_visit_rug,IgM,296,18,1.1453609972360244,14.004289068435563,-0.6165081748452632
grief_enhance_solve_armor_label_heavy_visit_rug,IgM,297,18,0.04884662497261053,15.146487194306205,-0.6165081748452632
grief_enhance_solve_armor_label_heavy_visit_rug,IgM,298,18,0.04884662497261053,15.146487194306205,-0.6165081748452632
grief_enhance_solve_armor_label_heavy_visit_rug,IgM,299,18,1.1453609972360244,14.004289068435563,-0.6165081748452632
grief_enhance_solve_armor_label_heavy_visit_rug,IgM,300,18,1.1453609972360244,14.004289068435563,-0.6165081748452632
grief_enhance_solve_armor_label_heavy_visit_rug,IgM,301,18,1.1453609972360244,14.004289068435563,-0.6165081748452632
grief_enhance_solve_armor_label_heavy_visit_rug,IgM,302,18,0.04884662497261053,15.146487194306205,-0.6165081748452632
grief_enhance_solve_armor_label_heavy_visit_rug,IgM,303,18,0.04884662497261053,15.146487194306205,-0.6165081748452632
grief_enhance_solve_armor_label_heavy_visit_rug,IgM,304,18,0.04884662497261053,15.146487194306205,-0.6165081748452632
grief_enhance_solve_armor_label_heavy_visit_rug,IgM,305,18,0.04884662497261053,15.146487194306205,-0.6165081748452632
grief_enhance_solve_armor_label_heavy_visit_rug,IgM,306,18,0.04884662497261053,15.146487194306205,-0.6165081748452632
grief_enhance_solve_armor_label_heavy_visit_rug,IgM,307,18,0.04884662497261053,15.146487194306205,-0.6165081748452632
grief_enhance_solve_armor_label_heavy_visit_rug,IgM,308,18,1.1453609972360244,14.004289068435563,-0.6165081748452632
grief_enhance_solve_armor_label_heavy_visit_rug,IgM,309,18,1.1453609972360244,14.004289068435563,-0.6165081748452632
grief_enhance_solve_armor_label_heavy_visit_rug,IgM,310,18,0.04884662497261053,15.146487194306205,-0.6165081748452632
grief_enhance_solve_armor_label_heavy_visit_rug,IgM,311,19,0.04884662497261053,16.11486960797551,-0.6165081748452632
grief_enhance_solve_armor_label_heavy_visit_rug,IgM,312,19,0.04884662497261053,16.11486960797551,-0.6165081748452632
grief_enhance_solve_armor_label_heavy_visit_rug,IgM,313,19,0.04884662497261053,16.11486960797551,-0.6165081748452632
grief_enhance_solve_armor_label_heavy_visit_rug,IgM,314,19,0.04884662497261053,16.11486960797551,-0.6165081748452632
grief_enhance_solve_armor_label_heavy_visit_rug,IgM,315,19,0.04884662497261053,16.11486960797551,-0.6165081748452632
grief_enhance_solve_armor_label_heavy_visit_rug,IgM,316,19,0.04884662497261053,16.11486960797551,-0.6165081748452632
grief_enhance_solve_armor_label_heavy_visit_rug,IgM,317,19,0.04884662497261053,16.11486960797551,-0.6165081748452632
grief_enhance_solve_armor_label_heavy_visit_rug,IgM,318,19,0.04884662497261053,16.11486960797551,-0.6165081748452632
grief_enhance_solve_armor_label_heavy_visit_rug,IgM,319,19,0.04884662497261053,16.11486960797551,-0.6165081748452632
grief_enhance_solve_armor_label_heavy_visit_rug,IgM,320,19,0.04884662497261053,16.11486960797551,-0.6165081748452632
grief_enhance_solve_armor_label_heavy_visit_rug,IgM,321,19,0.04884662497261053,16.11486960797551,-0.6165081748452632
grief_enhance_solve_armor_label_heavy_visit_rug,IgM,322,19,0.04884662497261053,16.11486960797551,-0.6165081748452632
grief_enhance_solve_armor_label_heavy_visit_rug,IgM,323,19,1.7337002045176217,14.59193877348132,-0.6165081748452632
grief_enhance_solve_armor_label_heavy_visit_rug,IgM,324,19,0.04884662497261053,16.11486960797551,-0.6165081748452632
grief_enhance_solve_armor_label_heavy_visit_rug,IgM,325,19,0.04884662497261053,16.11486960797551,-0.6165081748452632
grief_enhance_solve_armor_label_heavy_visit_rug,IgM,326,19,0.04884662497261053,16.11486960797551,-0.6165081748452632
grief_enhance_solve_armor_label_heavy_visit_rug,IgM,327,19,0.04884662497261053,16.11486960797551,-0.6165081748452632
grief_enhance_solve_armor_label_heavy_visit_rug,IgM,328,19,0.04884662497261053,16.11486960797551,-0.6165081748452632
grief_enhance_solve_armor_label_heavy_visit_rug,IgM,329,19,0.04884662497261053,16.11486960797551,-0.6165081748452632
grief_enhance_solve_armor_label_heavy_visit_rug,IgM,330,19,0.04884662497261053,16.11486960797551,-0.6165081748452632
grief_enhance_solve_armor_label_heavy_visit_rug,IgM,331,19,0.04884662497261053,16.11486960797551,-0.6165081748452632
grief_enhance_solve_armor_label_heavy_visit_rug,IgM,332,19,0.04884662497261053,16.11486960797551,-0.6165081748452632
grief_enhance_solve_armor_label_heavy_visit_rug,IgM,333,19,0.04884662497261053,16.11486960797551,-0.6165081748452632
grief_enhance_solve_armor_label_heavy_visit_rug,IgM,334,19,0.04884662497261053,16.11486960797551,-0.6165081748452632
grief_enhance_solve_armor_label_heavy_visit_rug,IgM,335,19,0.04884662497261053,16.11486960797551,-0.6165081748452632
grief_enhance_solve_armor_label_heavy_visit_rug,IgM,336,19,0.04884662497261053,16.11486960797551,-0.6165081748452632
grief_enhance_solve_armor_label_heavy_visit_rug,IgM,337,19,0.04884662497261053,16.11486960797551,-0.6165081748452632
guitar_wage_trend_trim_mail_robust_almost_team,IgA,0,8,-0.5384732379786434,6.604861183483798,-2.104124601211605
guitar_wage_trend_trim_mail_robust_almost_team,IgA,1,8,0.5589724541282979,6.224128474860251,-1.3591402815781777
guitar_wage_trend_trim_mail_robust_almost_team,IgA,2,9,0.04884662497261053,6.431045471282461,-1.4120409630987978
guitar_wage_trend_trim_mail_robust_almost_team,IgA,3,12,-0.8260093901221207,10.09765812953747,-1.467039956458774
guitar_wage_trend_trim_mail_robust_almost_team,IgA,4,13,-0.2873255496957979,9.543109708712587,-1.2991960192293577
guitar_wage_trend_trim_mail_robust_almost_team,IgA,5,14,-0.13329990662440827,10.89222483100544,-1.809389698882874
guitar_wage_trend_trim_mail_robust_almost_team,IgA,6,14,-0.13329990662440827,10.89222483100544,-2.094533531968851
guitar_wage_trend_trim_mail_robust_almost_team,IgA,7,14,-0.13329990662440827,10.89222483100544,-1.809389698882874
guitar_wage_trend_trim_mail_robust_almost_team,IgA,8,15,-1.2313285566261374,12.24133995329829,-1.579544312946422
guitar_wage_trend_trim_mail_robust_almost_team,IgA,9,15,-1.2313285566261374,12.24133995329829,-1.579544312946422
guitar_wage_trend_trim_mail_robust_almost_team,IgA,10,18,-1.5189376502879606,14.38502177705911,-1.2584339263144486
guitar_wage_trend_trim_mail_robust_almost_team,IgA,11,20,-1.5189376502879606,16.321786604397722,-1.311184875678202
guitar_wage_trend_trim_mail_robust_almost_team,IgA,12,22,1.1172774456369179,18.639284140359877,-1.5196000550188025
guitar_wage_trend_trim_mail_robust_almost_team,IgA,13,23,0.08962486797974716,18.46546842815854,-1.83576516582765
guitar_wage_trend_trim_mail_robust_almost_team,IgA,14,25,0.22300002082450082,20.7829659641207,-2.27196852517742
hazard_vintage_gorilla_resist_slush_obtain_ozone_repeat,IgM,0,5,1.6540930966380338,4.080446651099431,-0.8333107585022035
hazard_vintage_gorilla_resist_slush_obtain_ozone_repeat,IgM,1,8,6.907755278982137,7.366326600730891,-0.4673918917912804
hazard_vintage_gorilla_resist_slush_obtain_ozone_repeat,IgM,2,9,-0.13329990662440827,7.953976305776649,-0.9080025034460892
hazard_vintage_gorilla_resist_slush_obtain_ozone_repeat,IgM,3,10,0.5589724541282979,9.3030914280695,-0.5902776411014825
hazard_vintage_gorilla_resist_slush_obtain_ozone_repeat,IgM,4,10,0.5589724541282979,9.3030914280695,-0.5902776411014825
hazard_vintage_gorilla_resist_slush_obtain_ozone_repeat,IgM,5,10,-0.13329990662440827,8.922358719445954,-0.5245978016582198
hazard_vintage_gorilla_resist_slush_obtain_ozone_repeat,IgM,6,10,-0.13329990662440827,8.922358719445954,-0.5245978016582198
hazard_vintage_gorilla_resist_slush_obtain_ozone_repeat,IgM,7,11,-0.5384732379786434,9.510008424491712,-0.5245978016582198
hazard_vintage_gorilla_resist_slush_obtain_ozone_repeat,IgM,8,12,0.5589724541282979,11.23985625540811,-0.5902776411014825
hazard_vintage_gorilla_resist_slush_obtain_ozone_repeat,IgM,9,13,2.1614392234301927,11.44677325183032,-0.4673918917912804
hazard_vintage_gorilla_resist_slush_obtain_ozone_repeat,IgM,10,13,2.1614392234301927,11.44677325183032,-0.4673918917912804
hazard_vintage_gorilla_resist_slush_obtain_ozone_repeat,IgM,11,13,2.1614392234301927,11.44677325183032,-0.4673918917912804
hazard_vintage_gorilla_resist_slush_obtain_ozone_repeat,IgM,12,13,2.1614392234301927,11.44677325183032,-0.4673918917912804
hazard_vintage_gorilla_resist_slush_obtain_ozone_repeat,IgM,13,15,0.2717276959164277,12.622072661921838,-0.8927575662808527
hazard_vintage_gorilla_resist_slush_obtain_ozone_repeat,IgM,14,16,0.5589724541282979,15.113385910085329,-0.7186603693983017
hazard_vintage_gorilla_resist_slush_obtain_ozone_repeat,IgM,15,17,-0.8260093901221207,14.939570197883995,-1.070110866141832
hazard_vintage_gorilla_resist_slush_obtain_ozone_repeat,IgM,16,20,0.2717276959164277,17.46398473026836,-0.9077436318680576
hazard_vintage_gorilla_resist_slush_obtain_ozone_repeat,IgM,17,30,2.2558814174084483,26.386343449714314,-0.5932748436080425
hazard_vintage_gorilla_resist_slush_obtain_ozone_repeat,IgM,18,30,2.2558814174084483,26.386343449714314,-0.5932748436080425
hazard_vintage_gorilla_resist_slush_obtain_ozone_repeat,IgM,19,32,0.04884662497261053,28.70384098567647,-0.8807687297274103
hazard_vintage_gorilla_resist_slush_obtain_ozone_repeat,IgM,20,36,-0.13329990662440827,32.196637931730145,-0.6922031476057461
height_alter_unlock_peace_obvious_where_hand_basic,IgM,0,10,0.5589724541282979,8.160893302198861,-1.357348618537358
height_alter_unlock_peace_obvious_where_hand_basic,IgM,1,11,-1.2313285566261374,8.367810298621071,-1.6808090585290576
height_alter_unlock_peace_obvious_where_hand_basic,IgM,2,12,-0.5384732379786434,10.478390838161015,-1.2854154886866926
height_alter_unlock_peace_obvious_where_hand_basic,IgM,3,13,-0.8260093901221207,11.066040543206775,-1.375331886631123
height_alter_unlock_peace_obvious_where_hand_basic,IgM,4,13,-0.5384732379786434,11.44677325183032,-1.4322789464733832
height_alter_unlock_peace_obvious_where_hand_basic,IgM,5,14,-1.049065379029741,11.65369024825253,-1.357348618537358
height_alter_unlock_peace_obvious_where_hand_basic,IgM,6,15,-0.5384732379786434,10.718409118804102,-1.6748146093039333
height_alter_unlock_peace_obvious_where_hand_basic,IgM,7,16,-0.5384732379786434,11.686791532473407,-1.596887085493149
height_alter_unlock_peace_obvious_where_hand_basic,IgM,8,16,-0.5384732379786434,11.686791532473407,-1.596887085493149
height_alter_unlock_peace_obvious_where_hand_basic,IgM,9,17,-0.5384732379786434,12.65517394614271,-1.593889863091187
height_alter_unlock_peace_obvious_where_hand_basic,IgM,10,17,-0.5384732379786434,12.65517394614271,-1.593889863091187
height_alter_unlock_peace_obvious_where_hand_basic,IgM,11,17,-0.5384732379786434,12.65517394614271,-1.596887085493149
height_alter_unlock_peace_obvious_where_hand_basic,IgM,12,17,-1.2313285566261374,14.1781047806369,-1.357348618537358
height_alter_unlock_peace_obvious_where_hand_basic,IgM,13,18,-0.5384732379786434,13.623556359812017,-1.596887085493149
height_alter_unlock_peace_obvious_where_hand_basic,IgM,14,20,-0.5384732379786434,15.560321187150626,-1.5249539666954846
height_alter_unlock_peace_obvious_where_hand_basic,IgM,15,20,-0.5384732379786434,15.560321187150626,-1.596887085493149
height_alter_unlock_peace_obvious_where_hand_basic,IgM,16,20,0.2717276959164277,17.46398473026836,-1.375331886631123
height_alter_unlock_peace_obvious_where_hand_basic,IgM,17,20,0.2717276959164277,17.46398473026836,-1.375331886631123
height_alter_unlock_peace_obvious_where_hand_basic,IgM,18,20,0.2717276959164277,17.46398473026836,-1.6808090585290576
height_alter_unlock_peace_obvious_where_hand_basic,IgM,19,20,0.7128316973393489,15.941053895774173,-1.7737226545588476
height_alter_unlock_peace_obvious_where_hand_basic,IgM,20,20,0.2717276959164277,17.46398473026836,-1.375331886631123
height_alter_unlock_peace_obvious_where_hand_basic,IgM,21,22,0.22300002082450082,17.87781872311278,-1.357348618537358
height_alter_unlock_peace_obvious_where_hand_basic,IgM,22,23,0.7816788823627474,19.988399262652727,-1.357348618537358
height_alter_unlock_peace_obvious_where_hand_basic,IgM,23,24,0.37694241891061303,20.19531625907494,-1.6808090585290576
height_alter_unlock_peace_obvious_where_hand_basic,IgM,24,26,-0.4207631544924123,21.751348377790002,-1.6987923266228224
height_alter_unlock_peace_obvious_where_hand_basic,IgM,25,26,-0.4207631544924123,21.751348377790002,-1.6987923266228224
height_alter_unlock_peace_obvious_where_hand_basic,IgM,26,26,-0.4207631544924123,21.751348377790002,-1.6987923266228224
height_alter_unlock_peace_obvious_where_hand_basic,IgM,27,27,-0.5384732379786434,22.338998082835758,-1.6987923266228224
height_alter_unlock_peace_obvious_where_hand_basic,IgM,28,36,-0.6437753880682517,30.673707097235955,-1.6808090585290576
holiday_slot_banner_various_giraffe_demand_leave_fade,IgM,0,10,0.2717276959164277,7.780160593575313,-0.21338793380643267
holiday_slot_banner_various_giraffe_demand_leave_fade,IgM,1,10,0.2717276959164277,7.780160593575313,-0.239545435570311
holiday_slot_banner_various_giraffe_demand_leave_fade,IgM,2,11,1.4726433090871196,9.129275715868165,-0.239545435570311
holiday_slot_banner_various_giraffe_demand_leave_fade,IgM,3,12,-0.8260093901221207,10.09765812953747,-0.239545435570311
holiday_slot_banner_various_giraffe_demand_leave_fade,IgM,4,12,-0.8260093901221207,10.09765812953747,-0.239545435570311
holiday_slot_banner_various_giraffe_demand_leave_fade,IgM,5,12,-0.8260093901221207,10.09765812953747,-0.239545435570311
holiday_slot_banner_various_giraffe_demand_leave_fade,IgM,6,13,-1.049065379029741,10.685307834583227,-0.239545435570311
holiday_slot_banner_various_giraffe_demand_leave_fade,IgM,7,14,0.37694241891061303,10.511492122381892,-0.385976530784153
holiday_slot_banner_various_giraffe_demand_leave_fade,IgM,8,14,-1.2313285566261374,11.272957539628985,-0.239545435570311
holiday_slot_banner_various_giraffe_demand_leave_fade,IgM,9,14,-1.049065379029741,11.65369024825253,-0.239545435570311
holiday_slot_banner_various_giraffe_demand_leave_fade,IgM,10,15,-1.3854375349398593,11.860607244674743,-0.239545435570311
holiday_slot_banner_various_giraffe_demand_leave_fade,IgM,11,16,0.04884662497261053,13.209722366967595,-0.239545435570311
holiday_slot_banner_various_giraffe_demand_leave_fade,IgM,12,16,0.2717276959164277,13.59045507559114,-0.239545435570311
holiday_slot_banner_various_giraffe_demand_leave_fade,IgM,13,16,0.5589724541282979,11.860607244674743,-0.385976530784153
holiday_slot_banner_various_giraffe_demand_leave_fade,IgM,14,16,0.2717276959164277,13.59045507559114,-0.239545435570311
holiday_slot_banner_various_giraffe_demand_leave_fade,IgM,15,17,0.08962486797974716,12.65517394614271,-0.2460848065900802
holiday_slot_banner_various_giraffe_demand_leave_fade,IgM,16,17,0.5589724541282979,14.939570197883995,-0.239545435570311
holiday_slot_banner_various_giraffe_demand_leave_fade,IgM,17,18,0.7816788823627474,15.146487194306205,-0.5445427270212527
holiday_slot_banner_various_giraffe_demand_leave_fade,IgM,18,18,0.08962486797974716,13.623556359812017,-0.2460848065900802
holiday_slot_banner_various_giraffe_demand_leave_fade,IgM,19,18,-0.2873255496957979,14.38502177705911,-0.239545435570311
holiday_slot_banner_various_giraffe_demand_leave_fade,IgM,20,19,0.37694241891061303,15.353404190728416,-0.3380211138311763
holiday_slot_banner_various_giraffe_demand_leave_fade,IgM,21,19,0.04884662497261053,16.11486960797551,-0.239545435570311
holiday_slot_banner_various_giraffe_demand_leave_fade,IgM,22,20,0.5589724541282979,17.84471743889191,-0.5445427270212527
holiday_slot_banner_various_giraffe_demand_leave_fade,IgM,23,20,0.22300002082450082,15.941053895774173,-0.385976530784153
holiday_slot_banner_various_giraffe_demand_leave_fade,IgM,24,23,0.4256596947182628,18.084735719534994,-0.4426511009912878
hood_news_indoor_six_minute_mosquito_usual_zero,IgM,0,12,0.7816788823627474,9.336192712290377,-0.2865170784029432
hood_news_indoor_six_minute_mosquito_usual_zero,IgM,1,18,-1.3854375349398593,12.828989658344048,-0.297007326966707
hood_news_indoor_six_minute_mosquito_usual_zero,IgM,2,19,-0.6437753880682517,14.211206064857775,-0.27876519981172687
hood_news_indoor_six_minute_mosquito_usual_zero,IgM,3,19,-0.6437753880682517,14.211206064857775,-0.27876519981172687
hood_news_indoor_six_minute_mosquito_usual_zero,IgM,4,20,-1.3854375349398593,14.765754485682658,-0.3374697106425124
hood_news_indoor_six_minute_mosquito_usual_zero,IgM,5,21,-1.7420374117716249,16.52870360081993,0.053547311422382324
hood_news_indoor_six_minute_mosquito_usual_zero,IgM,6,21,-1.7420374117716249,16.52870360081993,0.053547311422382324
hood_news_indoor_six_minute_mosquito_usual_zero,IgM,7,22,-1.5189376502879606,18.25855143173633,-0.5115669080086322
hood_news_indoor_six_minute_mosquito_usual_zero,IgM,8,22,-0.5384732379786434,17.497086014489234,-0.2745282330070999
hood_news_indoor_six_minute_mosquito_usual_zero,IgM,9,22,-1.5189376502879606,18.25855143173633,-0.5115669080086322
hood_news_indoor_six_minute_mosquito_usual_zero,IgM,10,23,0.7128316973393489,18.846201136782085,-0.45723893514577846
hood_news_indoor_six_minute_mosquito_usual_zero,IgM,11,23,-0.028036630969030377,18.084735719534994,-0.3359710984053126
hood_news_indoor_six_minute_mosquito_usual_zero,IgM,12,23,-0.2873255496957979,19.226933845405632,-0.5803835169899931
hood_news_indoor_six_minute_mosquito_usual_zero,IgM,13,24,1.3677189632096503,20.19531625907494,-0.45885684591940207
hood_news_indoor_six_minute_mosquito_usual_zero,IgM,14,24,-0.028036630969030377,19.0531181332043,-0.688283187449389
hood_news_indoor_six_minute_mosquito_usual_zero,IgM,15,26,0.5589724541282979,21.370615669166455,-0.13527710303915957
hood_news_indoor_six_minute_mosquito_usual_zero,IgM,16,26,0.5589724541282979,21.370615669166455,-0.13527710303915957
hood_news_indoor_six_minute_mosquito_usual_zero,IgM,17,26,0.5589724541282979,21.370615669166455,-0.13527710303915957
hood_news_indoor_six_minute_mosquito_usual_zero,IgM,18,26,0.7128316973393489,21.751348377790002,-0.048238634682143525
hood_news_indoor_six_minute_mosquito_usual_zero,IgM,19,27,0.4256596947182628,21.958265374212214,-0.37331696874167053
hood_news_indoor_six_minute_mosquito_usual_zero,IgM,20,28,-0.4207631544924123,21.751348377790002,-0.3374697106425124
hood_news_indoor_six_minute_mosquito_usual_zero,IgM,21,28,-1.5189376502879606,24.068845913752156,-0.6358319573415214
hood_news_indoor_six_minute_mosquito_usual_zero,IgM,22,31,-0.3954621808685486,24.308864194395245,-1.0196147950473549
hood_news_indoor_six_minute_mosquito_usual_zero,IgM,23,31,-1.6366963584974425,26.593260446136526,-0.07982865992438103
infant_ship_rent_suffer_food_tag_vote_bird,IgA,0,10,-0.8260093901221207,8.160893302198861,1.1349156819169286
infant_ship_rent_suffer_food_tag_vote_bird,IgA,1,10,-1.2313285566261374,7.399427884951766,0.8620467188481745
infant_ship_rent_suffer_food_tag_vote_bird,IgA,2,14,0.2717276959164277,11.65369024825253,1.2796712550065883
infant_ship_rent_suffer_food_tag_vote_bird,IgA,3,16,-0.8260093901221207,13.971187784214688,1.0057766481224402
infant_ship_rent_suffer_food_tag_vote_bird,IgA,4,17,-1.2313285566261374,14.1781047806369,1.0116017736099763
infant_ship_rent_suffer_food_tag_vote_bird,IgA,5,17,-1.2313285566261374,14.1781047806369,1.0116017736099763
infant_ship_rent_suffer_food_tag_vote_bird,IgA,6,19,-0.4207631544924123,14.972671482104868,1.0424302470944888
infant_ship_rent_suffer_food_tag_vote_bird,IgA,7,21,-1.5189376502879606,17.290169018067026,1.0492810209449142
infant_ship_rent_suffer_food_tag_vote_bird,IgA,8,21,0.22300002082450082,16.90943630944348,1.0013256128343384
infant_ship_rent_suffer_food_tag_vote_bird,IgA,9,22,0.04884662497261053,19.020016848983424,1.0355794732440637
infant_ship_rent_suffer_food_tag_vote_bird,IgA,10,23,-0.4207631544924123,18.846201136782085,1.0646952532659701
infant_ship_rent_suffer_food_tag_vote_bird,IgA,11,23,-1.2313285566261374,19.988399262652727,1.0492810209449142
infant_ship_rent_suffer_food_tag_vote_bird,IgA,12,24,-0.4207631544924123,19.814583550451392,1.0081763689999619
infant_ship_rent_suffer_food_tag_vote_bird,IgA,13,24,0.04884662497261053,20.95678167632203,1.1886961947084733
infant_ship_rent_suffer_food_tag_vote_bird,IgA,14,24,-0.5384732379786434,19.433850841827844,1.015027151692788
infant_ship_rent_suffer_food_tag_vote_bird,IgA,15,24,-0.5384732379786434,19.433850841827844,1.015027151692788
infant_ship_rent_suffer_food_tag_vote_bird,IgA,16,24,-0.13329990662440827,20.576048967698487,0.9680973919451012
infant_ship_rent_suffer_food_tag_vote_bird,IgA,17,24,0.04884662497261053,20.95678167632203,1.1886961947084733
infant_ship_rent_suffer_food_tag_vote_bird,IgA,18,25,-0.22853051939302463,19.26003512962651,1.0492810209449142
infant_ship_rent_suffer_food_tag_vote_bird,IgA,19,26,0.37694241891061303,22.13208108641355,1.0355794732440637
infant_ship_rent_suffer_food_tag_vote_bird,IgA,20,29,-0.2873255496957979,25.037228327421467,1.0646952532659701
infant_ship_rent_suffer_food_tag_vote_bird,IgA,21,29,-0.2873255496957979,25.037228327421467,1.0646952532659701
infant_ship_rent_suffer_food_tag_vote_bird,IgA,22,29,0.04884662497261053,25.798693744668554,1.0023512689343284
infant_ship_rent_suffer_food_tag_vote_bird,IgA,23,33,0.6765369043602282,27.387827147604497,0.9704971393498256
infant_ship_rent_suffer_food_tag_vote_bird,IgA,24,34,-0.028036630969030377,28.736942269897344,1.039004869011677
infant_ship_rent_suffer_food_tag_vote_bird,IgA,25,35,-0.028036630969030377,27.76855985622804,0.9944748212991115
infant_ship_rent_suffer_food_tag_vote_bird,IgA,26,38,0.5589724541282979,30.70680838145683,1.1057999030003223
jaguar_ill_open_claw_hunt_sign_mask_subject,IgM,0,4,-0.5384732379786434,2.7313315288065785,-1.1637886140252762
jaguar_ill_open_claw_hunt_sign_mask_subject,IgM,1,4,-0.5384732379786434,2.7313315288065785,-1.1637886140252762
jaguar_ill_open_claw_hunt_sign_mask_subject,IgM,2,6,-0.8260093901221207,4.287363647521641,-0.9346263479734571
jaguar_ill_open_claw_hunt_sign_mask_subject,IgM,3,7,0.5589724541282979,4.113547935320305,-0.9020851810263382
jaguar_ill_open_claw_hunt_sign_mask_subject,IgM,4,8,-1.2313285566261374,5.462663057613157,-1.1312474293933557
jaguar_ill_open_claw_hunt_sign_mask_subject,IgM,5,8,-0.5384732379786434,6.604861183483798,-1.0517765179786165
jaguar_ill_open_claw_hunt_sign_mask_subject,IgM,6,8,-1.2313285566261374,5.462663057613157,-1.1312474293933557
jaguar_ill_open_claw_hunt_sign_mask_subject,IgM,7,8,-1.2313285566261374,5.462663057613157,-1.1312474293933557
jaguar_ill_open_claw_hunt_sign_mask_subject,IgM,8,8,-1.2313285566261374,5.462663057613157,-1.1312474293933557
jaguar_ill_open_claw_hunt_sign_mask_subject,IgM,9,8,0.2717276959164277,5.8433957662367035,-1.005533803330647
jaguar_ill_open_claw_hunt_sign_mask_subject,IgM,10,8,-1.2313285566261374,5.462663057613157,-1.1312474293933557
jaguar_ill_open_claw_hunt_sign_mask_subject,IgM,11,9,1.8073727665419612,6.811778179906009,-0.9346263479734571
jaguar_ill_open_claw_hunt_sign_mask_subject,IgM,12,9,0.2717276959164277,6.811778179906009,-1.005533803330647
jaguar_ill_open_claw_hunt_sign_mask_subject,IgM,13,9,-0.8260093901221207,7.192510888529555,-1.0517765179786165
jaguar_ill_open_claw_hunt_sign_mask_subject,IgM,14,10,-0.8260093901221207,8.160893302198861,-1.005533803330647
jaguar_ill_open_claw_hunt_sign_mask_subject,IgM,15,11,1.1172774456369179,7.987077589997524,-1.1637886140252762
jaguar_ill_open_claw_hunt_sign_mask_subject,IgM,16,11,1.1172774456369179,7.987077589997524,-1.1637886140252762
jaguar_ill_open_claw_hunt_sign_mask_subject,IgM,17,11,1.1172774456369179,7.987077589997524,-1.1637886140252762
jaguar_ill_open_claw_hunt_sign_mask_subject,IgM,18,11,1.1172774456369179,7.987077589997524,-1.1637886140252762
jaguar_ill_open_claw_hunt_sign_mask_subject,IgM,19,11,1.1172774456369179,7.987077589997524,-1.1637886140252762
jaguar_ill_open_claw_hunt_sign_mask_subject,IgM,20,12,1.1172774456369179,8.955460003666829,-1.1637886140252762
jaguar_ill_open_claw_hunt_sign_mask_subject,IgM,21,13,0.37694241891061303,9.543109708712587,-1.1312474293933557
jaguar_ill_open_claw_hunt_sign_mask_subject,IgM,22,13,0.8947453855092655,9.543109708712587,-0.9791563691588203
jaguar_ill_open_claw_hunt_sign_mask_subject,IgM,23,14,0.7128316973393489,10.130759413758344,-0.9791563691588203
jaguar_ill_open_claw_hunt_sign_mask_subject,IgM,24,14,0.08962486797974716,9.750026705134797,-0.9729926363835278
jaguar_ill_open_claw_hunt_sign_mask_subject,IgM,25,14,0.7128316973393489,10.130759413758344,-0.9791563691588203
jaguar_ill_open_claw_hunt_sign_mask_subject,IgM,26,14,0.08962486797974716,9.750026705134797,-0.9729926363835278
jaguar_ill_open_claw_hunt_sign_mask_subject,IgM,27,14,0.08962486797974716,9.750026705134797,-0.9729926363835278
jaguar_ill_open_claw_hunt_sign_mask_subject,IgM,28,15,0.37694241891061303,11.479874536051195,-1.1637886140252762
jaguar_ill_open_claw_hunt_sign_mask_subject,IgM,29,15,-1.3854375349398593,11.860607244674743,-1.0192353510314975
jaguar_ill_open_claw_hunt_sign_mask_subject,IgM,30,16,-0.2873255496957979,12.448256949720502,-0.8952344071759128
jaguar_ill_open_claw_hunt_sign_mask_subject,IgM,31,17,0.5589724541282979,12.65517394614271,-1.1637886140252762
jaguar_ill_open_claw_hunt_sign_mask_subject,IgM,32,17,0.08962486797974716,12.65517394614271,-1.1535124355648367
jaguar_ill_open_claw_hunt_sign_mask_subject,IgM,33,19,-0.2873255496957979,15.353404190728416,-1.005533803330647
jaguar_ill_open_claw_hunt_sign_mask_subject,IgM,34,19,-0.2873255496957979,15.353404190728416,-1.005533803330647
jaguar_ill_open_claw_hunt_sign_mask_subject,IgM,35,19,-1.5189376502879606,15.353404190728416,-0.935313380206189
jaguar_ill_open_claw_hunt_sign_mask_subject,IgM,36,21,0.08962486797974716,16.52870360081993,-1.1535124355648367
jaguar_ill_open_claw_hunt_sign_mask_subject,IgM,37,22,0.4256596947182628,17.11635330586569,-1.1535124355648367
jaguar_ill_open_claw_hunt_sign_mask_subject,IgM,38,22,0.22300002082450082,17.87781872311278,-1.005533803330647
jaguar_ill_open_claw_hunt_sign_mask_subject,IgM,39,24,0.10762348706378222,17.910920007333658,-1.0832920124403789
jaguar_ill_open_claw_hunt_sign_mask_subject,IgM,40,24,0.5589724541282979,18.291652715957206,-0.935313380206189
jaguar_ill_open_claw_hunt_sign_mask_subject,IgM,41,25,-0.4207631544924123,20.7829659641207,-0.9082489335028977
jaguar_ill_open_claw_hunt_sign_mask_subject,IgM,42,25,-0.4207631544924123,20.7829659641207,-0.9082489335028977
jeans_rent_friend_test_mountain_option_toast_model,IgM,0,11,-1.049065379029741,8.748543007244617,-1.3354974279514527
jeans_rent_friend_test_mountain_option_toast_model,IgM,1,12,-1.2313285566261374,9.336192712290377,-1.3354974279514527
jeans_rent_friend_test_mountain_option_toast_model,IgM,2,12,-1.2313285566261374,9.336192712290377,-1.3354974279514527
jeans_rent_friend_test_mountain_option_toast_model,IgM,3,13,-0.2873255496957979,9.543109708712587,-0.9147675091357024
jeans_rent_friend_test_mountain_option_toast_model,IgM,4,14,-1.049065379029741,11.65369024825253,-0.7948789750430114
jeans_rent_friend_test_mountain_option_toast_model,IgM,5,15,1.4726433090871196,13.002805370545385,-0.6938518884364288
jeans_rent_friend_test_mountain_option_toast_model,IgM,6,15,1.4726433090871196,13.002805370545385,-0.6938518884364288
jeans_rent_friend_test_mountain_option_toast_model,IgM,7,17,-1.2313285566261374,14.1781047806369,-0.6938518884364288
jeans_rent_friend_test_mountain_option_toast_model,IgM,8,17,-0.13329990662440827,13.797372072013353,-0.7948789750430114
jeans_rent_friend_test_mountain_option_toast_model,IgM,9,17,-1.2313285566261374,14.1781047806369,-0.6938518884364288
jeans_rent_friend_test_mountain_option_toast_model,IgM,10,22,-1.3854375349398593,18.639284140359877,-0.5846201169211162
jeans_rent_friend_test_mountain_option_toast_model,IgM,11,22,-1.3854375349398593,18.639284140359877,-0.5846201169211162
jeans_rent_friend_test_mountain_option_toast_model,IgM,12,23,-1.3854375349398593,19.60766655402918,-0.6938518884364288
jeans_rent_friend_test_mountain_option_toast_model,IgM,13,24,-1.3854375349398593,20.576048967698487,-1.2262656426198888
jeans_rent_friend_test_mountain_option_toast_model,IgM,14,26,0.5589724541282979,21.370615669166455,-1.2476533461357109
jeans_rent_friend_test_mountain_option_toast_model,IgM,15,26,-1.5189376502879606,22.13208108641355,-1.2262656426198888
jeans_rent_friend_test_mountain_option_toast_model,IgM,16,27,0.30804674017099487,21.577532665588667,-1.2476533461357109
jeans_rent_friend_test_mountain_option_toast_model,IgM,17,27,0.5589724541282979,22.338998082835758,-1.2476533461357109
jeans_rent_friend_test_mountain_option_toast_model,IgM,18,27,0.5589724541282979,22.338998082835758,-1.2476533461357109
jeans_rent_friend_test_mountain_option_toast_model,IgM,19,29,-1.5189376502879606,25.037228327421467,-1.3434158126250482
jeans_rent_friend_test_mountain_option_toast_model,IgM,20,31,0.37694241891061303,26.973993154760073,-0.9147675091357024
jeans_rent_friend_test_mountain_option_toast_model,IgM,21,32,-0.4207631544924123,27.56164285980583,-1.3700577038706179
jeans_rent_friend_test_mountain_option_toast_model,IgM,22,32,-0.4207631544924123,27.56164285980583,-1.3700577038706179
ketchup_speak_tiger_young_attract_athlete_stand_viable,IgM,0,4,-0.13329990662440827,3.1120642374301255,1.5090205873168578
ketchup_speak_tiger_young_attract_athlete_stand_viable,IgM,1,6,0.5589724541282979,5.429561773392281,1.6954078246820439
ketchup_speak_tiger_young_attract_athlete_stand_viable,IgM,2,6,0.5589724541282979,5.429561773392281,1.6954078246820439
ketchup_speak_tiger_young_attract_athlete_stand_viable,IgM,3,8,0.5589724541282979,7.366326600730891,1.6954078246820439
ketchup_speak_tiger_young_attract_athlete_stand_viable,IgM,4,8,0.7816788823627474,5.462663057613157,1.8711382748006398
ketchup_speak_tiger_young_attract_athlete_stand_viable,IgM,5,9,1.4039411963144843,6.431045471282461,1.6142242109622977
ketchup_speak_tiger_young_attract_athlete_stand_viable,IgM,6,9,-0.8260093901221207,7.192510888529555,1.6861891921468866
ketchup_speak_tiger_young_attract_athlete_stand_viable,IgM,7,9,1.4039411963144843,6.431045471282461,1.6142242109622977
ketchup_speak_tiger_young_attract_athlete_stand_viable,IgM,8,10,0.5589724541282979,9.3030914280695,1.6954078246820439
ketchup_speak_tiger_young_attract_athlete_stand_viable,IgM,9,10,2.1614392234301927,8.541626010822407,1.6954078246820439
ketchup_speak_tiger_young_attract_athlete_stand_viable,IgM,10,10,0.5589724541282979,9.3030914280695,1.6954078246820439
ketchup_speak_tiger_young_attract_athlete_stand_viable,IgM,11,10,0.5589724541282979,9.3030914280695,1.6954078246820439
ketchup_speak_tiger_young_attract_athlete_stand_viable,IgM,12,10,0.5589724541282979,9.3030914280695,1.6954078246820439
ketchup_speak_tiger_young_attract_athlete_stand_viable,IgM,13,10,1.1172774456369179,7.01869517632822,1.8711382748006398
ketchup_speak_tiger_young_attract_athlete_stand_viable,IgM,14,10,-0.5384732379786434,8.541626010822407,1.5849818154488235
ketchup_speak_tiger_young_attract_athlete_stand_viable,IgM,15,10,0.5589724541282979,9.3030914280695,1.6954078246820439
ketchup_speak_tiger_young_attract_athlete_stand_viable,IgM,16,10,2.1614392234301927,8.541626010822407,1.6954078246820439
ketchup_speak_tiger_young_attract_athlete_stand_viable,IgM,17,10,1.1172774456369179,7.01869517632822,1.8711382748006398
ketchup_speak_tiger_young_attract_athlete_stand_viable,IgM,18,10,0.5589724541282979,9.3030914280695,1.6954078246820439
ketchup_speak_tiger_young_attract_athlete_stand_viable,IgM,19,10,-0.13329990662440827,8.922358719445954,1.2427818096027905
ketchup_speak_tiger_young_attract_athlete_stand_viable,IgM,20,10,0.5589724541282979,9.3030914280695,1.6954078246820439
ketchup_speak_tiger_young_attract_athlete_stand_viable,IgM,21,11,0.9635635070700442,9.510008424491712,1.6954078246820439
ketchup_speak_tiger_young_attract_athlete_stand_viable,IgM,22,11,0.9635635070700442,9.510008424491712,1.6954078246820439
ketchup_speak_tiger_young_attract_athlete_stand_viable,IgM,23,11,0.9635635070700442,9.510008424491712,1.6954078246820439
ketchup_speak_tiger_young_attract_athlete_stand_viable,IgM,24,12,-0.13329990662440827,8.955460003666829,1.9417711936172561
ketchup_speak_tiger_young_attract_athlete_stand_viable,IgM,25,12,1.0686328406949839,9.716925420913922,1.683418974865
ketchup_speak_tiger_young_attract_athlete_stand_viable,IgM,26,14,2.1614392234301927,12.415155665499626,1.6954078246820439
ketchup_speak_tiger_young_attract_athlete_stand_viable,IgM,27,14,2.1614392234301927,12.415155665499626,1.6954078246820439
ketchup_speak_tiger_young_attract_athlete_stand_viable,IgM,28,14,2.1614392234301927,12.415155665499626,1.6954078246820439
ketchup_speak_tiger_young_attract_athlete_stand_viable,IgM,29,15,-0.13329990662440827,13.764270787792478,1.7167213354678994
ketchup_speak_tiger_young_attract_athlete_stand_viable,IgM,30,15,2.4944440280090023,13.002805370545385,1.6954078246820439
ketchup_speak_tiger_young_attract_athlete_stand_viable,IgM,31,15,0.5589724541282979,13.002805370545385,1.841832195259488
ketchup_speak_tiger_young_attract_athlete_stand_viable,IgM,32,15,2.4944440280090023,13.002805370545385,1.6954078246820439
ketchup_speak_tiger_young_attract_athlete_stand_viable,IgM,33,15,-0.13329990662440827,13.764270787792478,1.7167213354678994
ketchup_speak_tiger_young_attract_athlete_stand_viable,IgM,34,16,2.7423030057992213,13.59045507559114,1.6954078246820439
ketchup_speak_tiger_young_attract_athlete_stand_viable,IgM,35,16,2.7423030057992213,13.59045507559114,1.6954078246820439
ketchup_speak_tiger_young_attract_athlete_stand_viable,IgM,36,16,2.7423030057992213,13.59045507559114,1.6954078246820439
ketchup_speak_tiger_young_attract_athlete_stand_viable,IgM,37,18,0.5589724541282979,13.623556359812017,1.2548767026750203
ketchup_speak_tiger_young_attract_athlete_stand_viable,IgM,38,22,1.8073727665419612,19.40074955760697,1.8711382748006398
ketchup_speak_tiger_young_attract_athlete_stand_viable,IgM,39,22,1.8073727665419612,19.40074955760697,1.8711382748006398
ketchup_speak_tiger_young_attract_athlete_stand_viable,IgM,40,22,1.8073727665419612,19.40074955760697,1.8711382748006398
ketchup_speak_tiger_young_attract_athlete_stand_viable,IgM,41,22,1.8073727665419612,19.40074955760697,1.8711382748006398
ketchup_speak_tiger_young_attract_athlete_stand_viable,IgM,42,22,1.8073727665419612,19.40074955760697,1.8711382748006398
ketchup_speak_tiger_young_attract_athlete_stand_viable,IgM,43,22,1.8073727665419612,19.40074955760697,1.8711382748006398
ketchup_speak_tiger_young_attract_athlete_stand_viable,IgM,44,33,1.5675175092722258,28.530025273475136,1.8245149589035796
knee_stable_morning_leg_differ_fresh_model_cry,IgM,0,7,-0.8260093901221207,5.255746061190946,-0.3494005788328704
knee_stable_morning_leg_differ_fresh_model_cry,IgM,1,11,0.2717276959164277,8.748543007244617,-0.705646645567381
knee_stable_morning_leg_differ_fresh_model_cry,IgM,2,14,-1.049065379029741,11.65369024825253,-0.5549276648864574
knee_stable_morning_leg_differ_fresh_model_cry,IgM,3,15,0.5589724541282979,13.002805370545385,-0.4662101682821728
knee_stable_morning_leg_differ_fresh_model_cry,IgM,4,15,-1.049065379029741,12.622072661921838,-0.46860793559286135
knee_stable_morning_leg_differ_fresh_model_cry,IgM,5,16,-0.4207631544924123,11.09914182742765,-0.1310537143978016
knee_stable_morning_leg_differ_fresh_model_cry,IgM,6,17,-0.2873255496957979,13.416639363389805,-0.8260254836269497
knee_stable_morning_leg_differ_fresh_model_cry,IgM,7,17,1.0686328406949839,12.622072661921838,-0.5741098387415686
knee_stable_morning_leg_differ_fresh_model_cry,IgM,8,18,0.5589724541282979,14.765754485682658,-0.8736403220405352
knee_stable_morning_leg_differ_fresh_model_cry,IgM,9,18,2.1614392234301927,15.32030290650754,-0.6316563249372995
knee_stable_morning_leg_differ_fresh_model_cry,IgM,10,18,-1.2313285566261374,15.146487194306205,-0.2870585491733619
knee_stable_morning_leg_differ_fresh_model_cry,IgM,11,19,0.5589724541282979,14.765754485682658,-0.03514288491304869
knee_stable_morning_leg_differ_fresh_model_cry,IgM,12,19,1.4039411963144843,15.146487194306205,-0.5456771741830948
knee_stable_morning_leg_differ_fresh_model_cry,IgM,13,21,0.7816788823627474,17.083252021644814,-0.07590499551275949
knee_stable_morning_leg_differ_fresh_model_cry,IgM,14,21,-1.2313285566261374,17.083252021644814,-0.11921461857574613
knee_stable_morning_leg_differ_fresh_model_cry,IgM,15,23,1.6540930966380338,18.639284140359877,-0.17676110698207703
knee_stable_morning_leg_differ_fresh_model_cry,IgM,16,25,-0.2873255496957979,19.226933845405632,-0.32268451364743583
knee_stable_morning_leg_differ_fresh_model_cry,IgM,17,25,-0.2873255496957979,21.163698672744246,-0.4086636688228409
knee_stable_morning_leg_differ_fresh_model_cry,IgM,18,27,-0.6437753880682517,21.958265374212214,-0.9120046520659562
knee_stable_morning_leg_differ_fresh_model_cry,IgM,19,35,0.10762348706378222,28.563126557696012,-0.6801020813827915
liberty_yard_door_book_swamp_loud_wish_effort,IgM,0,9,0.2717276959164277,6.811778179906009,-1.2956441247506714
liberty_yard_door_book_swamp_loud_wish_effort,IgM,1,12,-0.13329990662440827,8.955460003666829,-1.0161267098153528
liberty_yard_door_book_swamp_loud_wish_effort,IgM,2,12,-0.13329990662440827,8.955460003666829,-1.0161267098153528
liberty_yard_door_book_swamp_loud_wish_effort,IgM,3,13,-1.2313285566261374,10.30457512595968,-0.7562076245165159
liberty_yard_door_book_swamp_loud_wish_effort,IgM,4,13,1.0686328406949839,10.685307834583227,-0.6482796517556099
liberty_yard_door_book_swamp_loud_wish_effort,IgM,5,14,-1.2313285566261374,11.272957539628985,-0.680585632933177
liberty_yard_door_book_swamp_loud_wish_effort,IgM,6,17,0.5589724541282979,13.797372072013353,-0.982926810532277
liberty_yard_door_book_swamp_loud_wish_effort,IgM,7,18,0.37694241891061303,14.38502177705911,-0.964482424497902
liberty_yard_door_book_swamp_loud_wish_effort,IgM,8,18,-1.3854375349398593,14.765754485682658,-0.964482424497902
liberty_yard_door_book_swamp_loud_wish_effort,IgM,9,18,0.37694241891061303,14.38502177705911,-0.964482424497902
liberty_yard_door_book_swamp_loud_wish_effort,IgM,10,18,-1.3854375349398593,14.765754485682658,-0.964482424497902
liberty_yard_door_book_swamp_loud_wish_effort,IgM,11,19,0.37694241891061303,15.353404190728416,-1.1571077696670928
liberty_yard_door_book_swamp_loud_wish_effort,IgM,12,19,0.37694241891061303,15.353404190728416,-1.1571077696670928
liberty_yard_door_book_swamp_loud_wish_effort,IgM,13,19,0.37694241891061303,15.353404190728416,-1.1571077696670928
liberty_yard_door_book_swamp_loud_wish_effort,IgM,14,19,0.37694241891061303,15.353404190728416,-1.1571077696670928
liberty_yard_door_book_swamp_loud_wish_effort,IgM,15,19,0.37694241891061303,15.353404190728416,-1.1571077696670928
liberty_yard_door_book_swamp_loud_wish_effort,IgM,16,20,0.37694241891061303,16.321786604397722,-1.1571077696670928
liberty_yard_door_book_swamp_loud_wish_effort,IgM,17,21,-1.3854375349398593,17.670901726690573,-0.7562076245165159
liberty_yard_door_book_swamp_loud_wish_effort,IgM,18,21,-1.3854375349398593,17.670901726690573,-0.7562076245165159
liberty_yard_door_book_swamp_loud_wish_effort,IgM,19,21,-1.3854375349398593,17.670901726690573,-0.7562076245165159
liberty_yard_door_book_swamp_loud_wish_effort,IgM,20,23,-0.4207631544924123,18.846201136782085,-0.7562076245165159
liberty_yard_door_book_swamp_loud_wish_effort,IgM,21,25,-0.5384732379786434,23.06736221586198,-0.6852250304438462
liberty_yard_door_book_swamp_loud_wish_effort,IgM,22,25,-0.5384732379786434,23.06736221586198,-0.6852250304438462
little_choose_fix_valve_scout_sight_tube_duck,IgM,0,10,0.5589724541282979,8.160893302198861,-1.8885161174020038
little_choose_fix_valve_scout_sight_tube_duck,IgM,1,10,0.5589724541282979,8.160893302198861,-1.8885161174020038
little_choose_fix_valve_scout_sight_tube_duck,IgM,2,10,0.5589724541282979,8.160893302198861,-1.8885161174020038
little_choose_fix_valve_scout_sight_tube_duck,IgM,3,10,0.5589724541282979,8.160893302198861,-1.8885161174020038
little_choose_fix_valve_scout_sight_tube_duck,IgM,4,11,-1.049065379029741,8.748543007244617,-1.6230447693962127
little_choose_fix_valve_scout_sight_tube_duck,IgM,5,11,-1.049065379029741,8.748543007244617,-1.6230447693962127
little_choose_fix_valve_scout_sight_tube_duck,IgM,6,16,0.04884662497261053,13.209722366967595,-1.8672767660310776
little_choose_fix_valve_scout_sight_tube_duck,IgM,7,16,-1.049065379029741,13.59045507559114,-2.0731444390698406
little_choose_fix_valve_scout_sight_tube_duck,IgM,8,16,0.04884662497261053,13.209722366967595,-1.8672767660310776
little_choose_fix_valve_scout_sight_tube_duck,IgM,9,17,1.0686328406949839,14.558837489260448,-2.0419734198188864
little_choose_fix_valve_scout_sight_tube_duck,IgM,10,17,0.04884662497261053,14.1781047806369,-1.8672767660310776
little_choose_fix_valve_scout_sight_tube_duck,IgM,11,17,1.0686328406949839,14.558837489260448,-2.0419734198188864
little_choose_fix_valve_scout_sight_tube_duck,IgM,12,17,1.0686328406949839,14.558837489260448,-2.0419734198188864
little_choose_fix_valve_scout_sight_tube_duck,IgM,13,17,0.04884662497261053,14.1781047806369,-1.8672767660310776
little_choose_fix_valve_scout_sight_tube_duck,IgM,14,17,1.0686328406949839,14.558837489260448,-2.0419734198188864
little_choose_fix_valve_scout_sight_tube_duck,IgM,15,17,1.0686328406949839,14.558837489260448,-2.0419734198188864
little_choose_fix_valve_scout_sight_tube_duck,IgM,16,17,1.0686328406949839,14.558837489260448,-2.0419734198188864
little_choose_fix_valve_scout_sight_tube_duck,IgM,17,17,1.0686328406949839,14.558837489260448,-2.0419734198188864
little_choose_fix_valve_scout_sight_tube_duck,IgM,18,17,1.0686328406949839,14.558837489260448,-2.0419734198188864
little_choose_fix_valve_scout_sight_tube_duck,IgM,19,17,1.0686328406949839,14.558837489260448,-2.0419734198188864
little_choose_fix_valve_scout_sight_tube_duck,IgM,20,17,0.04884662497261053,14.1781047806369,-1.8672767660310776
little_choose_fix_valve_scout_sight_tube_duck,IgM,21,18,0.5589724541282979,14.765754485682658,-1.8672767660310776
little_choose_fix_valve_scout_sight_tube_duck,IgM,22,19,-1.3854375349398593,15.734136899351963,-2.343901650606885
little_choose_fix_valve_scout_sight_tube_duck,IgM,23,19,-1.3854375349398593,15.734136899351963,-2.343901650606885
little_choose_fix_valve_scout_sight_tube_duck,IgM,24,19,-1.3854375349398593,15.734136899351963,-2.343901650606885
little_choose_fix_valve_scout_sight_tube_duck,IgM,25,19,-1.3854375349398593,15.734136899351963,-2.343901650606885
little_choose_fix_valve_scout_sight_tube_duck,IgM,26,19,-1.3854375349398593,15.734136899351963,-2.343901650606885
little_choose_fix_valve_scout_sight_tube_duck,IgM,27,19,-1.3854375349398593,15.734136899351963,-2.343901650606885
little_choose_fix_valve_scout_sight_tube_duck,IgM,28,21,-1.3854375349398593,17.670901726690573,-2.343901650606885
little_choose_fix_valve_scout_sight_tube_duck,IgM,29,22,0.04884662497261053,19.020016848983424,-2.0419734198188864
little_choose_fix_valve_scout_sight_tube_duck,IgM,30,23,-1.2313285566261374,19.988399262652727,-2.0419734198188864
little_choose_fix_valve_scout_sight_tube_duck,IgM,31,24,0.22300002082450082,19.814583550451392,-1.8672767660310776
little_choose_fix_valve_scout_sight_tube_duck,IgM,32,25,0.5589724541282979,21.54443138136779,-2.0947243537084383
loop_hint_lobster_illegal_that_monster_frown_vault,IgM,0,5,-0.13329990662440827,4.080446651099431,-1.44751720275649
loop_hint_lobster_illegal_that_monster_frown_vault,IgM,1,5,6.907755278982137,4.461179359722977,-1.4595060586526842
loop_hint_lobster_illegal_that_monster_frown_vault,IgM,2,5,0.5589724541282979,4.461179359722977,-1.3591402815781777
loop_hint_lobster_illegal_that_monster_frown_vault,IgM,3,5,-0.13329990662440827,4.080446651099431,-1.2491834289792854
loop_hint_lobster_illegal_that_monster_frown_vault,IgM,4,6,0.9635635070700442,4.668096356145188,-0.9808239671418739
loop_hint_lobster_illegal_that_monster_frown_vault,IgM,5,8,1.6540930966380338,6.985593892107344,-1.4595060586526842
loop_hint_lobster_illegal_that_monster_frown_vault,IgM,6,8,0.5589724541282979,6.224128474860251,-1.3591402815781777
loop_hint_lobster_illegal_that_monster_frown_vault,IgM,7,8,0.5589724541282979,7.366326600730891,-1.620306414980057
loop_hint_lobster_illegal_that_monster_frown_vault,IgM,8,9,0.5589724541282979,8.334709014400197,-0.9756878407175041
loop_hint_lobster_illegal_that_monster_frown_vault,IgM,9,9,0.5589724541282979,7.192510888529555,-1.3591402815781777
loop_hint_lobster_illegal_that_monster_frown_vault,IgM,10,9,0.5589724541282979,7.192510888529555,-1.3063893322144242
loop_hint_lobster_illegal_that_monster_frown_vault,IgM,11,10,-0.5384732379786434,8.541626010822407,-1.5483732981166678
loop_hint_lobster_illegal_that_monster_frown_vault,IgM,12,10,-0.13329990662440827,8.922358719445954,-0.9157435695262833
loop_hint_lobster_illegal_that_monster_frown_vault,IgM,13,11,0.04884662497261053,8.367810298621071,-1.7758208990576296
loop_hint_lobster_illegal_that_monster_frown_vault,IgM,14,11,-0.8260093901221207,9.129275715868165,-1.3591402815781777
loop_hint_lobster_illegal_that_monster_frown_vault,IgM,15,11,-0.8260093901221207,9.129275715868165,-1.2080807420507835
loop_hint_lobster_illegal_that_monster_frown_vault,IgM,16,11,-0.8260093901221207,9.129275715868165,-1.5483732981166678
loop_hint_lobster_illegal_that_monster_frown_vault,IgM,17,12,0.2717276959164277,9.716925420913922,-1.1964324729837312
loop_hint_lobster_illegal_that_monster_frown_vault,IgM,18,13,-0.2873255496957979,9.543109708712587,-1.2991960192293577
loop_hint_lobster_illegal_that_monster_frown_vault,IgM,19,13,-1.3854375349398593,9.923842417336134,-1.8669361850786046
loop_hint_lobster_illegal_that_monster_frown_vault,IgM,20,13,0.08962486797974716,8.781644291465494,-1.6586707314655518
loop_hint_lobster_illegal_that_monster_frown_vault,IgM,21,13,0.9635635070700442,11.44677325183032,-1.1960918878125393
loop_hint_lobster_illegal_that_monster_frown_vault,IgM,22,14,-0.13329990662440827,10.89222483100544,-1.809389698882874
loop_hint_lobster_illegal_that_monster_frown_vault,IgM,23,14,-0.13329990662440827,10.89222483100544,-1.809389698882874
loop_hint_lobster_illegal_that_monster_frown_vault,IgM,24,14,-0.5384732379786434,12.415155665499626,-1.3591402815781777
loop_hint_lobster_illegal_that_monster_frown_vault,IgM,25,14,-0.13329990662440827,10.89222483100544,-1.809389698882874
loop_hint_lobster_illegal_that_monster_frown_vault,IgM,26,15,-0.8260093901221207,13.002805370545385,-1.5843398541995997
loop_hint_lobster_illegal_that_monster_frown_vault,IgM,27,15,-1.2313285566261374,12.24133995329829,-0.9256752438356313
loop_hint_lobster_illegal_that_monster_frown_vault,IgM,28,15,-0.8260093901221207,13.002805370545385,-1.5843398541995997
loop_hint_lobster_illegal_that_monster_frown_vault,IgM,29,15,0.5589724541282979,10.89222483100544,-1.6826484487844409
loop_hint_lobster_illegal_that_monster_frown_vault,IgM,30,15,0.04884662497261053,9.336192712290377,-1.1241587800678758
loop_hint_lobster_illegal_that_monster_frown_vault,IgM,31,16,1.0686328406949839,13.59045507559114,-0.9756878407175041
loop_hint_lobster_illegal_that_monster_frown_vault,IgM,32,16,0.2717276959164277,13.59045507559114,-1.1964324729837312
loop_hint_lobster_illegal_that_monster_frown_vault,IgM,33,16,-0.13329990662440827,12.828989658344048,-1.3639358338843564
loop_hint_lobster_illegal_that_monster_frown_vault,IgM,34,16,-1.2313285566261374,13.209722366967595,-1.579544312946422
loop_hint_lobster_illegal_that_monster_frown_vault,IgM,35,18,0.5589724541282979,15.907952611553299,-1.7833547952057691
loop_hint_lobster_illegal_that_monster_frown_vault,IgM,36,18,0.37694241891061303,14.38502177705911,-1.3473011572862
loop_hint_lobster_illegal_that_monster_frown_vault,IgM,37,18,-0.8260093901221207,15.907952611553299,-1.1604659213219997
loop_hint_lobster_illegal_that_monster_frown_vault,IgM,38,19,1.4726433090871196,16.876335025222602,-1.6055792033599257
loop_hint_lobster_illegal_that_monster_frown_vault,IgM,39,19,1.4726433090871196,16.876335025222602,-1.6055792033599257
loop_hint_lobster_illegal_that_monster_frown_vault,IgM,40,19,-0.2873255496957979,15.353404190728416,-1.7617748805671718
loop_hint_lobster_illegal_that_monster_frown_vault,IgM,41,21,0.08962486797974716,16.52870360081993,-1.1457387123912748
loop_hint_lobster_illegal_that_monster_frown_vault,IgM,42,21,0.08962486797974716,16.52870360081993,-1.1457387123912748
loop_hint_lobster_illegal_that_monster_frown_vault,IgM,43,23,-1.049065379029741,20.369131971276275,-1.4572580165168931
loop_hint_lobster_illegal_that_monster_frown_vault,IgM,44,23,-1.049065379029741,20.369131971276275,-1.4572580165168931
loop_hint_lobster_illegal_that_monster_frown_vault,IgM,45,25,0.37694241891061303,21.163698672744246,-1.369071960308726
loop_hint_lobster_illegal_that_monster_frown_vault,IgM,46,26,0.4256596947182628,20.989882960542907,-1.2611722721645284
loop_hint_lobster_illegal_that_monster_frown_vault,IgM,47,26,0.5589724541282979,12.208238669077415,-1.3161301380352453
loop_hint_lobster_illegal_that_monster_frown_vault,IgM,48,27,1.0433878202705222,20.816067248341575,-1.5843398541995997
loop_hint_lobster_illegal_that_monster_frown_vault,IgM,49,28,0.4256596947182628,22.926647787881517,-1.2611722721645284
lounge_that_age_cool_apart_siege_idea_advice,IgM,0,7,0.9635635070700442,5.6364787698144925,-1.5059966050871494
lounge_that_age_cool_apart_siege_idea_advice,IgM,1,7,-0.5384732379786434,5.6364787698144925,-1.3508463542144142
lounge_that_age_cool_apart_siege_idea_advice,IgM,2,8,0.5589724541282979,7.366326600730891,-1.720120263402172
lounge_that_age_cool_apart_siege_idea_advice,IgM,3,8,0.5589724541282979,7.366326600730891,-1.720120263402172
lounge_that_age_cool_apart_siege_idea_advice,IgM,4,9,-0.5384732379786434,7.573243597153103,-1.3001525779452752
lounge_that_age_cool_apart_siege_idea_advice,IgM,5,9,-0.13329990662440827,7.953976305776649,-1.7288394277093313
lounge_that_age_cool_apart_siege_idea_advice,IgM,6,9,0.2717276959164277,6.811778179906009,-1.4592773508675323
lounge_that_age_cool_apart_siege_idea_advice,IgM,7,9,0.5589724541282979,8.334709014400197,-0.9748595829656234
lounge_that_age_cool_apart_siege_idea_advice,IgM,8,9,-0.5384732379786434,7.573243597153103,-1.3001525779452752
lounge_that_age_cool_apart_siege_idea_advice,IgM,9,10,-0.8260093901221207,8.160893302198861,-1.3524675814730318
lounge_that_age_cool_apart_siege_idea_advice,IgM,10,10,1.0686328406949839,7.780160593575313,-1.2135194986918556
lounge_that_age_cool_apart_siege_idea_advice,IgM,11,10,0.5589724541282979,6.224128474860251,-1.4636369308105117
lounge_that_age_cool_apart_siege_idea_advice,IgM,12,10,0.5589724541282979,6.224128474860251,-1.4636369308105117
lounge_that_age_cool_apart_siege_idea_advice,IgM,13,11,0.5589724541282979,9.129275715868165,-1.3508463542144142
lounge_that_age_cool_apart_siege_idea_advice,IgM,14,11,0.04884662497261053,8.367810298621071,-1.824750256088784
lounge_that_age_cool_apart_siege_idea_advice,IgM,15,11,0.2717276959164277,8.748543007244617,-1.3508463542144142
lounge_that_age_cool_apart_siege_idea_advice,IgM,16,11,0.5589724541282979,9.129275715868165,-1.3508463542144142
lounge_that_age_cool_apart_siege_idea_advice,IgM,17,11,0.2717276959164277,8.748543007244617,-1.7092213146500237
lounge_that_age_cool_apart_siege_idea_advice,IgM,18,11,0.2717276959164277,8.748543007244617,-1.7092213146500237
lounge_that_age_cool_apart_siege_idea_advice,IgM,19,11,-0.8260093901221207,9.129275715868165,-1.2135194986918556
lounge_that_age_cool_apart_siege_idea_advice,IgM,20,11,0.2717276959164277,8.748543007244617,-1.3508463542144142
lounge_that_age_cool_apart_siege_idea_advice,IgM,21,11,0.5589724541282979,9.129275715868165,-1.3508463542144142
lounge_that_age_cool_apart_siege_idea_advice,IgM,22,11,0.5589724541282979,9.129275715868165,-1.3508463542144142
lounge_that_age_cool_apart_siege_idea_advice,IgM,23,11,0.04884662497261053,8.367810298621071,-1.824750256088784
lounge_that_age_cool_apart_siege_idea_advice,IgM,24,11,0.2717276959164277,8.748543007244617,-1.3508463542144142
lounge_that_age_cool_apart_siege_idea_advice,IgM,25,11,1.4726433090871196,9.129275715868165,-1.6095094648133978
lounge_that_age_cool_apart_siege_idea_advice,IgM,26,11,0.5589724541282979,9.129275715868165,-1.3508463542144142
lounge_that_age_cool_apart_siege_idea_advice,IgM,27,11,0.5589724541282979,9.129275715868165,-1.3508463542144142
lounge_that_age_cool_apart_siege_idea_advice,IgM,28,11,-0.5384732379786434,9.510008424491712,-1.2135194986918556
lounge_that_age_cool_apart_siege_idea_advice,IgM,29,11,1.0686328406949839,8.748543007244617,-1.2941717773754788
lounge_that_age_cool_apart_siege_idea_advice,IgM,30,12,0.04884662497261053,9.336192712290377,-1.3508463542144142
lounge_that_age_cool_apart_siege_idea_advice,IgM,31,12,0.5589724541282979,10.09765812953747,-1.2135194986918556
lounge_that_age_cool_apart_siege_idea_advice,IgM,32,12,0.5589724541282979,10.09765812953747,-1.2135194986918556
lounge_that_age_cool_apart_siege_idea_advice,IgM,33,12,0.04884662497261053,9.336192712290377,-1.824750256088784
lounge_that_age_cool_apart_siege_idea_advice,IgM,34,12,0.04884662497261053,9.336192712290377,-1.3508463542144142
lounge_that_age_cool_apart_siege_idea_advice,IgM,35,12,0.2717276959164277,9.716925420913922,-1.3508463542144142
lounge_that_age_cool_apart_siege_idea_advice,IgM,36,12,0.2717276959164277,9.716925420913922,-1.3508463542144142
lounge_that_age_cool_apart_siege_idea_advice,IgM,37,12,0.2717276959164277,9.716925420913922,-1.3508463542144142
lounge_that_age_cool_apart_siege_idea_advice,IgM,38,12,0.2717276959164277,9.716925420913922,-1.3508463542144142
lounge_that_age_cool_apart_siege_idea_advice,IgM,39,12,0.04884662497261053,9.336192712290377,-1.3508463542144142
lounge_that_age_cool_apart_siege_idea_advice,IgM,40,12,0.04884662497261053,9.336192712290377,-1.3508463542144142
lounge_that_age_cool_apart_siege_idea_advice,IgM,41,13,1.0686328406949839,10.685307834583227,-1.3508463542144142
lounge_that_age_cool_apart_siege_idea_advice,IgM,42,13,1.4726433090871196,11.066040543206775,-1.4200411159065165
lounge_that_age_cool_apart_siege_idea_advice,IgM,43,13,1.4726433090871196,11.066040543206775,-1.4200411159065165
lounge_that_age_cool_apart_siege_idea_advice,IgM,44,13,1.0686328406949839,10.685307834583227,-1.3508463542144142
lounge_that_age_cool_apart_siege_idea_advice,IgM,45,13,1.0686328406949839,10.685307834583227,-1.3508463542144142
lounge_that_age_cool_apart_siege_idea_advice,IgM,46,13,1.4726433090871196,11.066040543206775,-1.4200411159065165
lounge_that_age_cool_apart_siege_idea_advice,IgM,47,13,1.0686328406949839,10.685307834583227,-1.3508463542144142
lounge_that_age_cool_apart_siege_idea_advice,IgM,48,13,1.0686328406949839,10.685307834583227,-1.3508463542144142
lounge_that_age_cool_apart_siege_idea_advice,IgM,49,13,1.0686328406949839,10.685307834583227,-1.3508463542144142
lounge_that_age_cool_apart_siege_idea_advice,IgM,50,13,1.0686328406949839,10.685307834583227,-1.3508463542144142
lounge_that_age_cool_apart_siege_idea_advice,IgM,51,13,0.2717276959164277,10.685307834583227,-1.3508463542144142
lounge_that_age_cool_apart_siege_idea_advice,IgM,52,13,1.1172774456369179,9.923842417336134,-1.2173205214484635
lounge_that_age_cool_apart_siege_idea_advice,IgM,53,13,1.0686328406949839,10.685307834583227,-1.3508463542144142
lounge_that_age_cool_apart_siege_idea_advice,IgM,54,13,1.0686328406949839,10.685307834583227,-1.3508463542144142
lounge_that_age_cool_apart_siege_idea_advice,IgM,55,13,1.0686328406949839,10.685307834583227,-1.3508463542144142
lounge_that_age_cool_apart_siege_idea_advice,IgM,56,13,0.2717276959164277,10.685307834583227,-1.3508463542144142
lounge_that_age_cool_apart_siege_idea_advice,IgM,57,13,1.1172774456369179,9.923842417336134,-1.2173205214484635
lounge_that_age_cool_apart_siege_idea_advice,IgM,58,13,1.0686328406949839,10.685307834583227,-1.5490338718496552
lounge_that_age_cool_apart_siege_idea_advice,IgM,59,13,0.2717276959164277,10.685307834583227,-1.3508463542144142
lounge_that_age_cool_apart_siege_idea_advice,IgM,60,13,0.2717276959164277,10.685307834583227,-1.3508463542144142
lounge_that_age_cool_apart_siege_idea_advice,IgM,61,13,1.0686328406949839,10.685307834583227,-1.3508463542144142
lounge_that_age_cool_apart_siege_idea_advice,IgM,62,13,1.0686328406949839,10.685307834583227,-1.3508463542144142
lounge_that_age_cool_apart_siege_idea_advice,IgM,63,13,0.2717276959164277,10.685307834583227,-1.540314705331896
lounge_that_age_cool_apart_siege_idea_advice,IgM,64,13,1.0686328406949839,10.685307834583227,-1.3508463542144142
lounge_that_age_cool_apart_siege_idea_advice,IgM,65,13,1.0686328406949839,10.685307834583227,-1.3508463542144142
lounge_that_age_cool_apart_siege_idea_advice,IgM,66,13,1.4726433090871196,11.066040543206775,-1.4200411159065165
lounge_that_age_cool_apart_siege_idea_advice,IgM,67,13,1.0686328406949839,10.685307834583227,-1.2936132157679068
lounge_that_age_cool_apart_siege_idea_advice,IgM,68,14,0.2717276959164277,11.65369024825253,-1.2941717773754788
lounge_that_age_cool_apart_siege_idea_advice,IgM,69,14,0.5589724541282979,12.034422956876078,-1.2135194986918556
lounge_that_age_cool_apart_siege_idea_advice,IgM,70,14,0.2717276959164277,11.65369024825253,-1.5938658579327951
lounge_that_age_cool_apart_siege_idea_advice,IgM,71,14,-1.049065379029741,11.65369024825253,-1.6144276063639493
lounge_that_age_cool_apart_siege_idea_advice,IgM,72,14,0.04884662497261053,11.272957539628985,-1.3508463542144142
lounge_that_age_cool_apart_siege_idea_advice,IgM,73,14,-1.049065379029741,11.65369024825253,-1.6144276063639493
lounge_that_age_cool_apart_siege_idea_advice,IgM,74,14,0.04884662497261053,11.272957539628985,-1.882368430919403
lounge_that_age_cool_apart_siege_idea_advice,IgM,75,14,0.9635635070700442,12.415155665499626,-1.3508463542144142
lounge_that_age_cool_apart_siege_idea_advice,IgM,76,14,-0.5384732379786434,12.415155665499626,-1.2135194986918556
lounge_that_age_cool_apart_siege_idea_advice,IgM,77,14,-1.049065379029741,11.65369024825253,-1.6144276063639493
lounge_that_age_cool_apart_siege_idea_advice,IgM,78,14,0.04884662497261053,11.272957539628985,-1.5419359259587129
lounge_that_age_cool_apart_siege_idea_advice,IgM,79,14,-1.049065379029741,11.65369024825253,-1.6144276063639493
lounge_that_age_cool_apart_siege_idea_advice,IgM,80,14,-1.049065379029741,11.65369024825253,-1.6144276063639493
lounge_that_age_cool_apart_siege_idea_advice,IgM,81,14,-1.2313285566261374,11.272957539628985,-1.3306696662839335
lounge_that_age_cool_apart_siege_idea_advice,IgM,82,14,-0.8260093901221207,12.034422956876078,-1.2135194986918556
lounge_that_age_cool_apart_siege_idea_advice,IgM,83,14,0.9635635070700442,12.415155665499626,-1.3508463542144142
lounge_that_age_cool_apart_siege_idea_advice,IgM,84,14,0.9635635070700442,12.415155665499626,-1.3508463542144142
lounge_that_age_cool_apart_siege_idea_advice,IgM,85,14,0.9635635070700442,12.415155665499626,-1.3508463542144142
lounge_that_age_cool_apart_siege_idea_advice,IgM,86,14,-1.049065379029741,11.65369024825253,-1.3508463542144142
lounge_that_age_cool_apart_siege_idea_advice,IgM,87,14,-1.049065379029741,11.65369024825253,-1.3508463542144142
lounge_that_age_cool_apart_siege_idea_advice,IgM,88,14,0.9635635070700442,12.415155665499626,-1.3508463542144142
lounge_that_age_cool_apart_siege_idea_advice,IgM,89,14,-1.049065379029741,11.65369024825253,-1.3508463542144142
lounge_that_age_cool_apart_siege_idea_advice,IgM,90,14,-1.049065379029741,11.65369024825253,-1.3508463542144142
lounge_that_age_cool_apart_siege_idea_advice,IgM,91,14,-1.049065379029741,11.65369024825253,-1.3508463542144142
lounge_that_age_cool_apart_siege_idea_advice,IgM,92,14,-1.049065379029741,11.65369024825253,-1.3508463542144142
lounge_that_age_cool_apart_siege_idea_advice,IgM,93,14,-1.049065379029741,11.65369024825253,-1.3508463542144142
lounge_that_age_cool_apart_siege_idea_advice,IgM,94,14,-1.049065379029741,11.65369024825253,-1.6144276063639493
lounge_that_age_cool_apart_siege_idea_advice,IgM,95,14,-1.049065379029741,11.65369024825253,-1.3508463542144142
lounge_that_age_cool_apart_siege_idea_advice,IgM,96,14,0.04884662497261053,11.272957539628985,-1.3268686446326259
lounge_that_age_cool_apart_siege_idea_advice,IgM,97,14,-1.049065379029741,11.65369024825253,-1.6144276063639493
lounge_that_age_cool_apart_siege_idea_advice,IgM,98,14,-1.049065379029741,11.65369024825253,-1.6144276063639493
lounge_that_age_cool_apart_siege_idea_advice,IgM,99,14,0.5589724541282979,12.034422956876078,-1.3508463542144142
lounge_that_age_cool_apart_siege_idea_advice,IgM,100,14,0.04884662497261053,11.272957539628985,-1.3268686446326259
lounge_that_age_cool_apart_siege_idea_advice,IgM,101,14,-1.049065379029741,11.65369024825253,-1.6144276063639493
lounge_that_age_cool_apart_siege_idea_advice,IgM,102,14,-1.049065379029741,11.65369024825253,-1.6144276063639493
lounge_that_age_cool_apart_siege_idea_advice,IgM,103,14,-1.049065379029741,11.65369024825253,-1.6144276063639493
lounge_that_age_cool_apart_siege_idea_advice,IgM,104,14,-1.049065379029741,11.65369024825253,-1.6144276063639493
lounge_that_age_cool_apart_siege_idea_advice,IgM,105,15,-0.13329990662440827,11.860607244674743,-1.3508463542144142
lounge_that_age_cool_apart_siege_idea_advice,IgM,106,15,0.5589724541282979,11.860607244674743,-1.2135194986918556
lounge_that_age_cool_apart_siege_idea_advice,IgM,107,15,-1.2313285566261374,12.24133995329829,-1.2135194986918556
lounge_that_age_cool_apart_siege_idea_advice,IgM,108,15,-1.2313285566261374,12.24133995329829,-1.2135194986918556
lounge_that_age_cool_apart_siege_idea_advice,IgM,109,15,-1.2313285566261374,12.24133995329829,-1.2135194986918556
lounge_that_age_cool_apart_siege_idea_advice,IgM,110,15,-1.2313285566261374,12.24133995329829,-1.2135194986918556
lounge_that_age_cool_apart_siege_idea_advice,IgM,111,15,-1.2313285566261374,12.24133995329829,-1.2135194986918556
lounge_that_age_cool_apart_siege_idea_advice,IgM,112,15,-1.2313285566261374,12.24133995329829,-1.2135194986918556
lounge_that_age_cool_apart_siege_idea_advice,IgM,113,15,0.04884662497261053,12.24133995329829,-1.6095094648133978
lounge_that_age_cool_apart_siege_idea_advice,IgM,114,15,-1.2313285566261374,12.24133995329829,-1.2135194986918556
lounge_that_age_cool_apart_siege_idea_advice,IgM,115,15,-1.2313285566261374,12.24133995329829,-1.2135194986918556
lounge_that_age_cool_apart_siege_idea_advice,IgM,116,15,1.4039411963144843,12.24133995329829,-1.720120263402172
lounge_that_age_cool_apart_siege_idea_advice,IgM,117,15,1.4039411963144843,12.24133995329829,-1.720120263402172
lounge_that_age_cool_apart_siege_idea_advice,IgM,118,15,-0.13329990662440827,11.860607244674743,-1.3508463542144142
lounge_that_age_cool_apart_siege_idea_advice,IgM,119,15,-0.13329990662440827,11.860607244674743,-1.3508463542144142
lounge_that_age_cool_apart_siege_idea_advice,IgM,120,15,-0.13329990662440827,11.860607244674743,-1.3508463542144142
lounge_that_age_cool_apart_siege_idea_advice,IgM,121,15,0.5589724541282979,11.860607244674743,-1.3268686446326259
lounge_that_age_cool_apart_siege_idea_advice,IgM,122,15,0.5589724541282979,11.860607244674743,-1.3268686446326259
lounge_that_age_cool_apart_siege_idea_advice,IgM,123,15,-1.2313285566261374,12.24133995329829,-1.2135194986918556
lounge_that_age_cool_apart_siege_idea_advice,IgM,124,15,0.37694241891061303,11.479874536051195,-1.3573857230235833
lounge_that_age_cool_apart_siege_idea_advice,IgM,125,15,0.37694241891061303,11.479874536051195,-1.3573857230235833
lounge_that_age_cool_apart_siege_idea_advice,IgM,126,15,0.7816788823627474,12.24133995329829,-1.4592773508675323
lounge_that_age_cool_apart_siege_idea_advice,IgM,127,15,-1.2313285566261374,12.24133995329829,-1.2135194986918556
lounge_that_age_cool_apart_siege_idea_advice,IgM,128,15,2.0569474476523855,12.24133995329829,-1.5786073203952662
lounge_that_age_cool_apart_siege_idea_advice,IgM,129,15,2.0569474476523855,12.24133995329829,-1.5786073203952662
lounge_that_age_cool_apart_siege_idea_advice,IgM,130,15,0.37694241891061303,11.479874536051195,-1.3573857230235833
lounge_that_age_cool_apart_siege_idea_advice,IgM,131,15,0.37694241891061303,11.479874536051195,-1.3573857230235833
lounge_that_age_cool_apart_siege_idea_advice,IgM,132,15,0.37694241891061303,11.479874536051195,-1.3573857230235833
lounge_that_age_cool_apart_siege_idea_advice,IgM,133,15,2.0569474476523855,12.24133995329829,-1.5786073203952662
lounge_that_age_cool_apart_siege_idea_advice,IgM,134,15,-1.2313285566261374,12.24133995329829,-1.2135194986918556
lounge_that_age_cool_apart_siege_idea_advice,IgM,135,15,-0.5384732379786434,13.38353807916893,-0.9542978220640997
lounge_that_age_cool_apart_siege_idea_advice,IgM,136,15,0.04884662497261053,12.24133995329829,-1.6095094648133978
lounge_that_age_cool_apart_siege_idea_advice,IgM,137,15,0.37694241891061303,11.479874536051195,-1.3573857230235833
lounge_that_age_cool_apart_siege_idea_advice,IgM,138,15,0.04884662497261053,12.24133995329829,-1.6095094648133978
lounge_that_age_cool_apart_siege_idea_advice,IgM,139,15,1.4039411963144843,12.24133995329829,-1.720120263402172
lounge_that_age_cool_apart_siege_idea_advice,IgM,140,15,-1.2313285566261374,12.24133995329829,-1.2135194986918556
lounge_that_age_cool_apart_siege_idea_advice,IgM,141,15,-1.2313285566261374,12.24133995329829,-1.2135194986918556
lounge_that_age_cool_apart_siege_idea_advice,IgM,142,15,-1.2313285566261374,12.24133995329829,-1.2135194986918556
lounge_that_age_cool_apart_siege_idea_advice,IgM,143,15,-1.2313285566261374,12.24133995329829,-1.2135194986918556
lounge_that_age_cool_apart_siege_idea_advice,IgM,144,16,0.04884662497261053,13.209722366967595,-1.850907741273161
lounge_that_age_cool_apart_siege_idea_advice,IgM,145,16,-0.8260093901221207,13.971187784214688,-1.49727743635879
lounge_that_age_cool_apart_siege_idea_advice,IgM,146,16,0.7816788823627474,13.209722366967595,-1.3508463542144142
lounge_that_age_cool_apart_siege_idea_advice,IgM,147,16,0.37694241891061303,12.448256949720502,-1.824750256088784
lounge_that_age_cool_apart_siege_idea_advice,IgM,148,16,1.0686328406949839,13.59045507559114,-1.715760676827392
lounge_that_age_cool_apart_siege_idea_advice,IgM,149,16,-1.049065379029741,13.59045507559114,-1.3508463542144142
lounge_that_age_cool_apart_siege_idea_advice,IgM,150,16,-1.049065379029741,13.59045507559114,-1.3508463542144142
lounge_that_age_cool_apart_siege_idea_advice,IgM,151,16,-1.049065379029741,13.59045507559114,-1.3508463542144142
lounge_that_age_cool_apart_siege_idea_advice,IgM,152,16,-0.13329990662440827,12.828989658344048,-1.4440188122247037
lounge_that_age_cool_apart_siege_idea_advice,IgM,153,16,-0.2873255496957979,12.448256949720502,-1.824750256088784
lounge_that_age_cool_apart_siege_idea_advice,IgM,154,16,-1.049065379029741,13.59045507559114,-1.3508463542144142
lounge_that_age_cool_apart_siege_idea_advice,IgM,155,16,-1.049065379029741,13.59045507559114,-1.3508463542144142
lounge_that_age_cool_apart_siege_idea_advice,IgM,156,16,1.0686328406949839,13.59045507559114,-1.715760676827392
lounge_that_age_cool_apart_siege_idea_advice,IgM,157,16,-1.2313285566261374,13.209722366967595,-1.2135194986918556
lounge_that_age_cool_apart_siege_idea_advice,IgM,158,16,-1.3854375349398593,12.828989658344048,-1.3028909483144386
lounge_that_age_cool_apart_siege_idea_advice,IgM,159,16,-1.3854375349398593,12.828989658344048,-1.3028909483144386
lounge_that_age_cool_apart_siege_idea_advice,IgM,160,16,0.04884662497261053,13.209722366967595,-1.3268686446326259
lounge_that_age_cool_apart_siege_idea_advice,IgM,161,16,0.5589724541282979,12.828989658344048,-1.1715448977828768
lounge_that_age_cool_apart_siege_idea_advice,IgM,162,16,0.5589724541282979,12.828989658344048,-1.2135194986918556
lounge_that_age_cool_apart_siege_idea_advice,IgM,163,16,0.37694241891061303,12.448256949720502,-1.824750256088784
lounge_that_age_cool_apart_siege_idea_advice,IgM,164,17,0.5589724541282979,13.797372072013353,-1.3268686446326259
lounge_that_age_cool_apart_siege_idea_advice,IgM,165,17,0.7128316973393489,13.035906654766258,-1.5026996821552963
lounge_that_age_cool_apart_siege_idea_advice,IgM,166,17,0.5589724541282979,13.797372072013353,-1.1715448977828768
lounge_that_age_cool_apart_siege_idea_advice,IgM,167,17,2.2558814174084483,13.797372072013353,-1.540314705331896
lounge_that_age_cool_apart_siege_idea_advice,IgM,168,17,1.1172774456369179,13.797372072013353,-1.6095094648133978
lounge_that_age_cool_apart_siege_idea_advice,IgM,169,17,0.5589724541282979,14.939570197883995,-1.2135194986918556
lounge_that_age_cool_apart_siege_idea_advice,IgM,170,17,0.4256596947182628,12.274441237519166,-1.822570452853693
lounge_that_age_cool_apart_siege_idea_advice,IgM,171,17,0.5589724541282979,13.797372072013353,-1.1715448977828768
lounge_that_age_cool_apart_siege_idea_advice,IgM,172,17,0.7128316973393489,13.035906654766258,-1.5026996821552963
lounge_that_age_cool_apart_siege_idea_advice,IgM,173,17,0.4256596947182628,12.274441237519166,-1.822570452853693
lounge_that_age_cool_apart_siege_idea_advice,IgM,174,17,1.1172774456369179,13.797372072013353,-1.6095094648133978
lounge_that_age_cool_apart_siege_idea_advice,IgM,175,17,0.7128316973393489,13.035906654766258,-1.5026996821552963
lounge_that_age_cool_apart_siege_idea_advice,IgM,176,18,0.4256596947182628,13.24282365118847,-1.822570452853693
lounge_that_age_cool_apart_siege_idea_advice,IgM,177,18,-0.13329990662440827,14.765754485682658,-1.2135194986918556
lounge_that_age_cool_apart_siege_idea_advice,IgM,178,18,1.6540930966380338,14.765754485682658,-1.540314705331896
lounge_that_age_cool_apart_siege_idea_advice,IgM,179,18,-0.13329990662440827,14.765754485682658,-1.49235929722132
lounge_that_age_cool_apart_siege_idea_advice,IgM,180,18,0.22300002082450082,14.004289068435563,-1.3573857230235833
lounge_that_age_cool_apart_siege_idea_advice,IgM,181,18,0.22300002082450082,14.004289068435563,-1.3573857230235833
lounge_that_age_cool_apart_siege_idea_advice,IgM,182,18,0.22300002082450082,14.004289068435563,-1.3829846521268885
lounge_that_age_cool_apart_siege_idea_advice,IgM,183,18,-0.13329990662440827,14.765754485682658,-1.2135194986918556
lounge_that_age_cool_apart_siege_idea_advice,IgM,184,18,1.1172774456369179,14.765754485682658,-1.2936132157679068
lounge_that_age_cool_apart_siege_idea_advice,IgM,185,18,-0.13329990662440827,14.765754485682658,-1.2135194986918556
lounge_that_age_cool_apart_siege_idea_advice,IgM,186,18,0.37694241891061303,14.38502177705911,-1.2151407281610735
lounge_that_age_cool_apart_siege_idea_advice,IgM,187,18,0.5589724541282979,14.765754485682658,-1.3268686446326259
lounge_that_age_cool_apart_siege_idea_advice,IgM,188,18,0.5589724541282979,14.765754485682658,-1.3268686446326259
lounge_that_age_cool_apart_siege_idea_advice,IgM,189,18,-1.3854375349398593,14.765754485682658,-1.3573857230235833
lounge_that_age_cool_apart_siege_idea_advice,IgM,190,18,0.5589724541282979,14.765754485682658,-1.2941717773754788
lounge_that_age_cool_apart_siege_idea_advice,IgM,191,19,-0.4207631544924123,14.972671482104868,-1.4636369308105117
lounge_that_age_cool_apart_siege_idea_advice,IgM,192,19,-0.4207631544924123,14.972671482104868,-1.4636369308105117
lounge_that_age_cool_apart_siege_idea_advice,IgM,193,19,0.04884662497261053,16.11486960797551,-1.3508463542144142
lounge_that_age_cool_apart_siege_idea_advice,IgM,194,19,0.37694241891061303,15.353404190728416,-1.2135194986918556
lounge_that_age_cool_apart_siege_idea_advice,IgM,195,19,0.04884662497261053,16.11486960797551,-1.4200411159065165
lounge_that_age_cool_apart_siege_idea_advice,IgM,196,19,1.6540930966380338,15.734136899351963,-1.5054380436820587
lounge_that_age_cool_apart_siege_idea_advice,IgM,197,19,0.5589724541282979,15.734136899351963,-1.3268686446326259
lounge_that_age_cool_apart_siege_idea_advice,IgM,198,19,0.7128316973393489,14.972671482104868,-1.2107811415862935
lounge_that_age_cool_apart_siege_idea_advice,IgM,199,19,0.04884662497261053,16.11486960797551,-1.493980509005736
lounge_that_age_cool_apart_siege_idea_advice,IgM,200,19,-0.4207631544924123,14.972671482104868,-1.4636369308105117
lounge_that_age_cool_apart_siege_idea_advice,IgM,201,19,-0.4207631544924123,14.972671482104868,-1.4636369308105117
lounge_that_age_cool_apart_siege_idea_advice,IgM,202,19,0.5589724541282979,15.734136899351963,-1.3268686446326259
lounge_that_age_cool_apart_siege_idea_advice,IgM,203,19,0.7816788823627474,16.11486960797551,-1.2135194986918556
lounge_that_age_cool_apart_siege_idea_advice,IgM,204,19,0.04884662497261053,16.11486960797551,-1.6574648729239738
lounge_that_age_cool_apart_siege_idea_advice,IgM,205,19,1.6540930966380338,15.734136899351963,-1.5054380436820587
lounge_that_age_cool_apart_siege_idea_advice,IgM,206,19,-0.4207631544924123,14.972671482104868,-1.4636369308105117
lounge_that_age_cool_apart_siege_idea_advice,IgM,207,19,0.37694241891061303,15.353404190728416,-2.0225526928134006
lounge_that_age_cool_apart_siege_idea_advice,IgM,208,19,0.04884662497261053,16.11486960797551,-1.4200411159065165
lounge_that_age_cool_apart_siege_idea_advice,IgM,209,19,-0.4207631544924123,14.972671482104868,-1.4636369308105117
lounge_that_age_cool_apart_siege_idea_advice,IgM,210,19,0.37694241891061303,15.353404190728416,-2.0225526928134006
lounge_that_age_cool_apart_siege_idea_advice,IgM,211,19,0.37694241891061303,15.353404190728416,-1.2135194986918556
lounge_that_age_cool_apart_siege_idea_advice,IgM,212,19,-0.4207631544924123,14.972671482104868,-1.4636369308105117
lounge_that_age_cool_apart_siege_idea_advice,IgM,213,19,-0.4207631544924123,14.972671482104868,-1.4636369308105117
lounge_that_age_cool_apart_siege_idea_advice,IgM,214,19,-0.4207631544924123,14.972671482104868,-1.4636369308105117
lounge_that_age_cool_apart_siege_idea_advice,IgM,215,19,1.6540930966380338,15.734136899351963,-1.2042417617241234
lounge_that_age_cool_apart_siege_idea_advice,IgM,216,19,0.04884662497261053,16.11486960797551,-1.4200411159065165
lounge_that_age_cool_apart_siege_idea_advice,IgM,217,19,-0.2873255496957979,15.353404190728416,-1.3508463542144142
lounge_that_age_cool_apart_siege_idea_advice,IgM,218,19,1.1172774456369179,15.734136899351963,-1.6095094648133978
lounge_that_age_cool_apart_siege_idea_advice,IgM,219,19,0.04884662497261053,16.11486960797551,-1.4200411159065165
lounge_that_age_cool_apart_siege_idea_advice,IgM,220,19,-0.2873255496957979,15.353404190728416,-1.3508463542144142
lounge_that_age_cool_apart_siege_idea_advice,IgM,221,20,2.0569474476523855,17.083252021644814,-1.4113219449675567
lounge_that_age_cool_apart_siege_idea_advice,IgM,222,20,0.37694241891061303,16.321786604397722,-1.4352996551710764
lounge_that_age_cool_apart_siege_idea_advice,IgM,223,20,1.3677189632096503,16.321786604397722,-1.49235929722132
lounge_that_age_cool_apart_siege_idea_advice,IgM,224,20,0.5589724541282979,16.70251931302127,-1.2941717773754788
lounge_that_age_cool_apart_siege_idea_advice,IgM,225,20,1.3677189632096503,16.321786604397722,-1.49235929722132
lounge_that_age_cool_apart_siege_idea_advice,IgM,226,20,-0.13329990662440827,16.70251931302127,-1.2135194986918556
lounge_that_age_cool_apart_siege_idea_advice,IgM,227,20,1.1453609972360244,15.941053895774173,-1.8029523348205352
lounge_that_age_cool_apart_siege_idea_advice,IgM,228,20,-0.4207631544924123,15.941053895774173,-1.4636369308105117
lounge_that_age_cool_apart_siege_idea_advice,IgM,229,20,-0.13329990662440827,16.70251931302127,-1.493980509005736
lounge_that_age_cool_apart_siege_idea_advice,IgM,230,20,0.37694241891061303,16.321786604397722,-1.4352996551710764
lounge_that_age_cool_apart_siege_idea_advice,IgM,231,20,-0.13329990662440827,16.70251931302127,-1.2135194986918556
lounge_that_age_cool_apart_siege_idea_advice,IgM,232,21,0.7128316973393489,16.90943630944348,-1.2135194986918556
lounge_that_age_cool_apart_siege_idea_advice,IgM,233,21,2.0569474476523855,18.051634435314117,-1.5637338411478112
lounge_that_age_cool_apart_siege_idea_advice,IgM,234,21,-0.13329990662440827,17.670901726690573,-1.385164449835479
lounge_that_age_cool_apart_siege_idea_advice,IgM,235,21,-0.13329990662440827,17.670901726690573,-1.385164449835479
lounge_that_age_cool_apart_siege_idea_advice,IgM,236,21,-1.5189376502879606,17.290169018067026,-1.2630961274292485
lounge_that_age_cool_apart_siege_idea_advice,IgM,237,21,-1.5189376502879606,17.290169018067026,-1.2630961274292485
lounge_that_age_cool_apart_siege_idea_advice,IgM,238,21,1.4039411963144843,18.051634435314117,-1.4331198517287418
lounge_that_age_cool_apart_siege_idea_advice,IgM,239,21,0.22300002082450082,16.90943630944348,-1.385164449835479
lounge_that_age_cool_apart_siege_idea_advice,IgM,240,21,-1.5189376502879606,17.290169018067026,-1.2630961274292485
lounge_that_age_cool_apart_siege_idea_advice,IgM,241,21,-0.13329990662440827,17.670901726690573,-1.385164449835479
lounge_that_age_cool_apart_siege_idea_advice,IgM,242,21,0.22300002082450082,16.90943630944348,-1.0474702900220902
lounge_that_age_cool_apart_siege_idea_advice,IgM,243,21,-1.5189376502879606,17.290169018067026,-1.2630961274292485
lounge_that_age_cool_apart_siege_idea_advice,IgM,244,21,-1.5189376502879606,17.290169018067026,-1.2630961274292485
lounge_that_age_cool_apart_siege_idea_advice,IgM,245,21,-1.5189376502879606,17.290169018067026,-1.2630961274292485
lounge_that_age_cool_apart_siege_idea_advice,IgM,246,21,-1.5189376502879606,17.290169018067026,-1.2630961274292485
lounge_that_age_cool_apart_siege_idea_advice,IgM,247,21,0.22300002082450082,16.90943630944348,-1.385164449835479
lounge_that_age_cool_apart_siege_idea_advice,IgM,248,21,-0.2873255496957979,17.290169018067026,-1.3748240516379016
lounge_that_age_cool_apart_siege_idea_advice,IgM,249,22,-0.13329990662440827,18.639284140359877,-1.3028909483144386
lounge_that_age_cool_apart_siege_idea_advice,IgM,250,22,-0.13329990662440827,18.639284140359877,-1.5459104514801694
lounge_that_age_cool_apart_siege_idea_advice,IgM,251,22,-1.5189376502879606,18.25855143173633,-1.3175909154019945
lounge_that_age_cool_apart_siege_idea_advice,IgM,252,22,-1.5189376502879606,18.25855143173633,-1.3175909154019945
lounge_that_age_cool_apart_siege_idea_advice,IgM,253,22,-0.13329990662440827,18.639284140359877,-1.3028909483144386
lounge_that_age_cool_apart_siege_idea_advice,IgM,254,22,1.1172774456369179,18.639284140359877,-1.672723406040302
lounge_that_age_cool_apart_siege_idea_advice,IgM,255,22,0.22300002082450082,17.87781872311278,-1.724479849976952
lounge_that_age_cool_apart_siege_idea_advice,IgM,256,22,0.22300002082450082,17.87781872311278,-1.724479849976952
lounge_that_age_cool_apart_siege_idea_advice,IgM,257,22,0.22300002082450082,17.87781872311278,-1.724479849976952
lounge_that_age_cool_apart_siege_idea_advice,IgM,258,22,1.0686328406949839,19.40074955760697,-1.49235929722132
lounge_that_age_cool_apart_siege_idea_advice,IgM,259,22,-0.13329990662440827,18.639284140359877,-1.3028909483144386
lounge_that_age_cool_apart_siege_idea_advice,IgM,260,22,1.0686328406949839,19.40074955760697,-1.49235929722132
lounge_that_age_cool_apart_siege_idea_advice,IgM,261,22,0.8947453855092655,17.290169018067026,-1.2614749068024316
lounge_that_age_cool_apart_siege_idea_advice,IgM,262,22,1.0686328406949839,19.40074955760697,-1.49235929722132
lounge_that_age_cool_apart_siege_idea_advice,IgM,263,22,0.22300002082450082,17.87781872311278,-1.724479849976952
lounge_that_age_cool_apart_siege_idea_advice,IgM,264,22,0.37694241891061303,18.25855143173633,-1.3508463542144142
lounge_that_age_cool_apart_siege_idea_advice,IgM,265,22,-0.13329990662440827,18.639284140359877,-1.3028909483144386
lounge_that_age_cool_apart_siege_idea_advice,IgM,266,23,-1.3854375349398593,19.60766655402918,-1.2135194986918556
lounge_that_age_cool_apart_siege_idea_advice,IgM,267,23,0.22300002082450082,18.846201136782085,-1.4200411159065165
lounge_that_age_cool_apart_siege_idea_advice,IgM,268,23,1.3677189632096503,19.226933845405632,-1.6057084486885906
lounge_that_age_cool_apart_siege_idea_advice,IgM,269,23,0.7128316973393489,18.846201136782085,-1.490738067549621
lounge_that_age_cool_apart_siege_idea_advice,IgM,270,23,-1.3854375349398593,19.60766655402918,-1.2135194986918556
lounge_that_age_cool_apart_siege_idea_advice,IgM,271,23,0.37694241891061303,19.226933845405632,-1.2135194986918556
lounge_that_age_cool_apart_siege_idea_advice,IgM,272,23,0.7128316973393489,18.846201136782085,-1.2135194986918556
lounge_that_age_cool_apart_siege_idea_advice,IgM,273,23,-1.5189376502879606,19.226933845405632,-1.3829846521268885
lounge_that_age_cool_apart_siege_idea_advice,IgM,274,23,0.9635635070700442,18.46546842815854,-1.5419359259587129
lounge_that_age_cool_apart_siege_idea_advice,IgM,275,23,0.7128316973393489,18.846201136782085,-1.467996521806492
lounge_that_age_cool_apart_siege_idea_advice,IgM,276,23,-1.6366963584974425,18.846201136782085,-1.6144276063639493
lounge_that_age_cool_apart_siege_idea_advice,IgM,277,23,1.0686328406949839,20.369131971276275,-1.49235929722132
lounge_that_age_cool_apart_siege_idea_advice,IgM,278,23,-1.3854375349398593,19.60766655402918,-1.2135194986918556
lounge_that_age_cool_apart_siege_idea_advice,IgM,279,23,0.8947453855092655,19.226933845405632,-1.2936132157679068
lounge_that_age_cool_apart_siege_idea_advice,IgM,280,23,0.7128316973393489,18.846201136782085,-1.490738067549621
lounge_that_age_cool_apart_siege_idea_advice,IgM,281,23,-1.7420374117716249,18.46546842815854,-1.385164449835479
lounge_that_age_cool_apart_siege_idea_advice,IgM,282,23,-1.7420374117716249,18.46546842815854,-1.385164449835479
lounge_that_age_cool_apart_siege_idea_advice,IgM,283,23,0.7128316973393489,18.846201136782085,-1.490738067549621
lounge_that_age_cool_apart_siege_idea_advice,IgM,284,23,0.7128316973393489,18.846201136782085,-1.490738067549621
lounge_that_age_cool_apart_siege_idea_advice,IgM,285,23,0.8947453855092655,19.226933845405632,-1.2936132157679068
lounge_that_age_cool_apart_siege_idea_advice,IgM,286,23,-0.4207631544924123,18.846201136782085,-1.5813456821161638
lounge_that_age_cool_apart_siege_idea_advice,IgM,287,24,0.5589724541282979,19.433850841827844,-1.3611867413589906
lounge_that_age_cool_apart_siege_idea_advice,IgM,288,24,0.5589724541282979,19.433850841827844,-1.3611867413589906
lounge_that_age_cool_apart_siege_idea_advice,IgM,289,24,0.22300002082450082,19.814583550451392,-1.493980509005736
lounge_that_age_cool_apart_siege_idea_advice,IgM,290,24,0.37694241891061303,20.19531625907494,-1.522491298726237
lounge_that_age_cool_apart_siege_idea_advice,IgM,291,24,0.7128316973393489,19.814583550451392,-1.490738067549621
lounge_that_age_cool_apart_siege_idea_advice,IgM,292,24,-1.3854375349398593,20.576048967698487,-1.2135194986918556
lounge_that_age_cool_apart_siege_idea_advice,IgM,293,24,0.5589724541282979,19.433850841827844,-1.3611867413589906
lounge_that_age_cool_apart_siege_idea_advice,IgM,294,24,1.0686328406949839,21.33751438494558,-1.2957930002128961
lounge_that_age_cool_apart_siege_idea_advice,IgM,295,24,0.5589724541282979,19.433850841827844,-1.3611867413589906
lounge_that_age_cool_apart_siege_idea_advice,IgM,296,24,0.5589724541282979,19.433850841827844,-1.3611867413589906
lounge_that_age_cool_apart_siege_idea_advice,IgM,297,24,0.8947453855092655,20.19531625907494,-1.348107994898252
lounge_that_age_cool_apart_siege_idea_advice,IgM,298,24,0.5589724541282979,19.433850841827844,-1.3611867413589906
lounge_that_age_cool_apart_siege_idea_advice,IgM,299,24,0.5589724541282979,19.433850841827844,-1.3611867413589906
lounge_that_age_cool_apart_siege_idea_advice,IgM,300,24,0.5589724541282979,19.433850841827844,-1.3611867413589906
lounge_that_age_cool_apart_siege_idea_advice,IgM,301,24,0.5589724541282979,19.433850841827844,-1.3611867413589906
lounge_that_age_cool_apart_siege_idea_advice,IgM,302,24,0.37694241891061303,20.19531625907494,-1.522491298726237
lounge_that_age_cool_apart_siege_idea_advice,IgM,303,24,0.7128316973393489,19.814583550451392,-1.490738067549621
lounge_that_age_cool_apart_siege_idea_advice,IgM,304,24,0.2717276959164277,21.33751438494558,-1.6231467750923088
lounge_that_age_cool_apart_siege_idea_advice,IgM,305,24,1.3677189632096503,20.19531625907494,-1.6078882375547803
lounge_that_age_cool_apart_siege_idea_advice,IgM,306,24,1.3677189632096503,20.19531625907494,-1.6078882375547803
lounge_that_age_cool_apart_siege_idea_advice,IgM,307,25,0.4256596947182628,20.021500546873604,-1.561554056702822
lounge_that_age_cool_apart_siege_idea_advice,IgM,308,25,0.9635635070700442,20.40223325549715,-1.493980509005736
lounge_that_age_cool_apart_siege_idea_advice,IgM,309,25,0.08962486797974716,20.40223325549715,-1.3829846521268885
lounge_that_age_cool_apart_siege_idea_advice,IgM,310,25,0.9635635070700442,20.40223325549715,-1.493980509005736
lounge_that_age_cool_apart_siege_idea_advice,IgM,311,25,0.4256596947182628,20.021500546873604,-1.2505759492078823
lounge_that_age_cool_apart_siege_idea_advice,IgM,312,25,0.5589724541282979,20.40223325549715,-1.3786250743945094
lounge_that_age_cool_apart_siege_idea_advice,IgM,313,25,0.4256596947182628,20.021500546873604,-1.5419359259587129
lounge_that_age_cool_apart_siege_idea_advice,IgM,314,25,0.9635635070700442,20.40223325549715,-1.2173205214484635
lounge_that_age_cool_apart_siege_idea_advice,IgM,315,25,0.08962486797974716,20.40223325549715,-1.2151407281610735
lounge_that_age_cool_apart_siege_idea_advice,IgM,316,25,0.5589724541282979,21.54443138136779,-1.3028909483144386
lounge_that_age_cool_apart_siege_idea_advice,IgM,317,26,-0.2873255496957979,22.13208108641355,-1.385164449835479
lounge_that_age_cool_apart_siege_idea_advice,IgM,318,26,0.37694241891061303,22.13208108641355,-1.359006952492801
lounge_that_age_cool_apart_siege_idea_advice,IgM,319,26,0.37694241891061303,22.13208108641355,-1.359006952492801
lounge_that_age_cool_apart_siege_idea_advice,IgM,320,26,0.37694241891061303,22.13208108641355,-1.359006952492801
lounge_that_age_cool_apart_siege_idea_advice,IgM,321,26,0.37694241891061303,22.13208108641355,-1.359006952492801
lounge_that_age_cool_apart_siege_idea_advice,IgM,322,26,0.37694241891061303,22.13208108641355,-1.359006952492801
lounge_that_age_cool_apart_siege_idea_advice,IgM,323,26,0.22300002082450082,21.751348377790002,-1.4892358818256843
lounge_that_age_cool_apart_siege_idea_advice,IgM,324,26,-0.4207631544924123,21.751348377790002,-1.385164449835479
lounge_that_age_cool_apart_siege_idea_advice,IgM,325,26,-0.4207631544924123,21.751348377790002,-1.385164449835479
lounge_that_age_cool_apart_siege_idea_advice,IgM,326,26,-0.4207631544924123,21.751348377790002,-1.385164449835479
lounge_that_age_cool_apart_siege_idea_advice,IgM,327,26,-0.13329990662440827,22.512813795037097,-1.4487634668431233
lounge_that_age_cool_apart_siege_idea_advice,IgM,328,27,0.5589724541282979,22.338998082835758,-1.5268508941434178
lounge_that_age_cool_apart_siege_idea_advice,IgM,329,27,-0.2873255496957979,23.100463500082853,-1.289253629193127
lounge_that_age_cool_apart_siege_idea_advice,IgM,330,27,-0.2873255496957979,23.100463500082853,-1.289253629193127
lounge_that_age_cool_apart_siege_idea_advice,IgM,331,27,-0.2873255496957979,23.100463500082853,-1.289253629193127
lounge_that_age_cool_apart_siege_idea_advice,IgM,332,27,-1.5189376502879606,23.100463500082853,-1.2135194986918556
lounge_that_age_cool_apart_siege_idea_advice,IgM,333,27,-0.2873255496957979,23.100463500082853,-1.289253629193127
lounge_that_age_cool_apart_siege_idea_advice,IgM,334,27,-0.2873255496957979,23.100463500082853,-1.289253629193127
lounge_that_age_cool_apart_siege_idea_advice,IgM,335,27,-0.2873255496957979,23.100463500082853,-1.289253629193127
lounge_that_age_cool_apart_siege_idea_advice,IgM,336,27,-0.4207631544924123,22.719730791459305,-1.6623830144745249
lounge_that_age_cool_apart_siege_idea_advice,IgM,337,27,0.9635635070700442,22.338998082835758,-1.6574648729239738
lounge_that_age_cool_apart_siege_idea_advice,IgM,338,27,-0.4207631544924123,22.719730791459305,-1.6623830144745249
lounge_that_age_cool_apart_siege_idea_advice,IgM,339,27,-0.2873255496957979,23.100463500082853,-1.289253629193127
lounge_that_age_cool_apart_siege_idea_advice,IgM,340,27,-0.4207631544924123,22.719730791459305,-1.6623830144745249
lounge_that_age_cool_apart_siege_idea_advice,IgM,341,27,0.9635635070700442,22.338998082835758,-1.6574648729239738
lounge_that_age_cool_apart_siege_idea_advice,IgM,342,27,-0.13329990662440827,23.4811962087064,-1.2701940711095907
lounge_that_age_cool_apart_siege_idea_advice,IgM,343,27,0.9635635070700442,22.338998082835758,-1.6574648729239738
lounge_that_age_cool_apart_siege_idea_advice,IgM,344,27,0.202822310231392,21.19679995696512,-1.2696355072914185
lounge_that_age_cool_apart_siege_idea_advice,IgM,345,27,-0.2873255496957979,23.100463500082853,-1.289253629193127
lounge_that_age_cool_apart_siege_idea_advice,IgM,346,27,0.9635635070700442,22.338998082835758,-1.6574648729239738
lounge_that_age_cool_apart_siege_idea_advice,IgM,347,27,0.5589724541282979,22.338998082835758,-1.5268508941434178
lounge_that_age_cool_apart_siege_idea_advice,IgM,348,27,0.9635635070700442,22.338998082835758,-1.6574648729239738
lounge_that_age_cool_apart_siege_idea_advice,IgM,349,27,-0.2873255496957979,23.100463500082853,-1.289253629193127
lounge_that_age_cool_apart_siege_idea_advice,IgM,350,27,0.202822310231392,21.19679995696512,-1.2696355072914185
lounge_that_age_cool_apart_siege_idea_advice,IgM,351,28,0.22300002082450082,23.688113205128612,-1.5268508941434178
lounge_that_age_cool_apart_siege_idea_advice,IgM,352,28,-0.2873255496957979,24.068845913752156,-1.2173205214484635
lounge_that_age_cool_apart_siege_idea_advice,IgM,353,28,-0.2873255496957979,24.068845913752156,-1.2173205214484635
lounge_that_age_cool_apart_siege_idea_advice,IgM,354,28,-0.2873255496957979,24.068845913752156,-1.2173205214484635
lounge_that_age_cool_apart_siege_idea_advice,IgM,355,28,-1.6366963584974425,23.688113205128612,-1.3007111450793476
lounge_that_age_cool_apart_siege_idea_advice,IgM,356,28,1.1172774456369179,24.449578622375707,-1.5637338411478112
lounge_that_age_cool_apart_siege_idea_advice,IgM,357,28,1.1172774456369179,24.449578622375707,-1.5637338411478112
lounge_that_age_cool_apart_siege_idea_advice,IgM,358,28,0.9635635070700442,23.30738049650506,-1.4658167329403025
lounge_that_age_cool_apart_siege_idea_advice,IgM,359,28,0.9635635070700442,23.30738049650506,-1.4658167329403025
lounge_that_age_cool_apart_siege_idea_advice,IgM,360,28,1.1172774456369179,24.449578622375707,-1.6558436522971567
lounge_that_age_cool_apart_siege_idea_advice,IgM,361,28,0.5589724541282979,23.30738049650506,-1.724479849976952
lounge_that_age_cool_apart_siege_idea_advice,IgM,362,28,-1.7420374117716249,23.30738049650506,-1.2696355072914185
lounge_that_age_cool_apart_siege_idea_advice,IgM,363,28,-0.5384732379786434,23.30738049650506,-1.4745358906156611
lounge_that_age_cool_apart_siege_idea_advice,IgM,364,28,-1.6366963584974425,23.688113205128612,-1.3007111450793476
lounge_that_age_cool_apart_siege_idea_advice,IgM,365,28,-1.6366963584974425,23.688113205128612,-1.3007111450793476
lounge_that_age_cool_apart_siege_idea_advice,IgM,366,28,-0.13329990662440827,24.449578622375707,-1.4925328095753543
lounge_that_age_cool_apart_siege_idea_advice,IgM,367,28,-0.2873255496957979,24.068845913752156,-1.2173205214484635
lounge_that_age_cool_apart_siege_idea_advice,IgM,368,29,0.6765369043602282,23.514297492927277,-1.3508463542144142
lounge_that_age_cool_apart_siege_idea_advice,IgM,369,29,0.6765369043602282,23.514297492927277,-1.6552850774259835
lounge_that_age_cool_apart_siege_idea_advice,IgM,370,29,1.1453609972360244,24.656495618797916,-1.4658167329403025
lounge_that_age_cool_apart_siege_idea_advice,IgM,371,29,0.9635635070700442,24.27576291017437,-1.467996521806492
lounge_that_age_cool_apart_siege_idea_advice,IgM,372,29,1.1453609972360244,24.656495618797916,-1.4658167329403025
lounge_that_age_cool_apart_siege_idea_advice,IgM,373,29,1.3453333641476,24.27576291017437,-1.409142156101367
lounge_that_age_cool_apart_siege_idea_advice,IgM,374,29,1.3453333641476,24.27576291017437,-1.409142156101367
lounge_that_age_cool_apart_siege_idea_advice,IgM,375,29,0.9635635070700442,24.27576291017437,-1.467996521806492
lounge_that_age_cool_apart_siege_idea_advice,IgM,376,29,0.08962486797974716,24.27576291017437,-1.6029700849512278
lounge_that_age_cool_apart_siege_idea_advice,IgM,377,29,0.37694241891061303,25.037228327421467,-1.569888162719908
lounge_that_age_cool_apart_siege_idea_advice,IgM,378,29,1.1636519232287181,23.89503020155082,-1.2936132157679068
lounge_that_age_cool_apart_siege_idea_advice,IgM,379,29,0.30804674017099487,23.514297492927277,-1.2696355072914185
lounge_that_age_cool_apart_siege_idea_advice,IgM,380,29,0.9635635070700442,24.27576291017437,-1.467996521806492
lounge_that_age_cool_apart_siege_idea_advice,IgM,381,29,0.08962486797974716,24.27576291017437,-1.289253629193127
lounge_that_age_cool_apart_siege_idea_advice,IgM,382,29,0.9635635070700442,24.27576291017437,-1.467996521806492
lounge_that_age_cool_apart_siege_idea_advice,IgM,383,29,0.30804674017099487,23.514297492927277,-1.2696355072914185
lounge_that_age_cool_apart_siege_idea_advice,IgM,384,29,-0.13329990662440827,23.514297492927277,-1.2696355072914185
lounge_that_age_cool_apart_siege_idea_advice,IgM,385,29,-0.13329990662440827,23.514297492927277,-1.2696355072914185
lounge_that_age_cool_apart_siege_idea_advice,IgM,386,30,0.6765369043602282,24.48267990659658,-1.3829846521268885
lounge_that_age_cool_apart_siege_idea_advice,IgM,387,30,-0.5384732379786434,25.244145323843675,-1.5268508941434178
lounge_that_age_cool_apart_siege_idea_advice,IgM,388,31,0.4256596947182628,25.83179502888943,-1.5119774191230282
lounge_that_age_cool_apart_siege_idea_advice,IgM,389,31,0.4256596947182628,25.83179502888943,-1.5119774191230282
lounge_that_age_cool_apart_siege_idea_advice,IgM,390,31,0.22300002082450082,26.593260446136526,-1.4178613126714255
lounge_that_age_cool_apart_siege_idea_advice,IgM,391,31,0.22300002082450082,26.593260446136526,-1.4178613126714255
lounge_that_age_cool_apart_siege_idea_advice,IgM,392,31,0.22300002082450082,26.593260446136526,-1.4178613126714255
lounge_that_age_cool_apart_siege_idea_advice,IgM,393,31,0.30804674017099487,25.451062320265887,-1.3403324611451233
lounge_that_age_cool_apart_siege_idea_advice,IgM,394,31,0.30804674017099487,25.451062320265887,-1.3403324611451233
lounge_that_age_cool_apart_siege_idea_advice,IgM,395,31,0.30804674017099487,25.451062320265887,-1.2696355072914185
lounge_that_age_cool_apart_siege_idea_advice,IgM,396,31,-0.6437753880682517,25.83179502888943,-1.4988986682410892
lounge_that_age_cool_apart_siege_idea_advice,IgM,397,31,0.30804674017099487,25.451062320265887,-1.5135986485922461
lounge_that_age_cool_apart_siege_idea_advice,IgM,398,31,0.22300002082450082,26.593260446136526,-1.522491298726237
lounge_that_age_cool_apart_siege_idea_advice,IgM,399,31,0.22300002082450082,26.593260446136526,-1.522491298726237
lounge_that_age_cool_apart_siege_idea_advice,IgM,400,31,1.7337002045176217,26.21252773751298,-1.5524498336220205
lounge_that_age_cool_apart_siege_idea_advice,IgM,401,31,0.22300002082450082,26.593260446136526,-1.4178613126714255
lounge_that_age_cool_apart_siege_idea_advice,IgM,402,31,0.22300002082450082,26.593260446136526,-1.4178613126714255
lounge_that_age_cool_apart_siege_idea_advice,IgM,403,31,0.22300002082450082,26.593260446136526,-1.4178613126714255
lounge_that_age_cool_apart_siege_idea_advice,IgM,404,32,0.8097873287703594,24.863412615220128,-1.7468363137041558
lounge_that_age_cool_apart_siege_idea_advice,IgM,405,32,0.8097873287703594,24.863412615220128,-1.7468363137041558
lounge_that_age_cool_apart_siege_idea_advice,IgM,406,32,0.8097873287703594,24.863412615220128,-1.7468363137041558
lounge_that_age_cool_apart_siege_idea_advice,IgM,407,32,0.8097873287703594,24.863412615220128,-1.7468363137041558
lounge_that_age_cool_apart_siege_idea_advice,IgM,408,32,0.08962486797974716,27.18091015118228,-1.3829846521268885
lounge_that_age_cool_apart_siege_idea_advice,IgM,409,32,0.08962486797974716,27.18091015118228,-1.3829846521268885
lounge_that_age_cool_apart_siege_idea_advice,IgM,410,32,0.37694241891061303,27.942375568429377,-1.2151407281610735
lounge_that_age_cool_apart_siege_idea_advice,IgM,411,32,0.37694241891061303,27.942375568429377,-1.2151407281610735
lounge_that_age_cool_apart_siege_idea_advice,IgM,412,32,0.7816788823627474,28.70384098567647,-1.5702732121675804
lounge_that_age_cool_apart_siege_idea_advice,IgM,413,32,0.7816788823627474,28.70384098567647,-1.5702732121675804
lounge_that_age_cool_apart_siege_idea_advice,IgM,414,32,0.08962486797974716,27.18091015118228,-1.3829846521268885
lounge_that_age_cool_apart_siege_idea_advice,IgM,415,32,0.37694241891061303,27.942375568429377,-1.2151407281610735
lounge_that_age_cool_apart_siege_idea_advice,IgM,416,33,0.08962486797974716,28.149292564851585,-1.228778034018784
lounge_that_age_cool_apart_siege_idea_advice,IgM,417,33,0.08962486797974716,28.149292564851585,-1.228778034018784
lounge_that_age_cool_apart_siege_idea_advice,IgM,418,35,0.6765369043602282,29.324591974943104,-1.2303992634880019
lounge_that_age_cool_apart_siege_idea_advice,IgM,419,37,0.8208121938245906,29.738425967787528,-1.3007111450793476
lounge_that_age_cool_apart_siege_idea_advice,IgM,420,38,0.4256596947182628,32.61047192457457,-1.6527202280591204
lounge_that_age_cool_apart_siege_idea_advice,IgM,421,38,0.4256596947182628,32.61047192457457,-1.6527202280591204
lunar_empty_ensure_pride_pass_furnace_damp_shadow,IgM,0,14,0.5589724541282979,10.89222483100544,-0.4840895655334603
lunar_empty_ensure_pride_pass_furnace_damp_shadow,IgM,1,15,-1.3854375349398593,11.860607244674743,-0.4840895655334603
lunar_empty_ensure_pride_pass_furnace_damp_shadow,IgM,2,15,-1.3854375349398593,11.860607244674743,-0.4840895655334603
lunar_empty_ensure_pride_pass_furnace_damp_shadow,IgM,3,15,-1.3854375349398593,11.860607244674743,-0.4840895655334603
lunar_empty_ensure_pride_pass_furnace_damp_shadow,IgM,4,15,-1.3854375349398593,11.860607244674743,-0.4840895655334603
lunar_empty_ensure_pride_pass_furnace_damp_shadow,IgM,5,15,-1.3854375349398593,11.860607244674743,-0.4840895655334603
lunar_empty_ensure_pride_pass_furnace_damp_shadow,IgM,6,15,-1.3854375349398593,11.860607244674743,-0.4840895655334603
lunar_empty_ensure_pride_pass_furnace_damp_shadow,IgM,7,15,-1.3854375349398593,11.860607244674743,-0.3541512879329088
lunar_empty_ensure_pride_pass_furnace_damp_shadow,IgM,8,16,-1.5189376502879606,12.448256949720502,-0.3541512879329088
lunar_empty_ensure_pride_pass_furnace_damp_shadow,IgM,9,16,0.5589724541282979,12.828989658344048,-0.6981631786782808
lunar_empty_ensure_pride_pass_furnace_damp_shadow,IgM,10,17,-1.5189376502879606,13.416639363389805,-0.47769551052922343
lunar_empty_ensure_pride_pass_furnace_damp_shadow,IgM,11,18,-1.3854375349398593,14.765754485682658,-0.3541512879329088
lunar_empty_ensure_pride_pass_furnace_damp_shadow,IgM,12,18,-1.3854375349398593,14.765754485682658,-0.3541512879329088
lunar_empty_ensure_pride_pass_furnace_damp_shadow,IgM,13,18,-1.3854375349398593,14.765754485682658,-0.4840895655334603
lunar_empty_ensure_pride_pass_furnace_damp_shadow,IgM,14,18,-1.3854375349398593,14.765754485682658,-0.3541512879329088
lunar_empty_ensure_pride_pass_furnace_damp_shadow,IgM,15,18,-1.3854375349398593,14.765754485682658,-0.3541512879329088
lunar_empty_ensure_pride_pass_furnace_damp_shadow,IgM,16,19,-0.4207631544924123,14.972671482104868,-0.30939291174565176
lunar_empty_ensure_pride_pass_furnace_damp_shadow,IgM,17,19,-0.6437753880682517,14.211206064857775,-0.4840895655334603
lunar_empty_ensure_pride_pass_furnace_damp_shadow,IgM,18,19,-1.6366963584974425,14.972671482104868,-0.4840895655334603
lunar_empty_ensure_pride_pass_furnace_damp_shadow,IgM,19,20,-1.6366963584974425,15.941053895774173,-0.4377326778057443
lunar_empty_ensure_pride_pass_furnace_damp_shadow,IgM,20,20,-1.6366963584974425,15.941053895774173,-0.4377326778057443
lunar_empty_ensure_pride_pass_furnace_damp_shadow,IgM,21,22,-0.5384732379786434,17.497086014489234,-0.7461185845782564
lunar_empty_ensure_pride_pass_furnace_damp_shadow,IgM,22,22,-1.2313285566261374,19.020016848983424,-0.7828844096950192
lunar_empty_ensure_pride_pass_furnace_damp_shadow,IgM,23,22,-0.6437753880682517,17.11635330586569,-0.4053037279668035
lunar_empty_ensure_pride_pass_furnace_damp_shadow,IgM,24,23,-0.2873255496957979,19.226933845405632,-0.2513877394766821
lunar_empty_ensure_pride_pass_furnace_damp_shadow,IgM,25,27,0.08962486797974716,22.338998082835758,-0.1720479784733293
lunar_empty_ensure_pride_pass_furnace_damp_shadow,IgM,26,40,0.7592545863069617,33.40503862604254,-0.3669393979413824
lunar_empty_ensure_pride_pass_furnace_damp_shadow,IgM,27,40,0.7592545863069617,33.40503862604254,-0.3669393979413824
lunar_empty_ensure_pride_pass_furnace_damp_shadow,IgM,28,40,0.7592545863069617,33.40503862604254,-0.3669393979413824
lunar_empty_ensure_pride_pass_furnace_damp_shadow,IgM,29,40,0.4537868412178557,33.40503862604254,-0.3669393979413824
magic_chapter_work_lion_pulse_wire_give_sound,IgM,0,4,-0.13329990662440827,3.1120642374301255,-0.588496477975303
magic_chapter_work_lion_pulse_wire_give_sound,IgM,1,6,-0.5384732379786434,4.668096356145188,-0.1310537143978016
magic_chapter_work_lion_pulse_wire_give_sound,IgM,2,10,0.7816788823627474,7.399427884951766,-0.7277169089375105
magic_chapter_work_lion_pulse_wire_give_sound,IgM,3,12,0.9635635070700442,10.478390838161015,-0.5456771741830948
magic_chapter_work_lion_pulse_wire_give_sound,IgM,4,12,1.6540930966380338,10.859123546784563,-0.4257886494854547
magic_chapter_work_lion_pulse_wire_give_sound,IgM,5,14,0.7816788823627474,11.272957539628985,-0.40420870831965494
magic_chapter_work_lion_pulse_wire_give_sound,IgM,6,15,0.7816788823627474,12.24133995329829,-0.4785396010598084
magic_chapter_work_lion_pulse_wire_give_sound,IgM,7,18,1.4039411963144843,15.146487194306205,-0.34700280267978095
magic_chapter_work_lion_pulse_wire_give_sound,IgM,8,18,0.9635635070700442,15.32030290650754,-0.2939112661283701
magic_chapter_work_lion_pulse_wire_give_sound,IgM,9,18,0.22300002082450082,14.004289068435563,-0.5648593480382061
magic_chapter_work_lion_pulse_wire_give_sound,IgM,10,20,0.22300002082450082,15.941053895774173,-0.011165176436560356
magic_chapter_work_lion_pulse_wire_give_sound,IgM,11,20,0.22300002082450082,15.941053895774173,-0.011165176436560356
magic_chapter_work_lion_pulse_wire_give_sound,IgM,12,20,2.9395301498040562,17.083252021644814,-0.2939112661283701
magic_chapter_work_lion_pulse_wire_give_sound,IgM,13,21,0.7816788823627474,16.11486960797551,-0.4737440664384315
magic_chapter_work_lion_pulse_wire_give_sound,IgM,14,21,-1.3854375349398593,16.70251931302127,-0.6196674795414561
magic_chapter_work_lion_pulse_wire_give_sound,IgM,15,21,1.5675175092722258,16.90943630944348,-0.34632163474213196
magic_chapter_work_lion_pulse_wire_give_sound,IgM,16,21,-1.3854375349398593,16.70251931302127,-0.6196674795414561
magic_chapter_work_lion_pulse_wire_give_sound,IgM,17,21,-1.3854375349398593,16.70251931302127,-0.6196674795414561
magic_chapter_work_lion_pulse_wire_give_sound,IgM,18,22,0.7816788823627474,18.051634435314117,-0.2553971951774273
magic_chapter_work_lion_pulse_wire_give_sound,IgM,19,25,0.37694241891061303,21.163698672744246,-0.4785396010598084
magic_chapter_work_lion_pulse_wire_give_sound,IgM,20,29,-0.4207631544924123,24.656495618797916,-0.5429388194906141
magic_chapter_work_lion_pulse_wire_give_sound,IgM,21,29,0.08962486797974716,24.27576291017437,-0.5213588783248143
magic_chapter_work_lion_pulse_wire_give_sound,IgM,22,30,-0.028036630969030377,24.863412615220128,-0.020906032833305735
magic_chapter_work_lion_pulse_wire_give_sound,IgM,23,31,-0.028036630969030377,25.83179502888943,-0.3994131736982779
magic_chapter_work_lion_pulse_wire_give_sound,IgM,24,31,-0.028036630969030377,25.83179502888943,-0.3994131736982779
magic_chapter_work_lion_pulse_wire_give_sound,IgM,25,41,-0.8260093901221207,34.75415374833538,-0.7126491013695111
magic_chapter_work_lion_pulse_wire_give_sound,IgM,26,48,0.8767705722600375,41.53283064402052,-0.16717003552872284
market_social_carry_giggle_trick_install_pool_praise,IgA,0,13,-1.049065379029741,10.685307834583227,-0.7103377365166943
market_social_carry_giggle_trick_install_pool_praise,IgA,1,15,-1.049065379029741,12.622072661921838,-0.627505662335081
market_social_carry_giggle_trick_install_pool_praise,IgA,2,15,1.4726433090871196,13.002805370545385,-0.7457729925364905
market_social_carry_giggle_trick_install_pool_praise,IgA,3,16,-0.8260093901221207,13.971187784214688,-0.8040687638716564
market_social_carry_giggle_trick_install_pool_praise,IgA,4,16,-0.8260093901221207,13.971187784214688,-0.8040687638716564
market_social_carry_giggle_trick_install_pool_praise,IgA,5,17,0.04884662497261053,14.1781047806369,-0.6493035863665801
market_social_carry_giggle_trick_install_pool_praise,IgA,6,18,-0.4207631544924123,14.004289068435563,-0.5076171464798418
market_social_carry_giggle_trick_install_pool_praise,IgA,7,18,-0.5384732379786434,16.288685320176846,-0.35520526004724784
market_social_carry_giggle_trick_install_pool_praise,IgA,8,18,-0.13329990662440827,14.765754485682658,-0.7168771119576639
market_social_carry_giggle_trick_install_pool_praise,IgA,9,19,0.37694241891061303,15.353404190728416,-0.5860896340866751
market_social_carry_giggle_trick_install_pool_praise,IgA,10,19,-1.3854375349398593,15.734136899351963,-0.5642917188975768
market_social_carry_giggle_trick_install_pool_praise,IgA,11,20,0.5589724541282979,17.84471743889191,-1.2105726164306891
market_social_carry_giggle_trick_install_pool_praise,IgA,12,20,-0.13329990662440827,16.70251931302127,-0.5076171464798418
market_social_carry_giggle_trick_install_pool_praise,IgA,13,20,-1.049065379029741,17.46398473026836,-0.5991683761262134
market_social_carry_giggle_trick_install_pool_praise,IgA,14,20,-1.3854375349398593,16.70251931302127,-0.5642917188975768
market_social_carry_giggle_trick_install_pool_praise,IgA,15,20,0.2717276959164277,17.46398473026836,-0.7037983610757248
market_social_carry_giggle_trick_install_pool_praise,IgA,16,20,0.2717276959164277,17.46398473026836,-0.7037983610757248
market_social_carry_giggle_trick_install_pool_praise,IgA,17,20,-0.13329990662440827,16.70251931302127,-0.6988802175170543
market_social_carry_giggle_trick_install_pool_praise,IgA,18,20,-0.5384732379786434,18.225450147515456,-0.35520526004724784
market_social_carry_giggle_trick_install_pool_praise,IgA,19,20,1.1172774456369179,16.70251931302127,-0.7125175275934841
market_social_carry_giggle_trick_install_pool_praise,IgA,20,21,0.37694241891061303,17.290169018067026,-0.690719614614986
market_social_carry_giggle_trick_install_pool_praise,IgA,21,21,0.04884662497261053,18.051634435314117,-0.35520526004724784
market_social_carry_giggle_trick_install_pool_praise,IgA,22,21,0.04884662497261053,18.051634435314117,-0.7125175275934841
market_social_carry_giggle_trick_install_pool_praise,IgA,23,21,0.37694241891061303,17.290169018067026,-0.690719614614986
market_social_carry_giggle_trick_install_pool_praise,IgA,24,21,0.04884662497261053,18.051634435314117,-0.7125175275934841
market_social_carry_giggle_trick_install_pool_praise,IgA,25,21,0.04884662497261053,18.051634435314117,-0.7125175275934841
market_social_carry_giggle_trick_install_pool_praise,IgA,26,22,-1.049065379029741,19.40074955760697,-0.2636540215584753
market_social_carry_giggle_trick_install_pool_praise,IgA,27,22,-0.8260093901221207,19.781482266230515,-0.7457729925364905
market_social_carry_giggle_trick_install_pool_praise,IgA,28,22,-1.7420374117716249,17.497086014489234,-0.6078875492757735
market_social_carry_giggle_trick_install_pool_praise,IgA,29,22,0.7128316973393489,17.87781872311278,-0.5969885828388235
market_social_carry_giggle_trick_install_pool_praise,IgA,30,22,0.37694241891061303,18.25855143173633,-0.6166067135829326
market_social_carry_giggle_trick_install_pool_praise,IgA,31,23,-0.13329990662440827,19.60766655402918,-0.412264902522647
market_social_carry_giggle_trick_install_pool_praise,IgA,32,23,0.5589724541282979,19.60766655402918,-0.3770031663939453
market_social_carry_giggle_trick_install_pool_praise,IgA,33,23,-1.7420374117716249,18.46546842815854,-0.6078875492757735
market_social_carry_giggle_trick_install_pool_praise,IgA,34,23,0.37694241891061303,19.226933845405632,-0.47111926822777206
market_social_carry_giggle_trick_install_pool_praise,IgA,35,23,0.37694241891061303,18.25855143173633,-0.42059900561454283
market_social_carry_giggle_trick_install_pool_praise,IgA,36,23,-0.13329990662440827,19.60766655402918,-0.5991683761262134
market_social_carry_giggle_trick_install_pool_praise,IgA,37,23,-1.3854375349398593,16.70251931302127,-0.749573988678943
market_social_carry_giggle_trick_install_pool_praise,IgA,38,23,0.37694241891061303,18.25855143173633,-0.42059900561454283
market_social_carry_giggle_trick_install_pool_praise,IgA,39,23,-0.4207631544924123,18.846201136782085,-0.6988802175170543
market_social_carry_giggle_trick_install_pool_praise,IgA,40,23,0.37694241891061303,19.226933845405632,-0.47111926822777206
market_social_carry_giggle_trick_install_pool_praise,IgA,41,24,-0.13329990662440827,19.60766655402918,-0.5991683761262134
market_social_carry_giggle_trick_install_pool_praise,IgA,42,25,-1.6366963584974425,20.7829659641207,-0.8471060262129617
market_social_carry_giggle_trick_install_pool_praise,IgA,43,25,0.22300002082450082,20.7829659641207,-0.5555725634328185
market_social_carry_giggle_trick_install_pool_praise,IgA,44,26,-0.13329990662440827,22.512813795037097,-0.631865248909861
market_social_carry_giggle_trick_install_pool_praise,IgA,45,26,0.6765369043602282,20.60915025191936,-0.6471237842367893
market_social_carry_giggle_trick_install_pool_praise,IgA,46,26,-0.7390378116919329,20.60915025191936,-0.5991683761262134
market_social_carry_giggle_trick_install_pool_praise,IgA,47,27,-0.028036630969030377,21.958265374212214,-0.9860541156259386
market_social_carry_giggle_trick_install_pool_praise,IgA,48,27,0.22300002082450082,22.719730791459305,-0.7037983610757248
market_social_carry_giggle_trick_install_pool_praise,IgA,49,27,-1.6366963584974425,22.719730791459305,-0.5773704609371151
market_social_carry_giggle_trick_install_pool_praise,IgA,50,28,-0.2873255496957979,24.068845913752156,-0.6057077559883834
market_social_carry_giggle_trick_install_pool_praise,IgA,51,28,0.2717276959164277,25.2110440396228,-0.8651029361277728
market_social_carry_giggle_trick_install_pool_praise,IgA,52,28,0.5589724541282979,24.449578622375707,-0.76047293570406
market_social_carry_giggle_trick_install_pool_praise,IgA,53,29,-1.5189376502879606,25.037228327421467,-0.6754610748668572
market_social_carry_giggle_trick_install_pool_praise,IgA,54,29,-0.4207631544924123,24.656495618797916,-0.7146973230914744
market_social_carry_giggle_trick_install_pool_praise,IgA,55,29,-1.7420374117716249,24.27576291017437,-0.7446558323402402
market_social_carry_giggle_trick_install_pool_praise,IgA,56,29,-1.3854375349398593,25.41796103604501,-0.6754610748668572
market_social_carry_giggle_trick_install_pool_praise,IgA,57,30,-0.2873255496957979,25.037228327421467,-0.5991683761262134
market_social_carry_giggle_trick_install_pool_praise,IgA,58,30,-0.2873255496957979,25.037228327421467,-0.5991683761262134
market_social_carry_giggle_trick_install_pool_praise,IgA,59,30,-0.2873255496957979,25.037228327421467,-0.5991683761262134
market_social_carry_giggle_trick_install_pool_praise,IgA,60,30,-0.2873255496957979,25.037228327421467,-0.5991683761262134
market_social_carry_giggle_trick_install_pool_praise,IgA,61,30,-0.2873255496957979,25.037228327421467,-0.5991683761262134
market_social_carry_giggle_trick_install_pool_praise,IgA,62,30,-0.5384732379786434,25.244145323843675,-0.731577081458301
market_social_carry_giggle_trick_install_pool_praise,IgA,63,31,0.37694241891061303,26.973993154760073,-0.76047293570406
market_social_carry_giggle_trick_install_pool_praise,IgA,64,31,0.22300002082450082,26.593260446136526,-0.5730108920471368
market_social_carry_giggle_trick_install_pool_praise,IgA,65,32,-1.7420374117716249,27.18091015118228,-0.6754610748668572
market_social_carry_giggle_trick_install_pool_praise,IgA,66,33,-0.13329990662440827,31.195154233839965,-0.49889797333028174
market_social_carry_giggle_trick_install_pool_praise,IgA,67,33,-0.13329990662440827,31.195154233839965,-0.49889797333028174
market_social_carry_giggle_trick_install_pool_praise,IgA,68,33,-0.13329990662440827,31.195154233839965,-0.49889797333028174
market_social_carry_giggle_trick_install_pool_praise,IgA,69,33,-0.13329990662440827,31.195154233839965,-0.49889797333028174
market_social_carry_giggle_trick_install_pool_praise,IgA,70,33,-0.13329990662440827,31.195154233839965,-0.49889797333028174
market_social_carry_giggle_trick_install_pool_praise,IgA,71,33,-0.13329990662440827,31.195154233839965,-0.49889797333028174
market_social_carry_giggle_trick_install_pool_praise,IgA,72,33,-0.13329990662440827,31.195154233839965,-0.49889797333028174
market_social_carry_giggle_trick_install_pool_praise,IgA,73,33,-0.13329990662440827,31.195154233839965,-0.49889797333028174
market_social_carry_giggle_trick_install_pool_praise,IgA,74,33,-0.13329990662440827,31.195154233839965,-0.49889797333028174
market_social_carry_giggle_trick_install_pool_praise,IgA,75,33,-0.13329990662440827,31.195154233839965,-0.49889797333028174
market_social_carry_giggle_trick_install_pool_praise,IgA,76,33,-0.13329990662440827,31.195154233839965,-0.49889797333028174
market_social_carry_giggle_trick_install_pool_praise,IgA,77,33,-0.13329990662440827,31.195154233839965,-0.49889797333028174
market_social_carry_giggle_trick_install_pool_praise,IgA,78,33,-0.13329990662440827,31.195154233839965,-0.49889797333028174
market_social_carry_giggle_trick_install_pool_praise,IgA,79,33,-1.7420374117716249,28.149292564851585,-0.6754610748668572
market_social_carry_giggle_trick_install_pool_praise,IgA,80,33,-0.13329990662440827,31.195154233839965,-0.49889797333028174
market_social_carry_giggle_trick_install_pool_praise,IgA,81,33,-0.13329990662440827,31.195154233839965,-0.49889797333028174
market_social_carry_giggle_trick_install_pool_praise,IgA,82,33,-0.13329990662440827,31.195154233839965,-0.49889797333028174
market_social_carry_giggle_trick_install_pool_praise,IgA,83,33,-0.13329990662440827,31.195154233839965,-0.49889797333028174
market_social_carry_giggle_trick_install_pool_praise,IgA,84,33,-0.13329990662440827,31.195154233839965,-0.49889797333028174
market_social_carry_giggle_trick_install_pool_praise,IgA,85,33,-0.13329990662440827,31.195154233839965,-0.49889797333028174
market_social_carry_giggle_trick_install_pool_praise,IgA,86,33,-0.13329990662440827,31.195154233839965,-0.49889797333028174
market_social_carry_giggle_trick_install_pool_praise,IgA,87,34,-0.13329990662440827,32.16353664750927,-0.49889797333028174
market_social_carry_giggle_trick_install_pool_praise,IgA,88,35,-0.6437753880682517,29.70532468356665,-0.6754610748668572
market_social_carry_giggle_trick_install_pool_praise,IgA,89,36,1.1453609972360244,31.43517251448305,-0.356148902368869
market_social_carry_giggle_trick_install_pool_praise,IgA,90,36,-0.4207631544924123,31.43517251448305,-0.6187865068703227
market_social_carry_giggle_trick_install_pool_praise,IgA,91,39,0.5589724541282979,33.95958704686742,-0.7037983610757248
market_social_carry_giggle_trick_install_pool_praise,IgA,92,41,0.10762348706378222,34.37342103971184,-0.7473941852366084
market_social_carry_giggle_trick_install_pool_praise,IgA,93,46,0.7128316973393489,41.118996651176104,-0.7255962784754233
market_social_carry_giggle_trick_install_pool_praise,IgA,94,46,0.5589724541282979,38.453867690811265,-0.7125175275934841
merry_wheel_mule_camp_bag_behind_mosquito_worry,IgM,0,5,-0.8260093901221207,3.318981233852336,-0.7195521656759225
merry_wheel_mule_camp_bag_behind_mosquito_worry,IgM,1,5,0.5589724541282979,3.318981233852336,-0.7195521656759225
merry_wheel_mule_camp_bag_behind_mosquito_worry,IgM,2,5,0.5589724541282979,3.318981233852336,-0.7195521656759225
merry_wheel_mule_camp_bag_behind_mosquito_worry,IgM,3,5,0.5589724541282979,3.318981233852336,-0.7195521656759225
merry_wheel_mule_camp_bag_behind_mosquito_worry,IgM,4,5,0.5589724541282979,3.318981233852336,-0.7195521656759225
merry_wheel_mule_camp_bag_behind_mosquito_worry,IgM,5,5,0.5589724541282979,3.318981233852336,-0.7195521656759225
merry_wheel_mule_camp_bag_behind_mosquito_worry,IgM,6,6,0.5589724541282979,4.287363647521641,-0.7195521656759225
merry_wheel_mule_camp_bag_behind_mosquito_worry,IgM,7,6,0.5589724541282979,4.287363647521641,-0.7195521656759225
merry_wheel_mule_camp_bag_behind_mosquito_worry,IgM,8,9,-0.8260093901221207,7.192510888529555,-0.7195521656759225
merry_wheel_mule_camp_bag_behind_mosquito_worry,IgM,9,10,0.04884662497261053,7.399427884951766,-1.8163276420428527
merry_wheel_mule_camp_bag_behind_mosquito_worry,IgM,10,11,1.4726433090871196,9.129275715868165,-1.3518413242930893
merry_wheel_mule_camp_bag_behind_mosquito_worry,IgM,11,12,0.2717276959164277,9.716925420913922,-1.266011888213431
merry_wheel_mule_camp_bag_behind_mosquito_worry,IgM,12,13,1.0686328406949839,10.685307834583227,-0.7527803447578904
merry_wheel_mule_camp_bag_behind_mosquito_worry,IgM,13,13,-1.3854375349398593,9.923842417336134,-0.7195521656759225
merry_wheel_mule_camp_bag_behind_mosquito_worry,IgM,14,14,-1.3854375349398593,10.89222483100544,-0.7195521656759225
merry_wheel_mule_camp_bag_behind_mosquito_worry,IgM,15,14,-1.3854375349398593,10.89222483100544,-0.7195521656759225
merry_wheel_mule_camp_bag_behind_mosquito_worry,IgM,16,14,-1.049065379029741,11.65369024825253,-1.2220622059714317
merry_wheel_mule_camp_bag_behind_mosquito_worry,IgM,17,15,-0.4207631544924123,11.09914182742765,-0.7195521656759225
merry_wheel_mule_camp_bag_behind_mosquito_worry,IgM,18,15,-0.4207631544924123,11.09914182742765,-0.7195521656759225
merry_wheel_mule_camp_bag_behind_mosquito_worry,IgM,19,15,-0.4207631544924123,11.09914182742765,-0.7195521656759225
merry_wheel_mule_camp_bag_behind_mosquito_worry,IgM,20,17,1.4039411963144843,14.1781047806369,-1.3282041967690739
merry_wheel_mule_camp_bag_behind_mosquito_worry,IgM,21,18,0.7128316973393489,14.004289068435563,-0.6695395599516487
merry_wheel_mule_camp_bag_behind_mosquito_worry,IgM,22,20,1.6540930966380338,16.70251931302127,-1.3282041967690739
merry_wheel_mule_camp_bag_behind_mosquito_worry,IgM,23,21,1.6540930966380338,17.670901726690573,-1.3282041967690739
merry_wheel_mule_camp_bag_behind_mosquito_worry,IgM,24,24,-0.5384732379786434,19.433850841827844,-1.5821770146989613
merry_wheel_mule_camp_bag_behind_mosquito_worry,IgM,25,24,1.4039411963144843,20.95678167632203,-1.0719833414747644
merry_wheel_mule_camp_bag_behind_mosquito_worry,IgM,26,24,2.4212017873532004,20.19531625907494,-1.3403427787429842
merry_wheel_mule_camp_bag_behind_mosquito_worry,IgM,27,29,0.22300002082450082,24.656495618797916,-0.9327628928277553
merry_wheel_mule_camp_bag_behind_mosquito_worry,IgM,28,30,1.3453333641476,25.244145323843675,-0.937899010409724
merry_wheel_mule_camp_bag_behind_mosquito_worry,IgM,29,30,1.3453333641476,25.244145323843675,-0.937899010409724
mimic_quantum_orbit_echo_culture_over_profit_dolphin,IgM,0,4,-0.5384732379786434,2.7313315288065785,-1.00264626766299
mimic_quantum_orbit_echo_culture_over_profit_dolphin,IgM,1,4,-0.5384732379786434,2.7313315288065785,-1.00264626766299
mimic_quantum_orbit_echo_culture_over_profit_dolphin,IgM,2,5,0.9635635070700442,3.699713942475883,-1.00264626766299
mimic_quantum_orbit_echo_culture_over_profit_dolphin,IgM,3,6,-0.13329990662440827,5.048829064768735,-1.1511807938768266
mimic_quantum_orbit_echo_culture_over_profit_dolphin,IgM,4,7,1.6540930966380338,6.017211478438039,-1.2907101517731332
mimic_quantum_orbit_echo_culture_over_profit_dolphin,IgM,5,7,1.6540930966380338,6.017211478438039,-1.2907101517731332
mimic_quantum_orbit_echo_culture_over_profit_dolphin,IgM,6,7,1.6540930966380338,6.017211478438039,-1.2907101517731332
mimic_quantum_orbit_echo_culture_over_profit_dolphin,IgM,7,7,-1.049065379029741,4.875013352567398,-1.2263109401766095
mimic_quantum_orbit_echo_culture_over_profit_dolphin,IgM,8,7,-1.049065379029741,4.875013352567398,-1.2263109401766095
mimic_quantum_orbit_echo_culture_over_profit_dolphin,IgM,9,8,-0.5384732379786434,6.604861183483798,-0.7975778535078754
mimic_quantum_orbit_echo_culture_over_profit_dolphin,IgM,10,8,-1.049065379029741,5.8433957662367035,-0.8647154255258616
mimic_quantum_orbit_echo_culture_over_profit_dolphin,IgM,11,8,-1.049065379029741,5.8433957662367035,-0.8647154255258616
mimic_quantum_orbit_echo_culture_over_profit_dolphin,IgM,12,10,0.04884662497261053,7.399427884951766,-1.00264626766299
mimic_quantum_orbit_echo_culture_over_profit_dolphin,IgM,13,11,0.5589724541282979,9.129275715868165,-1.1527793054172855
mimic_quantum_orbit_echo_culture_over_profit_dolphin,IgM,14,11,0.5589724541282979,7.987077589997524,-1.509579303960531
mimic_quantum_orbit_echo_culture_over_profit_dolphin,IgM,15,13,0.04884662497261053,10.30457512595968,-1.267872288861748
mimic_quantum_orbit_echo_culture_over_profit_dolphin,IgM,16,13,0.2717276959164277,10.685307834583227,-1.195939183327685
mimic_quantum_orbit_echo_culture_over_profit_dolphin,IgM,17,13,0.2717276959164277,10.685307834583227,-1.195939183327685
mimic_quantum_orbit_echo_culture_over_profit_dolphin,IgM,18,14,0.2717276959164277,11.65369024825253,-1.195939183327685
mimic_quantum_orbit_echo_culture_over_profit_dolphin,IgM,19,17,-0.13329990662440827,13.797372072013353,-1.0792476795003625
mimic_quantum_orbit_echo_culture_over_profit_dolphin,IgM,20,17,-0.13329990662440827,13.797372072013353,-1.0792476795003625
mimic_quantum_orbit_echo_culture_over_profit_dolphin,IgM,21,19,1.4039411963144843,16.11486960797551,-1.0004618395206244
mimic_quantum_orbit_echo_culture_over_profit_dolphin,IgM,22,20,-0.5384732379786434,15.560321187150626,-1.0803875248629844
mimic_quantum_orbit_echo_culture_over_profit_dolphin,IgM,23,20,0.5589724541282979,16.70251931302127,-1.509579303960531
modify_beach_display_perfect_slam_sudden_vast_unaware,IgM,0,1,0.5589724541282979,0.5876497050457579,0.6080261542524351
modify_beach_display_perfect_slam_sudden_vast_unaware,IgM,1,7,1.6540930966380338,6.017211478438039,0.0807709552776626
modify_beach_display_perfect_slam_sudden_vast_unaware,IgM,2,7,0.5589724541282979,5.255746061190946,0.22985958308445353
modify_beach_display_perfect_slam_sudden_vast_unaware,IgM,3,7,1.6540930966380338,6.017211478438039,0.0807709552776626
modify_beach_display_perfect_slam_sudden_vast_unaware,IgM,4,9,2.4944440280090023,7.192510888529555,0.4029577454296862
modify_beach_display_perfect_slam_sudden_vast_unaware,IgM,5,9,2.1614392234301927,7.573243597153103,-0.13077771356239948
modify_beach_display_perfect_slam_sudden_vast_unaware,IgM,6,9,2.4944440280090023,7.192510888529555,0.4029577454296862
modify_beach_display_perfect_slam_sudden_vast_unaware,IgM,7,9,2.4944440280090023,7.192510888529555,0.4029577454296862
modify_beach_display_perfect_slam_sudden_vast_unaware,IgM,8,10,1.4726433090871196,8.160893302198861,0.1620287460971399
modify_beach_display_perfect_slam_sudden_vast_unaware,IgM,9,10,1.4726433090871196,8.160893302198861,0.1620287460971399
modify_beach_display_perfect_slam_sudden_vast_unaware,IgM,10,10,2.7423030057992213,7.780160593575313,0.4029577454296862
modify_beach_display_perfect_slam_sudden_vast_unaware,IgM,11,10,2.7423030057992213,7.780160593575313,0.4029577454296862
modify_beach_display_perfect_slam_sudden_vast_unaware,IgM,12,10,2.4944440280090023,8.160893302198861,0.4029577454296862
modify_beach_display_perfect_slam_sudden_vast_unaware,IgM,13,11,-0.5384732379786434,9.510008424491712,-0.021514094023158195
modify_beach_display_perfect_slam_sudden_vast_unaware,IgM,14,12,-1.5189376502879606,8.574727295043282,0.09819425036295824
modify_beach_display_perfect_slam_sudden_vast_unaware,IgM,15,12,-1.049065379029741,9.716925420913922,0.43773006112557455
modify_beach_display_perfect_slam_sudden_vast_unaware,IgM,16,12,-1.049065379029741,9.716925420913922,0.43773006112557455
modify_beach_display_perfect_slam_sudden_vast_unaware,IgM,17,12,-0.13329990662440827,8.955460003666829,-0.0044089284508302545
modify_beach_display_perfect_slam_sudden_vast_unaware,IgM,18,13,1.4039411963144843,10.30457512595968,0.5160797430458894
modify_beach_display_perfect_slam_sudden_vast_unaware,IgM,19,17,1.1172774456369179,13.797372072013353,-0.07353995808461256
modify_beach_display_perfect_slam_sudden_vast_unaware,IgM,20,18,-1.2313285566261374,15.146487194306205,-0.0044089284508302545
modify_beach_display_perfect_slam_sudden_vast_unaware,IgM,21,20,0.04884662497261053,17.083252021644814,-0.12155910690177439
modify_beach_display_perfect_slam_sudden_vast_unaware,IgM,22,22,0.5589724541282979,18.639284140359877,0.2166446395918969
modify_beach_display_perfect_slam_sudden_vast_unaware,IgM,23,24,-1.5189376502879606,20.19531625907494,0.08224095906231081
modify_beach_display_perfect_slam_sudden_vast_unaware,IgM,24,24,-1.5189376502879606,20.19531625907494,0.08224095906231081
modify_beach_display_perfect_slam_sudden_vast_unaware,IgM,25,24,-1.5189376502879606,20.19531625907494,0.08224095906231081
modify_beach_display_perfect_slam_sudden_vast_unaware,IgM,26,25,-1.5189376502879606,21.163698672744246,0.08224095906231081
much_essence_spend_tone_into_sphere_estate_deny,IgM,0,7,-0.13329990662440827,6.017211478438039,-0.3869610519894693
much_essence_spend_tone_into_sphere_estate_deny,IgM,1,7,-0.13329990662440827,6.017211478438039,-0.3869610519894693
much_essence_spend_tone_into_sphere_estate_deny,IgM,2,7,-0.13329990662440827,6.017211478438039,-0.3869610519894693
much_essence_spend_tone_into_sphere_estate_deny,IgM,3,8,1.0686328406949839,5.8433957662367035,-0.3920991323772882
much_essence_spend_tone_into_sphere_estate_deny,IgM,4,9,0.5589724541282979,7.192510888529555,-0.3869610519894693
much_essence_spend_tone_into_sphere_estate_deny,IgM,5,11,-1.2313285566261374,8.367810298621071,-0.19870112577269694
much_essence_spend_tone_into_sphere_estate_deny,IgM,6,11,0.2717276959164277,8.748543007244617,-0.3920991323772882
much_essence_spend_tone_into_sphere_estate_deny,IgM,7,11,-1.2313285566261374,8.367810298621071,-0.19870112577269694
much_essence_spend_tone_into_sphere_estate_deny,IgM,8,12,-0.5384732379786434,10.478390838161015,-0.24151844907425346
much_essence_spend_tone_into_sphere_estate_deny,IgM,9,13,-0.5384732379786434,11.44677325183032,-0.3492817958121305
much_essence_spend_tone_into_sphere_estate_deny,IgM,10,13,-1.2313285566261374,10.30457512595968,-0.19870112577269694
much_essence_spend_tone_into_sphere_estate_deny,IgM,11,13,-0.8260093901221207,11.066040543206775,-0.24151844907425346
much_essence_spend_tone_into_sphere_estate_deny,IgM,12,13,-1.2313285566261374,10.30457512595968,-0.19870112577269694
much_essence_spend_tone_into_sphere_estate_deny,IgM,13,13,-0.5384732379786434,11.44677325183032,-0.3492817958121305
much_essence_spend_tone_into_sphere_estate_deny,IgM,14,13,-0.5384732379786434,11.44677325183032,-0.3492817958121305
much_essence_spend_tone_into_sphere_estate_deny,IgM,15,13,-1.2313285566261374,10.30457512595968,-0.19870112577269694
much_essence_spend_tone_into_sphere_estate_deny,IgM,16,13,-0.5384732379786434,11.44677325183032,-0.3492817958121305
much_essence_spend_tone_into_sphere_estate_deny,IgM,17,13,-0.5384732379786434,11.44677325183032,-0.3492817958121305
much_essence_spend_tone_into_sphere_estate_deny,IgM,18,14,-1.3854375349398593,10.89222483100544,-0.16958534575079054
much_essence_spend_tone_into_sphere_estate_deny,IgM,19,14,-0.2873255496957979,10.511492122381892,-0.6068728168375749
much_essence_spend_tone_into_sphere_estate_deny,IgM,20,14,-0.2873255496957979,10.511492122381892,-0.43491646010004514
much_essence_spend_tone_into_sphere_estate_deny,IgM,21,14,-0.5384732379786434,12.415155665499626,-0.3492817958121305
much_essence_spend_tone_into_sphere_estate_deny,IgM,22,15,-0.2873255496957979,11.479874536051195,-0.43491646010004514
much_essence_spend_tone_into_sphere_estate_deny,IgM,23,15,-1.3854375349398593,11.860607244674743,-0.19870112577269694
much_essence_spend_tone_into_sphere_estate_deny,IgM,24,15,-1.5189376502879606,11.479874536051195,-0.43491646010004514
much_essence_spend_tone_into_sphere_estate_deny,IgM,25,15,1.1172774456369179,11.860607244674743,-0.19870112577269694
much_essence_spend_tone_into_sphere_estate_deny,IgM,26,15,-1.2313285566261374,12.24133995329829,-0.39038643891468194
much_essence_spend_tone_into_sphere_estate_deny,IgM,27,16,-0.4207631544924123,12.067524241096955,-0.43491646010004514
much_essence_spend_tone_into_sphere_estate_deny,IgM,28,16,0.22300002082450082,12.067524241096955,-0.5274018893959843
much_essence_spend_tone_into_sphere_estate_deny,IgM,29,16,0.22300002082450082,12.067524241096955,-0.5274018893959843
much_essence_spend_tone_into_sphere_estate_deny,IgM,30,16,-0.4207631544924123,12.067524241096955,-0.43491646010004514
much_essence_spend_tone_into_sphere_estate_deny,IgM,31,16,0.2717276959164277,13.59045507559114,-0.6719551479685627
much_essence_spend_tone_into_sphere_estate_deny,IgM,32,16,0.22300002082450082,12.067524241096955,-0.5274018893959843
much_essence_spend_tone_into_sphere_estate_deny,IgM,33,16,-0.4207631544924123,12.067524241096955,-0.6068728168375749
much_essence_spend_tone_into_sphere_estate_deny,IgM,34,16,-0.4207631544924123,12.067524241096955,-0.43491646010004514
much_essence_spend_tone_into_sphere_estate_deny,IgM,35,16,-1.2313285566261374,13.209722366967595,-0.19870112577269694
much_essence_spend_tone_into_sphere_estate_deny,IgM,36,16,-0.4207631544924123,12.067524241096955,-0.43491646010004514
much_essence_spend_tone_into_sphere_estate_deny,IgM,37,17,-1.6366963584974425,13.035906654766258,-0.3920991323772882
much_essence_spend_tone_into_sphere_estate_deny,IgM,38,17,0.04884662497261053,14.1781047806369,-0.6719551479685627
much_essence_spend_tone_into_sphere_estate_deny,IgM,39,17,0.08962486797974716,12.65517394614271,-0.5274018893959843
much_essence_spend_tone_into_sphere_estate_deny,IgM,40,17,0.04884662497261053,14.1781047806369,-0.6719551479685627
much_essence_spend_tone_into_sphere_estate_deny,IgM,41,18,-0.2873255496957979,14.38502177705911,-0.42121492124159554
much_essence_spend_tone_into_sphere_estate_deny,IgM,42,18,0.08962486797974716,13.623556359812017,-0.47602110430789674
much_essence_spend_tone_into_sphere_estate_deny,IgM,43,19,-1.6366963584974425,14.972671482104868,-0.46403224896435247
net_rigid_mass_hair_cheese_month_plastic_domain,IgA,0,5,0.5589724541282979,3.492796946053672,-0.4889473017794871
net_rigid_mass_hair_cheese_month_plastic_domain,IgA,1,7,1.4726433090871196,5.255746061190946,-1.2279346375086495
net_rigid_mass_hair_cheese_month_plastic_domain,IgA,2,11,-1.049065379029741,8.748543007244617,-0.4671493843797886
net_rigid_mass_hair_cheese_month_plastic_domain,IgA,3,13,-0.5384732379786434,11.44677325183032,-0.37218220313386763
net_rigid_mass_hair_cheese_month_plastic_domain,IgA,4,14,-1.049065379029741,11.65369024825253,-1.0547875035544683
net_rigid_mass_hair_cheese_month_plastic_domain,IgA,5,18,-0.2873255496957979,14.38502177705911,-0.998671481885439
net_rigid_mass_hair_cheese_month_plastic_domain,IgA,6,18,-1.2313285566261374,15.146487194306205,-0.7285508542949345
net_rigid_mass_hair_cheese_month_plastic_domain,IgA,7,19,-1.2313285566261374,16.11486960797551,-0.7438093962536634
net_rigid_mass_hair_cheese_month_plastic_domain,IgA,8,22,1.1172774456369179,18.639284140359877,-0.7023933569522565
net_rigid_mass_hair_cheese_month_plastic_domain,IgA,9,22,0.5589724541282979,17.497086014489234,-1.1506983247494706
net_rigid_mass_hair_cheese_month_plastic_domain,IgA,10,22,-1.049065379029741,19.40074955760697,-1.096762093604581
net_rigid_mass_hair_cheese_month_plastic_domain,IgA,11,25,0.22300002082450082,20.7829659641207,-1.174676034883909
net_rigid_mass_hair_cheese_month_plastic_domain,IgA,12,30,-0.13329990662440827,26.386343449714314,-1.181215403693078
net_rigid_mass_hair_cheese_month_plastic_domain,IgA,13,33,0.30804674017099487,27.387827147604497,-1.1463387464644412
notable_file_raise_jewel_abuse_shoulder_pistol_tube,IgM,0,8,0.04884662497261053,5.462663057613157,-0.37573626438478736
notable_file_raise_jewel_abuse_shoulder_pistol_tube,IgM,1,8,1.0686328406949839,5.8433957662367035,-0.2767020270854656
notable_file_raise_jewel_abuse_shoulder_pistol_tube,IgM,2,9,-0.5384732379786434,7.573243597153103,-0.9177722444593779
notable_file_raise_jewel_abuse_shoulder_pistol_tube,IgM,3,11,-1.049065379029741,8.748543007244617,-0.5206651595438924
notable_file_raise_jewel_abuse_shoulder_pistol_tube,IgM,4,12,-0.13329990662440827,10.859123546784563,-0.7921954334839878
notable_file_raise_jewel_abuse_shoulder_pistol_tube,IgM,5,16,-1.2313285566261374,13.209722366967595,-1.2129332472886223
notable_file_raise_jewel_abuse_shoulder_pistol_tube,IgM,6,17,-0.13329990662440827,13.797372072013353,-0.7711676630220882
notable_file_raise_jewel_abuse_shoulder_pistol_tube,IgM,7,17,-1.2313285566261374,14.1781047806369,-1.2129332472886223
notable_file_raise_jewel_abuse_shoulder_pistol_tube,IgM,8,17,-1.2313285566261374,14.1781047806369,-1.2129332472886223
notable_file_raise_jewel_abuse_shoulder_pistol_tube,IgM,9,17,-1.2313285566261374,14.1781047806369,-1.2129332472886223
notable_file_raise_jewel_abuse_shoulder_pistol_tube,IgM,10,17,0.37694241891061303,13.416639363389805,-1.0561617831236492
notable_file_raise_jewel_abuse_shoulder_pistol_tube,IgM,11,17,-1.2313285566261374,14.1781047806369,-1.1845959610797547
notable_file_raise_jewel_abuse_shoulder_pistol_tube,IgM,12,17,-1.2313285566261374,14.1781047806369,-1.1845959610797547
notable_file_raise_jewel_abuse_shoulder_pistol_tube,IgM,13,17,-1.2313285566261374,14.1781047806369,-1.2129332472886223
notable_file_raise_jewel_abuse_shoulder_pistol_tube,IgM,14,17,-1.2313285566261374,14.1781047806369,-1.1845959610797547
notable_file_raise_jewel_abuse_shoulder_pistol_tube,IgM,15,17,-1.2313285566261374,14.1781047806369,-1.1845959610797547
notable_file_raise_jewel_abuse_shoulder_pistol_tube,IgM,16,17,-1.2313285566261374,14.1781047806369,-1.1845959610797547
notable_file_raise_jewel_abuse_shoulder_pistol_tube,IgM,17,17,-1.2313285566261374,14.1781047806369,-1.2129332472886223
notable_file_raise_jewel_abuse_shoulder_pistol_tube,IgM,18,17,-1.2313285566261374,14.1781047806369,-1.2129332472886223
notable_file_raise_jewel_abuse_shoulder_pistol_tube,IgM,19,17,-1.2313285566261374,14.1781047806369,-1.2129332472886223
notable_file_raise_jewel_abuse_shoulder_pistol_tube,IgM,20,17,-1.2313285566261374,14.1781047806369,-1.1845959610797547
notable_file_raise_jewel_abuse_shoulder_pistol_tube,IgM,21,17,-1.2313285566261374,14.1781047806369,-1.1845959610797547
notable_file_raise_jewel_abuse_shoulder_pistol_tube,IgM,22,17,-1.2313285566261374,14.1781047806369,-1.1845959610797547
notable_file_raise_jewel_abuse_shoulder_pistol_tube,IgM,23,17,-1.2313285566261374,14.1781047806369,-1.1845959610797547
notable_file_raise_jewel_abuse_shoulder_pistol_tube,IgM,24,17,-1.2313285566261374,14.1781047806369,-1.2129332472886223
notable_file_raise_jewel_abuse_shoulder_pistol_tube,IgM,25,19,-1.3854375349398593,15.734136899351963,-1.1845959610797547
notable_file_raise_jewel_abuse_shoulder_pistol_tube,IgM,26,22,-0.5384732379786434,17.497086014489234,-1.252169491644689
notable_file_raise_jewel_abuse_shoulder_pistol_tube,IgM,27,22,-0.5384732379786434,17.497086014489234,-1.252169491644689
notable_file_raise_jewel_abuse_shoulder_pistol_tube,IgM,28,26,-1.5189376502879606,22.13208108641355,-1.2129332472886223
notable_file_raise_jewel_abuse_shoulder_pistol_tube,IgM,29,29,-0.2873255496957979,25.037228327421467,-1.1649778391780463
obey_pupil_club_video_have_stem_monkey_concert,IgA,0,10,1.4726433090871196,8.160893302198861,-0.019214812087179456
obey_pupil_club_video_have_stem_monkey_concert,IgA,1,10,1.4726433090871196,8.160893302198861,-0.019214812087179456
obey_pupil_club_video_have_stem_monkey_concert,IgA,2,16,0.7816788823627474,13.209722366967595,-0.06374484211494352
obey_pupil_club_video_have_stem_monkey_concert,IgA,3,16,0.7816788823627474,13.209722366967595,-0.06374484211494352
obey_pupil_club_video_have_stem_monkey_concert,IgA,4,17,-1.049065379029741,14.558837489260448,-0.4143719770572931
obey_pupil_club_video_have_stem_monkey_concert,IgA,5,22,0.22300002082450082,17.87781872311278,0.04929291757467212
obey_pupil_club_video_have_stem_monkey_concert,IgA,6,22,0.5589724541282979,18.639284140359877,-0.011338377006879771
obey_pupil_club_video_have_stem_monkey_concert,IgA,7,22,0.5589724541282979,18.639284140359877,-0.011338377006879771
obey_pupil_club_video_have_stem_monkey_concert,IgA,8,24,0.04884662497261053,20.95678167632203,-0.4719165139132561
obey_pupil_club_video_have_stem_monkey_concert,IgA,9,25,-0.13329990662440827,21.54443138136779,-0.4866437073697796
obey_pupil_club_video_have_stem_monkey_concert,IgA,10,29,0.8947453855092655,25.037228327421467,0.05271830449988475
obey_pupil_club_video_have_stem_monkey_concert,IgA,11,29,0.8947453855092655,25.037228327421467,0.05271830449988475
obey_pupil_club_video_have_stem_monkey_concert,IgA,12,29,0.8947453855092655,25.037228327421467,0.05271830449988475
obey_pupil_club_video_have_stem_monkey_concert,IgA,13,29,0.8947453855092655,25.037228327421467,0.05271830449988475
obey_pupil_club_video_have_stem_monkey_concert,IgA,14,29,0.8947453855092655,25.037228327421467,0.05271830449988475
obey_pupil_club_video_have_stem_monkey_concert,IgA,15,29,0.8947453855092655,25.037228327421467,0.05271830449988475
obey_pupil_club_video_have_stem_monkey_concert,IgA,16,29,0.8947453855092655,25.037228327421467,0.05271830449988475
obey_pupil_club_video_have_stem_monkey_concert,IgA,17,29,0.8947453855092655,25.037228327421467,0.05271830449988475
obey_pupil_club_video_have_stem_monkey_concert,IgA,18,29,0.8947453855092655,25.037228327421467,0.05271830449988475
obey_pupil_club_video_have_stem_monkey_concert,IgA,19,33,0.08962486797974716,28.149292564851585,0.07738302550783789
obey_pupil_club_video_have_stem_monkey_concert,IgA,20,34,0.22300002082450082,29.49840768714444,-0.07470802628091243
obey_pupil_club_video_have_stem_monkey_concert,IgA,21,35,0.5589724541282979,30.0860573921902,0.004762896389308893
obey_pupil_club_video_have_stem_monkey_concert,IgA,22,37,1.7078698969636779,30.119158676411075,0.04929291757467212
obey_pupil_club_video_have_stem_monkey_concert,IgA,23,41,-0.13329990662440827,35.13488645695893,0.07909571897044419
obey_pupil_club_video_have_stem_monkey_concert,IgA,24,42,0.47210682730369957,34.199605327510504,0.04929291757467212
obey_pupil_club_video_have_stem_monkey_concert,IgA,25,42,0.47210682730369957,34.199605327510504,0.04929291757467212
obey_pupil_club_video_have_stem_monkey_concert,IgA,26,43,0.47210682730369957,35.16798774117981,0.04929291757467212
obey_pupil_club_video_have_stem_monkey_concert,IgA,27,43,0.47210682730369957,35.16798774117981,0.04929291757467212
obey_pupil_club_video_have_stem_monkey_concert,IgA,28,51,0.3586197864185034,43.676512467781336,0.14589075516968947
obey_pupil_club_video_have_stem_monkey_concert,IgA,29,53,1.554507698871384,45.2325445864964,-0.11238727361585042
observe_toddler_pattern_farm_cattle_spawn_trumpet_west,IgM,0,8,-0.8260093901221207,6.224128474860251,-0.2942518776326299
observe_toddler_pattern_farm_cattle_spawn_trumpet_west,IgM,1,11,0.7816788823627474,8.367810298621071,-0.930846227283793
observe_toddler_pattern_farm_cattle_spawn_trumpet_west,IgM,2,12,-0.13329990662440827,8.955460003666829,-0.5741098387415686
observe_toddler_pattern_farm_cattle_spawn_trumpet_west,IgM,3,14,0.2717276959164277,11.65369024825253,0.041245163633533574
observe_toddler_pattern_farm_cattle_spawn_trumpet_west,IgM,4,17,-1.049065379029741,14.558837489260448,-0.46860793559286135
observe_toddler_pattern_farm_cattle_spawn_trumpet_west,IgM,5,17,-1.049065379029741,14.558837489260448,-0.34700280267978095
observe_toddler_pattern_farm_cattle_spawn_trumpet_west,IgM,6,17,-1.049065379029741,14.558837489260448,-0.46860793559286135
observe_toddler_pattern_farm_cattle_spawn_trumpet_west,IgM,7,18,0.5589724541282979,14.939570197883995,-0.5456771741830948
observe_toddler_pattern_farm_cattle_spawn_trumpet_west,IgM,8,18,0.22300002082450082,14.004289068435563,-0.22471651509265284
observe_toddler_pattern_farm_cattle_spawn_trumpet_west,IgM,9,19,0.04884662497261053,16.11486960797551,0.041245163633533574
observe_toddler_pattern_farm_cattle_spawn_trumpet_west,IgM,10,20,-0.2873255496957979,16.321786604397722,-0.34632163474213196
observe_toddler_pattern_farm_cattle_spawn_trumpet_west,IgM,11,20,-1.2313285566261374,17.083252021644814,-0.46860793559286135
observe_toddler_pattern_farm_cattle_spawn_trumpet_west,IgM,12,20,-0.13329990662440827,15.734136899351963,-0.11921461857574613
observe_toddler_pattern_farm_cattle_spawn_trumpet_west,IgM,13,21,-0.2873255496957979,16.321786604397722,-0.22917146473697264
observe_toddler_pattern_farm_cattle_spawn_trumpet_west,IgM,14,23,0.2717276959164277,20.369131971276275,-0.4619049621003101
observe_toddler_pattern_farm_cattle_spawn_trumpet_west,IgM,15,24,0.7816788823627474,20.95678167632203,-0.5552682434258488
observe_toddler_pattern_farm_cattle_spawn_trumpet_west,IgM,16,26,0.08962486797974716,21.370615669166455,-0.4307339461652558
observe_toddler_pattern_farm_cattle_spawn_trumpet_west,IgM,17,35,0.10762348706378222,28.563126557696012,-0.6801020813827915
observe_toddler_pattern_farm_cattle_spawn_trumpet_west,IgM,18,35,0.10762348706378222,28.563126557696012,-0.6801020813827915
october_mixture_member_butter_require_gun_fox_fetch,IgM,0,5,0.5589724541282979,4.461179359722977,0.14325185260648204
october_mixture_member_butter_require_gun_fox_fetch,IgM,1,6,-0.5384732379786434,4.668096356145188,0.06947429631068024
october_mixture_member_butter_require_gun_fox_fetch,IgM,2,6,-0.5384732379786434,4.668096356145188,0.06947429631068024
october_mixture_member_butter_require_gun_fox_fetch,IgM,3,6,-0.5384732379786434,4.668096356145188,0.06947429631068024
october_mixture_member_butter_require_gun_fox_fetch,IgM,4,7,-0.5384732379786434,5.6364787698144925,0.1312346916455272
october_mixture_member_butter_require_gun_fox_fetch,IgM,5,7,-0.5384732379786434,5.6364787698144925,0.1312346916455272
october_mixture_member_butter_require_gun_fox_fetch,IgM,6,7,0.5589724541282979,6.3979441870615865,0.1312346916455272
october_mixture_member_butter_require_gun_fox_fetch,IgM,7,7,0.5589724541282979,6.3979441870615865,0.1312346916455272
october_mixture_member_butter_require_gun_fox_fetch,IgM,8,7,-0.8260093901221207,5.255746061190946,0.06947429631068024
october_mixture_member_butter_require_gun_fox_fetch,IgM,9,7,0.5589724541282979,6.3979441870615865,0.1312346916455272
october_mixture_member_butter_require_gun_fox_fetch,IgM,10,7,0.5589724541282979,6.3979441870615865,0.1312346916455272
october_mixture_member_butter_require_gun_fox_fetch,IgM,11,7,0.5589724541282979,5.255746061190946,0.07500760548919215
october_mixture_member_butter_require_gun_fox_fetch,IgM,12,7,0.5589724541282979,6.3979441870615865,0.1312346916455272
october_mixture_member_butter_require_gun_fox_fetch,IgM,13,7,-0.8260093901221207,5.255746061190946,0.14325185260648204
october_mixture_member_butter_require_gun_fox_fetch,IgM,14,7,-0.5384732379786434,5.6364787698144925,0.1312346916455272
october_mixture_member_butter_require_gun_fox_fetch,IgM,15,7,0.5589724541282979,6.3979441870615865,0.1312346916455272
october_mixture_member_butter_require_gun_fox_fetch,IgM,16,7,0.5589724541282979,6.3979441870615865,0.1312346916455272
october_mixture_member_butter_require_gun_fox_fetch,IgM,17,7,0.5589724541282979,5.255746061190946,0.07500760548919215
october_mixture_member_butter_require_gun_fox_fetch,IgM,18,7,0.5589724541282979,6.3979441870615865,0.1312346916455272
october_mixture_member_butter_require_gun_fox_fetch,IgM,19,7,0.5589724541282979,5.255746061190946,0.07500760548919215
october_mixture_member_butter_require_gun_fox_fetch,IgM,20,7,-0.5384732379786434,5.6364787698144925,0.1469407253921567
october_mixture_member_butter_require_gun_fox_fetch,IgM,21,7,0.5589724541282979,6.3979441870615865,0.1312346916455272
october_mixture_member_butter_require_gun_fox_fetch,IgM,22,7,0.5589724541282979,6.3979441870615865,0.1312346916455272
october_mixture_member_butter_require_gun_fox_fetch,IgM,23,7,0.5589724541282979,6.3979441870615865,0.1312346916455272
october_mixture_member_butter_require_gun_fox_fetch,IgM,24,7,0.5589724541282979,6.3979441870615865,0.1312346916455272
october_mixture_member_butter_require_gun_fox_fetch,IgM,25,7,0.5589724541282979,6.3979441870615865,0.1312346916455272
october_mixture_member_butter_require_gun_fox_fetch,IgM,26,7,0.5589724541282979,6.3979441870615865,0.1312346916455272
october_mixture_member_butter_require_gun_fox_fetch,IgM,27,7,0.5589724541282979,5.255746061190946,0.07500760548919215
october_mixture_member_butter_require_gun_fox_fetch,IgM,28,7,-0.5384732379786434,5.6364787698144925,0.1312346916455272
october_mixture_member_butter_require_gun_fox_fetch,IgM,29,7,0.5589724541282979,6.3979441870615865,0.1312346916455272
october_mixture_member_butter_require_gun_fox_fetch,IgM,30,7,0.5589724541282979,6.3979441870615865,0.1312346916455272
october_mixture_member_butter_require_gun_fox_fetch,IgM,31,7,0.5589724541282979,6.3979441870615865,0.1312346916455272
october_mixture_member_butter_require_gun_fox_fetch,IgM,32,7,0.5589724541282979,6.3979441870615865,0.1312346916455272
october_mixture_member_butter_require_gun_fox_fetch,IgM,33,7,0.5589724541282979,6.3979441870615865,0.1312346916455272
october_mixture_member_butter_require_gun_fox_fetch,IgM,34,7,0.5589724541282979,6.3979441870615865,0.1312346916455272
october_mixture_member_butter_require_gun_fox_fetch,IgM,35,8,-0.5384732379786434,6.604861183483798,0.1312346916455272
october_mixture_member_butter_require_gun_fox_fetch,IgM,36,8,-0.5384732379786434,6.604861183483798,0.1312346916455272
october_mixture_member_butter_require_gun_fox_fetch,IgM,37,8,-0.5384732379786434,6.604861183483798,0.1312346916455272
october_mixture_member_butter_require_gun_fox_fetch,IgM,38,8,0.5589724541282979,6.224128474860251,0.1312346916455272
october_mixture_member_butter_require_gun_fox_fetch,IgM,39,8,1.0686328406949839,5.8433957662367035,0.07500760548919215
october_mixture_member_butter_require_gun_fox_fetch,IgM,40,8,-0.8260093901221207,6.224128474860251,0.1312346916455272
october_mixture_member_butter_require_gun_fox_fetch,IgM,41,8,-0.5384732379786434,6.604861183483798,0.1312346916455272
october_mixture_member_butter_require_gun_fox_fetch,IgM,42,9,-0.5384732379786434,7.573243597153103,0.1312346916455272
october_mixture_member_butter_require_gun_fox_fetch,IgM,43,9,-0.8260093901221207,7.192510888529555,0.0713187282823171
october_mixture_member_butter_require_gun_fox_fetch,IgM,44,9,-0.5384732379786434,7.573243597153103,0.1312346916455272
october_mixture_member_butter_require_gun_fox_fetch,IgM,45,10,0.5589724541282979,8.160893302198861,0.15610632928052526
october_mixture_member_butter_require_gun_fox_fetch,IgM,46,10,-1.049065379029741,7.780160593575313,0.0832792923773522
october_mixture_member_butter_require_gun_fox_fetch,IgM,47,10,-0.8260093901221207,8.160893302198861,0.0713187282823171
october_mixture_member_butter_require_gun_fox_fetch,IgM,48,10,-0.5384732379786434,8.541626010822407,-0.02274764380889656
october_mixture_member_butter_require_gun_fox_fetch,IgM,49,10,-0.8260093901221207,8.160893302198861,0.0713187282823171
october_mixture_member_butter_require_gun_fox_fetch,IgM,50,10,0.5589724541282979,8.160893302198861,0.15610632928052526
october_mixture_member_butter_require_gun_fox_fetch,IgM,51,11,-0.8260093901221207,9.129275715868165,0.1662790361638411
october_mixture_member_butter_require_gun_fox_fetch,IgM,52,11,0.5589724541282979,9.129275715868165,0.11927413970879329
october_mixture_member_butter_require_gun_fox_fetch,IgM,53,12,-1.049065379029741,9.716925420913922,0.1662790361638411
october_mixture_member_butter_require_gun_fox_fetch,IgM,54,12,-0.5384732379786434,10.478390838161015,0.10267419448845584
october_mixture_member_butter_require_gun_fox_fetch,IgM,55,12,-1.049065379029741,9.716925420913922,0.1662790361638411
october_mixture_member_butter_require_gun_fox_fetch,IgM,56,12,-1.049065379029741,9.716925420913922,0.1662790361638411
october_mixture_member_butter_require_gun_fox_fetch,IgM,57,13,-0.5384732379786434,11.44677325183032,0.1810345449913412
october_mixture_member_butter_require_gun_fox_fetch,IgM,58,13,-0.5384732379786434,11.44677325183032,0.1810345449913412
october_mixture_member_butter_require_gun_fox_fetch,IgM,59,13,-1.049065379029741,10.685307834583227,0.1662790361638411
october_mixture_member_butter_require_gun_fox_fetch,IgM,60,13,-0.5384732379786434,11.44677325183032,0.0336262766515882
october_mixture_member_butter_require_gun_fox_fetch,IgM,61,13,-0.5384732379786434,11.44677325183032,0.1810345449913412
october_mixture_member_butter_require_gun_fox_fetch,IgM,62,14,-0.8260093901221207,12.034422956876078,0.10267419448845584
october_mixture_member_butter_require_gun_fox_fetch,IgM,63,14,-0.8260093901221207,12.034422956876078,0.10267419448845584
october_mixture_member_butter_require_gun_fox_fetch,IgM,64,14,-0.8260093901221207,12.034422956876078,0.10267419448845584
october_mixture_member_butter_require_gun_fox_fetch,IgM,65,14,-0.8260093901221207,12.034422956876078,0.10267419448845584
october_mixture_member_butter_require_gun_fox_fetch,IgM,66,14,-0.8260093901221207,12.034422956876078,0.10267419448845584
october_mixture_member_butter_require_gun_fox_fetch,IgM,67,15,-0.2873255496957979,11.479874536051195,0.07126214910119907
october_mixture_member_butter_require_gun_fox_fetch,IgM,68,19,-1.049065379029741,16.495602316599054,0.09065705563350311
outer_resemble_flee_quiz_world_penalty_pair_rail,IgM,0,5,-0.8260093901221207,3.318981233852336,-0.6474023033799199
outer_resemble_flee_quiz_world_penalty_pair_rail,IgM,1,9,0.04884662497261053,6.431045471282461,-0.5771818868872626
outer_resemble_flee_quiz_world_penalty_pair_rail,IgM,2,10,-0.8260093901221207,8.160893302198861,-0.2084021340567192
outer_resemble_flee_quiz_world_penalty_pair_rail,IgM,3,11,1.4726433090871196,9.129275715868165,-0.5182632992343994
outer_resemble_flee_quiz_world_penalty_pair_rail,IgM,4,12,-1.5189376502879606,8.574727295043282,-0.19456427901381096
outer_resemble_flee_quiz_world_penalty_pair_rail,IgM,5,12,-1.5189376502879606,8.574727295043282,-0.19456427901381096
outer_resemble_flee_quiz_world_penalty_pair_rail,IgM,6,13,-0.13329990662440827,9.923842417336134,-1.1009933603254078
outer_resemble_flee_quiz_world_penalty_pair_rail,IgM,7,13,-0.13329990662440827,9.923842417336134,-0.5088765013152737
outer_resemble_flee_quiz_world_penalty_pair_rail,IgM,8,15,1.4726433090871196,13.002805370545385,0.08501909174754778
outer_resemble_flee_quiz_world_penalty_pair_rail,IgM,9,15,0.04884662497261053,12.24133995329829,-0.7637291560425863
outer_resemble_flee_quiz_world_penalty_pair_rail,IgM,10,18,0.37694241891061303,14.38502177705911,-0.6688439935166894
outer_resemble_flee_quiz_world_penalty_pair_rail,IgM,11,18,-0.4207631544924123,14.004289068435563,-0.427692892725412
outer_resemble_flee_quiz_world_penalty_pair_rail,IgM,12,19,0.7816788823627474,15.146487194306205,-0.5696440942701879
outer_resemble_flee_quiz_world_penalty_pair_rail,IgM,13,20,-0.13329990662440827,16.70251931302127,-0.3531577166974639
outer_resemble_flee_quiz_world_penalty_pair_rail,IgM,14,23,-1.3854375349398593,19.60766655402918,-0.3924133535951453
outer_resemble_flee_quiz_world_penalty_pair_rail,IgM,15,26,1.1636519232287181,20.021500546873604,-0.8170249299973894
palace_body_right_patch_sail_rule_reduce_right,IgM,0,9,-0.8260093901221207,7.192510888529555,-0.4739142340406935
palace_body_right_patch_sail_rule_reduce_right,IgM,1,11,0.2717276959164277,8.748543007244617,-0.4739142340406935
palace_body_right_patch_sail_rule_reduce_right,IgM,2,12,-1.049065379029741,9.716925420913922,-0.4739142340406935
palace_body_right_patch_sail_rule_reduce_right,IgM,3,15,-1.2313285566261374,12.24133995329829,-0.5218696333088685
palace_body_right_patch_sail_rule_reduce_right,IgM,4,16,-1.049065379029741,13.59045507559114,-0.5218696333088685
palace_body_right_patch_sail_rule_reduce_right,IgM,5,16,-1.049065379029741,13.59045507559114,-0.5218696333088685
palace_body_right_patch_sail_rule_reduce_right,IgM,6,16,-1.049065379029741,13.59045507559114,-0.5218696333088685
palace_body_right_patch_sail_rule_reduce_right,IgM,7,17,-1.049065379029741,14.558837489260448,-0.5218696333088685
palace_body_right_patch_sail_rule_reduce_right,IgM,8,18,0.04884662497261053,15.146487194306205,-0.5218696333088685
palace_body_right_patch_sail_rule_reduce_right,IgM,9,18,0.04884662497261053,15.146487194306205,-0.5218696333088685
palace_body_right_patch_sail_rule_reduce_right,IgM,10,21,0.5589724541282979,17.670901726690573,-0.14134979226568206
palace_body_right_patch_sail_rule_reduce_right,IgM,11,24,-0.4207631544924123,19.814583550451392,-0.5761909266123819
palace_body_right_patch_sail_rule_reduce_right,IgM,12,29,0.5589724541282979,24.27576291017437,-0.5218696333088685
patient_way_moment_hope_hold_talent_alone_any,IgM,0,6,2.1614392234301927,4.668096356145188,-1.8680719282739033
patient_way_moment_hope_hold_talent_alone_any,IgM,1,9,0.9635635070700442,7.573243597153103,-1.0985453138960046
patient_way_moment_hope_hold_talent_alone_any,IgM,2,10,-0.13329990662440827,8.922358719445954,-1.0985453138960046
patient_way_moment_hope_hold_talent_alone_any,IgM,3,10,0.5589724541282979,8.160893302198861,-1.1704784349042692
patient_way_moment_hope_hold_talent_alone_any,IgM,4,13,-0.2873255496957979,9.543109708712587,-1.9318641526604776
patient_way_moment_hope_hold_talent_alone_any,IgM,5,13,-0.8260093901221207,11.066040543206775,-1.1118662603477645
patient_way_moment_hope_hold_talent_alone_any,IgM,6,16,6.907755278982137,14.732653201461781,-1.5537717392875758
patient_way_moment_hope_hold_talent_alone_any,IgM,7,17,0.04884662497261053,14.1781047806369,-1.5804773841163193
patient_way_moment_hope_hold_talent_alone_any,IgM,8,17,0.04884662497261053,14.1781047806369,-1.3993866669654418
patient_way_moment_hope_hold_talent_alone_any,IgM,9,18,-0.5384732379786434,13.623556359812017,-1.73492621134728
patient_way_moment_hope_hold_talent_alone_any,IgM,10,18,-0.2873255496957979,11.479874536051195,-1.4872307483845675
patient_way_moment_hope_hold_talent_alone_any,IgM,11,18,-0.2873255496957979,14.38502177705911,-1.9318641526604776
patient_way_moment_hope_hold_talent_alone_any,IgM,12,18,-0.8260093901221207,15.907952611553299,-1.1118662603477645
patient_way_moment_hope_hold_talent_alone_any,IgM,13,19,0.8947453855092655,15.353404190728416,-1.002634488832452
patient_way_moment_hope_hold_talent_alone_any,IgM,14,21,-0.4207631544924123,16.90943630944348,-1.5298577787986796
patient_way_moment_hope_hold_talent_alone_any,IgM,15,21,-1.3854375349398593,17.670901726690573,-2.062409423908645
patient_way_moment_hope_hold_talent_alone_any,IgM,16,21,-1.2313285566261374,18.051634435314117,-1.420626018336368
patient_way_moment_hope_hold_talent_alone_any,IgM,17,22,-0.13329990662440827,18.639284140359877,-1.5964625198998799
patient_way_moment_hope_hold_talent_alone_any,IgM,18,22,-0.5384732379786434,17.497086014489234,-1.6124476529892715
patient_way_moment_hope_hold_talent_alone_any,IgM,19,22,1.1172774456369179,18.639284140359877,-1.5804773841163193
patient_way_moment_hope_hold_talent_alone_any,IgM,20,22,-0.13329990662440827,18.639284140359877,-1.5964625198998799
patient_way_moment_hope_hold_talent_alone_any,IgM,21,23,-0.2873255496957979,19.226933845405632,-1.2503299519892994
patient_way_moment_hope_hold_talent_alone_any,IgM,22,27,-1.3854375349398593,23.4811962087064,-1.5298577787986796
patient_way_moment_hope_hold_talent_alone_any,IgM,23,27,1.1453609972360244,22.719730791459305,-1.5804773841163193
patient_way_moment_hope_hold_talent_alone_any,IgM,24,28,-1.049065379029741,25.2110440396228,-1.3727447696407216
patient_way_moment_hope_hold_talent_alone_any,IgM,25,28,-1.049065379029741,25.2110440396228,-1.3727447696407216
patient_way_moment_hope_hold_talent_alone_any,IgM,26,31,0.5589724541282979,25.070329611642336,-1.591134142203416
patient_way_moment_hope_hold_talent_alone_any,IgM,27,32,-1.2313285566261374,28.70384098567647,-1.420626018336368
patient_way_moment_hope_hold_talent_alone_any,IgM,28,33,0.6765369043602282,27.387827147604497,-1.591134142203416
patient_way_moment_hope_hold_talent_alone_any,IgM,29,35,0.7592545863069617,28.563126557696012,-1.5405145386128076
pause_under_clog_perfect_same_draft_fetch_space,IgM,0,14,1.0686328406949839,11.65369024825253,-0.9903530483132024
pause_under_clog_perfect_same_draft_fetch_space,IgM,1,17,-1.2313285566261374,14.1781047806369,-1.3193280305558306
pause_under_clog_perfect_same_draft_fetch_space,IgM,2,17,-1.2313285566261374,14.1781047806369,-0.8177644601778827
pause_under_clog_perfect_same_draft_fetch_space,IgM,3,17,-1.2313285566261374,14.1781047806369,-0.8177644601778827
pause_under_clog_perfect_same_draft_fetch_space,IgM,4,18,0.04884662497261053,15.146487194306205,-1.2517545182283483
pause_under_clog_perfect_same_draft_fetch_space,IgM,5,19,-0.2873255496957979,15.353404190728416,-1.3815983615207221
pause_under_clog_perfect_same_draft_fetch_space,IgM,6,20,0.37694241891061303,16.321786604397722,-1.063907381502499
pause_under_clog_perfect_same_draft_fetch_space,IgM,7,21,1.4039411963144843,18.051634435314117,-0.7790867974808238
pause_under_clog_perfect_same_draft_fetch_space,IgM,8,21,1.4039411963144843,18.051634435314117,-0.7790867974808238
pause_under_clog_perfect_same_draft_fetch_space,IgM,9,23,0.22300002082450082,18.846201136782085,-0.9380380624702473
pause_under_clog_perfect_same_draft_fetch_space,IgM,10,23,-0.13329990662440827,19.60766655402918,-1.144001105412832
pause_under_clog_perfect_same_draft_fetch_space,IgM,11,25,0.5589724541282979,21.54443138136779,-0.9097007762613798
pause_under_clog_perfect_same_draft_fetch_space,IgM,12,25,0.4256596947182628,20.021500546873604,-1.379245066655974
pause_under_clog_perfect_same_draft_fetch_space,IgM,13,26,0.37694241891061303,22.13208108641355,-0.9380380624702473
pause_under_clog_perfect_same_draft_fetch_space,IgM,14,26,-0.13329990662440827,22.512813795037097,-1.2355523262168029
pause_under_clog_perfect_same_draft_fetch_space,IgM,15,26,-0.13329990662440827,22.512813795037097,-1.2355523262168029
pause_under_clog_perfect_same_draft_fetch_space,IgM,16,27,0.4256596947182628,21.958265374212214,-1.3639865271841702
pause_under_clog_perfect_same_draft_fetch_space,IgM,17,28,0.08962486797974716,23.30738049650506,-0.911321988442412
pause_under_clog_perfect_same_draft_fetch_space,IgM,18,29,0.08962486797974716,24.27576291017437,-0.911321988442412
pioneer_rebel_unit_combine_warm_pattern_turn_oval,IgM,0,3,-0.13329990662440827,2.1436818237608204,-0.2342948508249632
pioneer_rebel_unit_combine_warm_pattern_turn_oval,IgM,1,6,-0.13329990662440827,5.048829064768735,-0.6027359827158942
pioneer_rebel_unit_combine_warm_pattern_turn_oval,IgM,2,7,-1.049065379029741,4.875013352567398,-0.5585445973619554
pioneer_rebel_unit_combine_warm_pattern_turn_oval,IgM,3,9,0.5589724541282979,7.192510888529555,-0.48558581512381627
pioneer_rebel_unit_combine_warm_pattern_turn_oval,IgM,4,10,-0.8260093901221207,8.160893302198861,-0.2084021340567192
pioneer_rebel_unit_combine_warm_pattern_turn_oval,IgM,5,11,6.907755278982137,9.510008424491712,-0.11077861110935992
pioneer_rebel_unit_combine_warm_pattern_turn_oval,IgM,6,11,2.4944440280090023,9.129275715868165,-0.6527427245417011
pioneer_rebel_unit_combine_warm_pattern_turn_oval,IgM,7,11,-0.5384732379786434,9.510008424491712,-0.12263115358434591
pioneer_rebel_unit_combine_warm_pattern_turn_oval,IgM,8,13,0.7816788823627474,10.30457512595968,-0.047408961835327265
pioneer_rebel_unit_combine_warm_pattern_turn_oval,IgM,9,15,0.7128316973393489,11.09914182742765,-0.546555740913111
pioneer_rebel_unit_combine_warm_pattern_turn_oval,IgM,10,16,0.8097873287703594,11.30605882384986,-0.5232650713011552
pioneer_rebel_unit_combine_warm_pattern_turn_oval,IgM,11,18,0.08962486797974716,13.623556359812017,-0.7653054947089761
pioneer_rebel_unit_combine_warm_pattern_turn_oval,IgM,12,19,0.37694241891061303,15.353404190728416,-0.585609056932232
pioneer_rebel_unit_combine_warm_pattern_turn_oval,IgM,13,20,0.7816788823627474,17.083252021644814,-0.5011363557659355
pioneer_rebel_unit_combine_warm_pattern_turn_oval,IgM,14,20,0.7816788823627474,17.083252021644814,-0.5011363557659355
price_crater_enrich_dial_vessel_priority_mass_atom,IgA,0,9,-0.5384732379786434,7.573243597153103,0.08418135009898227
price_crater_enrich_dial_vessel_priority_mass_atom,IgA,1,11,0.2717276959164277,8.748543007244617,0.14601857925239248
price_crater_enrich_dial_vessel_priority_mass_atom,IgA,2,12,-0.8260093901221207,10.09765812953747,0.08418135009898227
price_crater_enrich_dial_vessel_priority_mass_atom,IgA,3,12,-0.8260093901221207,10.09765812953747,0.08418135009898227
price_crater_enrich_dial_vessel_priority_mass_atom,IgA,4,12,-0.8260093901221207,10.09765812953747,0.08418135009898227
price_crater_enrich_dial_vessel_priority_mass_atom,IgA,5,12,-0.8260093901221207,10.09765812953747,0.08039539217319953
price_crater_enrich_dial_vessel_priority_mass_atom,IgA,6,12,-0.8260093901221207,10.09765812953747,0.08418135009898227
price_crater_enrich_dial_vessel_priority_mass_atom,IgA,7,12,-0.8260093901221207,10.09765812953747,0.08039539217319953
price_crater_enrich_dial_vessel_priority_mass_atom,IgA,8,12,-0.8260093901221207,10.09765812953747,0.08418135009898227
price_crater_enrich_dial_vessel_priority_mass_atom,IgA,9,12,-0.8260093901221207,10.09765812953747,0.08039539217319953
price_crater_enrich_dial_vessel_priority_mass_atom,IgA,10,13,-1.049065379029741,10.685307834583227,0.11194500876415263
price_crater_enrich_dial_vessel_priority_mass_atom,IgA,11,13,-0.5384732379786434,11.44677325183032,0.08039539217319953
price_crater_enrich_dial_vessel_priority_mass_atom,IgA,12,13,0.5589724541282979,11.066040543206775,0.14601857925239248
price_crater_enrich_dial_vessel_priority_mass_atom,IgA,13,13,-0.8260093901221207,11.066040543206775,0.056417688117911605
price_crater_enrich_dial_vessel_priority_mass_atom,IgA,14,13,-0.8260093901221207,11.066040543206775,0.08418135009898227
price_crater_enrich_dial_vessel_priority_mass_atom,IgA,15,13,-1.049065379029741,10.685307834583227,0.11194500876415263
price_crater_enrich_dial_vessel_priority_mass_atom,IgA,16,14,-1.049065379029741,11.65369024825253,0.08418135009898227
price_crater_enrich_dial_vessel_priority_mass_atom,IgA,17,14,-0.8260093901221207,12.034422956876078,0.08039539217319953
price_crater_enrich_dial_vessel_priority_mass_atom,IgA,18,14,-0.8260093901221207,12.034422956876078,0.08039539217319953
price_crater_enrich_dial_vessel_priority_mass_atom,IgA,19,14,-0.8260093901221207,12.034422956876078,0.08039539217319953
price_crater_enrich_dial_vessel_priority_mass_atom,IgA,20,14,-0.8260093901221207,12.034422956876078,0.08039539217319953
price_crater_enrich_dial_vessel_priority_mass_atom,IgA,21,14,-0.8260093901221207,12.034422956876078,0.08039539217319953
price_crater_enrich_dial_vessel_priority_mass_atom,IgA,22,14,-0.8260093901221207,12.034422956876078,0.08039539217319953
price_crater_enrich_dial_vessel_priority_mass_atom,IgA,23,14,-0.8260093901221207,12.034422956876078,0.08039539217319953
price_crater_enrich_dial_vessel_priority_mass_atom,IgA,24,14,-0.8260093901221207,12.034422956876078,0.08039539217319953
price_crater_enrich_dial_vessel_priority_mass_atom,IgA,25,14,-0.8260093901221207,12.034422956876078,0.08039539217319953
price_crater_enrich_dial_vessel_priority_mass_atom,IgA,26,14,-0.8260093901221207,12.034422956876078,0.08039539217319953
price_crater_enrich_dial_vessel_priority_mass_atom,IgA,27,14,0.5589724541282979,10.89222483100544,0.11573095563693432
price_crater_enrich_dial_vessel_priority_mass_atom,IgA,28,14,-0.8260093901221207,12.034422956876078,0.08039539217319953
price_crater_enrich_dial_vessel_priority_mass_atom,IgA,29,14,-0.8260093901221207,12.034422956876078,0.08039539217319953
price_crater_enrich_dial_vessel_priority_mass_atom,IgA,30,14,-0.8260093901221207,12.034422956876078,0.08039539217319953
price_crater_enrich_dial_vessel_priority_mass_atom,IgA,31,14,-0.8260093901221207,12.034422956876078,0.08039539217319953
price_crater_enrich_dial_vessel_priority_mass_atom,IgA,32,14,-0.8260093901221207,12.034422956876078,0.08039539217319953
price_crater_enrich_dial_vessel_priority_mass_atom,IgA,33,14,-0.8260093901221207,12.034422956876078,0.08039539217319953
price_crater_enrich_dial_vessel_priority_mass_atom,IgA,34,14,0.5589724541282979,12.034422956876078,0.08418135009898227
price_crater_enrich_dial_vessel_priority_mass_atom,IgA,35,14,-0.8260093901221207,12.034422956876078,0.08039539217319953
price_crater_enrich_dial_vessel_priority_mass_atom,IgA,36,14,-0.8260093901221207,12.034422956876078,0.08039539217319953
price_crater_enrich_dial_vessel_priority_mass_atom,IgA,37,14,-0.8260093901221207,12.034422956876078,0.08039539217319953
price_crater_enrich_dial_vessel_priority_mass_atom,IgA,38,14,-0.8260093901221207,12.034422956876078,0.08039539217319953
price_crater_enrich_dial_vessel_priority_mass_atom,IgA,39,14,-0.5384732379786434,12.415155665499626,0.056417688117911605
price_crater_enrich_dial_vessel_priority_mass_atom,IgA,40,14,-0.8260093901221207,12.034422956876078,0.08039539217319953
price_crater_enrich_dial_vessel_priority_mass_atom,IgA,41,14,-0.8260093901221207,12.034422956876078,0.08039539217319953
price_crater_enrich_dial_vessel_priority_mass_atom,IgA,42,14,-0.8260093901221207,12.034422956876078,0.08039539217319953
price_crater_enrich_dial_vessel_priority_mass_atom,IgA,43,14,-1.049065379029741,11.65369024825253,0.08418135009898227
price_crater_enrich_dial_vessel_priority_mass_atom,IgA,44,14,-0.8260093901221207,12.034422956876078,0.08039539217319953
price_crater_enrich_dial_vessel_priority_mass_atom,IgA,45,14,-0.8260093901221207,12.034422956876078,0.08039539217319953
price_crater_enrich_dial_vessel_priority_mass_atom,IgA,46,14,-0.8260093901221207,12.034422956876078,0.08039539217319953
price_crater_enrich_dial_vessel_priority_mass_atom,IgA,47,14,-0.8260093901221207,12.034422956876078,0.08039539217319953
price_crater_enrich_dial_vessel_priority_mass_atom,IgA,48,14,-0.8260093901221207,12.034422956876078,0.08039539217319953
price_crater_enrich_dial_vessel_priority_mass_atom,IgA,49,14,-0.8260093901221207,12.034422956876078,0.08039539217319953
price_crater_enrich_dial_vessel_priority_mass_atom,IgA,50,14,-1.049065379029741,11.65369024825253,0.1976595111215576
price_crater_enrich_dial_vessel_priority_mass_atom,IgA,51,14,-0.8260093901221207,12.034422956876078,0.08039539217319953
price_crater_enrich_dial_vessel_priority_mass_atom,IgA,52,14,-0.8260093901221207,12.034422956876078,0.08039539217319953
price_crater_enrich_dial_vessel_priority_mass_atom,IgA,53,14,-0.8260093901221207,12.034422956876078,0.08039539217319953
price_crater_enrich_dial_vessel_priority_mass_atom,IgA,54,14,-1.049065379029741,11.65369024825253,0.08418135009898227
price_crater_enrich_dial_vessel_priority_mass_atom,IgA,55,14,-0.8260093901221207,12.034422956876078,0.08039539217319953
price_crater_enrich_dial_vessel_priority_mass_atom,IgA,56,14,-0.8260093901221207,12.034422956876078,0.08039539217319953
price_crater_enrich_dial_vessel_priority_mass_atom,IgA,57,14,-0.8260093901221207,12.034422956876078,0.08039539217319953
price_crater_enrich_dial_vessel_priority_mass_atom,IgA,58,14,-0.8260093901221207,12.034422956876078,0.08039539217319953
price_crater_enrich_dial_vessel_priority_mass_atom,IgA,59,14,-1.049065379029741,11.65369024825253,0.1976595111215576
price_crater_enrich_dial_vessel_priority_mass_atom,IgA,60,14,-0.8260093901221207,12.034422956876078,0.08039539217319953
price_crater_enrich_dial_vessel_priority_mass_atom,IgA,61,14,-0.8260093901221207,12.034422956876078,0.08039539217319953
price_crater_enrich_dial_vessel_priority_mass_atom,IgA,62,15,-0.8260093901221207,13.002805370545385,0.08039539217319953
price_crater_enrich_dial_vessel_priority_mass_atom,IgA,63,15,-0.8260093901221207,13.002805370545385,0.08039539217319953
price_crater_enrich_dial_vessel_priority_mass_atom,IgA,64,15,-0.8260093901221207,13.002805370545385,0.08039539217319953
price_crater_enrich_dial_vessel_priority_mass_atom,IgA,65,15,-0.8260093901221207,13.002805370545385,0.08039539217319953
price_crater_enrich_dial_vessel_priority_mass_atom,IgA,66,15,0.2717276959164277,12.622072661921838,0.05263173019212884
price_crater_enrich_dial_vessel_priority_mass_atom,IgA,67,15,-1.049065379029741,12.622072661921838,0.10815904752246956
price_crater_enrich_dial_vessel_priority_mass_atom,IgA,68,15,-1.2313285566261374,12.24133995329829,-0.0405407245022603
price_crater_enrich_dial_vessel_priority_mass_atom,IgA,69,16,-1.049065379029741,13.59045507559114,0.11194500876415263
price_crater_enrich_dial_vessel_priority_mass_atom,IgA,70,16,-1.049065379029741,13.59045507559114,0.11194500876415263
price_crater_enrich_dial_vessel_priority_mass_atom,IgA,71,16,-1.049065379029741,13.59045507559114,0.11194500876415263
price_crater_enrich_dial_vessel_priority_mass_atom,IgA,72,16,-1.049065379029741,13.59045507559114,0.11194500876415263
price_crater_enrich_dial_vessel_priority_mass_atom,IgA,73,16,0.5589724541282979,13.971187784214688,0.08039539217319953
price_crater_enrich_dial_vessel_priority_mass_atom,IgA,74,16,-1.049065379029741,13.59045507559114,0.11194500876415263
price_crater_enrich_dial_vessel_priority_mass_atom,IgA,75,16,0.04884662497261053,13.209722366967595,0.08039539217319953
price_crater_enrich_dial_vessel_priority_mass_atom,IgA,76,16,0.5589724541282979,13.971187784214688,0.08039539217319953
price_crater_enrich_dial_vessel_priority_mass_atom,IgA,77,16,-1.049065379029741,13.59045507559114,0.11194500876415263
price_crater_enrich_dial_vessel_priority_mass_atom,IgA,78,16,0.2717276959164277,13.59045507559114,0.08039539217319953
price_crater_enrich_dial_vessel_priority_mass_atom,IgA,79,16,-1.049065379029741,13.59045507559114,0.11194500876415263
price_crater_enrich_dial_vessel_priority_mass_atom,IgA,80,16,0.2717276959164277,13.59045507559114,0.08039539217319953
price_crater_enrich_dial_vessel_priority_mass_atom,IgA,81,16,-1.049065379029741,13.59045507559114,0.11194500876415263
price_crater_enrich_dial_vessel_priority_mass_atom,IgA,82,16,0.5589724541282979,13.971187784214688,0.08039539217319953
price_crater_enrich_dial_vessel_priority_mass_atom,IgA,83,16,0.5589724541282979,13.971187784214688,0.08039539217319953
price_crater_enrich_dial_vessel_priority_mass_atom,IgA,84,16,-1.049065379029741,13.59045507559114,0.11194500876415263
price_crater_enrich_dial_vessel_priority_mass_atom,IgA,85,16,-1.049065379029741,13.59045507559114,0.11194500876415263
price_crater_enrich_dial_vessel_priority_mass_atom,IgA,86,16,0.7816788823627474,13.209722366967595,0.08039539217319953
price_crater_enrich_dial_vessel_priority_mass_atom,IgA,87,16,-1.049065379029741,13.59045507559114,0.11194500876415263
price_crater_enrich_dial_vessel_priority_mass_atom,IgA,88,16,-1.049065379029741,13.59045507559114,0.11194500876415263
price_crater_enrich_dial_vessel_priority_mass_atom,IgA,89,16,-1.049065379029741,13.59045507559114,0.11194500876415263
price_crater_enrich_dial_vessel_priority_mass_atom,IgA,90,16,-1.049065379029741,13.59045507559114,0.11194500876415263
price_crater_enrich_dial_vessel_priority_mass_atom,IgA,91,16,-1.049065379029741,13.59045507559114,0.11194500876415263
price_crater_enrich_dial_vessel_priority_mass_atom,IgA,92,16,-1.049065379029741,13.59045507559114,0.11194500876415263
price_crater_enrich_dial_vessel_priority_mass_atom,IgA,93,16,-1.049065379029741,13.59045507559114,0.11194500876415263
price_crater_enrich_dial_vessel_priority_mass_atom,IgA,94,16,-1.049065379029741,13.59045507559114,0.11194500876415263
price_crater_enrich_dial_vessel_priority_mass_atom,IgA,95,16,-1.049065379029741,13.59045507559114,0.11194500876415263
price_crater_enrich_dial_vessel_priority_mass_atom,IgA,96,16,0.2717276959164277,13.59045507559114,0.08418135009898227
price_crater_enrich_dial_vessel_priority_mass_atom,IgA,97,16,0.5589724541282979,13.971187784214688,0.08039539217319953
price_crater_enrich_dial_vessel_priority_mass_atom,IgA,98,16,-1.049065379029741,13.59045507559114,0.11194500876415263
price_crater_enrich_dial_vessel_priority_mass_atom,IgA,99,16,0.2717276959164277,13.59045507559114,0.08039539217319953
price_crater_enrich_dial_vessel_priority_mass_atom,IgA,100,17,-0.2873255496957979,13.416639363389805,0.10815904752246956
price_crater_enrich_dial_vessel_priority_mass_atom,IgA,101,17,0.7816788823627474,14.1781047806369,0.08039539217319953
price_crater_enrich_dial_vessel_priority_mass_atom,IgA,102,17,-1.2313285566261374,14.1781047806369,0.08039539217319953
price_crater_enrich_dial_vessel_priority_mass_atom,IgA,103,17,0.04884662497261053,14.1781047806369,0.08039539217319953
price_crater_enrich_dial_vessel_priority_mass_atom,IgA,104,17,-1.2313285566261374,14.1781047806369,0.08039539217319953
price_crater_enrich_dial_vessel_priority_mass_atom,IgA,105,17,-1.049065379029741,14.558837489260448,0.06420398617705043
price_crater_enrich_dial_vessel_priority_mass_atom,IgA,106,17,0.5589724541282979,13.797372072013353,0.10815904752246956
price_crater_enrich_dial_vessel_priority_mass_atom,IgA,107,17,1.1172774456369179,13.797372072013353,0.08418135009898227
price_crater_enrich_dial_vessel_priority_mass_atom,IgA,108,17,-1.049065379029741,14.558837489260448,0.23299508453299334
price_crater_enrich_dial_vessel_priority_mass_atom,IgA,109,18,1.853602614044933,14.38502177705911,0.03243997522022281
price_crater_enrich_dial_vessel_priority_mass_atom,IgA,110,18,0.5589724541282979,14.765754485682658,0.33383987950092175
price_crater_enrich_dial_vessel_priority_mass_atom,IgA,111,18,-0.8260093901221207,15.907952611553299,0.11194500876415263
price_crater_enrich_dial_vessel_priority_mass_atom,IgA,112,18,0.5589724541282979,14.765754485682658,0.08039539217319953
price_crater_enrich_dial_vessel_priority_mass_atom,IgA,113,18,0.5589724541282979,14.765754485682658,0.08039539217319953
price_crater_enrich_dial_vessel_priority_mass_atom,IgA,114,18,0.7816788823627474,15.146487194306205,0.11194500876415263
price_crater_enrich_dial_vessel_priority_mass_atom,IgA,115,18,0.04884662497261053,15.146487194306205,0.08039539217319953
price_crater_enrich_dial_vessel_priority_mass_atom,IgA,116,18,0.04884662497261053,15.146487194306205,0.08039539217319953
price_crater_enrich_dial_vessel_priority_mass_atom,IgA,117,18,0.04884662497261053,15.146487194306205,0.13844668440152902
price_crater_enrich_dial_vessel_priority_mass_atom,IgA,118,18,0.04884662497261053,15.146487194306205,0.13844668440152902
price_crater_enrich_dial_vessel_priority_mass_atom,IgA,119,18,0.04884662497261053,15.146487194306205,0.13844668440152902
price_crater_enrich_dial_vessel_priority_mass_atom,IgA,120,18,-1.3854375349398593,14.765754485682658,0.11194500876415263
price_crater_enrich_dial_vessel_priority_mass_atom,IgA,121,18,0.5589724541282979,14.765754485682658,0.33383987950092175
price_crater_enrich_dial_vessel_priority_mass_atom,IgA,122,18,-1.049065379029741,15.527219902929751,0.06420398617705043
price_crater_enrich_dial_vessel_priority_mass_atom,IgA,123,18,0.5589724541282979,14.765754485682658,0.23299508453299334
price_crater_enrich_dial_vessel_priority_mass_atom,IgA,124,18,0.37694241891061303,14.38502177705911,0.24940088600031707
price_crater_enrich_dial_vessel_priority_mass_atom,IgA,125,19,0.5589724541282979,15.734136899351963,0.08544333312677622
price_crater_enrich_dial_vessel_priority_mass_atom,IgA,126,19,0.5589724541282979,15.734136899351963,0.23299508453299334
price_crater_enrich_dial_vessel_priority_mass_atom,IgA,127,19,-1.2313285566261374,16.11486960797551,0.11194500876415263
price_crater_enrich_dial_vessel_priority_mass_atom,IgA,128,19,-1.2313285566261374,16.11486960797551,0.19523598033846323
price_crater_enrich_dial_vessel_priority_mass_atom,IgA,129,19,-1.2313285566261374,16.11486960797551,0.11194500876415263
price_crater_enrich_dial_vessel_priority_mass_atom,IgA,130,19,-0.13329990662440827,15.734136899351963,-0.0405407245022603
price_crater_enrich_dial_vessel_priority_mass_atom,IgA,131,19,0.2717276959164277,16.495602316599054,0.11194500876415263
price_crater_enrich_dial_vessel_priority_mass_atom,IgA,132,19,-0.13329990662440827,15.734136899351963,-0.0405407245022603
price_crater_enrich_dial_vessel_priority_mass_atom,IgA,133,19,-0.13329990662440827,15.734136899351963,0.11194500876415263
price_crater_enrich_dial_vessel_priority_mass_atom,IgA,134,19,0.5589724541282979,15.734136899351963,0.23299508453299334
price_crater_enrich_dial_vessel_priority_mass_atom,IgA,135,19,-1.2313285566261374,16.11486960797551,0.11194500876415263
price_crater_enrich_dial_vessel_priority_mass_atom,IgA,136,19,-1.2313285566261374,16.11486960797551,0.11194500876415263
price_crater_enrich_dial_vessel_priority_mass_atom,IgA,137,19,0.04884662497261053,16.11486960797551,0.08418135009898227
price_crater_enrich_dial_vessel_priority_mass_atom,IgA,138,19,0.04884662497261053,16.11486960797551,0.14601857925239248
price_crater_enrich_dial_vessel_priority_mass_atom,IgA,139,19,0.22300002082450082,14.972671482104868,0.08418135009898227
price_crater_enrich_dial_vessel_priority_mass_atom,IgA,140,19,0.5589724541282979,15.734136899351963,0.23299508453299334
price_crater_enrich_dial_vessel_priority_mass_atom,IgA,141,19,0.8947453855092655,15.353404190728416,0.11573095563693432
price_crater_enrich_dial_vessel_priority_mass_atom,IgA,142,19,-1.2313285566261374,16.11486960797551,-0.17799657008480274
price_crater_enrich_dial_vessel_priority_mass_atom,IgA,143,19,0.04884662497261053,16.11486960797551,-0.09228209938101976
price_crater_enrich_dial_vessel_priority_mass_atom,IgA,144,19,-1.2313285566261374,16.11486960797551,0.11194500876415263
price_crater_enrich_dial_vessel_priority_mass_atom,IgA,145,19,-1.2313285566261374,16.11486960797551,0.11194500876415263
price_crater_enrich_dial_vessel_priority_mass_atom,IgA,146,20,0.2717276959164277,17.46398473026836,0.08418135009898227
price_crater_enrich_dial_vessel_priority_mass_atom,IgA,147,20,-1.2313285566261374,17.083252021644814,0.19523598033846323
price_crater_enrich_dial_vessel_priority_mass_atom,IgA,148,20,-1.2313285566261374,17.083252021644814,0.08418135009898227
price_crater_enrich_dial_vessel_priority_mass_atom,IgA,149,20,-0.13329990662440827,16.70251931302127,0.11194500876415263
price_crater_enrich_dial_vessel_priority_mass_atom,IgA,150,20,-1.2313285566261374,17.083252021644814,-0.006467141855719269
price_crater_enrich_dial_vessel_priority_mass_atom,IgA,151,20,0.5589724541282979,17.84471743889191,0.08039539217319953
price_crater_enrich_dial_vessel_priority_mass_atom,IgA,152,20,-1.049065379029741,17.46398473026836,-0.0960680617280029
price_crater_enrich_dial_vessel_priority_mass_atom,IgA,153,20,-0.13329990662440827,16.70251931302127,0.10815904752246956
price_crater_enrich_dial_vessel_priority_mass_atom,IgA,154,20,-1.2313285566261374,17.083252021644814,-0.0405407245022603
price_crater_enrich_dial_vessel_priority_mass_atom,IgA,155,21,-1.2313285566261374,18.051634435314117,0.11194500876415263
price_crater_enrich_dial_vessel_priority_mass_atom,IgA,156,21,-1.2313285566261374,18.051634435314117,0.11194500876415263
price_crater_enrich_dial_vessel_priority_mass_atom,IgA,157,21,-0.2873255496957979,17.290169018067026,0.11194500876415263
price_crater_enrich_dial_vessel_priority_mass_atom,IgA,158,21,-0.13329990662440827,17.670901726690573,0.10815904752246956
price_crater_enrich_dial_vessel_priority_mass_atom,IgA,159,21,-1.2313285566261374,18.051634435314117,0.11194500876415263
price_crater_enrich_dial_vessel_priority_mass_atom,IgA,160,21,0.8947453855092655,17.290169018067026,0.14601857925239248
price_crater_enrich_dial_vessel_priority_mass_atom,IgA,161,21,0.04884662497261053,18.051634435314117,0.11194500876415263
price_crater_enrich_dial_vessel_priority_mass_atom,IgA,162,21,-1.2313285566261374,18.051634435314117,0.11194500876415263
price_crater_enrich_dial_vessel_priority_mass_atom,IgA,163,21,1.853602614044933,17.290169018067026,0.03243997522022281
price_crater_enrich_dial_vessel_priority_mass_atom,IgA,164,21,0.04884662497261053,18.051634435314117,0.14223263127431068
price_crater_enrich_dial_vessel_priority_mass_atom,IgA,165,21,0.04884662497261053,18.051634435314117,0.13844668440152902
price_crater_enrich_dial_vessel_priority_mass_atom,IgA,166,21,-0.13329990662440827,17.670901726690573,0.10815904752246956
price_crater_enrich_dial_vessel_priority_mass_atom,IgA,167,21,-1.2313285566261374,18.051634435314117,0.11194500876415263
price_crater_enrich_dial_vessel_priority_mass_atom,IgA,168,21,-1.2313285566261374,18.051634435314117,0.11194500876415263
price_crater_enrich_dial_vessel_priority_mass_atom,IgA,169,21,-1.2313285566261374,18.051634435314117,0.11194500876415263
price_crater_enrich_dial_vessel_priority_mass_atom,IgA,170,21,-0.8260093901221207,18.813099852561212,0.09427722537433507
price_crater_enrich_dial_vessel_priority_mass_atom,IgA,171,21,-1.2313285566261374,18.051634435314117,0.11194500876415263
price_crater_enrich_dial_vessel_priority_mass_atom,IgA,172,21,-1.2313285566261374,18.051634435314117,0.11194500876415263
price_crater_enrich_dial_vessel_priority_mass_atom,IgA,173,21,0.5589724541282979,17.670901726690573,0.11194500876415263
price_crater_enrich_dial_vessel_priority_mass_atom,IgA,174,21,-0.2873255496957979,17.290169018067026,0.11194500876415263
price_crater_enrich_dial_vessel_priority_mass_atom,IgA,175,21,-1.2313285566261374,18.051634435314117,0.11194500876415263
price_crater_enrich_dial_vessel_priority_mass_atom,IgA,176,21,-1.2313285566261374,18.051634435314117,0.11194500876415263
price_crater_enrich_dial_vessel_priority_mass_atom,IgA,177,21,-0.13329990662440827,17.670901726690573,0.10815904752246956
price_crater_enrich_dial_vessel_priority_mass_atom,IgA,178,21,-0.13329990662440827,17.670901726690573,0.13844668440152902
price_crater_enrich_dial_vessel_priority_mass_atom,IgA,179,21,-1.2313285566261374,18.051634435314117,0.11194500876415263
price_crater_enrich_dial_vessel_priority_mass_atom,IgA,180,21,-1.049065379029741,18.432367143937665,-0.12383170602427189
price_crater_enrich_dial_vessel_priority_mass_atom,IgA,181,22,1.1172774456369179,18.639284140359877,0.028654030558041346
price_crater_enrich_dial_vessel_priority_mass_atom,IgA,182,22,-0.13329990662440827,18.639284140359877,0.11194500876415263
price_crater_enrich_dial_vessel_priority_mass_atom,IgA,183,22,0.22300002082450082,17.87781872311278,0.08544333312677622
price_crater_enrich_dial_vessel_priority_mass_atom,IgA,184,22,-0.8260093901221207,19.781482266230515,0.09427722537433507
price_crater_enrich_dial_vessel_priority_mass_atom,IgA,185,22,1.1172774456369179,18.639284140359877,0.028654030558041346
price_crater_enrich_dial_vessel_priority_mass_atom,IgA,186,22,-0.8260093901221207,19.781482266230515,0.09427722537433507
price_crater_enrich_dial_vessel_priority_mass_atom,IgA,187,22,-0.13329990662440827,18.639284140359877,0.10815904752246956
price_crater_enrich_dial_vessel_priority_mass_atom,IgA,188,23,0.37694241891061303,19.226933845405632,0.10437309843908767
price_crater_enrich_dial_vessel_priority_mass_atom,IgA,189,23,-1.3854375349398593,19.60766655402918,-0.0405407245022603
price_crater_enrich_dial_vessel_priority_mass_atom,IgA,190,23,0.7128316973393489,18.846201136782085,0.11573095563693432
price_crater_enrich_dial_vessel_priority_mass_atom,IgA,191,23,0.08962486797974716,18.46546842815854,0.09322962234351424
price_crater_enrich_dial_vessel_priority_mass_atom,IgA,192,23,0.08962486797974716,18.46546842815854,0.09322962234351424
price_crater_enrich_dial_vessel_priority_mass_atom,IgA,193,23,0.08962486797974716,18.46546842815854,0.09322962234351424
price_crater_enrich_dial_vessel_priority_mass_atom,IgA,194,23,0.08962486797974716,18.46546842815854,0.09322962234351424
price_crater_enrich_dial_vessel_priority_mass_atom,IgA,195,23,0.08962486797974716,18.46546842815854,0.09322962234351424
price_crater_enrich_dial_vessel_priority_mass_atom,IgA,196,23,0.08962486797974716,18.46546842815854,0.09322962234351424
price_crater_enrich_dial_vessel_priority_mass_atom,IgA,197,23,0.08962486797974716,18.46546842815854,0.09322962234351424
price_crater_enrich_dial_vessel_priority_mass_atom,IgA,198,23,-0.2873255496957979,19.226933845405632,0.11194500876415263
price_crater_enrich_dial_vessel_priority_mass_atom,IgA,199,23,0.08962486797974716,18.46546842815854,0.09322962234351424
price_crater_enrich_dial_vessel_priority_mass_atom,IgA,200,23,0.08962486797974716,18.46546842815854,0.09322962234351424
price_crater_enrich_dial_vessel_priority_mass_atom,IgA,201,23,0.22300002082450082,18.846201136782085,0.28095049209091916
price_crater_enrich_dial_vessel_priority_mass_atom,IgA,202,23,0.08962486797974716,18.46546842815854,0.09322962234351424
price_crater_enrich_dial_vessel_priority_mass_atom,IgA,203,23,0.08962486797974716,18.46546842815854,0.09322962234351424
price_crater_enrich_dial_vessel_priority_mass_atom,IgA,204,23,0.08962486797974716,18.46546842815854,0.09322962234351424
price_crater_enrich_dial_vessel_priority_mass_atom,IgA,205,23,0.08962486797974716,18.46546842815854,0.09322962234351424
price_crater_enrich_dial_vessel_priority_mass_atom,IgA,206,23,0.08962486797974716,18.46546842815854,0.09322962234351424
price_crater_enrich_dial_vessel_priority_mass_atom,IgA,207,23,0.08962486797974716,18.46546842815854,0.09322962234351424
price_crater_enrich_dial_vessel_priority_mass_atom,IgA,208,23,0.08962486797974716,18.46546842815854,0.09322962234351424
price_crater_enrich_dial_vessel_priority_mass_atom,IgA,209,24,-1.2313285566261374,20.95678167632203,0.08165737077979306
price_crater_enrich_dial_vessel_priority_mass_atom,IgA,210,24,-0.2873255496957979,20.19531625907494,-0.1539049538698225
price_crater_enrich_dial_vessel_priority_mass_atom,IgA,211,24,1.875930417399004,19.0531181332043,0.13970866632402285
price_crater_enrich_dial_vessel_priority_mass_atom,IgA,212,24,-1.2313285566261374,20.95678167632203,0.20144546462613994
price_crater_enrich_dial_vessel_priority_mass_atom,IgA,213,24,0.22300002082450082,19.814583550451392,0.28095049209091916
price_crater_enrich_dial_vessel_priority_mass_atom,IgA,214,24,-1.2313285566261374,20.95678167632203,0.14601857925239248
price_crater_enrich_dial_vessel_priority_mass_atom,IgA,215,25,-0.4207631544924123,20.7829659641207,0.10815904752246956
price_crater_enrich_dial_vessel_priority_mass_atom,IgA,216,25,0.04884662497261053,21.925164089991338,-0.045588669877037455
price_crater_enrich_dial_vessel_priority_mass_atom,IgA,217,25,0.37694241891061303,21.163698672744246,0.14601857925239248
price_crater_enrich_dial_vessel_priority_mass_atom,IgA,218,25,-1.3854375349398593,21.54443138136779,0.24940088600031707
price_crater_enrich_dial_vessel_priority_mass_atom,IgA,219,25,-1.3854375349398593,21.54443138136779,0.09427722537433507
price_crater_enrich_dial_vessel_priority_mass_atom,IgA,220,26,0.5589724541282979,21.370615669166455,0.14349461430210464
price_crater_enrich_dial_vessel_priority_mass_atom,IgA,221,26,-1.6366963584974425,21.751348377790002,0.11194500876415263
price_crater_enrich_dial_vessel_priority_mass_atom,IgA,222,26,0.5589724541282979,21.370615669166455,0.14349461430210464
price_crater_enrich_dial_vessel_priority_mass_atom,IgA,223,26,0.5589724541282979,21.370615669166455,0.14349461430210464
price_crater_enrich_dial_vessel_priority_mass_atom,IgA,224,26,0.5589724541282979,21.370615669166455,0.14349461430210464
price_crater_enrich_dial_vessel_priority_mass_atom,IgA,225,26,0.5589724541282979,21.370615669166455,0.14349461430210464
price_crater_enrich_dial_vessel_priority_mass_atom,IgA,226,26,0.5589724541282979,21.370615669166455,0.14349461430210464
price_crater_enrich_dial_vessel_priority_mass_atom,IgA,227,26,0.5589724541282979,21.370615669166455,0.14349461430210464
price_crater_enrich_dial_vessel_priority_mass_atom,IgA,228,26,0.5589724541282979,21.370615669166455,0.14349461430210464
price_crater_enrich_dial_vessel_priority_mass_atom,IgA,229,26,0.5589724541282979,21.370615669166455,0.14349461430210464
price_crater_enrich_dial_vessel_priority_mass_atom,IgA,230,26,0.5589724541282979,21.370615669166455,0.14349461430210464
price_crater_enrich_dial_vessel_priority_mass_atom,IgA,231,26,0.5589724541282979,21.370615669166455,0.14349461430210464
price_crater_enrich_dial_vessel_priority_mass_atom,IgA,232,26,0.5589724541282979,21.370615669166455,0.14349461430210464
price_crater_enrich_dial_vessel_priority_mass_atom,IgA,233,26,0.5589724541282979,21.370615669166455,0.14349461430210464
price_crater_enrich_dial_vessel_priority_mass_atom,IgA,234,26,0.8947453855092655,22.13208108641355,-0.05189858501600729
price_crater_enrich_dial_vessel_priority_mass_atom,IgA,235,26,0.5589724541282979,21.370615669166455,0.14349461430210464
price_crater_enrich_dial_vessel_priority_mass_atom,IgA,236,26,0.5589724541282979,21.370615669166455,0.14349461430210464
price_crater_enrich_dial_vessel_priority_mass_atom,IgA,237,26,0.5589724541282979,21.370615669166455,0.14349461430210464
price_crater_enrich_dial_vessel_priority_mass_atom,IgA,238,26,0.5589724541282979,21.370615669166455,0.14349461430210464
price_crater_enrich_dial_vessel_priority_mass_atom,IgA,239,26,-0.13329990662440827,22.512813795037097,-0.11856939040608773
price_crater_enrich_dial_vessel_priority_mass_atom,IgA,240,27,0.22300002082450082,22.719730791459305,0.14601857925239248
price_crater_enrich_dial_vessel_priority_mass_atom,IgA,241,27,-1.5189376502879606,23.100463500082853,0.09427722537433507
price_crater_enrich_dial_vessel_priority_mass_atom,IgA,242,27,0.5589724541282979,22.338998082835758,0.14349461430210464
price_crater_enrich_dial_vessel_priority_mass_atom,IgA,243,27,0.5589724541282979,22.338998082835758,0.14349461430210464
price_crater_enrich_dial_vessel_priority_mass_atom,IgA,244,27,-1.7420374117716249,22.338998082835758,0.11194500876415263
price_crater_enrich_dial_vessel_priority_mass_atom,IgA,245,27,-1.5189376502879606,23.100463500082853,-0.09859202778359087
price_crater_enrich_dial_vessel_priority_mass_atom,IgA,246,28,0.22300002082450082,23.688113205128612,0.14601857925239248
price_crater_enrich_dial_vessel_priority_mass_atom,IgA,247,28,-1.5189376502879606,24.068845913752156,-0.09859202778359087
price_crater_enrich_dial_vessel_priority_mass_atom,IgA,248,30,-1.7420374117716249,25.244145323843675,0.15001893375464997
price_crater_enrich_dial_vessel_priority_mass_atom,IgA,249,32,0.5589724541282979,27.18091015118228,0.14223263127431068
price_pond_cash_pony_live_rotate_sand_eternal,IgM,0,8,0.9635635070700442,6.604861183483798,-0.7491372632881788
price_pond_cash_pony_live_rotate_sand_eternal,IgM,1,9,1.4726433090871196,7.192510888529555,-0.8107942014148034
price_pond_cash_pony_live_rotate_sand_eternal,IgM,2,9,1.8073727665419612,6.811778179906009,-0.8885524370517379
price_pond_cash_pony_live_rotate_sand_eternal,IgM,3,12,0.9635635070700442,10.478390838161015,-0.7337230132823211
price_pond_cash_pony_live_rotate_sand_eternal,IgM,4,13,1.8073727665419612,10.685307834583227,-0.8885524370517379
price_pond_cash_pony_live_rotate_sand_eternal,IgM,5,14,-1.2313285566261374,10.30457512595968,-0.7970926537139529
price_pond_cash_pony_live_rotate_sand_eternal,IgM,6,14,0.5589724541282979,12.034422956876078,-0.7354356979025265
price_pond_cash_pony_live_rotate_sand_eternal,IgM,7,14,0.5589724541282979,12.034422956876078,-0.6583645119806445
price_pond_cash_pony_live_rotate_sand_eternal,IgM,8,15,-1.049065379029741,12.622072661921838,-0.6782297990885882
price_pond_cash_pony_live_rotate_sand_eternal,IgM,9,16,-0.13329990662440827,12.828989658344048,-0.6532264293822254
price_pond_cash_pony_live_rotate_sand_eternal,IgM,10,16,-0.13329990662440827,12.828989658344048,-0.6532264293822254
price_pond_cash_pony_live_rotate_sand_eternal,IgM,11,16,0.04884662497261053,12.24133995329829,-0.7970926537139529
price_pond_cash_pony_live_rotate_sand_eternal,IgM,12,17,-0.13329990662440827,13.797372072013353,-0.6532264293822254
price_pond_cash_pony_live_rotate_sand_eternal,IgM,13,19,1.0686328406949839,16.495602316599054,-0.7474245521407707
price_pond_cash_pony_live_rotate_sand_eternal,IgM,14,19,-1.3854375349398593,14.765754485682658,-0.6799424837087935
price_pond_cash_pony_live_rotate_sand_eternal,IgM,15,19,-0.5384732379786434,17.25706773384615,-0.6782297990885882
price_pond_cash_pony_live_rotate_sand_eternal,IgM,16,20,1.8073727665419612,17.46398473026836,-0.7474245521407707
price_pond_cash_pony_live_rotate_sand_eternal,IgM,17,20,1.8073727665419612,17.46398473026836,-0.7474245521407707
price_pond_cash_pony_live_rotate_sand_eternal,IgM,18,20,1.8073727665419612,17.46398473026836,-0.7474245521407707
price_pond_cash_pony_live_rotate_sand_eternal,IgM,19,21,-1.3854375349398593,16.70251931302127,-0.5182623122195381
price_pond_cash_pony_live_rotate_sand_eternal,IgM,20,22,-0.2873255496957979,17.290169018067026,-0.6090350392104701
process_boil_poet_hint_shed_divert_notice_barrel,IgM,0,11,-1.3854375349398593,7.987077589997524,-0.08421151063779582
process_boil_poet_hint_shed_divert_notice_barrel,IgM,1,12,-1.3854375349398593,8.955460003666829,-0.08421151063779582
process_boil_poet_hint_shed_divert_notice_barrel,IgM,2,17,0.22300002082450082,13.035906654766258,-0.2538945679061551
process_boil_poet_hint_shed_divert_notice_barrel,IgM,3,17,0.22300002082450082,13.035906654766258,-0.2538945679061551
process_boil_poet_hint_shed_divert_notice_barrel,IgM,4,17,0.22300002082450082,13.035906654766258,-0.2538945679061551
process_boil_poet_hint_shed_divert_notice_barrel,IgM,5,18,0.37694241891061303,14.38502177705911,-0.5242249086838208
process_boil_poet_hint_shed_divert_notice_barrel,IgM,6,18,0.37694241891061303,14.38502177705911,-0.5242249086838208
process_boil_poet_hint_shed_divert_notice_barrel,IgM,7,20,0.37694241891061303,16.321786604397722,-0.5242249086838208
process_boil_poet_hint_shed_divert_notice_barrel,IgM,8,20,-0.5384732379786434,15.560321187150626,-0.23864964807555145
process_boil_poet_hint_shed_divert_notice_barrel,IgM,9,20,-0.7390378116919329,14.798855769903533,-0.07621893469804909
process_boil_poet_hint_shed_divert_notice_barrel,IgM,10,21,0.08962486797974716,16.52870360081993,-0.41632523822442485
process_boil_poet_hint_shed_divert_notice_barrel,IgM,11,22,0.22300002082450082,17.87781872311278,-0.3945047531727257
process_boil_poet_hint_shed_divert_notice_barrel,IgM,12,23,0.08962486797974716,18.46546842815854,-0.33323907023522437
process_boil_poet_hint_shed_divert_notice_barrel,IgM,13,24,0.30804674017099487,18.672385424580753,-0.361794238365551
process_boil_poet_hint_shed_divert_notice_barrel,IgM,14,25,-0.4207631544924123,20.7829659641207,-0.6101450233559033
process_boil_poet_hint_shed_divert_notice_barrel,IgM,15,25,-0.4207631544924123,20.7829659641207,-0.6101450233559033
process_boil_poet_hint_shed_divert_notice_barrel,IgM,16,25,0.30804674017099487,19.640767838250056,-0.361794238365551
process_boil_poet_hint_shed_divert_notice_barrel,IgM,17,25,-0.4207631544924123,20.7829659641207,-0.6101450233559033
process_boil_poet_hint_shed_divert_notice_barrel,IgM,18,25,-0.4207631544924123,20.7829659641207,-0.6101450233559033
process_boil_poet_hint_shed_divert_notice_barrel,IgM,19,25,-0.4207631544924123,20.7829659641207,-0.6101450233559033
process_boil_poet_hint_shed_divert_notice_barrel,IgM,20,26,-0.4207631544924123,21.751348377790002,-0.8889856568498637
process_boil_poet_hint_shed_divert_notice_barrel,IgM,21,26,-0.4207631544924123,21.751348377790002,-0.8889856568498637
process_boil_poet_hint_shed_divert_notice_barrel,IgM,22,26,-0.4207631544924123,21.751348377790002,-0.6101450233559033
process_boil_poet_hint_shed_divert_notice_barrel,IgM,23,27,-0.7390378116919329,21.577532665588667,-0.38651216010082734
process_boil_poet_hint_shed_divert_notice_barrel,IgM,24,31,-0.6437753880682517,25.83179502888943,-0.267363837406493
process_boil_poet_hint_shed_divert_notice_barrel,IgM,25,34,-0.7390378116919329,28.3562095612738,-0.3045883508070948
pulse_flower_bean_unfair_then_auction_fog_occur,IgM,0,10,-1.049065379029741,7.780160593575313,-0.8900362450898088
pulse_flower_bean_unfair_then_auction_fog_occur,IgM,1,11,0.2717276959164277,8.748543007244617,-0.7309250970589272
pulse_flower_bean_unfair_then_auction_fog_occur,IgM,2,11,0.2717276959164277,8.748543007244617,-0.7309250970589272
pulse_flower_bean_unfair_then_auction_fog_occur,IgM,3,12,0.04884662497261053,9.336192712290377,-0.9035237121869841
pulse_flower_bean_unfair_then_auction_fog_occur,IgM,4,12,1.1172774456369179,8.955460003666829,-0.5751893002505019
pulse_flower_bean_unfair_then_auction_fog_occur,IgM,5,13,1.1172774456369179,9.923842417336134,-0.5811837207378233
pulse_flower_bean_unfair_then_auction_fog_occur,IgM,6,14,1.1172774456369179,10.89222483100544,-0.7309250970589272
pulse_flower_bean_unfair_then_auction_fog_occur,IgM,7,14,1.1172774456369179,10.89222483100544,-0.7309250970589272
pulse_flower_bean_unfair_then_auction_fog_occur,IgM,8,14,0.37694241891061303,10.511492122381892,-1.065512793353401
pulse_flower_bean_unfair_then_auction_fog_occur,IgM,9,14,0.37694241891061303,10.511492122381892,-1.065512793353401
pulse_flower_bean_unfair_then_auction_fog_occur,IgM,10,15,-1.2313285566261374,12.24133995329829,-0.606799614002445
pulse_flower_bean_unfair_then_auction_fog_occur,IgM,11,16,1.3677189632096503,12.448256949720502,-0.7638944467667487
pulse_flower_bean_unfair_then_auction_fog_occur,IgM,12,16,1.1172774456369179,12.828989658344048,-0.687465510392993
pulse_flower_bean_unfair_then_auction_fog_occur,IgM,13,16,1.1172774456369179,12.828989658344048,-0.687465510392993
pulse_flower_bean_unfair_then_auction_fog_occur,IgM,14,16,0.5589724541282979,12.828989658344048,-0.6157912568917283
pulse_flower_bean_unfair_then_auction_fog_occur,IgM,15,16,-1.5189376502879606,12.448256949720502,-0.757900012463176
pulse_flower_bean_unfair_then_auction_fog_occur,IgM,16,16,-1.5189376502879606,12.448256949720502,-0.757900012463176
pulse_flower_bean_unfair_then_auction_fog_occur,IgM,17,17,1.1172774456369179,13.797372072013353,-0.17042593984266946
pulse_flower_bean_unfair_then_auction_fog_occur,IgM,18,18,0.04884662497261053,15.146487194306205,-0.6080393610123263
pulse_flower_bean_unfair_then_auction_fog_occur,IgM,19,20,0.37694241891061303,16.321786604397722,-0.7309250970589272
pulse_flower_bean_unfair_then_auction_fog_occur,IgM,20,22,0.8097873287703594,17.11635330586569,-0.9406107262075054
pulse_flower_bean_unfair_then_auction_fog_occur,IgM,21,23,0.7128316973393489,18.846201136782085,-0.8734322869664317
pupil_sunset_volcano_receive_hundred_crisp_current_talk,IgM,0,3,-0.13329990662440827,2.1436818237608204,-1.2100633471127358
pupil_sunset_volcano_receive_hundred_crisp_current_talk,IgM,1,3,-0.13329990662440827,2.1436818237608204,-1.2100633471127358
pupil_sunset_volcano_receive_hundred_crisp_current_talk,IgM,2,12,-0.13329990662440827,8.955460003666829,-1.1029038943333282
pupil_sunset_volcano_receive_hundred_crisp_current_talk,IgM,3,12,0.2717276959164277,9.716925420913922,-1.4044643057157908
pupil_sunset_volcano_receive_hundred_crisp_current_talk,IgM,4,15,1.0686328406949839,12.622072661921838,-1.2280466240489016
pupil_sunset_volcano_receive_hundred_crisp_current_talk,IgM,5,15,1.0686328406949839,12.622072661921838,-1.2280466240489016
pupil_sunset_volcano_receive_hundred_crisp_current_talk,IgM,6,15,1.0686328406949839,12.622072661921838,-1.2280466240489016
pupil_sunset_volcano_receive_hundred_crisp_current_talk,IgM,7,15,1.0686328406949839,12.622072661921838,-1.2280466240489016
pupil_sunset_volcano_receive_hundred_crisp_current_talk,IgM,8,16,-0.5384732379786434,14.351920492838236,-1.3525126010692659
pupil_sunset_volcano_receive_hundred_crisp_current_talk,IgM,9,16,1.0686328406949839,13.59045507559114,-1.2280466240489016
pupil_sunset_volcano_receive_hundred_crisp_current_talk,IgM,10,16,-0.13329990662440827,12.828989658344048,-0.9937462864516644
pupil_sunset_volcano_receive_hundred_crisp_current_talk,IgM,11,17,-0.13329990662440827,13.797372072013353,-1.2645943403398088
pupil_sunset_volcano_receive_hundred_crisp_current_talk,IgM,12,17,-0.13329990662440827,13.797372072013353,-1.3045571796950888
pupil_sunset_volcano_receive_hundred_crisp_current_talk,IgM,13,17,0.04884662497261053,14.1781047806369,-1.118889036265121
pupil_sunset_volcano_receive_hundred_crisp_current_talk,IgM,14,17,0.2717276959164277,14.558837489260448,-1.1461227992809675
pupil_sunset_volcano_receive_hundred_crisp_current_talk,IgM,15,17,0.7816788823627474,14.1781047806369,-1.118889036265121
pupil_sunset_volcano_receive_hundred_crisp_current_talk,IgM,16,18,-1.049065379029741,15.527219902929751,-1.00899121311655
pupil_sunset_volcano_receive_hundred_crisp_current_talk,IgM,17,18,0.5589724541282979,14.765754485682658,-1.3185441755695069
pupil_sunset_volcano_receive_hundred_crisp_current_talk,IgM,18,18,0.5589724541282979,14.765754485682658,-1.3185441755695069
pupil_sunset_volcano_receive_hundred_crisp_current_talk,IgM,19,19,-0.8260093901221207,16.876335025222602,-1.2693308410896642
pupil_sunset_volcano_receive_hundred_crisp_current_talk,IgM,20,20,0.5589724541282979,15.734136899351963,-1.2526054927333654
pupil_sunset_volcano_receive_hundred_crisp_current_talk,IgM,21,20,0.37694241891061303,16.321786604397722,-1.1361955488539794
pupil_sunset_volcano_receive_hundred_crisp_current_talk,IgM,22,21,0.7816788823627474,17.083252021644814,-1.366499599154284
pupil_sunset_volcano_receive_hundred_crisp_current_talk,IgM,23,21,-0.5384732379786434,16.52870360081993,-1.6513346348981144
pupil_sunset_volcano_receive_hundred_crisp_current_talk,IgM,24,22,-1.049065379029741,19.40074955760697,-1.0889168984589102
pupil_sunset_volcano_receive_hundred_crisp_current_talk,IgM,25,22,-1.049065379029741,19.40074955760697,-1.0889168984589102
pupil_sunset_volcano_receive_hundred_crisp_current_talk,IgM,26,22,-1.049065379029741,19.40074955760697,-1.0889168984589102
pupil_sunset_volcano_receive_hundred_crisp_current_talk,IgM,27,22,-1.049065379029741,19.40074955760697,-1.0889168984589102
pupil_sunset_volcano_receive_hundred_crisp_current_talk,IgM,28,22,-1.049065379029741,19.40074955760697,-1.0889168984589102
pupil_sunset_volcano_receive_hundred_crisp_current_talk,IgM,29,23,0.22300002082450082,18.846201136782085,-1.4968965469572573
pupil_sunset_volcano_receive_hundred_crisp_current_talk,IgM,30,23,0.37694241891061303,19.226933845405632,-0.9897500031793165
pupil_sunset_volcano_receive_hundred_crisp_current_talk,IgM,31,23,0.7816788823627474,19.988399262652727,-1.40046799149504
pupil_sunset_volcano_receive_hundred_crisp_current_talk,IgM,32,24,0.22300002082450082,19.814583550451392,-1.345260227685475
pupil_sunset_volcano_receive_hundred_crisp_current_talk,IgM,33,24,-1.049065379029741,21.33751438494558,-1.0909150400950842
pupil_sunset_volcano_receive_hundred_crisp_current_talk,IgM,34,24,0.08962486797974716,19.433850841827844,-1.3997277909472032
pupil_sunset_volcano_receive_hundred_crisp_current_talk,IgM,35,24,0.37694241891061303,20.19531625907494,-1.1074813309793696
pupil_sunset_volcano_receive_hundred_crisp_current_talk,IgM,36,24,1.3677189632096503,20.19531625907494,-1.3345293108694987
pupil_sunset_volcano_receive_hundred_crisp_current_talk,IgM,37,24,-0.8260093901221207,21.718247093569126,-1.0909150400950842
pupil_sunset_volcano_receive_hundred_crisp_current_talk,IgM,38,25,0.37694241891061303,21.163698672744246,-1.1074813309793696
pupil_sunset_volcano_receive_hundred_crisp_current_talk,IgM,39,26,0.08962486797974716,21.370615669166455,-1.4816516096359869
pupil_sunset_volcano_receive_hundred_crisp_current_talk,IgM,40,26,0.08962486797974716,21.370615669166455,-1.4816516096359869
pupil_sunset_volcano_receive_hundred_crisp_current_talk,IgM,41,26,-0.2873255496957979,22.13208108641355,-1.314547894507759
pupil_sunset_volcano_receive_hundred_crisp_current_talk,IgM,42,27,-0.028036630969030377,21.958265374212214,-1.3997277909472032
pupil_sunset_volcano_receive_hundred_crisp_current_talk,IgM,43,27,-0.7390378116919329,21.577532665588667,-1.111477618672918
pupil_sunset_volcano_receive_hundred_crisp_current_talk,IgM,44,27,-0.7390378116919329,21.577532665588667,-1.111477618672918
pupil_sunset_volcano_receive_hundred_crisp_current_talk,IgM,45,28,0.37694241891061303,24.068845913752156,-1.1029038943333282
pupil_sunset_volcano_receive_hundred_crisp_current_talk,IgM,46,29,-0.028036630969030377,23.89503020155082,-1.3997277909472032
pupil_sunset_volcano_receive_hundred_crisp_current_talk,IgM,47,29,-0.13329990662440827,22.54591507925797,-0.941794599766266
pupil_sunset_volcano_receive_hundred_crisp_current_talk,IgM,48,29,0.22300002082450082,24.656495618797916,-0.9570395261548265
pupil_sunset_volcano_receive_hundred_crisp_current_talk,IgM,49,29,-0.13329990662440827,22.54591507925797,-0.941794599766266
pupil_sunset_volcano_receive_hundred_crisp_current_talk,IgM,50,31,0.5589724541282979,26.21252773751298,-1.345260227685475
pupil_sunset_volcano_receive_hundred_crisp_current_talk,IgM,51,31,0.5589724541282979,26.21252773751298,-1.345260227685475
pupil_sunset_volcano_receive_hundred_crisp_current_talk,IgM,52,31,0.5589724541282979,26.21252773751298,-1.345260227685475
pupil_sunset_volcano_receive_hundred_crisp_current_talk,IgM,53,32,-0.22853051939302463,25.070329611642336,-0.941794599766266
pupil_sunset_volcano_receive_hundred_crisp_current_talk,IgM,54,32,-0.22853051939302463,25.070329611642336,-0.941794599766266
pupil_sunset_volcano_receive_hundred_crisp_current_talk,IgM,55,33,0.8097873287703594,27.76855985622804,-1.2945664784223445
pupil_sunset_volcano_receive_hundred_crisp_current_talk,IgM,56,33,-0.9060184208543207,26.626361730357402,-1.4896441894442836
pupil_sunset_volcano_receive_hundred_crisp_current_talk,IgM,57,41,0.02070491674480444,33.992688331088296,-1.3645014420439088
rack_panel_adapt_dream_solution_season_blouse_narrow,IgM,0,6,0.5589724541282979,5.429561773392281,-1.3591402815781777
rack_panel_adapt_dream_solution_season_blouse_narrow,IgM,1,7,0.9635635070700442,5.6364787698144925,-1.5002681576467438
rack_panel_adapt_dream_solution_season_blouse_narrow,IgM,2,8,1.6540930966380338,6.985593892107344,-1.4595060586526842
rack_panel_adapt_dream_solution_season_blouse_narrow,IgM,3,8,-0.13329990662440827,6.985593892107344,-1.5098592313106984
rack_panel_adapt_dream_solution_season_blouse_narrow,IgM,4,9,0.5589724541282979,8.334709014400197,-0.9756878407175041
rack_panel_adapt_dream_solution_season_blouse_narrow,IgM,5,9,0.5589724541282979,8.334709014400197,-0.9756878407175041
rack_panel_adapt_dream_solution_season_blouse_narrow,IgM,6,9,-0.8260093901221207,7.192510888529555,-1.5002681576467438
rack_panel_adapt_dream_solution_season_blouse_narrow,IgM,7,9,0.9635635070700442,6.604861183483798,-1.4694377237694625
rack_panel_adapt_dream_solution_season_blouse_narrow,IgM,8,10,1.0686328406949839,7.780160593575313,-1.620306414980057
rack_panel_adapt_dream_solution_season_blouse_narrow,IgM,9,10,-0.5384732379786434,8.541626010822407,-1.5483732981166678
rack_panel_adapt_dream_solution_season_blouse_narrow,IgM,10,10,1.0686328406949839,7.780160593575313,-1.620306414980057
rack_panel_adapt_dream_solution_season_blouse_narrow,IgM,11,10,1.0686328406949839,7.780160593575313,-1.620306414980057
rack_panel_adapt_dream_solution_season_blouse_narrow,IgM,12,10,0.9635635070700442,8.541626010822407,-1.3591402815781777
rack_panel_adapt_dream_solution_season_blouse_narrow,IgM,13,11,-1.049065379029741,8.748543007244617,-0.8585376707123449
rack_panel_adapt_dream_solution_season_blouse_narrow,IgM,14,11,-0.5384732379786434,9.510008424491712,-1.5483732981166678
rack_panel_adapt_dream_solution_season_blouse_narrow,IgM,15,11,-0.8260093901221207,9.129275715868165,-1.5343272595283268
rack_panel_adapt_dream_solution_season_blouse_narrow,IgM,16,11,0.9635635070700442,9.510008424491712,-1.4307328105809685
rack_panel_adapt_dream_solution_season_blouse_narrow,IgM,17,11,-0.5384732379786434,9.510008424491712,-1.19883024250502
rack_panel_adapt_dream_solution_season_blouse_narrow,IgM,18,12,-0.13329990662440827,9.890741133115258,-1.3591402815781777
rack_panel_adapt_dream_solution_season_blouse_narrow,IgM,19,12,0.2717276959164277,9.716925420913922,-1.3591402815781777
rack_panel_adapt_dream_solution_season_blouse_narrow,IgM,20,12,0.2717276959164277,9.716925420913922,-1.1964324729837312
rack_panel_adapt_dream_solution_season_blouse_narrow,IgM,21,12,-1.049065379029741,9.716925420913922,-1.2156146334370788
rack_panel_adapt_dream_solution_season_blouse_narrow,IgM,22,12,-0.8260093901221207,10.09765812953747,-1.6586707314655518
rack_panel_adapt_dream_solution_season_blouse_narrow,IgM,23,13,0.04884662497261053,10.30457512595968,-1.4690971461328899
rack_panel_adapt_dream_solution_season_blouse_narrow,IgM,24,13,-1.3854375349398593,9.923842417336134,-1.0981238828200903
rack_panel_adapt_dream_solution_season_blouse_narrow,IgM,25,13,-0.13329990662440827,11.827505960453868,-1.3591402815781777
rack_panel_adapt_dream_solution_season_blouse_narrow,IgM,26,13,-0.5384732379786434,11.44677325183032,-1.998473002763283
rack_panel_adapt_dream_solution_season_blouse_narrow,IgM,27,14,0.2717276959164277,11.65369024825253,-1.740194939401372
rack_panel_adapt_dream_solution_season_blouse_narrow,IgM,28,14,-1.3854375349398593,10.89222483100544,-1.579544312946422
rack_panel_adapt_dream_solution_season_blouse_narrow,IgM,29,14,0.2717276959164277,11.65369024825253,-1.740194939401372
rack_panel_adapt_dream_solution_season_blouse_narrow,IgM,30,14,-0.13329990662440827,10.89222483100544,-1.809389698882874
rack_panel_adapt_dream_solution_season_blouse_narrow,IgM,31,14,0.37694241891061303,10.511492122381892,-1.7258083001676376
rack_panel_adapt_dream_solution_season_blouse_narrow,IgM,32,14,0.2717276959164277,11.65369024825253,-1.740194939401372
rack_panel_adapt_dream_solution_season_blouse_narrow,IgM,33,15,0.5589724541282979,11.860607244674743,-1.7090239289928182
rack_panel_adapt_dream_solution_season_blouse_narrow,IgM,34,15,-0.8260093901221207,13.002805370545385,-1.7710253644362526
rack_panel_adapt_dream_solution_season_blouse_narrow,IgM,35,15,-1.2313285566261374,12.24133995329829,-1.579544312946422
rack_panel_adapt_dream_solution_season_blouse_narrow,IgM,36,15,-0.8260093901221207,13.002805370545385,-1.5843398541995997
rack_panel_adapt_dream_solution_season_blouse_narrow,IgM,37,15,0.5589724541282979,11.860607244674743,-1.7758208990576296
rack_panel_adapt_dream_solution_season_blouse_narrow,IgM,38,16,-0.13329990662440827,12.828989658344048,-1.2991960192293577
rack_panel_adapt_dream_solution_season_blouse_narrow,IgM,39,16,-1.2313285566261374,13.209722366967595,-1.467039956458774
rack_panel_adapt_dream_solution_season_blouse_narrow,IgM,40,17,0.2717276959164277,14.558837489260448,-1.1964324729837312
rack_panel_adapt_dream_solution_season_blouse_narrow,IgM,41,17,-1.5189376502879606,13.416639363389805,-1.4046979223780651
rack_panel_adapt_dream_solution_season_blouse_narrow,IgM,42,19,-1.3854375349398593,15.734136899351963,-1.5196000550188025
rack_panel_adapt_dream_solution_season_blouse_narrow,IgM,43,19,0.37694241891061303,15.353404190728416,-1.8643475518163246
rack_panel_adapt_dream_solution_season_blouse_narrow,IgM,44,20,-1.3854375349398593,16.70251931302127,-1.6586707314655518
rack_panel_adapt_dream_solution_season_blouse_narrow,IgM,45,20,1.0686328406949839,17.46398473026836,-1.3015937931718469
rack_panel_adapt_dream_solution_season_blouse_narrow,IgM,46,22,0.5589724541282979,18.639284140359877,-1.1989799788889521
rack_panel_adapt_dream_solution_season_blouse_narrow,IgM,47,22,0.9635635070700442,17.497086014489234,-1.4118912464161326
rack_panel_adapt_dream_solution_season_blouse_narrow,IgM,48,23,-1.049065379029741,20.369131971276275,-1.4572580165168931
rack_panel_adapt_dream_solution_season_blouse_narrow,IgM,49,23,0.22300002082450082,18.846201136782085,-1.3591402815781777
rack_panel_adapt_dream_solution_season_blouse_narrow,IgM,50,23,-1.049065379029741,20.369131971276275,-1.4572580165168931
rack_panel_adapt_dream_solution_season_blouse_narrow,IgM,51,23,-1.049065379029741,20.369131971276275,-1.4572580165168931
rack_panel_adapt_dream_solution_season_blouse_narrow,IgM,52,23,-1.049065379029741,20.369131971276275,-1.4572580165168931
rack_panel_adapt_dream_solution_season_blouse_narrow,IgM,53,24,-0.5384732379786434,18.46546842815854,-1.9340737405170894
rack_panel_adapt_dream_solution_season_blouse_narrow,IgM,54,24,-0.2873255496957979,20.19531625907494,-1.9457220423465287
rack_panel_adapt_dream_solution_season_blouse_narrow,IgM,55,25,0.37694241891061303,21.163698672744246,-1.369071960308726
rack_panel_adapt_dream_solution_season_blouse_narrow,IgM,56,25,0.37694241891061303,21.163698672744246,-1.369071960308726
rack_panel_adapt_dream_solution_season_blouse_narrow,IgM,57,25,0.37694241891061303,21.163698672744246,-1.369071960308726
rack_panel_adapt_dream_solution_season_blouse_narrow,IgM,58,25,0.37694241891061303,21.163698672744246,-1.369071960308726
rack_panel_adapt_dream_solution_season_blouse_narrow,IgM,59,25,0.5589724541282979,21.54443138136779,-1.6418863426059305
rack_panel_adapt_dream_solution_season_blouse_narrow,IgM,60,25,0.37694241891061303,21.163698672744246,-1.369071960308726
rack_panel_adapt_dream_solution_season_blouse_narrow,IgM,61,26,0.4256596947182628,20.989882960542907,-1.2611722721645284
rack_panel_adapt_dream_solution_season_blouse_narrow,IgM,62,27,0.4256596947182628,21.958265374212214,-1.8742792263281538
rack_panel_adapt_dream_solution_season_blouse_narrow,IgM,63,27,0.4256596947182628,21.958265374212214,-1.838503522933212
rack_panel_adapt_dream_solution_season_blouse_narrow,IgM,64,30,0.08962486797974716,25.244145323843675,-1.5531688415804457
release_frequent_physical_garden_maid_olympic_coral_rent,IgA,0,17,-0.8260093901221207,14.939570197883995,0.021683562502012158
release_frequent_physical_garden_maid_olympic_coral_rent,IgA,1,20,0.37694241891061303,16.321786604397722,0.021683562502012158
release_frequent_physical_garden_maid_olympic_coral_rent,IgA,2,20,0.7128316973393489,15.941053895774173,0.22600445576353756
release_frequent_physical_garden_maid_olympic_coral_rent,IgA,3,22,-0.13329990662440827,18.639284140359877,0.021683562502012158
release_frequent_physical_garden_maid_olympic_coral_rent,IgA,4,23,-0.2873255496957979,19.226933845405632,0.021683562502012158
release_frequent_physical_garden_maid_olympic_coral_rent,IgA,5,23,0.2717276959164277,20.369131971276275,0.21339292627639045
release_frequent_physical_garden_maid_olympic_coral_rent,IgA,6,25,-0.4207631544924123,20.7829659641207,0.014548750853957751
release_frequent_physical_garden_maid_olympic_coral_rent,IgA,7,25,-0.4207631544924123,20.7829659641207,0.014548750853957751
release_frequent_physical_garden_maid_olympic_coral_rent,IgA,8,25,-0.4207631544924123,20.7829659641207,0.014548750853957751
release_frequent_physical_garden_maid_olympic_coral_rent,IgA,9,27,0.37694241891061303,23.100463500082853,-0.12215295555076228
release_frequent_physical_garden_maid_olympic_coral_rent,IgA,10,28,1.1172774456369179,24.449578622375707,-0.01507077411244577
release_frequent_physical_garden_maid_olympic_coral_rent,IgA,11,28,0.04884662497261053,24.83031133099925,-0.17453453794886598
release_frequent_physical_garden_maid_olympic_coral_rent,IgA,12,28,-0.028036630969030377,22.926647787881517,-0.23781011732831592
release_frequent_physical_garden_maid_olympic_coral_rent,IgA,13,29,0.04884662497261053,25.798693744668554,-0.17453453794886598
release_frequent_physical_garden_maid_olympic_coral_rent,IgA,14,29,0.7816788823627474,25.798693744668554,0.28814693895011106
release_frequent_physical_garden_maid_olympic_coral_rent,IgA,15,30,-0.2873255496957979,26.00561074109077,0.2036320221661146
release_frequent_physical_garden_maid_olympic_coral_rent,IgA,16,30,0.6765369043602282,24.48267990659658,-0.017974218225078498
release_frequent_physical_garden_maid_olympic_coral_rent,IgA,17,31,0.37694241891061303,26.973993154760073,-0.04618328962165327
release_frequent_physical_garden_maid_olympic_coral_rent,IgA,18,31,0.37694241891061303,26.973993154760073,-0.04618328962165327
release_frequent_physical_garden_maid_olympic_coral_rent,IgA,19,31,0.37694241891061303,26.973993154760073,-0.04618328962165327
release_frequent_physical_garden_maid_olympic_coral_rent,IgA,20,31,0.37694241891061303,26.973993154760073,-0.04618328962165327
release_frequent_physical_garden_maid_olympic_coral_rent,IgA,21,32,0.8767705722600375,26.038712025311643,-0.017974218225078498
release_frequent_physical_garden_maid_olympic_coral_rent,IgA,22,34,0.8097873287703594,28.736942269897344,0.02292890656215217
release_frequent_physical_garden_maid_olympic_coral_rent,IgA,23,36,0.22300002082450082,31.43517251448305,0.05960069495649896
release_frequent_physical_garden_maid_olympic_coral_rent,IgA,24,36,0.22300002082450082,31.43517251448305,0.05960069495649896
release_frequent_physical_garden_maid_olympic_coral_rent,IgA,25,36,0.22300002082450082,31.43517251448305,0.05960069495649896
release_frequent_physical_garden_maid_olympic_coral_rent,IgA,26,38,0.22300002082450082,33.37193734182166,0.12738501433425475
setup_twelve_idea_jaguar_loyal_tattoo_husband_banner,IgM,0,6,0.9635635070700442,4.668096356145188,-0.1310537143978016
setup_twelve_idea_jaguar_loyal_tattoo_husband_banner,IgM,1,8,-1.049065379029741,5.8433957662367035,0.20204546128090678
setup_twelve_idea_jaguar_loyal_tattoo_husband_banner,IgM,2,9,-1.049065379029741,6.811778179906009,-0.5213588783248143
setup_twelve_idea_jaguar_loyal_tattoo_husband_banner,IgM,3,10,-0.5384732379786434,8.541626010822407,-0.3898220956131231
setup_twelve_idea_jaguar_loyal_tattoo_husband_banner,IgM,4,10,-1.049065379029741,7.780160593575313,-0.351798337301158
setup_twelve_idea_jaguar_loyal_tattoo_husband_banner,IgM,5,14,-1.2313285566261374,11.272957539628985,-0.8813239477383252
setup_twelve_idea_jaguar_loyal_tattoo_husband_banner,IgM,6,15,-1.3854375349398593,8.955460003666829,-0.6316563249372995
setup_twelve_idea_jaguar_loyal_tattoo_husband_banner,IgM,7,15,-1.2313285566261374,12.24133995329829,-0.5789053733629457
setup_twelve_idea_jaguar_loyal_tattoo_husband_banner,IgM,8,15,0.5589724541282979,13.002805370545385,-0.7155782957626078
setup_twelve_idea_jaguar_loyal_tattoo_husband_banner,IgM,9,17,0.9635635070700442,14.351920492838236,0.05117685322294817
setup_twelve_idea_jaguar_loyal_tattoo_husband_banner,IgM,10,18,0.5589724541282979,15.907952611553299,-0.9411184737032129
setup_twelve_idea_jaguar_loyal_tattoo_husband_banner,IgM,11,18,-1.2313285566261374,15.146487194306205,-1.1300109161235121
setup_twelve_idea_jaguar_loyal_tattoo_husband_banner,IgM,12,18,1.4039411963144843,15.146487194306205,0.08200727423324437
setup_twelve_idea_jaguar_loyal_tattoo_husband_banner,IgM,13,18,1.4039411963144843,15.146487194306205,0.08200727423324437
setup_twelve_idea_jaguar_loyal_tattoo_husband_banner,IgM,14,18,1.4039411963144843,15.146487194306205,0.08200727423324437
setup_twelve_idea_jaguar_loyal_tattoo_husband_banner,IgM,15,18,-1.2313285566261374,15.146487194306205,-1.1300109161235121
setup_twelve_idea_jaguar_loyal_tattoo_husband_banner,IgM,16,18,-1.2313285566261374,15.146487194306205,-1.1300109161235121
setup_twelve_idea_jaguar_loyal_tattoo_husband_banner,IgM,17,18,-1.2313285566261374,15.146487194306205,-1.1300109161235121
setup_twelve_idea_jaguar_loyal_tattoo_husband_banner,IgM,18,18,-1.2313285566261374,15.146487194306205,-1.1300109161235121
setup_twelve_idea_jaguar_loyal_tattoo_husband_banner,IgM,19,22,0.7816788823627474,19.020016848983424,-0.5430885695848717
setup_twelve_idea_jaguar_loyal_tattoo_husband_banner,IgM,20,23,-0.4207631544924123,18.846201136782085,-0.6818186674922296
setup_twelve_idea_jaguar_loyal_tattoo_husband_banner,IgM,21,26,-0.13329990662440827,22.512813795037097,-0.2966496449433183
setup_twelve_idea_jaguar_loyal_tattoo_husband_banner,IgM,22,32,-0.5384732379786434,27.18091015118228,0.036981069287885124
setup_twelve_idea_jaguar_loyal_tattoo_husband_banner,IgM,23,39,-0.028036630969030377,32.61047192457457,-0.7564901520353758
shed_wide_kangaroo_win_horn_cream_conduct_popular,IgM,0,10,-1.3854375349398593,7.01869517632822,0.14507487664982383
shed_wide_kangaroo_win_horn_cream_conduct_popular,IgM,1,12,-0.5384732379786434,10.478390838161015,0.3561446133739848
shed_wide_kangaroo_win_horn_cream_conduct_popular,IgM,2,13,-0.13329990662440827,9.923842417336134,0.12478605090671101
shed_wide_kangaroo_win_horn_cream_conduct_popular,IgM,3,15,0.22300002082450082,11.09914182742765,0.14507487664982383
shed_wide_kangaroo_win_horn_cream_conduct_popular,IgM,4,16,1.4039411963144843,13.209722366967595,-0.18862173329119275
shed_wide_kangaroo_win_horn_cream_conduct_popular,IgM,5,16,0.22300002082450082,12.067524241096955,0.11187497322187269
shed_wide_kangaroo_win_horn_cream_conduct_popular,IgM,6,16,1.4039411963144843,13.209722366967595,-0.18862173329119275
shed_wide_kangaroo_win_horn_cream_conduct_popular,IgM,7,16,-1.3854375349398593,12.828989658344048,0.12478605090671101
shed_wide_kangaroo_win_horn_cream_conduct_popular,IgM,8,16,-1.2313285566261374,13.209722366967595,0.35893960445285267
shed_wide_kangaroo_win_horn_cream_conduct_popular,IgM,9,16,1.4039411963144843,13.209722366967595,-0.18862173329119275
shed_wide_kangaroo_win_horn_cream_conduct_popular,IgM,10,16,1.4039411963144843,13.209722366967595,-0.18862173329119275
shed_wide_kangaroo_win_horn_cream_conduct_popular,IgM,11,16,1.4039411963144843,13.209722366967595,-0.18862173329119275
shed_wide_kangaroo_win_horn_cream_conduct_popular,IgM,12,16,0.7128316973393489,12.067524241096955,0.2011551561345119
shed_wide_kangaroo_win_horn_cream_conduct_popular,IgM,13,17,1.4039411963144843,14.1781047806369,-0.18862173329119275
shed_wide_kangaroo_win_horn_cream_conduct_popular,IgM,14,17,0.22300002082450082,13.035906654766258,-0.23657715024416948
shed_wide_kangaroo_win_horn_cream_conduct_popular,IgM,15,17,0.5589724541282979,13.797372072013353,-0.18862173329119275
shed_wide_kangaroo_win_horn_cream_conduct_popular,IgM,16,17,0.5589724541282979,13.797372072013353,-0.18862173329119275
shed_wide_kangaroo_win_horn_cream_conduct_popular,IgM,17,17,0.37694241891061303,13.416639363389805,0.12478605090671101
shed_wide_kangaroo_win_horn_cream_conduct_popular,IgM,18,17,0.22300002082450082,13.035906654766258,-0.23657715024416948
shed_wide_kangaroo_win_horn_cream_conduct_popular,IgM,19,18,-0.13329990662440827,14.765754485682658,-0.14435519796629154
shed_wide_kangaroo_win_horn_cream_conduct_popular,IgM,20,18,-1.3854375349398593,14.765754485682658,-0.14804407517316653
shed_wide_kangaroo_win_horn_cream_conduct_popular,IgM,21,18,-0.8260093901221207,15.907952611553299,0.3764334313799968
shed_wide_kangaroo_win_horn_cream_conduct_popular,IgM,22,18,-0.4207631544924123,14.004289068435563,-0.000635784074741047
shed_wide_kangaroo_win_horn_cream_conduct_popular,IgM,23,18,-0.8260093901221207,15.907952611553299,0.3764334313799968
shed_wide_kangaroo_win_horn_cream_conduct_popular,IgM,24,18,0.5589724541282979,13.623556359812017,-0.18862173329119275
shed_wide_kangaroo_win_horn_cream_conduct_popular,IgM,25,18,-0.4207631544924123,14.004289068435563,-0.000635784074741047
shed_wide_kangaroo_win_horn_cream_conduct_popular,IgM,26,19,0.22300002082450082,14.972671482104868,0.23824733339877918
shed_wide_kangaroo_win_horn_cream_conduct_popular,IgM,27,19,0.5589724541282979,15.734136899351963,-0.18862173329119275
shed_wide_kangaroo_win_horn_cream_conduct_popular,IgM,28,20,-1.3854375349398593,16.70251931302127,0.003800215618996669
shed_wide_kangaroo_win_horn_cream_conduct_popular,IgM,29,22,-0.028036630969030377,17.11635330586569,-0.035533318152877844
shed_wide_kangaroo_win_horn_cream_conduct_popular,IgM,30,22,-1.2313285566261374,19.020016848983424,0.07867507808367237
shed_wide_kangaroo_win_horn_cream_conduct_popular,IgM,31,22,-1.2313285566261374,19.020016848983424,0.07867507808367237
shed_wide_kangaroo_win_horn_cream_conduct_popular,IgM,32,23,0.7128316973393489,18.846201136782085,0.12478605090671101
shed_wide_kangaroo_win_horn_cream_conduct_popular,IgM,33,24,0.30804674017099487,18.672385424580753,-0.000635784074741047
shed_wide_kangaroo_win_horn_cream_conduct_popular,IgM,34,24,0.30804674017099487,18.672385424580753,-0.000635784074741047
shed_wide_kangaroo_win_horn_cream_conduct_popular,IgM,35,25,0.7128316973393489,20.7829659641207,-0.1131465455162302
shed_wide_kangaroo_win_horn_cream_conduct_popular,IgM,36,25,0.08962486797974716,20.40223325549715,-0.19415505131210553
shed_wide_kangaroo_win_horn_cream_conduct_popular,IgM,37,25,0.08962486797974716,20.40223325549715,-0.19415505131210553
shed_wide_kangaroo_win_horn_cream_conduct_popular,IgM,38,25,0.08962486797974716,20.40223325549715,-0.19415505131210553
shed_wide_kangaroo_win_horn_cream_conduct_popular,IgM,39,25,0.08962486797974716,20.40223325549715,-0.19415505131210553
shed_wide_kangaroo_win_horn_cream_conduct_popular,IgM,40,25,0.08962486797974716,20.40223325549715,-0.19415505131210553
shed_wide_kangaroo_win_horn_cream_conduct_popular,IgM,41,25,0.08962486797974716,20.40223325549715,-0.19415505131210553
shed_wide_kangaroo_win_horn_cream_conduct_popular,IgM,42,25,0.08962486797974716,20.40223325549715,-0.19415505131210553
shed_wide_kangaroo_win_horn_cream_conduct_popular,IgM,43,25,0.08962486797974716,20.40223325549715,-0.19415505131210553
shed_wide_kangaroo_win_horn_cream_conduct_popular,IgM,44,25,0.08962486797974716,20.40223325549715,-0.19415505131210553
shed_wide_kangaroo_win_horn_cream_conduct_popular,IgM,45,26,-0.13329990662440827,20.60915025191936,-0.021128017776621003
shed_wide_kangaroo_win_horn_cream_conduct_popular,IgM,46,27,0.08962486797974716,22.338998082835758,-0.3869271998311374
shed_wide_kangaroo_win_horn_cream_conduct_popular,IgM,47,29,0.5589724541282979,24.27576291017437,-0.038475081062620695
shed_wide_kangaroo_win_horn_cream_conduct_popular,IgM,48,35,-0.3154755856831075,28.563126557696012,0.1312698838990522
sing_divorce_public_penalty_real_topple_junk_fortune,IgM,0,3,1.6540930966380338,2.1436818237608204,-0.5982372928911143
sing_divorce_public_penalty_real_topple_junk_fortune,IgM,1,5,-0.5384732379786434,3.699713942475883,-0.6820095180433654
sing_divorce_public_penalty_real_topple_junk_fortune,IgM,2,6,0.2717276959164277,3.9066309388980938,-0.8688447520495548
sing_divorce_public_penalty_real_topple_junk_fortune,IgM,3,7,-0.5384732379786434,5.6364787698144925,-0.07350721051726929
sing_divorce_public_penalty_real_topple_junk_fortune,IgM,4,11,-0.8260093901221207,9.129275715868165,-0.3728879437219781
sing_divorce_public_penalty_real_topple_junk_fortune,IgM,5,11,-1.049065379029741,8.748543007244617,0.20478381818398778
sing_divorce_public_penalty_real_topple_junk_fortune,IgM,6,11,0.5589724541282979,9.129275715868165,-0.9284484599731047
sing_divorce_public_penalty_real_topple_junk_fortune,IgM,7,11,1.6540930966380338,9.890741133115258,-0.06631390858520377
sing_divorce_public_penalty_real_topple_junk_fortune,IgM,8,12,1.6540930966380338,10.859123546784563,0.20718159433707717
sing_divorce_public_penalty_real_topple_junk_fortune,IgM,9,13,0.7816788823627474,10.30457512595968,-0.861801182274356
sing_divorce_public_penalty_real_topple_junk_fortune,IgM,10,13,-1.3854375349398593,9.923842417336134,-0.1214626186278452
sing_divorce_public_penalty_real_topple_junk_fortune,IgM,11,15,0.2717276959164277,12.622072661921838,-0.33946890692825743
sing_divorce_public_penalty_real_topple_junk_fortune,IgM,12,15,0.2717276959164277,12.622072661921838,-0.33946890692825743
sing_divorce_public_penalty_real_topple_junk_fortune,IgM,13,15,-0.4207631544924123,10.130759413758344,-0.1310537143978016
sing_divorce_public_penalty_real_topple_junk_fortune,IgM,14,16,0.2717276959164277,13.59045507559114,-0.8611611363589444
sing_divorce_public_penalty_real_topple_junk_fortune,IgM,15,18,1.4039411963144843,15.146487194306205,-0.06631390858520377
sing_divorce_public_penalty_real_topple_junk_fortune,IgM,16,19,-1.2313285566261374,16.11486960797551,-0.5643279233688794
sing_divorce_public_penalty_real_topple_junk_fortune,IgM,17,19,-0.4207631544924123,14.972671482104868,-0.38262879368105757
sing_divorce_public_penalty_real_topple_junk_fortune,IgM,18,21,0.7128316973393489,16.90943630944348,-0.2983662266315561
sing_divorce_public_penalty_real_topple_junk_fortune,IgM,19,23,0.8947453855092655,19.226933845405632,-0.33707113961756896
sing_divorce_public_penalty_real_topple_junk_fortune,IgM,20,27,-1.6366963584974425,22.719730791459305,-0.33707113961756896
snow_cement_cave_wave_entry_napkin_mansion_fiscal,IgA,0,23,1.6540930966380338,19.60766655402918,-1.5218652122539837
snow_cement_cave_wave_entry_napkin_mansion_fiscal,IgA,1,23,1.6540930966380338,19.60766655402918,-1.5218652122539837
snow_cement_cave_wave_entry_napkin_mansion_fiscal,IgA,2,23,1.6540930966380338,19.60766655402918,-1.5218652122539837
snow_cement_cave_wave_entry_napkin_mansion_fiscal,IgA,3,23,1.6540930966380338,19.60766655402918,-1.5218652122539837
snow_cement_cave_wave_entry_napkin_mansion_fiscal,IgA,4,23,1.6540930966380338,19.60766655402918,-1.5218652122539837
snow_cement_cave_wave_entry_napkin_mansion_fiscal,IgA,5,23,1.6540930966380338,19.60766655402918,-1.5218652122539837
snow_cement_cave_wave_entry_napkin_mansion_fiscal,IgA,6,23,1.6540930966380338,19.60766655402918,-1.5218652122539837
snow_cement_cave_wave_entry_napkin_mansion_fiscal,IgA,7,24,-1.049065379029741,21.33751438494558,-1.3727447696407216
snow_cement_cave_wave_entry_napkin_mansion_fiscal,IgA,8,25,-1.049065379029741,22.305896798614885,-1.3727447696407216
snow_cement_cave_wave_entry_napkin_mansion_fiscal,IgA,9,25,1.6540930966380338,21.54443138136779,-1.5218652122539837
snow_cement_cave_wave_entry_napkin_mansion_fiscal,IgA,10,25,1.6540930966380338,21.54443138136779,-1.5218652122539837
snow_cement_cave_wave_entry_napkin_mansion_fiscal,IgA,11,25,1.3677189632096503,21.163698672744246,-1.5218652122539837
snow_cement_cave_wave_entry_napkin_mansion_fiscal,IgA,12,26,-1.049065379029741,23.274279212284192,-1.3700805807924896
snow_cement_cave_wave_entry_napkin_mansion_fiscal,IgA,13,26,0.7816788823627474,22.89354650366064,-1.8227065407542293
snow_cement_cave_wave_entry_napkin_mansion_fiscal,IgA,14,26,0.7816788823627474,22.89354650366064,-1.8227065407542293
snow_cement_cave_wave_entry_napkin_mansion_fiscal,IgA,15,26,0.7816788823627474,22.89354650366064,-1.8227065407542293
snow_cement_cave_wave_entry_napkin_mansion_fiscal,IgA,16,26,0.7816788823627474,22.89354650366064,-1.8227065407542293
snow_cement_cave_wave_entry_napkin_mansion_fiscal,IgA,17,26,0.7816788823627474,22.89354650366064,-1.8227065407542293
snow_cement_cave_wave_entry_napkin_mansion_fiscal,IgA,18,26,0.7816788823627474,22.89354650366064,-1.8227065407542293
snow_cement_cave_wave_entry_napkin_mansion_fiscal,IgA,19,26,0.7816788823627474,22.89354650366064,-1.8227065407542293
snow_cement_cave_wave_entry_napkin_mansion_fiscal,IgA,20,26,0.7816788823627474,22.89354650366064,-1.8227065407542293
snow_cement_cave_wave_entry_napkin_mansion_fiscal,IgA,21,26,0.7816788823627474,22.89354650366064,-1.8227065407542293
snow_cement_cave_wave_entry_napkin_mansion_fiscal,IgA,22,26,-1.049065379029741,23.274279212284192,-1.3727447696407216
snow_cement_cave_wave_entry_napkin_mansion_fiscal,IgA,23,27,0.7816788823627474,23.861928917329948,-1.8227065407542293
snow_cement_cave_wave_entry_napkin_mansion_fiscal,IgA,24,27,0.7816788823627474,23.861928917329948,-1.8227065407542293
snow_cement_cave_wave_entry_napkin_mansion_fiscal,IgA,25,27,0.7816788823627474,23.861928917329948,-1.8227065407542293
snow_cement_cave_wave_entry_napkin_mansion_fiscal,IgA,26,27,0.7816788823627474,23.861928917329948,-1.8227065407542293
snow_cement_cave_wave_entry_napkin_mansion_fiscal,IgA,27,28,-1.049065379029741,25.2110440396228,-1.3727447696407216
snow_cement_cave_wave_entry_napkin_mansion_fiscal,IgA,28,28,-1.049065379029741,25.2110440396228,-1.3727447696407216
snow_cement_cave_wave_entry_napkin_mansion_fiscal,IgA,29,28,-1.049065379029741,25.2110440396228,-1.3727447696407216
snow_cement_cave_wave_entry_napkin_mansion_fiscal,IgA,30,30,-1.3854375349398593,26.386343449714314,-1.5218652122539837
snow_cement_cave_wave_entry_napkin_mansion_fiscal,IgA,31,32,0.8097873287703594,26.800177442558738,-1.591134142203416
snow_cement_cave_wave_entry_napkin_mansion_fiscal,IgA,32,34,0.5589724541282979,29.117674978520895,-1.591134142203416
snow_cement_cave_wave_entry_napkin_mansion_fiscal,IgA,33,35,0.8097873287703594,29.70532468356665,-1.591134142203416
snow_cement_cave_wave_entry_napkin_mansion_fiscal,IgA,34,35,0.8097873287703594,29.70532468356665,-1.591134142203416
snow_cement_cave_wave_entry_napkin_mansion_fiscal,IgA,35,36,1.0099587200229059,30.29297438861241,-1.5884699450654334
snow_cement_cave_wave_entry_napkin_mansion_fiscal,IgA,36,36,0.8097873287703594,30.673707097235955,-1.591134142203416
snow_cement_cave_wave_entry_napkin_mansion_fiscal,IgA,37,37,0.8767705722600375,30.880624093658167,-1.591134142203416
snow_cement_cave_wave_entry_napkin_mansion_fiscal,IgA,38,37,0.6765369043602282,31.261356802281714,-1.5405145386128076
snow_cement_cave_wave_entry_napkin_mansion_fiscal,IgA,39,37,0.8097873287703594,31.64208951090526,-1.591134142203416
snow_cement_cave_wave_entry_napkin_mansion_fiscal,IgA,40,37,0.6765369043602282,31.261356802281714,-1.5405145386128076
snow_cement_cave_wave_entry_napkin_mansion_fiscal,IgA,41,37,0.6765369043602282,31.261356802281714,-1.5405145386128076
snow_cement_cave_wave_entry_napkin_mansion_fiscal,IgA,42,37,0.8097873287703594,31.64208951090526,-1.591134142203416
snow_cement_cave_wave_entry_napkin_mansion_fiscal,IgA,43,38,1.0099587200229059,32.22973921595102,-1.591134142203416
snow_cement_cave_wave_entry_napkin_mansion_fiscal,IgA,44,39,1.0099587200229059,33.198121629620324,-1.591134142203416
snow_cement_cave_wave_entry_napkin_mansion_fiscal,IgA,45,39,1.0099587200229059,33.198121629620324,-1.591134142203416
snow_cement_cave_wave_entry_napkin_mansion_fiscal,IgA,46,40,1.0099587200229059,34.16650404328963,-1.591134142203416
sound_olympic_lend_patient_scrub_family_waste_trash,IgM,0,7,0.9635635070700442,5.6364787698144925,-1.5059966050871494
sound_olympic_lend_patient_scrub_family_waste_trash,IgM,1,11,1.0686328406949839,8.748543007244617,-1.1056470652578123
sound_olympic_lend_patient_scrub_family_waste_trash,IgM,2,13,0.2717276959164277,10.685307834583227,-1.540314705331896
sound_olympic_lend_patient_scrub_family_waste_trash,IgM,3,14,-0.5384732379786434,12.415155665499626,-1.2135194986918556
sound_olympic_lend_patient_scrub_family_waste_trash,IgM,4,14,-0.5384732379786434,12.415155665499626,-1.2135194986918556
sound_olympic_lend_patient_scrub_family_waste_trash,IgM,5,15,0.2717276959164277,12.622072661921838,-1.3508463542144142
sound_olympic_lend_patient_scrub_family_waste_trash,IgM,6,16,0.5589724541282979,12.828989658344048,-1.1715448977828768
sound_olympic_lend_patient_scrub_family_waste_trash,IgM,7,16,0.5589724541282979,12.828989658344048,-1.1715448977828768
sound_olympic_lend_patient_scrub_family_waste_trash,IgM,8,16,-0.13329990662440827,12.828989658344048,-1.3508463542144142
sound_olympic_lend_patient_scrub_family_waste_trash,IgM,9,16,0.5589724541282979,12.828989658344048,-1.1715448977828768
sound_olympic_lend_patient_scrub_family_waste_trash,IgM,10,18,-0.13329990662440827,14.765754485682658,-1.49235929722132
sound_olympic_lend_patient_scrub_family_waste_trash,IgM,11,21,-1.6366963584974425,16.90943630944348,-1.3308431609531661
sound_olympic_lend_patient_scrub_family_waste_trash,IgM,12,21,-1.6366963584974425,16.90943630944348,-1.3308431609531661
sound_olympic_lend_patient_scrub_family_waste_trash,IgM,13,21,-1.6366963584974425,16.90943630944348,-1.3308431609531661
sound_olympic_lend_patient_scrub_family_waste_trash,IgM,14,26,-0.13329990662440827,20.60915025191936,-1.5197529569007417
sound_olympic_lend_patient_scrub_family_waste_trash,IgM,15,27,0.22300002082450082,22.719730791459305,-1.4465836735557334
sound_olympic_lend_patient_scrub_family_waste_trash,IgM,16,28,-0.5384732379786434,23.30738049650506,-1.8596269100015204
sound_olympic_lend_patient_scrub_family_waste_trash,IgM,17,29,0.9635635070700442,24.27576291017437,-1.467996521806492
stove_ritual_remember_aim_multiply_escape_punch_scrub,IgG,0,11,-0.8260093901221207,9.129275715868165,0.9985667044614774
stove_ritual_remember_aim_multiply_escape_punch_scrub,IgG,1,12,6.907755278982137,11.23985625540811,0.95202174771013
stove_ritual_remember_aim_multiply_escape_punch_scrub,IgG,2,13,0.04884662497261053,10.30457512595968,1.0325001313290616
stove_ritual_remember_aim_multiply_escape_punch_scrub,IgG,3,13,0.04884662497261053,10.30457512595968,1.0325001313290616
stove_ritual_remember_aim_multiply_escape_punch_scrub,IgG,4,14,1.0686328406949839,11.65369024825253,0.8137973376577176
stove_ritual_remember_aim_multiply_escape_punch_scrub,IgG,5,15,1.4726433090871196,13.002805370545385,0.8561109320416286
stove_ritual_remember_aim_multiply_escape_punch_scrub,IgG,6,16,1.0686328406949839,13.59045507559114,0.9590740133486735
stove_ritual_remember_aim_multiply_escape_punch_scrub,IgG,7,17,0.2717276959164277,14.558837489260448,0.7038942547325386
stove_ritual_remember_aim_multiply_escape_punch_scrub,IgG,8,17,0.2717276959164277,14.558837489260448,0.9958283495665157
stove_ritual_remember_aim_multiply_escape_punch_scrub,IgG,9,17,0.2717276959164277,14.558837489260448,0.9958283495665157
stove_ritual_remember_aim_multiply_escape_punch_scrub,IgG,10,17,0.2717276959164277,14.558837489260448,0.9958283495665157
stove_ritual_remember_aim_multiply_escape_punch_scrub,IgG,11,17,0.2717276959164277,14.558837489260448,0.9958283495665157
stove_ritual_remember_aim_multiply_escape_punch_scrub,IgG,12,19,-1.049065379029741,16.495602316599054,0.6938262520671159
stove_ritual_remember_aim_multiply_escape_punch_scrub,IgG,13,20,0.2717276959164277,17.46398473026836,0.9985667044614774
stove_ritual_remember_aim_multiply_escape_punch_scrub,IgG,14,20,0.2717276959164277,17.46398473026836,0.9985667044614774
stove_ritual_remember_aim_multiply_escape_punch_scrub,IgG,15,20,1.4039411963144843,17.083252021644814,0.9590740133486735
stove_ritual_remember_aim_multiply_escape_punch_scrub,IgG,16,20,1.6540930966380338,16.70251931302127,0.8222600568660897
stove_ritual_remember_aim_multiply_escape_punch_scrub,IgG,17,20,1.6540930966380338,16.70251931302127,0.8222600568660897
stove_ritual_remember_aim_multiply_escape_punch_scrub,IgG,18,22,0.7816788823627474,19.020016848983424,0.9024610675981244
stove_ritual_remember_aim_multiply_escape_punch_scrub,IgG,19,25,-0.13329990662440827,21.54443138136779,0.764154103522775
stove_ritual_remember_aim_multiply_escape_punch_scrub,IgG,20,25,-0.13329990662440827,21.54443138136779,0.764154103522775
stove_ritual_remember_aim_multiply_escape_punch_scrub,IgG,21,25,-0.13329990662440827,21.54443138136779,0.764154103522775
stove_ritual_remember_aim_multiply_escape_punch_scrub,IgG,22,25,-0.13329990662440827,21.54443138136779,0.764154103522775
stove_ritual_remember_aim_multiply_escape_punch_scrub,IgG,23,25,-0.13329990662440827,21.54443138136779,0.764154103522775
stove_ritual_remember_aim_multiply_escape_punch_scrub,IgG,24,25,-0.13329990662440827,21.54443138136779,0.764154103522775
stove_ritual_remember_aim_multiply_escape_punch_scrub,IgG,25,25,-0.13329990662440827,21.54443138136779,0.764154103522775
stove_ritual_remember_aim_multiply_escape_punch_scrub,IgG,26,25,-0.13329990662440827,21.54443138136779,0.764154103522775
stove_ritual_remember_aim_multiply_escape_punch_scrub,IgG,27,25,-0.13329990662440827,21.54443138136779,0.764154103522775
stove_ritual_remember_aim_multiply_escape_punch_scrub,IgG,28,25,-0.13329990662440827,21.54443138136779,0.764154103522775
stove_ritual_remember_aim_multiply_escape_punch_scrub,IgG,29,25,-0.13329990662440827,21.54443138136779,0.764154103522775
stove_ritual_remember_aim_multiply_escape_punch_scrub,IgG,30,25,-0.13329990662440827,21.54443138136779,0.764154103522775
stove_ritual_remember_aim_multiply_escape_punch_scrub,IgG,31,25,-0.13329990662440827,21.54443138136779,0.764154103522775
stove_ritual_remember_aim_multiply_escape_punch_scrub,IgG,32,25,-0.13329990662440827,21.54443138136779,0.764154103522775
stove_ritual_remember_aim_multiply_escape_punch_scrub,IgG,33,25,-0.13329990662440827,21.54443138136779,0.764154103522775
stove_ritual_remember_aim_multiply_escape_punch_scrub,IgG,34,25,-0.13329990662440827,21.54443138136779,0.764154103522775
stove_ritual_remember_aim_multiply_escape_punch_scrub,IgG,35,25,-0.13329990662440827,21.54443138136779,0.764154103522775
stove_ritual_remember_aim_multiply_escape_punch_scrub,IgG,36,25,-0.13329990662440827,21.54443138136779,0.764154103522775
stove_ritual_remember_aim_multiply_escape_punch_scrub,IgG,37,25,-0.13329990662440827,21.54443138136779,0.764154103522775
stove_ritual_remember_aim_multiply_escape_punch_scrub,IgG,38,25,-0.13329990662440827,21.54443138136779,0.764154103522775
stove_ritual_remember_aim_multiply_escape_punch_scrub,IgG,39,25,-0.13329990662440827,21.54443138136779,0.764154103522775
stove_ritual_remember_aim_multiply_escape_punch_scrub,IgG,40,25,-0.13329990662440827,21.54443138136779,0.764154103522775
stove_ritual_remember_aim_multiply_escape_punch_scrub,IgG,41,25,-0.13329990662440827,21.54443138136779,0.764154103522775
stove_ritual_remember_aim_multiply_escape_punch_scrub,IgG,42,25,-0.13329990662440827,21.54443138136779,0.764154103522775
stove_ritual_remember_aim_multiply_escape_punch_scrub,IgG,43,25,-0.13329990662440827,21.54443138136779,0.764154103522775
stove_ritual_remember_aim_multiply_escape_punch_scrub,IgG,44,25,-0.13329990662440827,21.54443138136779,0.764154103522775
stove_ritual_remember_aim_multiply_escape_punch_scrub,IgG,45,25,-0.13329990662440827,21.54443138136779,0.764154103522775
stove_ritual_remember_aim_multiply_escape_punch_scrub,IgG,46,25,-0.13329990662440827,21.54443138136779,0.764154103522775
stove_ritual_remember_aim_multiply_escape_punch_scrub,IgG,47,25,-0.13329990662440827,21.54443138136779,0.764154103522775
stove_ritual_remember_aim_multiply_escape_punch_scrub,IgG,48,25,-0.13329990662440827,21.54443138136779,0.764154103522775
stove_ritual_remember_aim_multiply_escape_punch_scrub,IgG,49,25,-0.13329990662440827,21.54443138136779,0.764154103522775
stove_ritual_remember_aim_multiply_escape_punch_scrub,IgG,50,25,-0.13329990662440827,21.54443138136779,0.764154103522775
stove_ritual_remember_aim_multiply_escape_punch_scrub,IgG,51,25,-0.13329990662440827,21.54443138136779,0.764154103522775
stove_ritual_remember_aim_multiply_escape_punch_scrub,IgG,52,25,-0.13329990662440827,21.54443138136779,0.764154103522775
stove_ritual_remember_aim_multiply_escape_punch_scrub,IgG,53,25,-0.13329990662440827,21.54443138136779,0.764154103522775
stove_ritual_remember_aim_multiply_escape_punch_scrub,IgG,54,25,-0.13329990662440827,21.54443138136779,0.764154103522775
struggle_fossil_marble_rose_physical_tomorrow_balance_teach,IgM,0,9,1.4726433090871196,7.192510888529555,-1.4956223376999132
struggle_fossil_marble_rose_physical_tomorrow_balance_teach,IgM,1,11,-1.2313285566261374,8.367810298621071,-1.4956223376999132
struggle_fossil_marble_rose_physical_tomorrow_balance_teach,IgM,2,12,0.8947453855092655,8.574727295043282,-1.4884290357678478
struggle_fossil_marble_rose_physical_tomorrow_balance_teach,IgM,3,12,0.8947453855092655,8.574727295043282,-1.4884290357678478
struggle_fossil_marble_rose_physical_tomorrow_balance_teach,IgM,4,13,0.04884662497261053,10.30457512595968,-1.4956223376999132
struggle_fossil_marble_rose_physical_tomorrow_balance_teach,IgM,5,13,0.8947453855092655,9.543109708712587,-1.4884290357678478
struggle_fossil_marble_rose_physical_tomorrow_balance_teach,IgM,6,14,-1.3854375349398593,10.89222483100544,-1.4956223376999132
struggle_fossil_marble_rose_physical_tomorrow_balance_teach,IgM,7,14,-1.3854375349398593,10.89222483100544,-1.4956223376999132
struggle_fossil_marble_rose_physical_tomorrow_balance_teach,IgM,8,15,1.4039411963144843,12.24133995329829,-1.287207169412314
struggle_fossil_marble_rose_physical_tomorrow_balance_teach,IgM,9,15,0.04884662497261053,12.24133995329829,-1.4956223376999132
struggle_fossil_marble_rose_physical_tomorrow_balance_teach,IgM,10,15,0.9635635070700442,13.38353807916893,-1.3495492101248234
struggle_fossil_marble_rose_physical_tomorrow_balance_teach,IgM,11,15,1.4039411963144843,12.24133995329829,-1.287207169412314
struggle_fossil_marble_rose_physical_tomorrow_balance_teach,IgM,12,15,-1.3854375349398593,11.860607244674743,-1.4956223376999132
struggle_fossil_marble_rose_physical_tomorrow_balance_teach,IgM,13,16,-1.3854375349398593,12.828989658344048,-1.4956223376999132
struggle_fossil_marble_rose_physical_tomorrow_balance_teach,IgM,14,18,-0.8260093901221207,14.939570197883995,-1.4956223376999132
struggle_fossil_marble_rose_physical_tomorrow_balance_teach,IgM,15,19,0.04884662497261053,16.11486960797551,-1.0380298770088134
struggle_fossil_marble_rose_physical_tomorrow_balance_teach,IgM,16,19,-0.8260093901221207,15.907952611553299,-1.4956223376999132
struggle_fossil_marble_rose_physical_tomorrow_balance_teach,IgM,17,19,0.7816788823627474,16.11486960797551,-1.4884290357678478
struggle_fossil_marble_rose_physical_tomorrow_balance_teach,IgM,18,19,0.04884662497261053,16.11486960797551,-1.0380298770088134
struggle_fossil_marble_rose_physical_tomorrow_balance_teach,IgM,19,23,-0.4207631544924123,18.846201136782085,-1.4956223376999132
struggle_fossil_marble_rose_physical_tomorrow_balance_teach,IgM,20,23,-0.4207631544924123,18.846201136782085,-1.4956223376999132
such_appear_sock_lava_fiction_need_mad_nest,IgM,0,4,6.907755278982137,3.492796946053672,0.13177358710233428
such_appear_sock_lava_fiction_need_mad_nest,IgM,1,5,-0.13329990662440827,4.080446651099431,0.08381816130695673
such_appear_sock_lava_fiction_need_mad_nest,IgM,2,6,0.9635635070700442,4.668096356145188,0.08381816130695673
such_appear_sock_lava_fiction_need_mad_nest,IgM,3,8,0.9635635070700442,6.604861183483798,0.08381816130695673
such_appear_sock_lava_fiction_need_mad_nest,IgM,4,9,-0.13329990662440827,7.953976305776649,0.00440206122751062
such_appear_sock_lava_fiction_need_mad_nest,IgM,5,10,0.2717276959164277,7.780160593575313,0.08381816130695673
such_appear_sock_lava_fiction_need_mad_nest,IgM,6,10,-0.5384732379786434,8.541626010822407,-0.0774863739542875
such_appear_sock_lava_fiction_need_mad_nest,IgM,7,12,1.4726433090871196,10.09765812953747,0.00440206122751062
such_appear_sock_lava_fiction_need_mad_nest,IgM,8,12,-0.5384732379786434,10.478390838161015,0.00440206122751062
such_appear_sock_lava_fiction_need_mad_nest,IgM,9,13,1.1172774456369179,9.923842417336134,0.040780916852934265
such_appear_sock_lava_fiction_need_mad_nest,IgM,10,13,-0.5384732379786434,11.44677325183032,0.12155222037380374
such_appear_sock_lava_fiction_need_mad_nest,IgM,11,14,-0.8260093901221207,12.034422956876078,0.09377350642889314
such_appear_sock_lava_fiction_need_mad_nest,IgM,12,14,-0.8260093901221207,12.034422956876078,-0.41120603603475664
such_appear_sock_lava_fiction_need_mad_nest,IgM,13,18,-1.049065379029741,15.527219902929751,0.12155222037380374
such_appear_sock_lava_fiction_need_mad_nest,IgM,14,18,-1.049065379029741,15.527219902929751,0.12155222037380374
summer_ticket_height_toward_project_void_ancient_witness,IgM,0,3,1.6540930966380338,2.1436818237608204,-0.29986103461800984
summer_ticket_height_toward_project_void_ancient_witness,IgM,1,7,0.9635635070700442,5.6364787698144925,-0.44167594291930795
summer_ticket_height_toward_project_void_ancient_witness,IgM,2,9,0.04884662497261053,6.431045471282461,-1.1376461211295825
summer_ticket_height_toward_project_void_ancient_witness,IgM,3,9,1.6540930966380338,7.953976305776649,-0.8329230522928269
summer_ticket_height_toward_project_void_ancient_witness,IgM,4,9,-0.5384732379786434,7.573243597153103,-0.5358740756255543
summer_ticket_height_toward_project_void_ancient_witness,IgM,5,11,-1.049065379029741,8.748543007244617,-1.1376461211295825
summer_ticket_height_toward_project_void_ancient_witness,IgM,6,11,0.2717276959164277,8.748543007244617,-1.0357078836201696
summer_ticket_height_toward_project_void_ancient_witness,IgM,7,13,0.04884662497261053,10.30457512595968,-1.175876061299051
summer_ticket_height_toward_project_void_ancient_witness,IgM,8,13,-1.049065379029741,10.685307834583227,-0.9475371644650837
summer_ticket_height_toward_project_void_ancient_witness,IgM,9,14,-0.8260093901221207,12.034422956876078,-0.8431992180423153
summer_ticket_height_toward_project_void_ancient_witness,IgM,10,15,0.5589724541282979,13.002805370545385,-0.8003818803718574
summer_ticket_height_toward_project_void_ancient_witness,IgM,11,16,-0.2873255496957979,12.448256949720502,-0.5160748142124145
summer_ticket_height_toward_project_void_ancient_witness,IgM,12,20,-0.13329990662440827,16.70251931302127,-0.8055199629702765
summer_ticket_height_toward_project_void_ancient_witness,IgM,13,21,0.7128316973393489,16.90943630944348,-0.8003818803718574
sun_source_vapor_scrub_inspire_track_under_upgrade,IgA,0,25,0.37694241891061303,21.163698672744246,-0.05858298853033171
sun_source_vapor_scrub_inspire_track_under_upgrade,IgA,1,25,0.37694241891061303,21.163698672744246,-0.05858298853033171
sun_source_vapor_scrub_inspire_track_under_upgrade,IgA,2,25,0.37694241891061303,21.163698672744246,-0.05858298853033171
sun_source_vapor_scrub_inspire_track_under_upgrade,IgA,3,25,0.37694241891061303,21.163698672744246,-0.05858298853033171
sun_source_vapor_scrub_inspire_track_under_upgrade,IgA,4,25,0.37694241891061303,21.163698672744246,-0.05858298853033171
sun_source_vapor_scrub_inspire_track_under_upgrade,IgA,5,25,0.37694241891061303,21.163698672744246,-0.05858298853033171
sun_source_vapor_scrub_inspire_track_under_upgrade,IgA,6,25,0.37694241891061303,21.163698672744246,-0.05858298853033171
sun_source_vapor_scrub_inspire_track_under_upgrade,IgA,7,25,0.37694241891061303,21.163698672744246,-0.05858298853033171
sun_source_vapor_scrub_inspire_track_under_upgrade,IgA,8,26,0.22300002082450082,21.751348377790002,-0.05858298853033171
sun_source_vapor_scrub_inspire_track_under_upgrade,IgA,9,27,0.37694241891061303,23.100463500082853,-0.05858298853033171
sun_source_vapor_scrub_inspire_track_under_upgrade,IgA,10,27,0.37694241891061303,23.100463500082853,-0.05858298853033171
sun_source_vapor_scrub_inspire_track_under_upgrade,IgA,11,27,0.37694241891061303,23.100463500082853,-0.05858298853033171
sun_source_vapor_scrub_inspire_track_under_upgrade,IgA,12,27,0.37694241891061303,23.100463500082853,-0.05858298853033171
sun_source_vapor_scrub_inspire_track_under_upgrade,IgA,13,28,-1.6366963584974425,23.688113205128612,-0.0604274205019686
sun_source_vapor_scrub_inspire_track_under_upgrade,IgA,14,29,-0.13329990662440827,25.41796103604501,-0.05858298853033171
sun_source_vapor_scrub_inspire_track_under_upgrade,IgA,15,29,-1.7420374117716249,24.27576291017437,-0.0604274205019686
sun_source_vapor_scrub_inspire_track_under_upgrade,IgA,16,29,-1.7420374117716249,24.27576291017437,-0.0604274205019686
sun_source_vapor_scrub_inspire_track_under_upgrade,IgA,17,29,-1.7420374117716249,24.27576291017437,-0.0604274205019686
sun_source_vapor_scrub_inspire_track_under_upgrade,IgA,18,30,0.22300002082450082,25.624878032467223,-0.016160891808867997
sun_source_vapor_scrub_inspire_track_under_upgrade,IgA,19,30,0.37694241891061303,26.00561074109077,-0.0604274205019686
sun_source_vapor_scrub_inspire_track_under_upgrade,IgA,20,30,0.37694241891061303,26.00561074109077,-0.0604274205019686
sun_source_vapor_scrub_inspire_track_under_upgrade,IgA,21,30,-0.13329990662440827,26.386343449714314,-0.0604274205019686
sun_source_vapor_scrub_inspire_track_under_upgrade,IgA,22,30,0.7128316973393489,25.624878032467223,-0.05858298853033171
sun_source_vapor_scrub_inspire_track_under_upgrade,IgA,23,32,0.5589724541282979,28.323108277052924,-0.0604274205019686
sun_source_vapor_scrub_inspire_track_under_upgrade,IgA,24,32,0.22300002082450082,27.56164285980583,-0.05858298853033171
sun_source_vapor_scrub_inspire_track_under_upgrade,IgA,25,32,0.5589724541282979,28.323108277052924,-0.0604274205019686
sun_source_vapor_scrub_inspire_track_under_upgrade,IgA,26,33,0.37694241891061303,28.91075798209868,-0.0604274205019686
sun_source_vapor_scrub_inspire_track_under_upgrade,IgA,27,33,0.37694241891061303,28.91075798209868,-0.0604274205019686
sun_source_vapor_scrub_inspire_track_under_upgrade,IgA,28,34,0.37694241891061303,29.87914039576799,-0.05858298853033171
sun_source_vapor_scrub_inspire_track_under_upgrade,IgA,29,35,-0.7390378116919329,29.324591974943104,-0.05858298853033171
sun_source_vapor_scrub_inspire_track_under_upgrade,IgA,30,35,-0.7390378116919329,29.324591974943104,-0.05858298853033171
sun_source_vapor_scrub_inspire_track_under_upgrade,IgA,31,35,-1.6366963584974425,30.466790100813746,-0.05858298853033171
sun_source_vapor_scrub_inspire_track_under_upgrade,IgA,32,35,-0.7390378116919329,29.324591974943104,-0.05858298853033171
sun_source_vapor_scrub_inspire_track_under_upgrade,IgA,33,35,-0.7390378116919329,29.324591974943104,-0.05858298853033171
sun_source_vapor_scrub_inspire_track_under_upgrade,IgA,34,39,-1.8373316675257687,33.57885433824387,-0.05858298853033171
term_convince_culture_core_menu_museum_expect_junior,IgM,0,6,-0.5384732379786434,4.668096356145188,-0.6670155744301216
term_convince_culture_core_menu_museum_expect_junior,IgM,1,6,-0.13329990662440827,5.048829064768735,-0.6697009893184492
term_convince_culture_core_menu_museum_expect_junior,IgM,2,7,-0.13329990662440827,6.017211478438039,-0.6697009893184492
term_convince_culture_core_menu_museum_expect_junior,IgM,3,7,-0.8260093901221207,5.255746061190946,-0.661708429405554
term_convince_culture_core_menu_museum_expect_junior,IgM,4,8,-0.8260093901221207,6.224128474860251,-0.8524099725599878
term_convince_culture_core_menu_museum_expect_junior,IgM,5,8,-0.8260093901221207,6.224128474860251,-0.8524099725599878
term_convince_culture_core_menu_museum_expect_junior,IgM,6,8,-0.13329990662440827,6.985593892107344,-0.6697009893184492
term_convince_culture_core_menu_museum_expect_junior,IgM,7,8,-0.8260093901221207,6.224128474860251,-0.9099957713229943
term_convince_culture_core_menu_museum_expect_junior,IgM,8,8,-0.8260093901221207,6.224128474860251,-0.8524099725599878
term_convince_culture_core_menu_museum_expect_junior,IgM,9,8,-0.8260093901221207,6.224128474860251,-0.8524099725599878
term_convince_culture_core_menu_museum_expect_junior,IgM,10,8,-0.13329990662440827,6.985593892107344,-0.6190601696354461
term_convince_culture_core_menu_museum_expect_junior,IgM,11,8,-0.5384732379786434,6.604861183483798,-0.6697009893184492
term_convince_culture_core_menu_museum_expect_junior,IgM,12,9,0.2717276959164277,6.811778179906009,-0.7868511569105272
term_convince_culture_core_menu_museum_expect_junior,IgM,13,9,0.2717276959164277,6.811778179906009,-0.7868511569105272
term_convince_culture_core_menu_museum_expect_junior,IgM,14,9,0.2717276959164277,6.811778179906009,-0.7868511569105272
term_convince_culture_core_menu_museum_expect_junior,IgM,15,9,-0.13329990662440827,7.953976305776649,-0.6697009893184492
term_convince_culture_core_menu_museum_expect_junior,IgM,16,9,-0.8260093901221207,7.192510888529555,-0.7868511569105272
term_convince_culture_core_menu_museum_expect_junior,IgM,17,9,0.2717276959164277,6.811778179906009,-0.7868511569105272
term_convince_culture_core_menu_museum_expect_junior,IgM,18,9,-0.8260093901221207,7.192510888529555,-0.7868511569105272
term_convince_culture_core_menu_museum_expect_junior,IgM,19,9,0.5589724541282979,7.192510888529555,-0.5692603173949322
term_convince_culture_core_menu_museum_expect_junior,IgM,20,9,0.2717276959164277,6.811778179906009,-0.7868511569105272
term_convince_culture_core_menu_museum_expect_junior,IgM,21,9,-0.5384732379786434,7.573243597153103,-0.6697009893184492
term_convince_culture_core_menu_museum_expect_junior,IgM,22,9,-1.049065379029741,6.811778179906009,-0.6417270019908133
term_convince_culture_core_menu_museum_expect_junior,IgM,23,9,0.2717276959164277,6.811778179906009,-0.7868511569105272
term_convince_culture_core_menu_museum_expect_junior,IgM,24,9,0.2717276959164277,6.811778179906009,-0.7868511569105272
term_convince_culture_core_menu_museum_expect_junior,IgM,25,10,0.9635635070700442,8.541626010822407,-0.6697009893184492
term_convince_culture_core_menu_museum_expect_junior,IgM,26,10,0.2717276959164277,7.780160593575313,-0.7868511569105272
term_convince_culture_core_menu_museum_expect_junior,IgM,27,10,0.2717276959164277,7.780160593575313,-0.6697009893184492
term_convince_culture_core_menu_museum_expect_junior,IgM,28,10,0.5589724541282979,8.160893302198861,-0.723650833390548
term_convince_culture_core_menu_museum_expect_junior,IgM,29,10,-0.8260093901221207,8.160893302198861,-0.5821713854083945
term_convince_culture_core_menu_museum_expect_junior,IgM,30,10,-0.13329990662440827,8.922358719445954,-0.6697009893184492
term_convince_culture_core_menu_museum_expect_junior,IgM,31,10,0.5589724541282979,8.160893302198861,-0.723650833390548
term_convince_culture_core_menu_museum_expect_junior,IgM,32,10,-0.13329990662440827,8.922358719445954,-0.6697009893184492
term_convince_culture_core_menu_museum_expect_junior,IgM,33,11,0.2717276959164277,8.748543007244617,-0.723650833390548
term_convince_culture_core_menu_museum_expect_junior,IgM,34,11,0.9635635070700442,9.510008424491712,-0.6697009893184492
term_convince_culture_core_menu_museum_expect_junior,IgM,35,11,0.2717276959164277,8.748543007244617,-0.6697009893184492
term_convince_culture_core_menu_museum_expect_junior,IgM,36,11,-1.2313285566261374,8.367810298621071,-0.7168154145123343
term_convince_culture_core_menu_museum_expect_junior,IgM,37,12,-1.049065379029741,9.716925420913922,-0.6697009893184492
term_convince_culture_core_menu_museum_expect_junior,IgM,38,12,-0.8260093901221207,10.09765812953747,-0.6697009893184492
term_convince_culture_core_menu_museum_expect_junior,IgM,39,13,1.3677189632096503,9.543109708712587,-0.723650833390548
term_convince_culture_core_menu_museum_expect_junior,IgM,40,13,-1.049065379029741,10.685307834583227,-0.7776006818838472
term_convince_culture_core_menu_museum_expect_junior,IgM,41,13,0.7816788823627474,10.30457512595968,-0.6697009893184492
term_convince_culture_core_menu_museum_expect_junior,IgM,42,13,0.04884662497261053,10.30457512595968,-0.6697009893184492
term_convince_culture_core_menu_museum_expect_junior,IgM,43,13,-1.049065379029741,10.685307834583227,-0.7776006818838472
term_convince_culture_core_menu_museum_expect_junior,IgM,44,14,0.7816788823627474,11.272957539628985,-0.6697009893184492
term_convince_culture_core_menu_museum_expect_junior,IgM,45,14,-1.049065379029741,11.65369024825253,-0.7776006818838472
term_convince_culture_core_menu_museum_expect_junior,IgM,46,14,0.2717276959164277,11.65369024825253,-0.661708429405554
term_convince_culture_core_menu_museum_expect_junior,IgM,47,14,0.04884662497261053,11.272957539628985,-0.7776006818838472
term_convince_culture_core_menu_museum_expect_junior,IgM,48,14,0.2717276959164277,11.65369024825253,-0.661708429405554
term_convince_culture_core_menu_museum_expect_junior,IgM,49,15,-0.13329990662440827,11.860607244674743,-0.723650833390548
term_convince_culture_core_menu_museum_expect_junior,IgM,50,15,0.5589724541282979,13.002805370545385,-0.6697009893184492
term_convince_culture_core_menu_museum_expect_junior,IgM,51,15,0.5589724541282979,11.860607244674743,-0.82939335166954
term_convince_culture_core_menu_museum_expect_junior,IgM,52,16,0.04884662497261053,13.209722366967595,-0.8214007851248442
term_convince_culture_core_menu_museum_expect_junior,IgM,53,16,0.7816788823627474,13.209722366967595,-0.661708429405554
term_convince_culture_core_menu_museum_expect_junior,IgM,54,17,-0.2873255496957979,13.416639363389805,-0.7216526983861746
term_convince_culture_core_menu_museum_expect_junior,IgM,55,20,0.37694241891061303,16.321786604397722,-0.7216526983861746
thrive_shrimp_type_ask_camera_puzzle_spoil_rookie,IgM,0,3,6.907755278982137,2.5244145323843674,-1.1276164700483062
thrive_shrimp_type_ask_camera_puzzle_spoil_rookie,IgM,1,9,0.2717276959164277,6.811778179906009,-1.2981987663914036
thrive_shrimp_type_ask_camera_puzzle_spoil_rookie,IgM,2,11,0.04884662497261053,8.367810298621071,-1.2981987663914036
thrive_shrimp_type_ask_camera_puzzle_spoil_rookie,IgM,3,13,-1.049065379029741,10.685307834583227,-2.027836715906538
thrive_shrimp_type_ask_camera_puzzle_spoil_rookie,IgM,4,14,0.04884662497261053,11.272957539628985,-1.5457563187322496
thrive_shrimp_type_ask_camera_puzzle_spoil_rookie,IgM,5,15,-1.049065379029741,12.622072661921838,-1.6070326815843363
thrive_shrimp_type_ask_camera_puzzle_spoil_rookie,IgM,6,17,-0.2873255496957979,13.416639363389805,-1.6603164806549773
thrive_shrimp_type_ask_camera_puzzle_spoil_rookie,IgM,7,18,-0.4207631544924123,14.004289068435563,-1.6603164806549773
thrive_shrimp_type_ask_camera_puzzle_spoil_rookie,IgM,8,18,-1.2313285566261374,15.146487194306205,-1.3061913240936986
thrive_shrimp_type_ask_camera_puzzle_spoil_rookie,IgM,9,21,1.3677189632096503,17.290169018067026,-1.7827950195141997
thrive_shrimp_type_ask_camera_puzzle_spoil_rookie,IgM,10,27,-1.6366963584974425,21.751348377790002,-1.60444267386042
thrive_shrimp_type_ask_camera_puzzle_spoil_rookie,IgM,11,37,0.37694241891061303,32.7842876367759,-1.4553117602776415
thrive_shrimp_type_ask_camera_puzzle_spoil_rookie,IgM,12,37,0.37694241891061303,32.7842876367759,-1.4553117602776415
tragic_void_element_gentle_normal_blanket_slow_pen,IgG,0,14,-0.13329990662440827,10.89222483100544,0.29740708915204694
tragic_void_element_gentle_normal_blanket_slow_pen,IgG,1,16,0.5589724541282979,12.828989658344048,0.4819945500725632
tragic_void_element_gentle_normal_blanket_slow_pen,IgG,2,17,0.37694241891061303,13.416639363389805,0.1296824650483368
tragic_void_element_gentle_normal_blanket_slow_pen,IgG,3,19,0.37694241891061303,15.353404190728416,0.29452919092879226
tragic_void_element_gentle_normal_blanket_slow_pen,IgG,4,26,0.5589724541282979,21.370615669166455,0.18662950278459478
tragic_void_element_gentle_normal_blanket_slow_pen,IgG,5,26,0.5589724541282979,21.370615669166455,0.18662950278459478
tragic_void_element_gentle_normal_blanket_slow_pen,IgG,6,28,0.08962486797974716,23.30738049650506,0.4127998078792468
tragic_void_element_gentle_normal_blanket_slow_pen,IgG,7,28,0.08962486797974716,23.30738049650506,0.4127998078792468
tragic_void_element_gentle_normal_blanket_slow_pen,IgG,8,31,0.202822310231392,25.070329611642336,0.24507516388013484
tragic_void_element_gentle_normal_blanket_slow_pen,IgG,9,32,0.30804674017099487,26.41944473393519,0.24507516388013484
tragic_void_element_gentle_normal_blanket_slow_pen,IgG,10,32,-0.4207631544924123,27.56164285980583,0.3753346350688334
tragic_void_element_gentle_normal_blanket_slow_pen,IgG,11,32,0.30804674017099487,26.41944473393519,0.44427053146453593
tragic_void_element_gentle_normal_blanket_slow_pen,IgG,12,32,-0.13329990662440827,26.41944473393519,0.1296824650483368
tragic_void_element_gentle_normal_blanket_slow_pen,IgG,13,33,0.7592545863069617,26.626361730357402,0.41429840029012593
tragic_void_element_gentle_normal_blanket_slow_pen,IgG,14,33,0.7592545863069617,26.626361730357402,0.41429840029012593
tragic_void_element_gentle_normal_blanket_slow_pen,IgG,15,33,0.7592545863069617,26.626361730357402,0.41429840029012593
tragic_void_element_gentle_normal_blanket_slow_pen,IgG,16,33,-0.3154755856831075,26.626361730357402,0.34723925743922285
tragic_void_element_gentle_normal_blanket_slow_pen,IgG,17,33,0.202822310231392,27.007094438980946,0.04849884449430873
tragic_void_element_gentle_normal_blanket_slow_pen,IgG,18,33,0.202822310231392,27.007094438980946,0.04849884449430873
tragic_void_element_gentle_normal_blanket_slow_pen,IgG,19,33,0.7592545863069617,26.626361730357402,0.41429840029012593
tragic_void_element_gentle_normal_blanket_slow_pen,IgG,20,33,0.7592545863069617,26.626361730357402,0.41429840029012593
tragic_void_element_gentle_normal_blanket_slow_pen,IgG,21,33,0.7592545863069617,26.626361730357402,0.41429840029012593
tragic_void_element_gentle_normal_blanket_slow_pen,IgG,22,33,0.10762348706378222,26.626361730357402,0.24507516388013484
tragic_void_element_gentle_normal_blanket_slow_pen,IgG,23,33,0.7592545863069617,26.626361730357402,0.41429840029012593
tragic_void_element_gentle_normal_blanket_slow_pen,IgG,24,33,0.7592545863069617,26.626361730357402,0.41429840029012593
tragic_void_element_gentle_normal_blanket_slow_pen,IgG,25,33,0.7592545863069617,26.626361730357402,0.41429840029012593
tragic_void_element_gentle_normal_blanket_slow_pen,IgG,26,34,0.7592545863069617,27.594744144026706,0.41429840029012593
tragic_void_element_gentle_normal_blanket_slow_pen,IgG,27,36,0.08962486797974716,31.054439805859502,0.4538991724429525
tragic_void_element_gentle_normal_blanket_slow_pen,IgG,28,37,-0.3954621808685486,30.119158676411075,0.40718351978804285
trial_enroll_join_glass_math_light_kid_sweet,IgM,0,4,6.907755278982137,3.492796946053672,0.13177358710233428
trial_enroll_join_glass_math_light_kid_sweet,IgM,1,5,-0.13329990662440827,4.080446651099431,0.0750989969997976
trial_enroll_join_glass_math_light_kid_sweet,IgM,2,5,-0.13329990662440827,4.080446651099431,0.08381816130695673
trial_enroll_join_glass_math_light_kid_sweet,IgM,3,5,-0.13329990662440827,4.080446651099431,0.08381816130695673
trial_enroll_join_glass_math_light_kid_sweet,IgM,4,6,1.6540930966380338,5.048829064768735,0.01188506240469421
trial_enroll_join_glass_math_light_kid_sweet,IgM,5,6,-0.13329990662440827,5.048829064768735,0.0750989969997976
trial_enroll_join_glass_math_light_kid_sweet,IgM,6,7,0.5589724541282979,5.255746061190946,0.08381816130695673
trial_enroll_join_glass_math_light_kid_sweet,IgM,7,7,0.5589724541282979,5.255746061190946,0.08381816130695673
trial_enroll_join_glass_math_light_kid_sweet,IgM,8,7,0.5589724541282979,5.255746061190946,0.08381816130695673
trial_enroll_join_glass_math_light_kid_sweet,IgM,9,7,-0.13329990662440827,6.017211478438039,0.0750989969997976
trial_enroll_join_glass_math_light_kid_sweet,IgM,10,7,0.5589724541282979,5.255746061190946,0.08381816130695673
trial_enroll_join_glass_math_light_kid_sweet,IgM,11,10,0.04884662497261053,7.399427884951766,-0.37577079971622757
trial_enroll_join_glass_math_light_kid_sweet,IgM,12,10,0.04884662497261053,7.399427884951766,-0.37577079971622757
trial_enroll_join_glass_math_light_kid_sweet,IgM,13,10,0.04884662497261053,7.399427884951766,-0.37577079971622757
trial_enroll_join_glass_math_light_kid_sweet,IgM,14,11,1.4726433090871196,9.129275715868165,-0.04859053276964877
trial_enroll_join_glass_math_light_kid_sweet,IgM,15,11,-1.2313285566261374,8.367810298621071,0.05509581941523205
trial_enroll_join_glass_math_light_kid_sweet,IgM,16,12,0.2717276959164277,9.716925420913922,-0.46514225376001095
trial_enroll_join_glass_math_light_kid_sweet,IgM,17,12,0.2717276959164277,9.716925420913922,-0.46514225376001095
trial_enroll_join_glass_math_light_kid_sweet,IgM,18,13,0.2717276959164277,10.685307834583227,-0.46514225376001095
trial_enroll_join_glass_math_light_kid_sweet,IgM,19,13,6.907755278982137,11.827505960453868,0.15301294088634187
trial_enroll_join_glass_math_light_kid_sweet,IgM,20,13,1.1172774456369179,9.923842417336134,0.040780916852934265
trial_enroll_join_glass_math_light_kid_sweet,IgM,21,13,1.1172774456369179,9.923842417336134,0.040780916852934265
trial_enroll_join_glass_math_light_kid_sweet,IgM,22,13,0.5589724541282979,11.066040543206775,-0.2211791124591833
trial_enroll_join_glass_math_light_kid_sweet,IgM,23,14,-0.13329990662440827,12.795888374123173,-0.03645542128414071
trial_enroll_join_glass_math_light_kid_sweet,IgM,24,14,0.5589724541282979,12.034422956876078,-0.22989826792394163
trial_enroll_join_glass_math_light_kid_sweet,IgM,25,15,-0.2873255496957979,11.479874536051195,-0.37577079971622757
trial_enroll_join_glass_math_light_kid_sweet,IgM,26,19,-0.2873255496957979,15.353404190728416,-0.46514225376001095
trial_enroll_join_glass_math_light_kid_sweet,IgM,27,19,-0.2873255496957979,15.353404190728416,-0.46514225376001095
trial_enroll_join_glass_math_light_kid_sweet,IgM,28,19,-0.2873255496957979,15.353404190728416,-0.46514225376001095
trial_enroll_join_glass_math_light_kid_sweet,IgM,29,26,-0.13329990662440827,22.512813795037097,-0.00811812623287235
try_because_stairs_loyal_siren_permit_gorilla_good,IgA,0,5,-0.13329990662440827,4.080446651099431,-0.640234896279322
try_because_stairs_loyal_siren_permit_gorilla_good,IgA,1,6,0.9635635070700442,4.668096356145188,-1.0125294137505352
try_because_stairs_loyal_siren_permit_gorilla_good,IgA,2,11,-1.049065379029741,8.748543007244617,-0.8894121864722222
try_because_stairs_loyal_siren_permit_gorilla_good,IgA,3,13,0.04884662497261053,10.30457512595968,-1.0980182254589486
try_because_stairs_loyal_siren_permit_gorilla_good,IgA,4,14,0.22300002082450082,10.130759413758344,-1.4095375295845667
try_because_stairs_loyal_siren_permit_gorilla_good,IgA,5,15,0.5589724541282979,13.002805370545385,-0.9253787580293557
try_because_stairs_loyal_siren_permit_gorilla_good,IgA,6,16,0.5589724541282979,11.686791532473407,-1.3543888195419254
try_because_stairs_loyal_siren_permit_gorilla_good,IgA,7,16,0.9635635070700442,14.351920492838236,-1.490721143304313
try_because_stairs_loyal_siren_permit_gorilla_good,IgA,8,21,1.0686328406949839,18.432367143937665,-1.0354853427851147
try_because_stairs_loyal_siren_permit_gorilla_good,IgA,9,27,0.37694241891061303,23.100463500082853,-0.7698642579987753
try_because_stairs_loyal_siren_permit_gorilla_good,IgA,10,30,0.202822310231392,24.101947197973033,-0.7410909972161084
try_because_stairs_loyal_siren_permit_gorilla_good,IgA,11,47,0.9635635070700442,4.668096356145188,-0.8894121864722222
twenty_monitor_cram_claw_fetch_kit_firm_nation,IgA,0,16,-0.4207631544924123,12.067524241096955,-0.3002107787130105
twenty_monitor_cram_claw_fetch_kit_firm_nation,IgA,1,17,-0.2873255496957979,13.416639363389805,-0.3002107787130105
twenty_monitor_cram_claw_fetch_kit_firm_nation,IgA,2,17,-0.2873255496957979,13.416639363389805,-0.3002107787130105
twenty_monitor_cram_claw_fetch_kit_firm_nation,IgA,3,17,-0.2873255496957979,13.416639363389805,-0.3002107787130105
twenty_monitor_cram_claw_fetch_kit_firm_nation,IgA,4,18,-0.2873255496957979,14.38502177705911,-0.3002107787130105
twenty_monitor_cram_claw_fetch_kit_firm_nation,IgA,5,19,-0.13329990662440827,15.734136899351963,-0.3002107787130105
twenty_monitor_cram_claw_fetch_kit_firm_nation,IgA,6,19,-0.13329990662440827,15.734136899351963,-0.3002107787130105
twenty_monitor_cram_claw_fetch_kit_firm_nation,IgA,7,19,-0.13329990662440827,15.734136899351963,-0.3002107787130105
twenty_monitor_cram_claw_fetch_kit_firm_nation,IgA,8,19,-0.13329990662440827,15.734136899351963,-0.3002107787130105
twenty_monitor_cram_claw_fetch_kit_firm_nation,IgA,9,19,-0.13329990662440827,15.734136899351963,-0.3002107787130105
twenty_monitor_cram_claw_fetch_kit_firm_nation,IgA,10,19,-0.13329990662440827,15.734136899351963,-0.3002107787130105
twenty_monitor_cram_claw_fetch_kit_firm_nation,IgA,11,19,-1.5189376502879606,15.353404190728416,-0.3002107787130105
twenty_monitor_cram_claw_fetch_kit_firm_nation,IgA,12,19,-0.13329990662440827,15.734136899351963,-0.3002107787130105
twenty_monitor_cram_claw_fetch_kit_firm_nation,IgA,13,19,-1.5189376502879606,15.353404190728416,-0.3002107787130105
twenty_monitor_cram_claw_fetch_kit_firm_nation,IgA,14,20,-0.13329990662440827,16.70251931302127,-0.3002107787130105
twenty_monitor_cram_claw_fetch_kit_firm_nation,IgA,15,21,-0.2873255496957979,17.290169018067026,-0.3002107787130105
twenty_monitor_cram_claw_fetch_kit_firm_nation,IgA,16,21,-0.2873255496957979,17.290169018067026,-0.3002107787130105
twenty_monitor_cram_claw_fetch_kit_firm_nation,IgA,17,21,-0.028036630969030377,16.147970892196383,-0.3050063177555879
twenty_monitor_cram_claw_fetch_kit_firm_nation,IgA,18,21,-0.13329990662440827,17.670901726690573,-0.30980186564056617
twenty_monitor_cram_claw_fetch_kit_firm_nation,IgA,19,22,-0.2873255496957979,18.25855143173633,-0.3002107787130105
twenty_monitor_cram_claw_fetch_kit_firm_nation,IgA,20,22,0.22300002082450082,17.87781872311278,-0.3002107787130105
twenty_monitor_cram_claw_fetch_kit_firm_nation,IgA,21,22,-0.4207631544924123,17.87781872311278,-0.30660484255964815
twenty_monitor_cram_claw_fetch_kit_firm_nation,IgA,22,22,-0.2873255496957979,18.25855143173633,-0.3002107787130105
twenty_monitor_cram_claw_fetch_kit_firm_nation,IgA,23,22,-0.2873255496957979,18.25855143173633,-0.3002107787130105
twenty_monitor_cram_claw_fetch_kit_firm_nation,IgA,24,22,0.22300002082450082,17.87781872311278,-0.3002107787130105
twenty_monitor_cram_claw_fetch_kit_firm_nation,IgA,25,23,0.37694241891061303,19.226933845405632,-0.3002107787130105
twenty_monitor_cram_claw_fetch_kit_firm_nation,IgA,26,23,-0.2873255496957979,19.226933845405632,-0.30980186564056617
twenty_monitor_cram_claw_fetch_kit_firm_nation,IgA,27,23,0.37694241891061303,19.226933845405632,-0.3002107787130105
twenty_monitor_cram_claw_fetch_kit_firm_nation,IgA,28,23,0.22300002082450082,18.846201136782085,-0.3002107787130105
twenty_monitor_cram_claw_fetch_kit_firm_nation,IgA,29,24,0.37694241891061303,20.19531625907494,-0.3002107787130105
twenty_monitor_cram_claw_fetch_kit_firm_nation,IgA,30,24,0.37694241891061303,20.19531625907494,-0.3002107787130105
twenty_monitor_cram_claw_fetch_kit_firm_nation,IgA,31,24,0.37694241891061303,20.19531625907494,-0.3002107787130105
twenty_monitor_cram_claw_fetch_kit_firm_nation,IgA,32,26,-1.3854375349398593,22.512813795037097,-0.30660484255964815
twenty_monitor_cram_claw_fetch_kit_firm_nation,IgA,33,26,0.5589724541282979,20.228417543295816,-0.30660484255964815
twenty_monitor_cram_claw_fetch_kit_firm_nation,IgA,34,26,0.5589724541282979,20.228417543295816,-0.30660484255964815
twenty_monitor_cram_claw_fetch_kit_firm_nation,IgA,35,28,0.22300002082450082,23.688113205128612,-0.3002107787130105
vibrant_plastic_increase_black_firm_exist_anger_visit,IgA,0,13,1.1172774456369179,9.923842417336134,0.23740019315081906
vibrant_plastic_increase_black_firm_exist_anger_visit,IgA,1,18,-1.6366963584974425,14.004289068435563,-0.6399766920896693
vibrant_plastic_increase_black_firm_exist_anger_visit,IgA,2,19,0.08962486797974716,14.59193877348132,-0.7929471511828363
vibrant_plastic_increase_black_firm_exist_anger_visit,IgA,3,19,-1.3854375349398593,15.734136899351963,-0.3222857244322286
vibrant_plastic_increase_black_firm_exist_anger_visit,IgA,4,19,0.22300002082450082,14.972671482104868,-0.4879498672689548
vibrant_plastic_increase_black_firm_exist_anger_visit,IgA,5,19,0.22300002082450082,14.972671482104868,-0.4879498672689548
vibrant_plastic_increase_black_firm_exist_anger_visit,IgA,6,19,0.08962486797974716,14.59193877348132,-0.7929471511828363
vibrant_plastic_increase_black_firm_exist_anger_visit,IgA,7,19,0.08962486797974716,14.59193877348132,-0.7929471511828363
vibrant_plastic_increase_black_firm_exist_anger_visit,IgA,8,20,0.7816788823627474,17.083252021644814,0.23740019315081906
vibrant_plastic_increase_black_firm_exist_anger_visit,IgA,9,22,-0.5384732379786434,17.497086014489234,-0.42871045009969183
vibrant_plastic_increase_black_firm_exist_anger_visit,IgA,10,22,0.08962486797974716,17.497086014489234,-0.9035579212279425
vibrant_plastic_increase_black_firm_exist_anger_visit,IgA,11,22,1.0686328406949839,19.40074955760697,-0.6443362786644493
vibrant_plastic_increase_black_firm_exist_anger_visit,IgA,12,23,0.4256596947182628,18.084735719534994,-0.7929471511828363
vibrant_plastic_increase_black_firm_exist_anger_visit,IgA,13,24,-0.8260093901221207,18.291652715957206,-0.631257536624911
vibrant_plastic_increase_black_firm_exist_anger_visit,IgA,14,25,0.08962486797974716,20.40223325549715,-0.7929471511828363
vibrant_plastic_increase_black_firm_exist_anger_visit,IgA,15,25,0.5589724541282979,20.40223325549715,-0.733707715023431
vibrant_plastic_increase_black_firm_exist_anger_visit,IgA,16,25,-0.13329990662440827,19.640767838250056,-0.687932109042646
vibrant_plastic_increase_black_firm_exist_anger_visit,IgA,17,25,0.22300002082450082,20.7829659641207,-0.7467864924325728
vibrant_plastic_increase_black_firm_exist_anger_visit,IgA,18,25,0.4256596947182628,20.021500546873604,-0.44178917445442845
vibrant_plastic_increase_black_firm_exist_anger_visit,IgA,19,25,-0.13329990662440827,19.640767838250056,-0.687932109042646
vibrant_plastic_increase_black_firm_exist_anger_visit,IgA,20,27,0.08962486797974716,22.338998082835758,-0.7929471511828363
vibrant_plastic_increase_black_firm_exist_anger_visit,IgA,21,28,-0.3154755856831075,21.78444966201088,-0.631257536624911
vibrant_plastic_increase_black_firm_exist_anger_visit,IgA,22,29,0.6765369043602282,23.514297492927277,-0.21346964647186967
vibrant_plastic_increase_black_firm_exist_anger_visit,IgA,23,29,0.5589724541282979,23.13356478430373,-0.6926767395445037
vibrant_plastic_increase_black_firm_exist_anger_visit,IgA,24,32,-1.5189376502879606,27.942375568429377,-0.6332638056000062
wait_robot_garden_embody_food_island_twelve_expect,IgA,0,20,-1.2313285566261374,17.083252021644814,-0.6972589856347551
wait_robot_garden_embody_food_island_twelve_expect,IgA,1,21,-0.2873255496957979,17.290169018067026,-0.7713718955092094
wait_robot_garden_embody_food_island_twelve_expect,IgA,2,21,-0.13329990662440827,17.670901726690573,-0.4772735824534783
wait_robot_garden_embody_food_island_twelve_expect,IgA,3,21,-0.2873255496957979,17.290169018067026,-0.7713718955092094
wait_robot_garden_embody_food_island_twelve_expect,IgA,4,21,-0.2873255496957979,17.290169018067026,-0.7713718955092094
wait_robot_garden_embody_food_island_twelve_expect,IgA,5,21,-0.2873255496957979,17.290169018067026,-0.7713718955092094
wait_robot_garden_embody_food_island_twelve_expect,IgA,6,22,-1.5189376502879606,18.25855143173633,-0.8058634935390481
wait_robot_garden_embody_food_island_twelve_expect,IgA,7,22,-1.5189376502879606,18.25855143173633,-0.8058634935390481
wait_robot_garden_embody_food_island_twelve_expect,IgA,8,24,0.5589724541282979,19.433850841827844,-0.5165098174144942
wait_robot_garden_embody_food_island_twelve_expect,IgA,9,24,0.5589724541282979,19.433850841827844,-0.5165098174144942
wait_robot_garden_embody_food_island_twelve_expect,IgA,10,24,0.5589724541282979,19.433850841827844,-0.5165098174144942
wait_robot_garden_embody_food_island_twelve_expect,IgA,11,24,0.5589724541282979,19.433850841827844,-0.5165098174144942
wait_robot_garden_embody_food_island_twelve_expect,IgA,12,24,0.5589724541282979,19.433850841827844,-0.5165098174144942
wait_robot_garden_embody_food_island_twelve_expect,IgA,13,24,0.5589724541282979,19.433850841827844,-0.5165098174144942
wait_robot_garden_embody_food_island_twelve_expect,IgA,14,24,0.5589724541282979,19.433850841827844,-0.5165098174144942
wait_robot_garden_embody_food_island_twelve_expect,IgA,15,24,0.5589724541282979,19.433850841827844,-0.5165098174144942
wait_robot_garden_embody_food_island_twelve_expect,IgA,16,24,0.5589724541282979,19.433850841827844,-0.5165098174144942
wait_robot_garden_embody_food_island_twelve_expect,IgA,17,24,0.5589724541282979,19.433850841827844,-0.5165098174144942
wait_robot_garden_embody_food_island_twelve_expect,IgA,18,24,0.8097873287703594,19.0531181332043,-0.6189600179190162
wait_robot_garden_embody_food_island_twelve_expect,IgA,19,24,0.5589724541282979,19.433850841827844,-0.5165098174144942
wait_robot_garden_embody_food_island_twelve_expect,IgA,20,24,0.8097873287703594,19.0531181332043,-0.6189600179190162
wait_robot_garden_embody_food_island_twelve_expect,IgA,21,24,0.8097873287703594,19.0531181332043,-0.6189600179190162
wait_robot_garden_embody_food_island_twelve_expect,IgA,22,24,0.5589724541282979,19.433850841827844,-0.5165098174144942
wait_robot_garden_embody_food_island_twelve_expect,IgA,23,24,0.5589724541282979,19.433850841827844,-0.5165098174144942
wait_robot_garden_embody_food_island_twelve_expect,IgA,24,24,0.5589724541282979,19.433850841827844,-0.5165098174144942
wait_robot_garden_embody_food_island_twelve_expect,IgA,25,24,0.5589724541282979,19.433850841827844,-0.5165098174144942
wait_robot_garden_embody_food_island_twelve_expect,IgA,26,24,0.5589724541282979,19.433850841827844,-0.5165098174144942
wait_robot_garden_embody_food_island_twelve_expect,IgA,27,24,0.5589724541282979,19.433850841827844,-0.5165098174144942
wait_robot_garden_embody_food_island_twelve_expect,IgA,28,24,0.5589724541282979,19.433850841827844,-0.5165098174144942
wait_robot_garden_embody_food_island_twelve_expect,IgA,29,24,0.5589724541282979,19.433850841827844,-0.5165098174144942
wait_robot_garden_embody_food_island_twelve_expect,IgA,30,24,0.5589724541282979,19.433850841827844,-0.5165098174144942
wait_robot_garden_embody_food_island_twelve_expect,IgA,31,24,0.5589724541282979,19.433850841827844,-0.5165098174144942
wait_robot_garden_embody_food_island_twelve_expect,IgA,32,25,-0.5384732379786434,20.40223325549715,-0.479453372424968
wait_robot_garden_embody_food_island_twelve_expect,IgA,33,28,-1.3854375349398593,24.449578622375707,-0.6925143575459789
wait_robot_garden_embody_food_island_twelve_expect,IgA,34,28,1.3453333641476,23.30738049650506,-0.45329586955578954
wait_robot_garden_embody_food_island_twelve_expect,IgA,35,28,-1.3854375349398593,24.449578622375707,-0.6925143575459789
wait_robot_garden_embody_food_island_twelve_expect,IgA,36,29,0.08962486797974716,24.27576291017437,-0.6189600179190162
wait_robot_garden_embody_food_island_twelve_expect,IgA,37,29,0.37694241891061303,25.037228327421467,-0.8040687638716564
wait_robot_garden_embody_food_island_twelve_expect,IgA,38,29,0.4256596947182628,23.89503020155082,-0.6189600179190162
wait_robot_garden_embody_food_island_twelve_expect,IgA,39,29,0.08962486797974716,24.27576291017437,-0.6189600179190162
wait_robot_garden_embody_food_island_twelve_expect,IgA,40,29,0.5589724541282979,25.41796103604501,-0.7277760673416129
wait_robot_garden_embody_food_island_twelve_expect,IgA,41,29,0.4256596947182628,23.89503020155082,-0.6189600179190162
wait_robot_garden_embody_food_island_twelve_expect,IgA,42,31,0.4256596947182628,25.83179502888943,-0.6189600179190162
wait_robot_garden_embody_food_island_twelve_expect,IgA,43,31,-0.6437753880682517,25.83179502888943,-0.7713718955092094
wait_robot_garden_embody_food_island_twelve_expect,IgA,44,31,-0.6437753880682517,25.83179502888943,-0.7713718955092094
wait_robot_garden_embody_food_island_twelve_expect,IgA,45,31,0.4256596947182628,25.83179502888943,-0.617338805737984
wait_robot_garden_embody_food_island_twelve_expect,IgA,46,31,0.4256596947182628,25.83179502888943,-0.6189600179190162
wait_robot_garden_embody_food_island_twelve_expect,IgA,47,31,0.4256596947182628,25.83179502888943,-0.617338805737984
wait_robot_garden_embody_food_island_twelve_expect,IgA,48,31,-0.6437753880682517,25.83179502888943,-0.7713718955092094
wait_robot_garden_embody_food_island_twelve_expect,IgA,49,32,-1.8373316675257687,26.800177442558738,-0.6254993800963846
wait_robot_garden_embody_food_island_twelve_expect,IgA,50,33,0.4256596947182628,27.76855985622804,-0.7648325278053405
wait_robot_garden_embody_food_island_twelve_expect,IgA,51,33,0.08962486797974716,28.149292564851585,-0.6189600179190162
wait_robot_garden_embody_food_island_twelve_expect,IgA,52,35,-1.5189376502879606,30.847522809437294,-1.1326587103268295
wait_robot_garden_embody_food_island_twelve_expect,IgA,53,36,0.4256596947182628,30.673707097235955,-0.6189600179190162
wait_robot_garden_embody_food_island_twelve_expect,IgA,54,40,-0.22853051939302463,33.78577133466608,-0.7146973230914744
wait_robot_garden_embody_food_island_twelve_expect,IgA,55,41,1.6540930966380338,35.13488645695893,-0.6184014487768248
wait_robot_garden_embody_food_island_twelve_expect,IgA,56,41,1.6540930966380338,35.13488645695893,-0.6184014487768248
wave_simple_vintage_rack_actor_slogan_boost_school,IgM,0,9,-0.8260093901221207,7.192510888529555,-1.1832170667454693
wave_simple_vintage_rack_actor_slogan_boost_school,IgM,1,10,-1.049065379029741,7.780160593575313,-1.1832170667454693
wave_simple_vintage_rack_actor_slogan_boost_school,IgM,2,10,-0.8260093901221207,8.160893302198861,-1.4202557501927866
wave_simple_vintage_rack_actor_slogan_boost_school,IgM,3,10,-0.8260093901221207,8.160893302198861,-1.4202557501927866
wave_simple_vintage_rack_actor_slogan_boost_school,IgM,4,12,-1.3854375349398593,8.955460003666829,-1.1832170667454693
wave_simple_vintage_rack_actor_slogan_boost_school,IgM,5,12,-1.3854375349398593,8.955460003666829,-1.1832170667454693
wave_simple_vintage_rack_actor_slogan_boost_school,IgM,6,13,-1.049065379029741,10.685307834583227,-1.1832170667454693
wave_simple_vintage_rack_actor_slogan_boost_school,IgM,7,14,-1.049065379029741,11.65369024825253,-1.1832170667454693
wave_simple_vintage_rack_actor_slogan_boost_school,IgM,8,15,-1.049065379029741,12.622072661921838,-1.1931487410548174
wave_simple_vintage_rack_actor_slogan_boost_school,IgM,9,19,-1.5189376502879606,15.353404190728416,-1.4202557501927866
wave_simple_vintage_rack_actor_slogan_boost_school,IgM,10,21,-1.049065379029741,18.432367143937665,-1.4202557501927866
wave_simple_vintage_rack_actor_slogan_boost_school,IgM,11,22,-0.2873255496957979,18.25855143173633,-0.8764933035466937
wave_simple_vintage_rack_actor_slogan_boost_school,IgM,12,22,-1.3854375349398593,18.639284140359877,-1.4202557501927866
wave_simple_vintage_rack_actor_slogan_boost_school,IgM,13,24,-1.3854375349398593,20.576048967698487,-1.4202557501927866
wave_simple_vintage_rack_actor_slogan_boost_school,IgM,14,24,0.22300002082450082,19.814583550451392,-1.2455590964049779
wave_simple_vintage_rack_actor_slogan_boost_school,IgM,15,25,-1.049065379029741,22.305896798614885,-1.4202557501927866
wrap_gauge_interest_attend_welcome_kiwi_unfold_lizard,IgM,0,9,-0.13329990662440827,7.953976305776649,-0.0826215394166981
wrap_gauge_interest_attend_welcome_kiwi_unfold_lizard,IgM,1,12,1.4726433090871196,10.09765812953747,-0.0826215394166981
wrap_gauge_interest_attend_welcome_kiwi_unfold_lizard,IgM,2,12,-0.13329990662440827,10.859123546784563,-0.0826215394166981
wrap_gauge_interest_attend_welcome_kiwi_unfold_lizard,IgM,3,12,1.4726433090871196,10.09765812953747,-0.0826215394166981
wrap_gauge_interest_attend_welcome_kiwi_unfold_lizard,IgM,4,13,0.9635635070700442,11.44677325183032,-0.3837168955283789
wrap_gauge_interest_attend_welcome_kiwi_unfold_lizard,IgM,5,13,-0.8260093901221207,11.066040543206775,-0.3196602341194974
wrap_gauge_interest_attend_welcome_kiwi_unfold_lizard,IgM,6,13,0.9635635070700442,11.44677325183032,-0.3837168955283789
wrap_gauge_interest_attend_welcome_kiwi_unfold_lizard,IgM,7,13,-0.8260093901221207,11.066040543206775,-0.3196602341194974
wrap_gauge_interest_attend_welcome_kiwi_unfold_lizard,IgM,8,13,-0.8260093901221207,11.066040543206775,-0.3196602341194974
wrap_gauge_interest_attend_welcome_kiwi_unfold_lizard,IgM,9,14,-0.13329990662440827,12.795888374123173,-0.0826215394166981
wrap_gauge_interest_attend_welcome_kiwi_unfold_lizard,IgM,10,14,-0.13329990662440827,12.795888374123173,-0.0826215394166981
wrap_gauge_interest_attend_welcome_kiwi_unfold_lizard,IgM,11,14,0.9635635070700442,12.415155665499626,-0.3837168955283789
wrap_gauge_interest_attend_welcome_kiwi_unfold_lizard,IgM,12,14,0.9635635070700442,12.415155665499626,-0.3837168955283789
wrap_gauge_interest_attend_welcome_kiwi_unfold_lizard,IgM,13,15,0.5589724541282979,14.145003496416024,-0.3093840556590579
wrap_gauge_interest_attend_welcome_kiwi_unfold_lizard,IgM,14,15,-0.13329990662440827,13.764270787792478,-0.20511210365982013
wrap_gauge_interest_attend_welcome_kiwi_unfold_lizard,IgM,15,15,-0.13329990662440827,13.764270787792478,-0.20511210365982013
wrap_gauge_interest_attend_welcome_kiwi_unfold_lizard,IgM,16,15,0.5589724541282979,14.145003496416024,-0.3093840556590579
wrap_gauge_interest_attend_welcome_kiwi_unfold_lizard,IgM,17,15,-0.13329990662440827,13.764270787792478,-0.20511210365982013
wrap_gauge_interest_attend_welcome_kiwi_unfold_lizard,IgM,18,15,-0.13329990662440827,13.764270787792478,-0.20511210365982013
wrap_gauge_interest_attend_welcome_kiwi_unfold_lizard,IgM,19,15,-0.13329990662440827,13.764270787792478,-0.20511210365982013
wrap_gauge_interest_attend_welcome_kiwi_unfold_lizard,IgM,20,16,-0.5384732379786434,14.351920492838236,-0.26916879199252014
wrap_gauge_interest_attend_welcome_kiwi_unfold_lizard,IgM,21,16,0.5589724541282979,15.113385910085329,-0.3093840556590579
wrap_gauge_interest_attend_welcome_kiwi_unfold_lizard,IgM,22,16,0.5589724541282979,15.113385910085329,-0.442150805188555
wrap_gauge_interest_attend_welcome_kiwi_unfold_lizard,IgM,23,17,6.907755278982137,16.081768323754634,-0.34603763935104004
wrap_gauge_interest_attend_welcome_kiwi_unfold_lizard,IgM,24,17,-0.5384732379786434,15.32030290650754,-0.26916879199252014
wrap_gauge_interest_attend_welcome_kiwi_unfold_lizard,IgM,25,17,6.907755278982137,16.081768323754634,-0.34603763935104004
wrap_gauge_interest_attend_welcome_kiwi_unfold_lizard,IgM,26,18,-0.5384732379786434,16.288685320176846,-0.3196602341194974
wrap_gauge_interest_attend_welcome_kiwi_unfold_lizard,IgM,27,18,0.5589724541282979,17.05015073742394,-0.3093840556590579
wrap_gauge_interest_attend_welcome_kiwi_unfold_lizard,IgM,28,18,0.5589724541282979,15.907952611553299,-0.12735390299587313
wrap_gauge_interest_attend_welcome_kiwi_unfold_lizard,IgM,29,18,0.5589724541282979,17.05015073742394,-0.3093840556590579
wrap_gauge_interest_attend_welcome_kiwi_unfold_lizard,IgM,30,18,-0.5384732379786434,16.288685320176846,-0.26916879199252014
wrap_gauge_interest_attend_welcome_kiwi_unfold_lizard,IgM,31,18,-0.5384732379786434,16.288685320176846,-0.3196602341194974
wrap_gauge_interest_attend_welcome_kiwi_unfold_lizard,IgM,32,19,0.2717276959164277,16.495602316599054,-0.327400352036333
wrap_gauge_interest_attend_welcome_kiwi_unfold_lizard,IgM,33,19,0.5589724541282979,16.876335025222602,-0.3685049774540827
wrap_gauge_interest_attend_welcome_kiwi_unfold_lizard,IgM,34,19,0.5589724541282979,16.876335025222602,-0.3685049774540827
wrap_gauge_interest_attend_welcome_kiwi_unfold_lizard,IgM,35,19,0.5589724541282979,16.876335025222602,-0.3685049774540827
wrap_gauge_interest_attend_welcome_kiwi_unfold_lizard,IgM,36,19,0.2717276959164277,16.495602316599054,-0.327400352036333
wrap_gauge_interest_attend_welcome_kiwi_unfold_lizard,IgM,37,19,0.2717276959164277,16.495602316599054,-0.327400352036333
wrap_gauge_interest_attend_welcome_kiwi_unfold_lizard,IgM,38,19,0.2717276959164277,16.495602316599054,-0.327400352036333
wrap_gauge_interest_attend_welcome_kiwi_unfold_lizard,IgM,39,19,-0.13329990662440827,17.637800442469697,-0.4010461620860035
wrap_gauge_interest_attend_welcome_kiwi_unfold_lizard,IgM,40,19,0.9635635070700442,17.25706773384615,-0.442150805188555
wrap_gauge_interest_attend_welcome_kiwi_unfold_lizard,IgM,41,19,-0.5384732379786434,17.25706773384615,-0.4010461620860035
wrap_gauge_interest_attend_welcome_kiwi_unfold_lizard,IgM,42,19,-0.5384732379786434,17.25706773384615,-0.4010461620860035
wrap_gauge_interest_attend_welcome_kiwi_unfold_lizard,IgM,43,19,-1.049065379029741,16.495602316599054,-0.34603763935104004
wrap_gauge_interest_attend_welcome_kiwi_unfold_lizard,IgM,44,20,0.2717276959164277,17.46398473026836,-0.492505938994469
wrap_gauge_interest_attend_welcome_kiwi_unfold_lizard,IgM,45,20,0.9635635070700442,18.225450147515456,-0.442150805188555
wrap_gauge_interest_attend_welcome_kiwi_unfold_lizard,IgM,46,20,0.5589724541282979,17.84471743889191,-0.4353000313381298
wrap_gauge_interest_attend_welcome_kiwi_unfold_lizard,IgM,47,20,0.2717276959164277,17.46398473026836,-0.492505938994469
wrap_gauge_interest_attend_welcome_kiwi_unfold_lizard,IgM,48,20,0.5589724541282979,17.84471743889191,-0.4353000313381298
wrap_gauge_interest_attend_welcome_kiwi_unfold_lizard,IgM,49,20,0.2717276959164277,17.46398473026836,-0.327400352036333
wrap_gauge_interest_attend_welcome_kiwi_unfold_lizard,IgM,50,21,0.5589724541282979,17.670901726690573,-0.3196602341194974
wrap_gauge_interest_attend_welcome_kiwi_unfold_lizard,IgM,51,21,-1.2313285566261374,18.051634435314117,-0.60280531505132
wrap_gauge_interest_attend_welcome_kiwi_unfold_lizard,IgM,52,21,0.7816788823627474,18.051634435314117,-0.4353000313381298
wrap_gauge_interest_attend_welcome_kiwi_unfold_lizard,IgM,53,21,0.7816788823627474,18.051634435314117,-0.2689664512185577
wrap_gauge_interest_attend_welcome_kiwi_unfold_lizard,IgM,54,21,0.5589724541282979,17.670901726690573,-0.3196602341194974
wrap_gauge_interest_attend_welcome_kiwi_unfold_lizard,IgM,55,21,-1.2313285566261374,18.051634435314117,-0.60280531505132
wrap_gauge_interest_attend_welcome_kiwi_unfold_lizard,IgM,56,21,0.7816788823627474,18.051634435314117,-0.2689664512185577
wrap_gauge_interest_attend_welcome_kiwi_unfold_lizard,IgM,57,21,0.7816788823627474,18.051634435314117,-0.2689664512185577
wrap_gauge_interest_attend_welcome_kiwi_unfold_lizard,IgM,58,22,0.2717276959164277,19.40074955760697,-0.3685049774540827
wrap_gauge_interest_attend_welcome_kiwi_unfold_lizard,IgM,59,22,1.6540930966380338,20.54294768347761,-0.4274235874154292
wrap_gauge_interest_attend_welcome_kiwi_unfold_lizard,IgM,60,22,0.2717276959164277,19.40074955760697,-0.3685049774540827
wrap_gauge_interest_attend_welcome_kiwi_unfold_lizard,IgM,61,23,0.37694241891061303,19.226933845405632,-0.552450201343289
wrap_gauge_interest_attend_welcome_kiwi_unfold_lizard,IgM,62,24,-0.13329990662440827,20.576048967698487,-0.3685049774540827
wrap_gauge_interest_attend_welcome_kiwi_unfold_lizard,IgM,63,24,-0.13329990662440827,20.576048967698487,-0.3685049774540827
wrap_gauge_interest_attend_welcome_kiwi_unfold_lizard,IgM,64,24,0.37694241891061303,20.19531625907494,-0.43256167664564893
wrap_gauge_interest_attend_welcome_kiwi_unfold_lizard,IgM,65,24,-0.13329990662440827,20.576048967698487,-0.3685049774540827
wrap_gauge_interest_attend_welcome_kiwi_unfold_lizard,IgM,66,26,-0.8260093901221207,23.655011920907736,-0.5079201536307232
wrap_gauge_interest_attend_welcome_kiwi_unfold_lizard,IgM,67,26,-0.8260093901221207,23.655011920907736,-0.5079201536307232
wrap_gauge_interest_attend_welcome_kiwi_unfold_lizard,IgM,68,26,-0.8260093901221207,23.655011920907736,-0.5079201536307232
wrap_gauge_interest_attend_welcome_kiwi_unfold_lizard,IgM,69,26,-0.8260093901221207,23.655011920907736,-0.5079201536307232
wrap_gauge_interest_attend_welcome_kiwi_unfold_lizard,IgM,70,26,-0.8260093901221207,23.655011920907736,-0.5079201536307232
wrap_gauge_interest_attend_welcome_kiwi_unfold_lizard,IgM,71,26,-0.8260093901221207,23.655011920907736,-0.5079201536307232
zero_protect_copper_urge_ski_real_satoshi_quantum,IgM,0,11,-1.3854375349398593,7.987077589997524,-0.08421151063779582
zero_protect_copper_urge_ski_real_satoshi_quantum,IgM,1,11,-1.3854375349398593,7.987077589997524,-0.08421151063779582
zero_protect_copper_urge_ski_real_satoshi_quantum,IgM,2,11,-1.3854375349398593,7.987077589997524,-0.08421151063779582
zero_protect_copper_urge_ski_real_satoshi_quantum,IgM,3,11,0.04884662497261053,8.367810298621071,-0.665352784752387
zero_protect_copper_urge_ski_real_satoshi_quantum,IgM,4,11,0.04884662497261053,8.367810298621071,-0.665352784752387
zero_protect_copper_urge_ski_real_satoshi_quantum,IgM,5,11,0.04884662497261053,8.367810298621071,-0.665352784752387
zero_protect_copper_urge_ski_real_satoshi_quantum,IgM,6,12,0.5589724541282979,10.09765812953747,-0.665352784752387
zero_protect_copper_urge_ski_real_satoshi_quantum,IgM,7,13,0.5589724541282979,9.923842417336134,-0.07695915072008731
zero_protect_copper_urge_ski_real_satoshi_quantum,IgM,8,13,-1.049065379029741,10.685307834583227,-0.1641371871377552
zero_protect_copper_urge_ski_real_satoshi_quantum,IgM,9,13,0.5589724541282979,9.923842417336134,-0.3518035368164818
zero_protect_copper_urge_ski_real_satoshi_quantum,IgM,10,13,0.5589724541282979,9.923842417336134,-0.3518035368164818
zero_protect_copper_urge_ski_real_satoshi_quantum,IgM,11,13,0.5589724541282979,9.923842417336134,-0.3518035368164818
zero_protect_copper_urge_ski_real_satoshi_quantum,IgM,12,14,0.5589724541282979,10.89222483100544,-0.41632523822442485
zero_protect_copper_urge_ski_real_satoshi_quantum,IgM,13,14,0.5589724541282979,10.89222483100544,-0.3518035368164818
zero_protect_copper_urge_ski_real_satoshi_quantum,IgM,14,15,-0.8260093901221207,13.002805370545385,-0.3985010231814723
zero_protect_copper_urge_ski_real_satoshi_quantum,IgM,15,15,0.5589724541282979,11.860607244674743,-0.41632523822442485
zero_protect_copper_urge_ski_real_satoshi_quantum,IgM,16,16,-1.3854375349398593,12.828989658344048,-0.2945976227308231
zero_protect_copper_urge_ski_real_satoshi_quantum,IgM,17,16,-1.3854375349398593,12.828989658344048,-0.2945976227308231
zero_protect_copper_urge_ski_real_satoshi_quantum,IgM,18,16,0.37694241891061303,12.448256949720502,-0.41632523822442485
zero_protect_copper_urge_ski_real_satoshi_quantum,IgM,19,16,0.37694241891061303,12.448256949720502,-0.41632523822442485
zero_protect_copper_urge_ski_real_satoshi_quantum,IgM,20,16,0.37694241891061303,12.448256949720502,-0.41632523822442485
zero_protect_copper_urge_ski_real_satoshi_quantum,IgM,21,17,0.37694241891061303,13.416639363389805,-0.41632523822442485
zero_protect_copper_urge_ski_real_satoshi_quantum,IgM,22,17,-0.13329990662440827,13.797372072013353,-0.2021018848568611
zero_protect_copper_urge_ski_real_satoshi_quantum,IgM,23,17,-1.2313285566261374,14.1781047806369,-0.45171064957358276
zero_protect_copper_urge_ski_real_satoshi_quantum,IgM,24,17,-0.2873255496957979,13.416639363389805,-0.4702750778753232
zero_protect_copper_urge_ski_real_satoshi_quantum,IgM,25,17,0.22300002082450082,13.035906654766258,-0.2538945679061551
zero_protect_copper_urge_ski_real_satoshi_quantum,IgM,26,17,0.22300002082450082,13.035906654766258,-0.2538945679061551
zero_protect_copper_urge_ski_real_satoshi_quantum,IgM,27,17,0.8947453855092655,13.416639363389805,-0.024426319929849574
zero_protect_copper_urge_ski_real_satoshi_quantum,IgM,28,18,0.04884662497261053,15.146487194306205,-0.0582356594198334
zero_protect_copper_urge_ski_real_satoshi_quantum,IgM,29,18,-0.8260093901221207,15.907952611553299,-0.33124092638845015
zero_protect_copper_urge_ski_real_satoshi_quantum,IgM,30,18,-0.8260093901221207,15.907952611553299,-0.33124092638845015
zero_protect_copper_urge_ski_real_satoshi_quantum,IgM,31,19,-0.2873255496957979,15.353404190728416,-0.8809930637779655
zero_protect_copper_urge_ski_real_satoshi_quantum,IgM,32,19,-0.8260093901221207,16.876335025222602,-0.33124092638845015
zero_protect_copper_urge_ski_real_satoshi_quantum,IgM,33,19,-0.5384732379786434,14.59193877348132,-0.4070747386786614
zero_protect_copper_urge_ski_real_satoshi_quantum,IgM,34,19,0.8947453855092655,15.353404190728416,-0.024426319929849574
zero_protect_copper_urge_ski_real_satoshi_quantum,IgM,35,19,0.7128316973393489,14.972671482104868,-0.024426319929849574
zero_protect_copper_urge_ski_real_satoshi_quantum,IgM,36,20,0.5589724541282979,15.560321187150626,-0.08694985226915648
zero_protect_copper_urge_ski_real_satoshi_quantum,IgM,37,20,0.22300002082450082,15.941053895774173,-0.3945047531727257
zero_protect_copper_urge_ski_real_satoshi_quantum,IgM,38,20,-0.5384732379786434,15.560321187150626,-0.23864964807555145
zero_protect_copper_urge_ski_real_satoshi_quantum,IgM,39,20,0.5589724541282979,15.560321187150626,-0.08694985226915648
zero_protect_copper_urge_ski_real_satoshi_quantum,IgM,40,20,-0.2873255496957979,16.321786604397722,-0.3945047531727257
zero_protect_copper_urge_ski_real_satoshi_quantum,IgM,41,20,-0.028036630969030377,15.17958847852708,-0.08694985226915648
zero_protect_copper_urge_ski_real_satoshi_quantum,IgM,42,20,-0.2873255496957979,16.321786604397722,-0.3945047531727257
zero_protect_copper_urge_ski_real_satoshi_quantum,IgM,43,21,-0.4207631544924123,16.90943630944348,-0.5541970398582308
zero_protect_copper_urge_ski_real_satoshi_quantum,IgM,44,21,0.7128316973393489,16.90943630944348,-0.33130438744886137
zero_protect_copper_urge_ski_real_satoshi_quantum,IgM,45,22,0.5589724541282979,12.828989658344048,-0.41632523822442485
zero_protect_copper_urge_ski_real_satoshi_quantum,IgM,46,22,-0.5384732379786434,17.497086014489234,-0.3945047531727257
zero_protect_copper_urge_ski_real_satoshi_quantum,IgM,47,22,-0.5384732379786434,17.497086014489234,-0.3945047531727257
zero_protect_copper_urge_ski_real_satoshi_quantum,IgM,48,22,0.08962486797974716,17.497086014489234,-0.4956697699906103
zero_protect_copper_urge_ski_real_satoshi_quantum,IgM,49,22,-0.028036630969030377,17.11635330586569,-0.3945047531727257
zero_protect_copper_urge_ski_real_satoshi_quantum,IgM,50,22,0.202822310231392,16.354887888618595,-0.08694985226915648
zero_protect_copper_urge_ski_real_satoshi_quantum,IgM,51,22,0.5589724541282979,17.497086014489234,-0.3945047531727257
zero_protect_copper_urge_ski_real_satoshi_quantum,IgM,52,22,-0.5384732379786434,17.497086014489234,-0.3945047531727257
zero_protect_copper_urge_ski_real_satoshi_quantum,IgM,53,23,-0.5384732379786434,18.46546842815854,-0.3945047531727257
zero_protect_copper_urge_ski_real_satoshi_quantum,IgM,54,23,0.5589724541282979,18.46546842815854,-0.08694985226915648
zero_protect_copper_urge_ski_real_satoshi_quantum,IgM,55,23,-0.5384732379786434,18.46546842815854,-0.3945047531727257
zero_protect_copper_urge_ski_real_satoshi_quantum,IgM,56,23,0.202822310231392,17.3232703022879,-0.08694985226915648
zero_protect_copper_urge_ski_real_satoshi_quantum,IgM,57,24,-0.7390378116919329,18.672385424580753,0.13068855422373515
zero_protect_copper_urge_ski_real_satoshi_quantum,IgM,58,24,-0.7390378116919329,18.672385424580753,0.13068855422373515
zero_protect_copper_urge_ski_real_satoshi_quantum,IgM,59,24,-0.2873255496957979,20.19531625907494,-0.3945047531727257
zero_protect_copper_urge_ski_real_satoshi_quantum,IgM,60,24,-0.7390378116919329,18.672385424580753,0.13068855422373515
zero_protect_copper_urge_ski_real_satoshi_quantum,IgM,61,24,-0.7390378116919329,18.672385424580753,0.13068855422373515
zero_protect_copper_urge_ski_real_satoshi_quantum,IgM,62,24,0.22300002082450082,19.814583550451392,-0.3945047531727257
zero_protect_copper_urge_ski_real_satoshi_quantum,IgM,63,24,-0.7390378116919329,18.672385424580753,0.13068855422373515
zero_protect_copper_urge_ski_real_satoshi_quantum,IgM,64,24,-0.7390378116919329,18.672385424580753,0.13068855422373515
zero_protect_copper_urge_ski_real_satoshi_quantum,IgM,65,24,0.22300002082450082,19.814583550451392,-0.3945047531727257
zero_protect_copper_urge_ski_real_satoshi_quantum,IgM,66,24,0.22300002082450082,19.814583550451392,-0.3945047531727257
zero_protect_copper_urge_ski_real_satoshi_quantum,IgM,67,24,-0.22853051939302463,18.291652715957206,-0.3945047531727257
zero_protect_copper_urge_ski_real_satoshi_quantum,IgM,68,24,-0.7390378116919329,18.672385424580753,0.13068855422373515
zero_protect_copper_urge_ski_real_satoshi_quantum,IgM,69,25,-0.4207631544924123,20.7829659641207,-0.6101450233559033
zero_protect_copper_urge_ski_real_satoshi_quantum,IgM,70,25,-0.4207631544924123,20.7829659641207,-0.9129633387991496
zero_protect_copper_urge_ski_real_satoshi_quantum,IgM,71,25,-0.4207631544924123,20.7829659641207,-0.6101450233559033
zero_protect_copper_urge_ski_real_satoshi_quantum,IgM,72,25,-0.4207631544924123,20.7829659641207,-0.6101450233559033
zero_protect_copper_urge_ski_real_satoshi_quantum,IgM,73,25,-0.4207631544924123,20.7829659641207,-0.6101450233559033
zero_protect_copper_urge_ski_real_satoshi_quantum,IgM,74,25,-0.4207631544924123,20.7829659641207,-0.6101450233559033
zero_protect_copper_urge_ski_real_satoshi_quantum,IgM,75,25,-0.4207631544924123,20.7829659641207,-0.6101450233559033
zero_protect_copper_urge_ski_real_satoshi_quantum,IgM,76,25,-0.4207631544924123,20.7829659641207,-0.6101450233559033
zero_protect_copper_urge_ski_real_satoshi_quantum,IgM,77,25,-0.4207631544924123,20.7829659641207,-0.6101450233559033
zero_protect_copper_urge_ski_real_satoshi_quantum,IgM,78,26,-0.7390378116919329,20.60915025191936,0.13068855422373515
zero_protect_copper_urge_ski_real_satoshi_quantum,IgM,79,26,-0.5384732379786434,21.370615669166455,-0.60814688835153
zero_protect_copper_urge_ski_real_satoshi_quantum,IgM,80,26,-0.5384732379786434,21.370615669166455,-0.9129633387991496
zero_protect_copper_urge_ski_real_satoshi_quantum,IgM,81,26,0.5589724541282979,21.370615669166455,-0.3945047531727257
zero_protect_copper_urge_ski_real_satoshi_quantum,IgM,82,26,-1.7420374117716249,21.370615669166455,-0.27803129797987447
zero_protect_copper_urge_ski_real_satoshi_quantum,IgM,83,26,-0.13329990662440827,22.512813795037097,-0.4982490740453599
zero_protect_copper_urge_ski_real_satoshi_quantum,IgM,84,26,-0.4207631544924123,21.751348377790002,-0.8889856568498637
zero_protect_copper_urge_ski_real_satoshi_quantum,IgM,85,26,-0.4207631544924123,21.751348377790002,-0.6101450233559033
zero_protect_copper_urge_ski_real_satoshi_quantum,IgM,86,26,-0.4207631544924123,21.751348377790002,-0.8889856568498637
zero_protect_copper_urge_ski_real_satoshi_quantum,IgM,87,26,-0.7390378116919329,20.60915025191936,0.13068855422373515
zero_protect_copper_urge_ski_real_satoshi_quantum,IgM,88,27,-0.4207631544924123,22.719730791459305,-0.6101450233559033
zero_protect_copper_urge_ski_real_satoshi_quantum,IgM,89,27,0.10762348706378222,20.816067248341575,-0.3125809085093898
zero_protect_copper_urge_ski_real_satoshi_quantum,IgM,90,28,0.22300002082450082,23.688113205128612,-0.4982490740453599
zero_protect_copper_urge_ski_real_satoshi_quantum,IgM,91,28,0.10762348706378222,21.78444966201088,-0.3125809085093898
zero_protect_copper_urge_ski_real_satoshi_quantum,IgM,92,33,-0.22853051939302463,27.007094438980946,0.005704889517234843
zero_protect_copper_urge_ski_real_satoshi_quantum,IgM,93,34,-0.7390378116919329,28.3562095612738,-0.3045883508070948
zero_protect_copper_urge_ski_real_satoshi_quantum,IgM,94,36,-0.8260093901221207,29.91224167998886,-0.1367444003140772
zero_protect_copper_urge_ski_real_satoshi_quantum,IgM,95,52,1.6540930966380338,6.985593892107344,-0.3945047531727257
zero_protect_copper_urge_ski_real_satoshi_quantum,IgM,96,55,-0.8260093901221207,9.129275715868165,-0.3945047531727257
