lineage,v_gene,donor,lambda_S,lambda_R,r2,n_edges
ability_rival_spatial_verb_glare_merit_suffer_inch,IGHV3-74,07,0.3322621823577854,0.0,0.04983408703277192,5
above_permit_element_always_bracket_shoot_quantum_accuse,IGHV3-23,01,0.0,0.0,-0.3028257238784431,4
abstract_silk_height_useful_raise_eye_brain_diamond,IGHV3-53,08,0.0,1.7594673020915625,-0.031121257932410495,10
achieve_rib_update_glance_notice_guess_nothing_there,IGHV3-53,05,0.05400985855769818,0.0,0.08916386468455217,4
acid_run_awkward_december_display_deer_ski_excuse,IGHV3-9,02,0.0,11.519245803751003,0.44475550904536776,7
acquire_night_record_rival_chunk_material_primary_acquire,IGHV1-18,02,0.0,1.197923757676863,-0.08436007951806435,5
across_mixed_umbrella_pulp_actual_future_pause_swallow,IGHV3-53,02,0.0,0.0,-0.04336884524356499,5
act_resemble_analyst_shell_soon_defy_drill_emotion,IGHV7-4-1,02,0.0,1.0505156071907225,-0.029639575668243934,5
action_copy_short_hello_fury_siege_festival_insane,IGHV6-1,07,0.05116137841945625,0.0,-0.0506731007265937,6
adapt_hospital_pledge_proud_review_region_curtain_wink,IGHV3-23,02,0.0,2.5496362138863593,-0.030866261174206988,4
admit_bracket_sting_hedgehog_certain_affair_hybrid_resource,IGHV1-18,02,0.0,0.0,-0.009746359658228343,4
admit_excess_winner_leisure_ignore_dust_open_hero,IGHV3-53,09,0.0,1.6145655761730513,0.01705622043997268,9
afford_poet_rotate_find_endless_tag_orchard_want,IGHV3-74,09,0.050625369554824405,0.0,-0.04493559735469144,21
afraid_beauty_rich_loop_vacant_twist_thunder_when,IGHV1-46,07,0.01628360930650853,0.0,0.01570308762671424,5
afraid_vendor_unveil_mom_security_gesture_clutch_panel,IGHV3-48,08,0.0735607589559179,0.7880532086177756,-0.009166434557875913,4
age_exile_film_sentence_pretty_manual_spin_receive,IGHV5-51,07,0.0,2.0725893374829605,0.30174176017859133,5
age_unable_measure_step_thumb_thing_absorb_adapt,IGHV4-31,11,0.0,0.0,-0.07306667058554761,9
album_blood_cabin_text_provide_junior_light_mistake,IGHV3-72,08,0.1557958189235048,1.1318153616519735,-0.05992052389135849,6
album_denial_rural_venture_dance_oblige_rabbit_abstract,IGHV1-3,01,0.0,0.0,-0.07543730926763725,5
allow_brass_drive_mother_aspect_great_solid_twelve,IGHV5-51,02,0.08906286816105685,0.0,-0.003177184004117928,9
almost_click_age_unknown_picnic_pear_hood_chief,IGHV4-61,06,0.0,0.0,-0.05098459427976887,5
alpha_venue_burden_syrup_whip_trouble_amused_step,IGHV3-53,09,0.0,2.4969444489524038,0.48379832334054695,4
alter_bike_tip_purity_region_note_island_distance,IGHV3-7,07,0.06670061245885495,0.0,-0.0264299834026136,5
alter_festival_pyramid_desert_wild_kid_captain_roof,IGHV1-2,07,0.10448908490076451,0.0,-0.13992329885648713,4
always_couple_flush_power_smoke_try_flag_wife,IGHV3-7,07,0.12858692705342747,0.0,0.022496071619785396,8
anger_jealous_field_first_stable_bacon_anxiety_ritual,IGHV1-46,02,0.40827912351511103,0.0,0.08946658870955027,6
announce_method_century_job_royal_green_hold_salon,IGHV3-53,02,0.2088409849896148,0.3677542596874259,0.4069456793336549,9
apart_negative_craft_drop_course_glass_income_cram,IGHV1-3,09,0.1786525078101034,1.6554798073586439,0.5739899818960938,6
apology_consider_away_answer_predict_rice_cream_raise,IGHV1-8,09,0.06560363285312416,0.12404370378531031,0.034550656162022686,10
april_ensure_catch_gate_foster_choice_sign_cycle,IGHV6-1,06,0.31063013296504727,0.0,0.4473677399888494,4
argue_finish_trust_despair_hole_oven_tank_rubber,IGHV3-74,02,0.005629683605891195,0.0,-0.1760326359681348,5
army_diet_spell_then_dice_meadow_drum_special,IGHV3-64,07,0.0,0.0,-0.034252490334609975,4
arrow_grant_select_dove_august_night_cradle_excess,IGHV3-74,05,0.0949122611095509,0.0,0.054363650917700124,4
arrow_trick_weather_require_enough_neither_nominee_dinosaur,IGHV3-74,09,0.0,0.0,-0.012868894220142257,5
athlete_beach_stone_arctic_ski_wrestle_address_crouch,IGHV3-48,02,0.0,0.0,-0.015625403295993934,4
atom_garlic_section_word_wash_learn_nothing_alone,IGHV3-74,09,0.04745795057286455,1.1903184582032096,0.10281589213317699,9
attack_fruit_fruit_much_exit_fabric_coast_error,IGHV3-7,07,0.0,0.0,-0.176641739355482,5
attend_bomb_access_captain_knock_song_lesson_phone,IGHV1-3,02,0.4570051632755563,0.0,0.3308630534423195,7
attitude_special_soul_nerve_boy_dinner_stamp_common,IGHV5-51,02,0.25866749185824717,0.35433073987472974,-0.38233821915113664,8
author_final_wrap_employ_gown_novel_fragile_frequent,IGHV3-53,03,0.11142784739247448,0.0,0.06339826923059,7
auto_foam_inside_street_have_orange_dilemma_depart,IGHV3-53,01,0.0,0.0,-0.054692703684628086,7
awkward_charge_modify_word_intact_clog_ski_garage,IGHV1-3,01,0.5143121411365552,0.0,0.803370853514734,4
awkward_universe_fitness_defense_own_twenty_benefit_bind,IGHV3-7,02,0.0,0.5849069475588334,0.002361738688469006,8
bachelor_furnace_oval_trophy_absent_time_reduce_dynamic,IGHV3-48,09,0.0,0.0,-0.08763796864653273,24
badge_kite_rain_cable_fly_pipe_meat_uniform,IGHV4-4,01,0.12527673379451656,0.0,0.10885452315338406,11
badge_someone_present_animal_token_inject_foil_cereal,IGHV5-51,07,0.0,0.3800069802002853,-0.5083174375075319,5
balance_act_mention_more_prosper_town_parent_barrel,IGHV1-8,02,0.0,0.0,-0.061119014542330596,4
banana_federal_trend_female_again_visa_gun_dragon,IGHV3-74,09,0.018282204423245504,2.6523099250305395,0.1362885738972246,4
banana_polar_offer_bracket_sting_allow_sad_obey,IGHV3-48,07,0.0,1.9013922294999817,-0.007964355426267389,4
bar_bean_ecology_item_rail_movie_crunch_swamp,IGHV1-18,07,0.0763786518039049,0.0,0.005713742055005078,4
basic_bamboo_before_birth_addict_mention_warrior_exclude,IGHV1-8,09,0.2300010171241611,1.693390182370393,0.32148542019501136,5
beach_moon_pledge_lecture_toilet_explain_cupboard_journey,IGHV3-74,07,0.12144294892328363,4.449694480277125,0.49924139438362247,9
beach_that_cherry_proof_outside_fish_broken_winner,IGHV3-13,02,0.0,0.0,-0.05780079106486835,11
begin_flat_bench_dash_water_attract_clever_shrimp,IGHV1-2,02,0.10991048294854354,0.0,0.01655021364849496,6
begin_make_fun_chapter_fiber_vibrant_cricket_coach,IGHV3-74,02,0.12622624108957922,4.6652417046165615,0.4617001013308192,4
behave_coffee_symbol_yellow_pause_ethics_latin_onion,IGHV5-51,02,0.18924699972343145,0.24013668473369493,0.31048553689997627,4
behind_legal_goat_edit_topple_pill_truly_brain,IGHV3-30,09,0.0,1.4389704504746388,0.37282838118728157,5
behind_mimic_fossil_curtain_tiny_junk_profit_saddle,IGHV1-46,02,0.1258126242400326,0.0,0.03164805192744202,4
beyond_start_novel_gospel_fruit_stomach_begin_rebel,IGHV3-74,05,0.0,0.0,-0.0753539903084699,5
bike_network_choice_blur_spike_urban_huge_bronze,IGHV3-30-3,02,0.06925330961052192,0.0,-0.02629137905593959,6
bird_impulse_lawsuit_crunch_advice_spare_describe_cotton,IGHV3-33,07,0.0019259129034240562,0.0,-0.0038540744868760246,7
bird_warrior_result_category_nominee_gadget_prevent_entire,IGHV3-21,02,0.0,0.0,-2.2297047954300604,5
blame_regular_cage_dwarf_cross_cotton_suggest_lion,IGHV1-58,02,0.012267291440727565,0.0,-0.21209873698658255,4
blame_sun_dad_busy_relax_liberty_veteran_enough,IGHV1-18,07,0.0,0.0,-0.1808254706687178,7
blanket_clutch_digital_drill_key_clay_cancel_scrap,IGHV3-48,03,0.1158479007336438,0.0,0.03251140464202551,7
blast_section_horn_yard_evil_spice_chief_mutual,IGHV3-74,02,0.41526494158785393,6.033656299020341,0.5635798384307603,6
blood_creek_oblige_ship_cause_craft_rookie_essence,IGHV4-NL1,07,0.0,0.0,-0.1506479097930269,6
blossom_midnight_siren_stay_swamp_museum_broken_carbon,IGHV4-34,02,0.10258272592118248,0.0,0.519850265820901,7
board_hover_inner_toward_finish_cream_escape_wash,IGHV3-7,08,0.022050993599612188,0.0,0.0028454086004724433,4
boat_pretty_clock_absurd_correct_bronze_tiny_loud,IGHV3-48,02,0.0,0.0,-0.7320310095134519,11
body_hold_field_achieve_polar_chicken_method_position,IGHV3-53,09,0.0,0.0,-0.006802835701531285,6
bonus_omit_cluster_orphan_vacant_crash_bright_write,IGHV1-46,01,0.05202324544746281,0.0,0.039530966057967354,4
borrow_lesson_artwork_sell_patient_whisper_west_consider,IGHV2-70D,02,0.0,0.0,-0.04312821467790684,4
bottom_chest_unveil_setup_butter_wreck_endless_voice,IGHV3-23,02,0.0,0.0,-0.6839218299454453,5
bounce_help_funny_season_mirror_mesh_truck_check,IGHV3-74,07,0.9772822816941573,0.0,0.5700447119799685,4
brand_transfer_snap_nerve_rose_faculty_armed_endless,IGHV3-48,02,0.0,0.0,-0.2705895697764502,4
brand_update_fetch_business_citizen_lyrics_address_custom,IGHV1-69,02,0.0,0.7720013579704308,-0.04848697187178286,4
brass_artist_scale_pretty_left_menu_boost_august,IGHV1-8,05,0.0,0.0,-0.06736436450189265,13
breeze_march_soft_liberty_silly_sustain_exchange_book,IGHV1-8,05,0.6164280738374183,0.7015609776878815,-0.020945076413001473,4
brick_when_answer_century_merit_almost_great_charge,IGHV4-39,09,0.0,1.8113439710847807,0.15554619339182818,4
brief_essence_heavy_inject_jar_assist_medal_suffer,IGHV3-73,07,0.0,7.541453777996988,0.49993080611612595,6
bright_final_mom_age_cereal_arrow_float_morning,IGHV4-4,07,0.0,0.2665258674860582,-0.000982705947504492,5
bring_result_hammer_detect_connect_alien_amused_letter,IGHV4-NL1,05,0.0,3.7514748187698315,0.0054314727310939,8
brisk_okay_chase_document_cargo_fortune_name_settle,IGHV3-30,02,0.05593863547633283,5.601563213083307,0.5387690480888372,4
bronze_barely_globe_hip_giggle_loop_reveal_bundle,IGHV1-18,11,0.0368009296179207,0.0,-0.0342907729302655,8
brush_reform_thought_conduct_angry_left_furnace_small,IGHV5-51,04,0.03759730036068936,0.0,0.057316881180800916,4
bubble_razor_supreme_key_remain_lemon_tip_carbon,IGHV1-3,02,0.49409999076908306,23.656040410438877,0.6459223094172578,4
buddy_nasty_pulse_dizzy_kind_future_empower_chat,IGHV1-46,08,0.0,3.0558612265427327,0.43657665586769867,5
bulb_physical_sting_add_remind_below_sick_pepper,IGHV1-69,02,0.0,0.0,-0.12206138686833645,5
bulb_roast_fame_input_boring_shaft_volcano_satoshi,IGHV3-7,07,0.007167597290148005,0.0,-0.07678026716437869,6
bulk_safe_wrong_about_horn_spin_scan_human,IGHV3-23,07,0.2996527854247185,0.0,0.2669897969438523,4
bullet_menu_cause_phrase_practice_proud_million_limit,IGHV1-69,02,0.04339724555595596,0.6738795719834055,0.9649951123067693,4
bullet_question_lab_fork_wreck_ring_fatal_injury,IGHV3-13,05,0.0,0.0,-0.002920770000806927,6
burden_business_defense_will_cream_absorb_try_spider,IGHV1-18,07,0.25070348363159295,4.566519996844484,0.6945615843151607,5
business_clerk_combine_warfare_twice_roast_ten_spoil,IGHV3-13,08,0.0,3.3670149193678975,0.3291430544722621,12
business_father_outer_fancy_chicken_thing_shell_dismiss,IGHV3-48,07,0.0,3.993068120323871,0.3176528723578197,5
butter_tragic_grape_either_bean_guess_door_good,IGHV3-74,06,0.11901473730240958,4.761883066494325,0.3516525810686757,7
buyer_better_copy_main_stairs_version_tag_above,IGHV7-4-1,02,0.0,4.236937744898047,0.48695152386153395,7
buzz_park_hood_lucky_voice_will_faculty_dinosaur,IGHV4-4,07,0.0,0.0,-0.12858884580508945,6
buzz_phrase_zone_tourist_suspect_welcome_antique_concert,IGHV1-3,01,0.3647922933986195,0.0,0.5891128245397146,7
cable_custom_congress_double_benefit_kid_share_holiday,IGHV3-23,05,0.03728375928207075,34.84455863498796,0.8740607029365799,4
cage_soldier_twice_pistol_lottery_illegal_liberty_describe,IGHV3-23,07,0.04267770456195016,0.0,0.06263780266228058,4
cage_super_service_cost_kangaroo_worth_cable_mixture,IGHV3-9,05,0.029413054739876536,0.0,0.33946777631778,4
calm_notable_crack_train_retire_increase_employ_kangaroo,IGHV3-33,03,0.0,0.0,-0.007792011274252442,4
cancel_enrich_profit_priority_robot_rebel_among_chest,IGHV4-31,02,0.0800805673962074,10.945055946804727,0.9064641484658589,5
canoe_ahead_muffin_shrug_marble_movie_pear_student,IGHV5-51,09,0.2283849715630165,0.0,0.27657274099139406,4
canyon_web_phone_path_candy_space_finger_jazz,IGHV3-74,07,0.0,0.0,-0.04124445232282814,9
car_floor_burst_snap_exact_brush_bag_reform,IGHV4-34,02,0.125189602205595,0.0,0.23394085972426593,6
car_man_innocent_sister_enough_alter_imitate_waste,IGHV2-5,01,0.0,6.982805146896373,0.2649953714659473,4
card_spider_true_knee_garlic_wall_spell_deliver,IGHV3-33,09,0.0,0.36583710984742374,0.014746175453609789,6
card_sure_dial_amount_foot_key_happy_brief,IGHV5-51,07,0.1428684129985055,0.87815771709362,0.12254447953378844,7
carpet_hedgehog_vessel_label_cycle_borrow_hedgehog_wait,IGHV3-15,02,0.005338248948681926,0.0,-0.3103552907892204,4
case_fix_tilt_about_syrup_cattle_fatigue_frame,IGHV3-13,04,0.14050819577405987,0.8207011335775856,0.03548461818278892,4
case_love_leg_creek_other_regret_wasp_roof,IGHV1-46,01,0.06825507457127286,0.0,0.054997893908529716,6
cash_odor_live_until_debris_nerve_ocean_blanket,IGHV3-23,07,0.06835773234973071,6.336718704775748,0.9008807982170592,6
catch_hill_enlist_citizen_expect_chat_usual_that,IGHV3-74,02,0.12793826936476438,0.0,0.09865435022534053,5
category_plunge_green_icon_estate_gossip_abandon_combine,IGHV4-4,02,0.0,0.0,-0.0017138153525901867,4
caught_glue_beach_develop_claw_erosion_heart_follow,IGHV3-7,10,0.0,0.07262908423714544,-0.004332060172832941,12
cause_give_dune_mercy_rail_network_guide_sock,IGHV3-74,11,7.495058788226208e-17,13.876206180613991,1.0,4
cement_crew_rigid_woman_cute_tattoo_ask_tool,IGHV3-53,02,0.0,1.2096954262028845,1.0,4
century_mimic_visa_tiger_slow_divorce_allow_bracket,IGHV3-23,02,0.0,2.568590474531479,0.4053958944046451,5
certain_bind_spawn_snake_couch_famous_name_axis,IGHV4-39,07,0.06466830922511531,0.0,0.05221058310660498,5
chair_stock_maximum_planet_base_velvet_glass_vault,IGHV3-9,02,0.0,0.0,-0.02987598021892124,4
chair_stool_practice_depart_soup_expose_rug_visual,IGHV5-51,05,0.0,0.004091959259567721,-0.0030683296236753144,6
champion_knife_volcano_embrace_write_flight_filter_increase,IGHV3-74,07,0.24399291275938353,0.06991677075375528,0.12879281508067275,5
change_rabbit_youth_sunset_heart_auto_laundry_pulse,IGHV4-NL1,04,0.0,2.2820200562324806,-0.17931728893381949,7
charge_tower_heavy_daughter_play_define_toast_choose,IGHV3-21,07,0.0,2.5919255831487558,0.548960210091846,4
chat_welcome_just_viable_clump_almost_prevent_laugh,IGHV1-8,02,0.0,7.456084368842818,-0.1226599785057716,4
cheap_purity_girl_buddy_easily_essence_swim_rather,IGHV3-48,11,0.0,0.0,-0.08894421499963245,4
check_course_regret_confirm_artist_shiver_country_banana,IGHV3-74,10,0.0,0.0,-0.000225915765775353,6
check_spatial_photo_life_marble_sister_capital_patrol,IGHV5-51,11,0.0,0.0,-0.11083635162148742,5
check_width_often_rigid_talent_diagram_confirm_veteran,IGHV1-8,01,0.5216188961622841,0.0,0.04847055808263678,6
chest_crater_lucky_alpha_expand_riot_trade_wish,IGHV1-3,07,0.0,0.0,-0.0017988249361615694,8
chicken_equip_merit_vote_unlock_pet_tongue_polar,IGHV3-30,06,0.21148186712791575,0.9444714985869987,0.10230343506000295,11
chicken_rare_festival_element_fade_chuckle_circle_bone,IGHV3-53,02,0.0,5.886491893079456,0.254803661009083,6
chicken_universe_sense_praise_desk_silk_shallow_mother,IGHV3-7,01,0.0,0.0,-0.0008401701095406278,4
chimney_owner_behind_river_ostrich_shield_chair_stamp,IGHV3-49,11,0.0,0.6575909846960802,0.2070035354788241,4
chronic_song_horse_neck_cart_lion_rotate_ring,IGHV4-34,10,0.014453876285270959,10.934461126906662,0.765721265464216,6
chuckle_fantasy_bean_clerk_pitch_hip_increase_rifle,IGHV3-7,01,0.6520730767182928,3.1770174480524234,0.40047659732412355,4
chuckle_thrive_treat_coral_exhibit_mango_hour_right,IGHV6-1,07,0.05409499833847756,2.3856276241258074,0.16810785313882104,6
churn_attend_pass_kit_diesel_smoke_leg_funny,IGHV4-39,07,0.04917482636762305,2.876405054132793,0.8865103535078734,5
claim_direct_popular_bounce_install_present_abandon_odor,IGHV3-48,02,0.2398212304447564,0.0,0.1774333266168573,8
claim_vocal_fade_step_forest_cake_patrol_hobby,IGHV3-74,01,0.011541135427609636,0.0,0.015118778258858767,8
clap_such_update_nuclear_hood_jaguar_identify_chuckle,IGHV5-51,07,0.29065968382769686,7.494100265580237,0.2811626079114877,4
clarify_zoo_siren_hobby_build_club_fashion_relief,IGHV3-13,06,0.01865750205157299,0.0,-0.0012131673142170563,18
claw_warfare_hybrid_elephant_about_runway_decade_initial,IGHV4-31,02,0.5914151837953963,0.0,0.1927924777165655,4
clerk_badge_spoon_common_sadness_carpet_assist_margin,IGHV4-39,09,0.14450550171064372,1.30497924382486,0.0495146530129168,4
clever_guard_wolf_lion_fossil_keen_early_sense,IGHV3-13,03,1.3524501432899287,0.0,0.3451375668311297,5
clinic_caution_pill_thumb_erase_taxi_dream_gravity,IGHV1-3,07,0.0,0.0,-0.001135589875896903,7
clip_rifle_appear_rain_burden_forest_gloom_boss,IGHV3-13,02,0.0,0.5291578349831104,0.004138395145524165,4
clip_wet_shrimp_match_attract_decide_wood_world,IGHV5-10-1,04,0.0,0.0,-0.922521121290659,4
clock_dad_month_extend_enemy_belt_save_crisp,IGHV4-39,06,0.013443175082782931,0.0,0.04313653798886552,4
cloth_banner_arena_remove_amount_exclude_inhale_amateur,IGHV3-43D,05,0.0,1.540159858002299,-0.15217887360807536,5
cloth_expose_kick_task_age_shove_spoon_rail,IGHV1-58,02,0.2219746463998909,4.581191892494232,0.03794744891321178,4
clutch_silent_waste_country_bitter_flush_ethics_meadow,IGHV3-53,02,0.10717706010478334,3.4662302377048495,0.40960083218674737,9
coconut_armor_occur_oyster_usage_torch_bridge_version,IGHV3-74,02,0.03612050316855812,1.217764641051751,0.1662972376577171,6
code_fire_reform_merit_alert_swear_bike_bullet,IGHV1-2,07,0.06896183478180723,0.0,0.7949144886713934,4
coffee_flee_orchard_tent_prevent_blanket_tonight_chest,IGHV2-5,04,0.08327672841699438,0.0,0.9432337634115215,4
coffee_path_sugar_shadow_huge_idea_soon_car,IGHV3-7,10,0.1114781260216484,0.0,0.29091982747992806,4
coin_bargain_culture_follow_donor_chunk_normal_canvas,IGHV3-9,07,0.1201895810343461,4.01467404320459,0.2449996724047644,9
collect_chapter_lab_sword_neither_moral_hurdle_raccoon,IGHV4-4,01,0.0,0.0,-0.2627807116348706,4
collect_cruel_spider_year_vast_ice_bar_relief,IGHV3-23,02,0.0,0.0,-0.00003464173812539606,6
color_pulp_budget_ask_figure_sorry_comfort_boil,IGHV3-13,09,0.031598006326678446,0.0,0.004384555892596453,8
column_expect_bunker_relax_fork_flat_slow_slide,IGHV3-30,08,0.0,0.42610593017983994,0.07213262590279379,4
column_include_warfare_traffic_work_couch_echo_enhance,IGHV3-74,09,0.17887104028640313,0.0,0.17080028610290487,5
column_post_police_bean_print_six_bench_live,IGHV3-23,01,0.2026509935721759,0.0,0.304641380288205,4
combine_gadget_inmate_honey_machine_cry_keep_bunker,IGHV5-51,07,0.19209427877689386,1.5999755166541472,0.1707122746043811,8
come_nasty_gun_broom_boss_grain_today_black,IGHV7-4-1,02,0.08534367958215898,0.0,0.03537592931617106,4
comic_chat_gasp_sound_dinosaur_guess_cement_cruise,IGHV4-39,10,0.12349405356999316,0.0,-0.1066199855399117,4
comic_edge_middle_real_token_wing_achieve_same,IGHV1-8,07,0.0,0.0,-0.0004731236877166811,4
company_because_size_double_cruise_loud_hurdle_elite,IGHV4-59,02,0.0,0.0,-0.673578383898515,6
concert_cricket_decline_negative_ostrich_matrix_fitness_utility,IGHV4-39,10,0.0,0.0,-0.0020119030825846984,5
confirm_drastic_chalk_steel_game_explain_index_behave,IGHV3-74,11,0.0,0.0,-0.06718905360568961,4
confirm_pelican_family_panda_helmet_harbor_harbor_crack,IGHV3-23,02,0.0,20.089944174430237,0.5559274515202176,4
congress_net_fetch_extend_alert_intact_remove_curve,IGHV3-74,02,0.04831652337194811,3.1415109258282525,0.3062195448091468,4
convince_service_slim_tumble_ripple_erase_door_board,IGHV2-5,05,0.10492547950652338,0.0,0.22568945438415822,7
cook_entry_goose_pig_carbon_thank_bicycle_chat,IGHV3-33,04,0.0228546183814876,0.0,-0.4698504275703155,4
cool_brown_vocal_excuse_dish_thrive_huge_planet,IGHV3-9,02,0.19494073464603523,0.8783634531549561,0.23705389838335544,7
copper_club_large_ten_nurse_scissors_crazy_casino,IGHV5-51,11,0.061379654273539835,0.0,0.09159112808640024,4
copper_excite_cruise_steel_point_inspire_solid_stick,IGHV3-74,03,0.07146007086060172,0.2536053254416204,0.13091385662206767,6
copy_mansion_lonely_echo_anxiety_curious_simple_castle,IGHV3-23,07,0.0,0.0,-0.10305039868250665,19
coral_luggage_remind_west_fancy_gallery_grit_beach,IGHV3-23,05,0.0,0.0,-0.000023396339821957213,4
corn_sketch_vibrant_anchor_ladder_supply_figure_render,IGHV3-21,05,0.0,3.298296162567324,0.16302339651940467,16
cotton_dirt_dry_dragon_identify_tennis_absent_turtle,IGHV3-72,05,0.0,0.0,0.0,4
cotton_liberty_possible_myself_cheap_spin_erupt_casino,IGHV1-3,10,0.15339716375582915,0.0,-0.05582247250673755,5
couch_sibling_speed_theme_limb_tumble_poem_sudden,IGHV4-34,02,0.0,0.0,-1.1012001414366597,5
course_crater_peasant_riot_hurdle_pilot_hedgehog_maze,IGHV5-51,07,0.0,0.0,0.0,4
cover_stereo_message_rack_drastic_wedding_version_scrap,IGHV3-74,07,0.09924479444306886,0.43226035682555414,0.7808676869497925,6
coyote_lawsuit_library_build_cotton_clinic_sock_penalty,IGHV4-31,07,0.05348164760204562,1.2172329221690117,0.6588808216574131,4
crack_mutual_drive_agree_toddler_exile_enemy_punch,IGHV3-64D,07,0.0,1.8815227350244872,0.10265277441033349,11
craft_almost_boss_grain_acid_apology_side_filter,IGHV3-7,05,0.49462981052942934,2.529820069846269,0.6820733992522008,4
craft_boost_diagram_donkey_stereo_sibling_fit_author,IGHV3-74,02,0.0,0.0,-0.2566642591382311,4
crane_buyer_wise_wet_banner_birth_favorite_dilemma,IGHV1-3,02,0.0,0.0,-0.013847644464628717,12
crater_ugly_loud_safe_siege_aunt_angle_swim,IGHV3-72,11,0.0,1.3130349355138295,-0.03150326908997725,5
crisp_purse_enjoy_destroy_medal_can_prosper_exotic,IGHV3-13,05,0.0,0.0,-1.8297525605301677,5
critic_borrow_blame_rate_setup_ordinary_office_enlist,IGHV3-48,07,0.1286607783682062,0.0,0.5449095549932004,4
critic_lend_tragic_apart_lab_advice_blouse_shadow,IGHV3-74,02,0.545429796318215,12.423695256954796,0.23423614724211483,4
crop_crater_skill_rotate_devote_feed_rally_message,IGHV3-23,11,0.0,0.0,-0.00039934538621366755,5
cruel_approve_divorce_hello_cat_yard_gold_place,IGHV1-3,01,0.0,2.5337058000468935,0.3729144850004972,6
cruise_have_average_park_select_gauge_census_ticket,IGHV3-30,03,0.6013118097022335,7.044210324253942,0.34997181108875597,4
crystal_leaf_together_fetch_horn_cat_major_wood,IGHV3-23,07,0.07494355975852966,0.5694357217053732,-0.1208048744221264,5
cup_shuffle_moral_where_next_push_group_unable,IGHV2-5,07,0.15010800198622,0.0,-0.17490891044159174,4
curious_photo_old_husband_horror_winter_swap_oppose,IGHV3-74,03,0.0006633417430174685,0.0,-0.25755588650347594,4
current_item_move_copper_buddy_duty_arch_horse,IGHV5-51,02,0.13829759105933032,5.6257857130824265,0.799123503123136,6
current_wrestle_phrase_payment_mammal_monster_cruel_north,IGHV3-74,05,0.06427484027431993,0.4555014769120289,0.04145077340881165,11
cushion_donor_wild_stereo_upon_chalk_waste_category,IGHV4-59,02,0.0,0.0,-0.1408456776892335,4
cushion_father_sorry_luxury_casual_include_dress_arrange,IGHV1-2,02,0.0,0.9203354570818663,0.2915703787434304,4
custom_space_city_spread_chief_shiver_correct_have,IGHV3-74,02,0.054215711700225246,0.0,0.008187606366199529,10
damp_utility_mouse_slot_evoke_weird_green_iron,IGHV3-21,02,0.16155673796955583,0.0,0.2443183892294093,5
daring_balcony_tiny_vault_joy_scheme_cricket_item,IGHV3-53,09,0.08412986070719271,2.4757627992480717,0.6133594970436761,6
dash_shuffle_damp_sample_loud_duck_tattoo_noodle,IGHV3-48,11,0.0,0.0,-0.011054687325027013,7
daughter_lift_around_floor_draw_embody_buffalo_oval,IGHV3-23,02,0.0033404047911871487,0.0,-0.4376816108191315,4
debris_coconut_brain_fork_journey_simple_title_ten,IGHV3-72,07,0.497691455401708,7.306559095545083,0.5330244340202936,9
debris_control_found_desert_veteran_capable_fury_crop,IGHV3-48,09,0.0,0.0,-0.0016097335168263616,5
debris_ill_soldier_agree_inquiry_fruit_adult_novel,IGHV4-38-2,02,0.0,0.0,-0.08007294250360664,4
decline_about_sketch_want_exile_wide_fluid_number,IGHV3-53,02,0.0,0.0,-0.04368541715166363,4
deer_intact_december_popular_antique_attract_label_dismiss,IGHV3-9,09,0.007075508704841217,2.6557852738591152,0.7208998736434076,4
deliver_pole_original_recipe_glove_receive_remove_tribe,IGHV3-74,07,0.1923990107168019,0.0,0.454856373041593,7
denial_axis_load_brother_wage_dawn_work_ghost,IGHV1-18,07,0.0,0.0,-0.014234345403204784,19
denial_guitar_quarter_end_antenna_bottom_pride_mixture,IGHV3-13,02,0.0,0.0,-0.9062452881065541,4
dentist_banana_impulse_crane_busy_script_rare_vote,IGHV3-23,02,0.10443393852927282,0.0,0.20271996848968576,5
dentist_old_plunge_innocent_casual_staff_hover_ethics,IGHV1-18,07,0.0,2.1700769398658752,-0.031199428415175978,4
deny_hurt_wife_art_fit_congress_alone_embrace,IGHV3-53,11,0.0031805117395824842,0.0,-0.049955332450025924,4
depend_grief_balance_market_term_attack_cube_shell,IGHV3-53,01,0.0,36.97196722443421,0.6628794237470897,5
derive_coffee_flavor_talk_clock_stable_whisper_ridge,IGHV3-15,07,0.0,4.556031140192818,0.7280028193488339,4
desert_library_quick_upon_wink_wolf_tooth_marble,IGHV3-66,04,0.0,0.0,-0.028030690595802987,4
dice_bottom_still_erosion_agree_cable_broken_text,IGHV1-18,05,0.0,0.0,-0.014493818541433612,5
diet_solution_poverty_artist_payment_vital_chimney_security,IGHV3-7,05,0.0,0.0,-0.002650721955806734,4
dilemma_enhance_paper_seat_slot_exhaust_alert_leisure,IGHV5-51,09,0.0,0.0,-0.08109667222529349,4
dirt_forum_oxygen_tent_idle_stage_orphan_pilot,IGHV6-1,07,0.0,0.0,0.0,4
dish_pigeon_still_lab_bus_like_depth_have,IGHV1-8,01,0.0,0.0,-0.1615857135808063,4
disorder_clog_check_dutch_foot_rubber_crucial_quit,IGHV3-66,04,0.0,0.0,-0.9990522526613126,5
display_sniff_robot_face_radar_rain_fame_number,IGHV1-8,05,0.0,0.0,0.0,4
divert_blouse_mechanic_sibling_uniform_juice_excess_visual,IGHV4-34,02,0.0,1.812998988604847,0.42763463591560624,4
divide_moon_woman_impose_ice_margin_soup_trust,IGHV3-7,07,0.0,1.246871244367525,0.01194507863686467,5
divorce_prosper_illegal_pepper_history_family_mystery_acoustic,IGHV4-31,02,0.15105257423415314,0.0,0.2929238583468462,4
dolphin_inspire_slight_trigger_smooth_twin_noodle_kingdom,IGHV1-8,02,0.007320635300809591,0.0,-0.018596294238319544,11
domain_jewel_chest_ladder_deliver_decline_safe_people,IGHV4-4,10,0.0,1.2022499063081982,0.46356791296200817,4
door_dentist_visual_air_cash_usage_cause_dilemma,IGHV3-23,05,0.1139507068088428,0.0,0.14117385559134588,4
double_salmon_wide_fitness_often_black_damp_female,IGHV3-7,02,0.0,0.0,-0.00005504167580228092,6
dove_hire_energy_country_typical_float_uncle_holiday,IGHV1-3,03,0.052341627245680124,0.0,0.016439820464269173,7
dove_inform_coral_photo_cricket_bubble_buyer_erase,IGHV3-74,02,0.11632163803744482,0.3687072805762164,0.024142381347841746,17
dream_auto_usual_language_damp_lawn_album_pass,IGHV3-23,04,0.0,0.0,-0.009804932523660659,6
dream_pink_bottom_advice_mirror_flee_develop_border,IGHV3-23,10,0.05832215268957379,0.0,0.020789124499639766,5
dress_lottery_above_whip_attitude_auto_garbage_nut,IGHV5-51,11,0.3456679595417135,4.187809671870346,0.738122653492574,4
dress_shiver_master_broccoli_strategy_amused_limit_cave,IGHV5-51,11,0.23383366223205246,0.0,0.2247280499948503,5
drift_cat_relax_hospital_employ_hollow_rare_motor,IGHV7-4-1,02,0.0,0.0,-0.03129227018307423,11
drift_one_volume_banana_hold_decrease_garbage_shallow,IGHV1-58,02,0.03854898966488967,0.0,-0.006095093326194956,6
drift_thought_stable_battle_two_soup_ripple_celery,IGHV4-59,04,0.007150026914558523,1.1566087562478504,0.9370607121247132,4
drift_tiger_raise_taxi_aim_swift_disease_bachelor,IGHV3-66,06,0.003895895246054698,3.631920555422287,0.705419566873029,4
drill_wasp_treat_fatigue_section_concert_rude_happy,IGHV3-7,02,0.0,0.06982405759290634,-0.2791389013998298,4
drink_find_advice_speak_vanish_solar_impact_please,IGHV3-49,02,0.0,0.0,-0.001883213417282592,10
drink_inside_act_hurdle_teach_save_snake_liberty,IGHV5-51,01,0.0,0.0,-0.22657726785136934,7
drip_december_vapor_jump_alpha_upgrade_jeans_toddler,IGHV7-4-1,10,0.0,0.0,-0.04215368697977517,6
dry_catalog_icon_fiscal_tip_penalty_deposit_crazy,IGHV3-74,11,0.0,0.59913126619622,0.08232287762677881,4
dry_edge_crisp_repair_proof_manage_nature_evoke,IGHV1-18,02,0.17092099194803484,5.849798101750231,0.8853511641784145,5
dry_track_glue_universe_rail_stuff_inspire_south,IGHV2-26,02,0.08582444561832568,0.0,-0.003402141994022889,4
dumb_debris_sense_panic_conduct_glance_over_raw,IGHV1-3,02,0.42761221418680406,0.0,0.574316636584602,4
during_occur_october_orbit_visual_slot_dinosaur_aisle,IGHV3-74,10,0.0,0.0,-0.39793484637058896,7
during_umbrella_blame_pilot_truly_lyrics_obscure_topic,IGHV4-59,02,0.08955761067891732,0.45082944912922257,0.044108526363498046,5
dutch_silent_surge_crane_resemble_typical_brass_first,IGHV3-74,09,0.0,1.0554194772315402,0.180645163702839,7
duty_cricket_song_need_exhibit_rough_attend_damp,IGHV4-34,09,0.0,0.32210606714350054,0.026217931932652427,4
duty_key_member_open_twenty_enforce_method_eternal,IGHV3-53,07,0.07410922005637861,0.0,0.05251277422818079,5
dwarf_impulse_lava_emerge_used_craft_skin_abandon,IGHV4-39,11,0.446240540213974,0.0,0.17273276829905526,7
dynamic_captain_lonely_tenant_earth_cannon_garment_badge,IGHV3-7,07,0.08818096450795665,0.0,-0.28864425522652604,5
eager_over_main_virus_clean_desk_diet_wedding,IGHV3-74,10,0.0,0.0,-0.04875431818562648,9
eagle_pupil_move_disorder_tribe_flee_rely_elite,IGHV1-24,05,0.06974481923993163,0.0,0.04498499972778036,4
early_board_gloom_people_tonight_bird_payment_cupboard,IGHV6-1,11,0.0,0.2718719145086486,-0.027601175281051216,4
early_play_rival_artwork_rocket_moral_aim_huge,IGHV3-23,02,0.0,1.2113047218899569,0.2770257289069735,9
earn_sense_gold_shove_winter_exotic_unique_toddler,IGHV4-39,02,0.08852173721351432,0.0,0.03028776685640766,4
earth_volume_broom_cage_short_quarter_travel_bottom,IGHV5-51,03,0.0018735978828484504,0.0,-0.04706578153258523,9
ecology_old_clean_blade_clutch_donkey_dad_rebel,IGHV1-46,07,0.18450333520755968,0.0,-0.004392246917607423,4
edge_protect_cycle_dune_room_movie_donkey_term,IGHV3-74,06,0.0,0.0,-0.0069030564798797656,4
educate_cricket_must_color_energy_off_bottom_error,IGHV3-74,02,0.0,0.008743777391796723,-0.02691320538865427,9
elder_awkward_bicycle_girl_rebuild_fiber_wonder_acid,IGHV3-13,02,0.0,1.2870152858888975,0.04864733317829606,4
elder_demise_milk_kitchen_fish_donor_behind_hundred,IGHV4-39,07,0.036382875919908256,0.6219600740551395,-0.04027797400123845,4
elder_hedgehog_jeans_mixture_antenna_stem_simple_valve,IGHV3-33,02,0.016477717592448236,0.0,-0.15734564763414838,4
element_cheap_gift_word_hedgehog_enact_execute_news,IGHV3-7,07,0.193319789034268,0.0,0.1466901559462508,8
embody_tube_license_quality_jaguar_uncle_fix_trick,IGHV6-1,09,0.0,1.6847013590319457,0.6912960963559744,4
emerge_raise_alpha_bicycle_first_icon_ghost_follow,IGHV5-51,09,0.0206123800000583,2.2070809602766683,0.6280059645627365,5
emotion_various_blast_salad_sing_uncover_mass_wife,IGHV3-74,06,0.09394689437980276,1.861867520014058,0.8787681919268261,5
empty_kite_cinnamon_swear_burger_pigeon_stay_dog,IGHV5-51,01,0.0,0.0,-0.36094143369600906,4
enemy_churn_smoke_planet_sister_belt_odor_fossil,IGHV6-1,07,0.0,3.823161323695428,0.2185853015386391,4
engage_chicken_kidney_party_taste_payment_spawn_magnet,IGHV3-15,01,0.1869588776208023,0.0,0.09304719285013141,13
engage_panic_faculty_hamster_pause_grunt_file_position,IGHV3-7,05,0.04074987605411677,0.0,0.0676893648156005,4
engine_they_oil_orphan_label_portion_reveal_absorb,IGHV3-48,07,0.0,0.0,-0.03370966820672727,4
enroll_dust_donor_clap_erosion_shell_actual_oval,IGHV1-18,02,0.0,0.0,-0.0056862302783771135,4
envelope_army_body_dwarf_curtain_around_portion_trouble,IGHV4-39,02,0.0,0.029083400164228116,-0.06669339688129061,5
envelope_stone_seat_coast_hollow_mouse_album_march,IGHV4-59,02,0.07682681483899328,0.0,-0.048286022078973145,8
episode_trim_coconut_point_figure_indoor_prize_curtain,IGHV4-59,07,0.0,0.0,-0.0334288358249728,9
erode_assume_winner_since_mix_sword_wise_fox,IGHV2-5,03,0.14383368534518534,2.6703023679036293,0.8607088341914503,4
error_switch_trust_okay_witness_sorry_dumb_twelve,IGHV1-3,01,0.0,31.48918631209167,0.8466923255726876,4
estate_vendor_funny_medal_silver_apart_program_walk,IGHV3-53,02,0.09233494880917895,0.0,-0.007441872959715878,4
evil_display_select_boy_left_north_dad_melody,IGHV3-7,02,0.05939170388985256,4.481460646530863,0.3632894590149083,4
evil_error_brass_flavor_immune_mask_kiwi_unique,IGHV2-26,01,0.0,4.079437332315725,0.11888975392543577,7
evil_injury_dragon_slice_admit_push_club_match,IGHV3-74,07,0.0,0.0,-0.024779802596036182,6
exact_wet_manual_garbage_miss_opinion_genre_uncover,IGHV3-74,02,0.07129715312799506,0.27844985357904123,-0.07113268715501841,4
example_rescue_love_feature_fine_dash_slot_concert,IGHV3-72,09,0.0,4.450913381749155,0.4097795670156771,5
excite_plunge_wheel_basket_cheap_lab_public_know,IGHV2-70D,02,0.0,2.356897756959177,-1.5235777604236573,4
excuse_eye_nuclear_elbow_camera_decade_upgrade_success,IGHV3-23,07,0.0824250914493746,0.6476005112577035,-0.021987432555041098,23
excuse_move_rigid_accuse_half_catalog_light_three,IGHV4-34,02,0.0,0.0,-0.03805806773603404,4
execute_flat_price_maximum_remember_hidden_apple_uniform,IGHV3-48,02,0.0,0.0,-0.17376783945885577,5
exercise_pitch_silly_foam_parade_future_pipe_drill,IGHV3-21,02,0.0,3.5019738231776354,-0.13153538609434445,4
exhaust_fan_glimpse_junk_deliver_gaze_fox_lucky,IGHV1-2,09,0.1753453828265544,0.0,0.056058504806656306,10
exhibit_father_decade_pupil_tone_car_plunge_pool,IGHV3-74,07,0.0,1.8000932968804506,0.40883641356763223,5
expose_jewel_trigger_hundred_rack_crush_hope_weasel,IGHV5-51,01,0.0,1.4431753864107018,0.03345041351068678,15
eyebrow_hold_tomato_vintage_case_peasant_depend_clump,IGHV3-33,04,0.0,0.0,0.0,8
faculty_song_floor_must_modify_nut_foster_local,IGHV4-4,02,0.0,0.8956324806520948,0.3682863767451926,5
fade_fruit_orphan_tornado_eager_normal_receive_unique,IGHV4-39,07,0.0,0.7495468911541969,0.01998076493292189,6
faith_bird_goddess_swim_security_staff_decide_catch,IGHV6-1,04,0.024375093648260276,1.270747944131868,0.10986831178186918,5
fame_route_twelve_record_decade_digital_fox_marriage,IGHV5-51,07,0.1068400248852445,0.0,0.01466876733918776,4
fame_violin_eight_morning_banner_lemon_clinic_wink,IGHV6-1,05,0.18011296950094474,0.0,-0.09635665481423583,18
family_cup_foil_weekend_pill_drip_reward_economy,IGHV5-51,07,0.0,0.0,-0.03348937511170602,5
famous_blade_medal_magic_cream_athlete_verify_friend,IGHV3-72,02,0.22899720159798634,0.0,0.2751335961726781,6
famous_globe_adult_blue_paper_candy_gaze_suggest,IGHV2-5,04,0.0,0.0,-0.002360638162220541,9
famous_pill_game_depart_travel_wrap_slim_pulp,IGHV3-53,02,0.0,1.4091932964183345,-0.137501296667081,8
farm_sun_couch_strike_olympic_author_juice_begin,IGHV3-48,06,0.000771685504885684,0.0,-0.04403242216290981,5
farm_width_crater_begin_man_then_frog_route,IGHV1-2,02,0.0,0.0,-0.011236492021972966,4
fat_lend_target_coil_useful_page_volcano_drama,IGHV3-23,07,0.33883687359835163,0.0,0.1197884660181352,11
father_device_nest_holiday_culture_enact_curve_agree,IGHV3-74,04,0.0,0.0,-0.4620704705378529,6
father_twice_food_meat_indicate_boost_punch_manage,IGHV4-31,02,0.04799188096631926,1.631189548833915,0.10334346551214224,6
feature_super_tent_wrap_patient_crop_dawn_rack,IGHV4-39,07,0.1544766559993132,2.9975386407383295,0.4598705772951782,8
fee_club_napkin_issue_cliff_federal_embody_kite,IGHV1-3,02,0.08259597618507242,1.5619371678687919,0.5628387169740501,4
fee_snake_shine_penalty_swamp_park_start_quarter,IGHV3-72,07,0.14246166910256028,3.3670913352322254,0.537621421976169,4
feel_lake_click_develop_hamster_clock_almost_sun,IGHV7-4-1,02,0.5576626321372583,5.1465411611400524,0.42939224309195556,8
feel_logic_canoe_acquire_mansion_social_snake_final,IGHV2-5,01,0.0,0.0,-1.1744091460841988,5
feel_picture_play_shrimp_fury_mind_uphold_cool,IGHV3-74,05,0.0,0.010284147356581305,-0.00548871059004874,4
fever_merit_embody_speak_idle_comfort_faint_usage,IGHV1-2,02,0.0,0.0,-0.10271402836999832,4
fever_share_win_right_call_wedding_gesture_enroll,IGHV1-8,07,0.12400593188308204,6.165301512366529,0.9910542477930154,4
fiber_inch_throw_senior_flavor_learn_edge_copper,IGHV1-2,02,0.15567768952254135,0.0,0.03738629815902905,4
final_check_voyage_tragic_chef_curious_sleep_helmet,IGHV4-39,06,0.0,0.0,-0.029170771954118546,8
fine_glory_prosper_among_museum_panic_visa_motor,IGHV3-7,08,0.0,1.8987025606318957,0.10029397634022952,11
finish_vessel_pool_make_winner_quit_burst_develop,IGHV3-74,01,0.0,0.0,-0.0258702462595346,5
fire_sustain_biology_off_exhibit_cover_flock_artist,IGHV3-33,05,0.04200846674412178,0.6629836837940059,0.6371886946023151,5
fiscal_vocal_want_stone_grass_private_mushroom_execute,IGHV3-7,02,0.02161017596681738,0.0,-0.004530558101925486,5
fit_arm_midnight_rack_spin_tube_panic_dish,IGHV3-23,06,0.0,0.21881141251805006,-0.16300253235470952,7
fit_cigar_actor_tuna_maple_venture_fluid_infant,IGHV3-7,09,0.10337814585925563,0.09157380874061745,0.01619141191326079,10
fix_later_case_purpose_dismiss_pull_hunt_absorb,IGHV1-3,11,0.0,0.0,-0.006849519663466808,18
flag_sea_alley_educate_dune_kick_elbow_pool,IGHV4-39,11,0.0073536226050821,0.0,-0.009748948605731389,6
flip_range_silk_end_popular_bread_toward_furnace,IGHV3-7,09,0.1850449281616783,0.0,0.1357975625141069,8
fluid_turtle_more_useless_owner_dune_alert_pottery,IGHV3-74,09,0.0,0.0,-0.038572421820898484,14
fluid_zebra_skull_scan_hazard_vibrant_south_dish,IGHV3-23,07,0.0,0.6722844032983164,0.5876496908872442,4
fly_spread_scorpion_gauge_eyebrow_shadow_session_eagle,IGHV3-21,10,0.0,0.0,-0.0006339393649810177,11
focus_scrub_skill_accident_royal_dose_stable_rack,IGHV3-48,02,0.09754557696577518,0.0,-0.17257662191570344,4
foil_prosper_hen_know_lady_strategy_aware_miracle,IGHV3-7,09,0.0,3.1255029707878803,0.4675987659863149,5
fold_curtain_slight_flock_destroy_solar_wait_hip,IGHV3-48,11,0.0,0.0,-0.41033439092212287,4
follow_sibling_side_bargain_spike_tribe_squeeze_ice,IGHV1-3,01,0.012690406450466703,3.9069324507184984,0.3644633580825548,6
follow_tell_raw_bounce_right_issue_cage_math,IGHV3-48,07,0.03790006837216426,0.0,0.3203599921161977,4
forget_nerve_indicate_stadium_chicken_any_deal_vague,IGHV1-2,02,0.19013993787856204,20.904671268589375,0.5439870948992371,9
forget_prevent_leg_silk_measure_keep_tissue_canal,IGHV2-5,01,0.0,4.682588714301119,0.35785071202586705,5
fossil_found_little_gorilla_current_nature_chair_dose,IGHV3-33,02,0.18378223691752402,1.3563491504389162,0.2536479098955148,7
fox_home_garment_arctic_inject_trophy_join_tool,IGHV3-53,07,0.0,0.0,-0.005498789732996556,4
fragile_recipe_mandate_galaxy_business_cereal_reveal_effort,IGHV3-23,01,0.04292704541594232,0.0,0.1457649642461356,5
frame_sponsor_urban_vacuum_cage_light_pole_silk,IGHV1-8,05,0.0,6.705603641630159,-0.17937380839206662,6
frequent_blush_fortune_width_myself_increase_protect_dry,IGHV4-39,01,0.45436712138563745,0.0,0.7104198565093323,4
fresh_prison_then_board_this_witness_mask_mountain,IGHV3-21,09,0.0,0.0,-0.05062439848667477,4
friend_wild_much_spin_buddy_shop_burst_nothing,IGHV3-30,04,0.0,0.0,-0.016898842818935833,9
frog_father_deposit_tomato_brick_talk_mind_script,IGHV4-39,01,0.02306940779678357,0.0,0.005679412439915432,5
frog_there_degree_junior_oven_wool_weird_fiction,IGHV2-70D,02,0.0,0.0,-0.01716269441708218,16
frown_account_certain_ritual_gloom_mushroom_enroll_patrol,IGHV3-30,02,0.04261256278585295,1.9481885295522796,-0.26315299128772396,4
frown_limit_try_pill_resource_misery_rifle_weasel,IGHV4-39,11,0.0,5.844708289435126,0.3544588277336109,4
future_dwarf_bamboo_company_share_nice_hover_obscure,IGHV5-51,05,0.29486793355968194,0.8990317072524313,0.15231169264903666,4
gadget_oppose_fabric_old_uniform_spirit_exist_cotton,IGHV5-51,07,0.029552445662499933,3.5314027077158126,0.9535768673574038,4
game_nerve_employ_salt_eternal_card_include_kick,IGHV3-7,10,0.015554401474030602,1.286614918258946,0.09252455862215359,7
game_pigeon_once_cool_practice_guitar_secret_napkin,IGHV3-74,02,0.33603844813380723,0.0,0.029311544498195286,16
garage_uncover_reflect_pool_clarify_raise_grid_wrist,IGHV3-11,07,0.0223010053222478,1.0032137802588235,0.07151165829786654,6
garden_canvas_uncover_amazing_auction_final_gain_typical,IGHV3-23,07,0.0,2.663993460874997,0.6045202458884615,6
garlic_pull_ranch_uncle_train_unfold_iron_curious,IGHV4-39,07,0.021492626302331275,0.8722427457976287,-0.008947524348706049,7
garment_grain_punch_evolve_love_sustain_deposit_shoulder,IGHV3-21,07,1.48490717116036,6.9015736068296,0.6962926087678658,5
gas_acoustic_elite_brand_soul_pizza_peasant_guard,IGHV1-3,03,0.0,1.6621343142209888,0.3035146017551352,4
gasp_cereal_urban_occur_mind_link_portion_sleep,IGHV3-74,09,0.4921235668901135,7.119748166919788,0.49418715643005906,4
gate_rabbit_make_wheel_scene_nest_innocent_faith,IGHV3-23,05,0.0,0.0,-0.018263370649443278,6
gather_payment_tomato_distance_mention_tornado_dutch_place,IGHV3-23,07,0.18655649243046116,1.1211074644861043,0.2288067166358685,4
gaze_vendor_alter_involve_live_border_mercy_math,IGHV2-5,02,0.0,0.0,-0.00118466040636922,8
general_blood_armed_toy_math_try_receive_better,IGHV4-59,04,0.0,0.1208841803481479,-0.13595716292472582,4
general_buyer_when_tuition_crew_degree_maximum_setup,IGHV1-46,07,0.0,0.0,-0.11514167219208749,8
gesture_transfer_check_mango_canyon_mercy_unusual_divorce,IGHV3-74,09,0.3227424919515183,2.8103099338994473,0.1556958828920072,6
gift_quick_barely_soccer_setup_vessel_waste_cable,IGHV3-74,07,0.11007266262464581,4.803016689290972,0.6698893593373492,6
giraffe_melt_true_acquire_myth_grief_fever_picnic,IGHV3-7,07,0.017659475924198035,3.658161411460282,0.7322821860605924,6
girl_guard_student_thank_code_proof_vault_fork,IGHV3-21,03,0.06654849046302484,5.565804619078126,0.4399764923293997,7
glare_parade_receive_boost_cement_easy_member_hospital,IGHV3-7,07,0.05736285297210012,0.29247259027088296,0.12828696997782152,5
glare_tell_crawl_emotion_such_double_oak_clap,IGHV1-3,01,0.09899381996523555,0.0,0.3481600926952658,4
glide_reject_profit_snake_fortune_coffee_obvious_tide,IGHV3-66,06,0.33764422242336867,0.0,0.5490906669512728,4
gloom_galaxy_change_sell_dish_myth_label_divorce,IGHV3-74,05,0.06206608595563396,0.0,-0.04869085549057872,4
glory_limit_strike_note_easy_monitor_client_area,IGHV1-69,09,0.005085861638889614,0.0,-0.0004361719386720697,9
glove_receive_shift_make_tornado_stay_wheat_spin,IGHV1-18,07,0.047055010042359444,2.5569956811710703,0.04520105547593045,9
glue_huge_black_divert_upgrade_small_recipe_fat,IGHV3-74,05,0.07449901353989723,0.0,-0.008902985301997957,5
glue_maid_damp_change_unfair_wasp_fiscal_riot,IGHV3-9,05,0.10959941833949718,0.0,0.07388391583299836,4
good_sheriff_april_secret_universe_type_toast_valve,IGHV3-74,01,0.0,0.04182793734011348,-0.040666871479040134,4
goose_lobster_wedding_brain_rent_void_beyond_myth,IGHV1-8,03,0.005654112098652685,0.0,-0.06322180099088826,5
gown_cinnamon_exile_still_shoulder_consider_refuse_column,IGHV6-1,02,0.0,0.0,-0.0023286722142508154,8
grain_accident_antenna_tone_glass_barrel_picnic_chronic,IGHV1-3,09,0.0,4.006768749325794,0.10841862554875725,14
grant_robust_vacant_carbon_thought_melody_wheat_decide,IGHV3-7,05,0.0,0.0,-0.014625236207205905,9
grant_submit_meat_apple_injury_rally_upper_session,IGHV3-74,10,0.06178651179693882,0.0,-0.031627449327530144,9
grape_leader_catalog_rescue_voice_people_input_hammer,IGHV3-48,11,0.0,0.9480456524406842,0.01328556618938137,21
grid_asthma_grant_warm_mass_rain_gun_easily,IGHV3-11,02,0.0,2.9236694826911833,0.4542868454558183,7
grief_enhance_solve_armor_label_heavy_visit_rug,IGHV4-NL1,05,0.3303503874991778,0.0,0.09373946990334514,12
grief_space_proud_traffic_home_unknown_miss_master,IGHV4-39,02,0.31015250189895327,0.0,0.7364606899277597,5
grocery_human_dismiss_artefact_umbrella_jewel_catch_blame,IGHV4-59,10,0.0,0.0,-0.0027218109309108396,4
guide_hen_divide_rigid_credit_tired_uncover_bulk,IGHV1-18,08,0.0,0.0,-0.02843021446134797,4
guitar_wage_trend_trim_mail_robust_almost_team,IGHV3-74,11,0.0,0.6870525004485678,0.03383999746349142,10
habit_embody_priority_bounce_label_vanish_gather_claim,IGHV1-69,03,0.0,0.5258758903155865,0.0068423805738562216,6
habit_plug_shiver_trim_street_leader_remind_exhaust,IGHV3-13,02,0.5085189538333316,3.60208161834765,0.15675303072450597,4
hair_afford_bonus_around_swap_chalk_eternal_seven,IGHV3-48,05,0.10175953188096953,0.0,0.050841498057292434,7
harsh_trend_guard_metal_cannon_token_million_tooth,IGHV3-33,04,0.08076817977443426,23.98698004276056,0.5178706601395914,4
hazard_vintage_gorilla_resist_slush_obtain_ozone_repeat,IGHV1-2,05,0.0,0.0,-0.0009499003011093077,13
height_alter_unlock_peace_obvious_where_hand_basic,IGHV3-74,06,0.01306334469749775,0.0,-0.027399105794445155,15
hello_under_pilot_since_soul_pond_luggage_army,IGHV1-8,02,0.1187782664006242,0.0,-0.39451951060003454,4
hen_decline_powder_useful_cancel_broom_two_melody,IGHV4-34,01,0.0,10.103546260301856,0.6467556103333699,5
hero_fortune_nice_will_blush_between_glory_slab,IGHV1-3,01,0.021455647127790738,9.913245807959948,0.9860376296549707,4
hidden_loyal_clap_review_screen_tilt_blossom_moment,IGHV6-1,09,0.017658498864326837,0.0,-0.02249238574990775,4
high_vintage_dash_off_lucky_imitate_layer_raccoon,IGHV1-58,07,0.0,0.0,-0.3426873352788311,4
hip_impact_attract_rapid_square_bulk_pipe_wedding,IGHV3-49,05,0.0,0.0,-0.012089272797301875,5
hip_soon_trophy_isolate_cause_drastic_onion_wrestle,IGHV1-2,02,0.027835899883362807,0.0,-0.24779815457054388,4
hire_accident_level_direct_clog_dirt_hammer_marble,IGHV4-31,01,0.023459770038878495,1.2989614698589946,0.08131483012066842,6
hockey_across_observe_carry_logic_pepper_swamp_pelican,IGHV3-7,03,0.27657880275631525,7.302586240879454,0.07145341242165948,4
hockey_pause_sausage_lady_grid_theory_excess_rib,IGHV1-3,01,0.0,0.0,-0.23417566353349772,4
hole_picture_peace_mean_drift_nose_butter_organ,IGHV3-23,05,0.0,3.3634415628820946,0.7043712694706543,4
holiday_slot_banner_various_giraffe_demand_leave_fade,IGHV4-4,07,0.0,2.304620326204901,0.04887207303966279,11
honey_cause_tide_sleep_current_melody_accident_boss,IGHV5-51,01,0.055035555075836295,1.7726632568150917,0.2783492382102296,7
hood_news_indoor_six_minute_mosquito_usual_zero,IGHV3-23,07,0.0929229650724729,0.0,-0.012090349985300453,11
hospital_bind_vacuum_chief_wheel_rely_tuna_copy,IGHV4-NL1,05,0.014929692289756996,0.0,-0.3506580589453443,5
host_orchard_shadow_notice_carpet_magnet_sugar_evidence,IGHV4-NL1,05,0.0,0.0,-0.04585601544297102,8
hungry_detail_thrive_cushion_across_bounce_leopard_jacket,IGHV3-13,09,0.0,0.0,-0.06442737911070373,4
hungry_helmet_stage_dinosaur_enhance_quick_idle_echo,IGHV3-74,02,0.2243429408644834,0.0,0.10670993120980832,5
hunt_alert_allow_board_guitar_habit_size_trip,IGHV3-13,09,0.29108333149821913,4.465927554467989,0.37407145484032656,4
hurdle_mosquito_broccoli_airport_hen_drift_engine_student,IGHV3-73,02,0.18733152227750774,0.0,-0.310464226199165,6
hurry_palm_moon_deny_gorilla_toilet_foster_noise,IGHV5-51,01,0.0,0.0,-0.008055961573556703,8
hurt_miss_hand_palm_stem_quiz_notable_current,IGHV3-33,07,0.07145653297624402,1.019050715874122,0.6490830481921086,5
icon_kitchen_dutch_poverty_region_hire_loud_course,IGHV6-1,11,0.07487401084109137,0.0,-0.16362964253135437,7
idea_puppy_crouch_rude_enter_noodle_drink_thank,IGHV3-23,05,0.15626676226505543,0.0,0.014264968062411398,7
identify_kick_denial_erode_spell_express_prepare_truth,IGHV3-30,02,0.0,0.34012272170150365,-2.1360784988050527,4
ill_stick_advance_brave_olympic_forward_sadness_bracket,IGHV1-3,01,0.058440655768994224,0.40629308314191886,0.040485677073367254,4
illegal_sand_various_charge_rocket_journey_engage_double,IGHV4-34,02,0.0,9.835193186240597,0.3673376136468183,4
immune_risk_latin_upon_snow_notice_vibrant_indicate,IGHV1-8,03,0.27980181507687835,1.8171020180484632,0.246691305006976,5
impulse_bird_fuel_hospital_illegal_tray_express_chronic,IGHV3-9,05,0.0,0.0,-0.19976486983054853,4
impulse_jungle_relax_alien_swarm_move_borrow_energy,IGHV3-21,04,0.6152504004039132,46.54380223570329,0.012634183848401093,4
increase_flight_sense_crisp_scissors_column_slot_current,IGHV3-74,02,0.0,1.107259820593843,0.06679144334410259,9
infant_ship_rent_suffer_food_tag_vote_bird,IGHV4-34,10,0.0,0.0,-0.00002210424850579429,15
inhale_breeze_march_battle_assist_effort_unlock_kitchen,IGHV4-4,02,0.0,1.4561659300564873,-0.7071378879444867,4
inherit_hold_address_survey_then_gossip_nothing_huge,IGHV1-2,02,0.06375712289761123,0.0,0.02457044581229184,6
inner_because_country_subject_lunar_sorry_behind_utility,IGHV4-39,02,0.1135453114083179,0.0,0.538717279115696,4
input_force_upper_artist_raccoon_start_crew_lucky,IGHV1-46,07,0.0,5.982706726046536,0.6581286428053821,6
input_sing_penalty_fall_ice_evil_grid_toe,IGHV4-39,05,0.13451356582390717,1.4442832311711644,0.08820604329439075,9
insect_pottery_dumb_angle_creek_wrist_talk_fashion,IGHV3-7,02,0.0,0.0,-0.22234912550585584,8
inspire_damage_economy_tenant_dune_jaguar_trim_patrol,IGHV5-51,11,0.0,0.0,-0.10813054592501037,5
inspire_foot_night_trade_light_approve_trap_sentence,IGHV3-74,04,0.0,0.0,-3.2508689074006725e-9,5
into_rude_throw_also_pen_stand_program_table,IGHV3-74,02,0.14175797266251905,0.0,0.2402762356268655,5
invest_ten_pepper_broccoli_proof_foster_shift_eagle,IGHV3-74,09,0.0,3.128727664525001,0.3861751274851365,6
invite_draw_tiger_team_local_song_wear_canvas,IGHV3-33,03,0.0,0.0,-0.26697044609716625,6
island_steak_width_try_shaft_success_front_crucial,IGHV3-33,01,0.0,0.8976325515747908,0.025519292333588073,7
issue_wet_demand_margin_produce_gym_tag_blind,IGHV6-1,08,0.038843266971223804,0.0,0.057258191092939725,4
item_coast_captain_worth_hedgehog_limit_object_panda,IGHV1-69,02,0.0,0.04205823484845408,-0.02682089706647872,4
item_sword_lock_swing_chimney_zoo_give_october,IGHV3-21,02,0.03817054468802956,0.0,0.003796898563132811,5
jaguar_ill_open_claw_hunt_sign_mask_subject,IGHV3-74,02,0.0,0.0,-0.09658003264846937,17
jeans_note_cricket_alone_student_ship_toilet_cycle,IGHV3-53,02,0.12879591557247047,5.5202893871062315,0.5878671092619243,5
jeans_rent_friend_test_mountain_option_toast_model,IGHV3-74,02,0.09147827236649919,0.0,-0.00365459838654858,13
jeans_tray_wrong_axis_matrix_legal_harvest_chest,IGHV5-51,01,0.0,5.645236107656407,0.19492746799514116,4
job_ready_impact_rely_ahead_people_during_reason,IGHV3-21,02,0.0,1.3911794949188312,0.23321503554616962,6
journey_electric_wave_crucial_major_shop_brave_antique,IGHV1-18,07,0.0,2.307429967489026,0.1729730986820095,5
journey_rough_gym_neither_assume_cute_absurd_wife,IGHV3-74,02,0.0,0.0,-0.0013061674711813964,5
juice_alien_cross_broom_version_tilt_erase_oak,IGHV3-9,02,0.044244805857712635,0.0,-0.7284860118312406,4
juice_capital_reflect_exact_mix_prefer_happy_penalty,IGHV1-46,02,0.0,1.3403173082137743,0.06756397407321735,4
just_torch_boring_pact_eager_trust_cave_elevator,IGHV2-70D,02,0.0,0.0,-0.3076995725468057,4
keen_oven_final_traffic_matter_boost_travel_avocado,IGHV2-5,01,0.0,0.6253784744130503,0.07574133067960076,6
keep_quit_muffin_play_fancy_diary_mistake_human,IGHV3-30,02,0.0,0.0,-0.1539182217231363,4
ketchup_hidden_dumb_artist_repair_repeat_sustain_afford,IGHV5-51,01,0.0,0.0,-0.026776656062408977,6
ketchup_speak_tiger_young_attract_athlete_stand_viable,IGHV4-34,02,0.0,0.0,-0.0002642583607872506,12
kiss_hill_aisle_pear_aim_robot_coast_brave,IGHV3-74,02,0.14096490888124302,4.689544156841037,0.6917582963229844,7
kitten_decide_defy_sheriff_knock_elegant_melt_biology,IGHV1-3,07,0.0,0.0,-0.053517185606836826,4
knee_stable_morning_leg_differ_fresh_model_cry,IGHV3-48,07,0.0,0.0,-0.06764708799927188,12
know_decorate_stuff_volume_camera_antenna_hollow_foster,IGHV3-23,07,0.0,0.5614319887553768,0.14272451739899084,8
label_soccer_trick_prefer_sword_circle_excess_novel,IGHV6-1,09,0.08410858452088205,0.0,0.13096403992412942,7
ladder_unhappy_guard_boss_butter_until_unveil_liar,IGHV3-23,07,0.0,0.0,-0.23469699879538553,4
large_night_motion_swing_stand_orbit_polar_oblige,IGHV3-43,07,0.09539104028755523,0.0,0.11024326666641682,6
latin_casual_flavor_lift_fine_tumble_notable_river,IGHV1-18,09,0.0,0.0,-0.04700269248199196,4
laundry_plunge_supply_old_rigid_possible_magic_venture,IGHV3-23,01,0.0,0.0,-0.312621405750543,4
laundry_task_enemy_slot_observe_pony_thought_peanut,IGHV5-51,11,0.0,0.0,-1.8983748646817165,4
lawn_rule_emotion_depend_robust_siege_engage_child,IGHV1-8,05,0.0,0.0,-0.15939902499113967,6
lawsuit_maze_then_under_fluid_copy_purity_door,IGHV3-64,05,0.29808922958906725,0.0,0.18836357623327826,6
leaf_young_indicate_unusual_curtain_ship_upper_lobster,IGHV3-7,07,0.0,1.3468658226259485,0.020768768904063095,4
leg_derive_high_ice_trash_fiber_manual_few,IGHV5-51,07,0.0,0.4513598609863053,-0.9505719817664158,5
legend_flock_south_canoe_seed_round_evidence_tail,IGHV5-51,07,0.0593492239660743,0.003537175761048822,0.21779596263203338,6
length_first_acoustic_inject_imitate_comic_girl_type,IGHV4-34,02,0.03726369060250197,0.4072049260049591,-0.2911572611533666,4
letter_bread_dance_actual_clinic_column_occur_forest,IGHV3-33,07,0.0,0.19842416118524592,-0.34705497485090353,6
liar_category_domain_chalk_melody_announce_dinner_pizza,IGHV1-8,02,0.0,1.236119857136928,0.4146622585881933,4
liberty_paper_mass_object_crush_produce_man_antique,IGHV4-59,07,0.012607197070178006,0.25046901454284926,0.5332942743382384,4
liberty_yard_door_book_swamp_loud_wish_effort,IGHV3-74,03,0.0,4.357851893675645,0.4859882557961843,10
license_join_tumble_wash_often_fringe_device_divide,IGHV5-51,03,0.0,5.719162726037812,0.5688721119461954,7
light_bean_help_action_infant_tribe_dirt_knock,IGHV4-31,02,0.08950526756268938,0.0,0.29332708277240926,4
limit_second_teach_suffer_cradle_tiny_leave_average,IGHV1-8,09,0.0,4.70088444106713,0.4278466201173867,5
link_cruise_hurry_media_across_fun_coffee_priority,IGHV3-48,07,0.0,13.54521696326143,0.3228824905016051,4
link_swing_panda_general_hidden_reduce_staff_give,IGHV3-74,03,0.022997907965463,0.0,-0.04396956084654735,6
list_poverty_cost_giant_shock_truth_worth_skate,IGHV3-33,11,0.1689404357577804,0.0,-0.06297573598124573,4
little_choose_fix_valve_scout_sight_tube_duck,IGHV3-74,02,0.0,0.0,-0.007078392812365886,10
long_idea_never_witness_field_focus_domain_rely,IGHV3-7,07,0.0,0.0,-0.000024103975573064318,9
loop_hint_lobster_illegal_that_monster_frown_vault,IGHV3-74,11,0.0,0.0,-0.08619088820615795,18
loud_canvas_end_siege_unlock_advance_congress_attract,IGHV3-7,07,0.027629629743668383,3.706352428283114,0.008487807835934946,5
lounge_that_age_cool_apart_siege_idea_advice,IGHV3-74,01,0.0,0.8411221135328931,0.005819894169237005,29
lunar_empty_ensure_pride_pass_furnace_damp_shadow,IGHV1-18,07,0.0,3.3876396360515524,0.23920570502115768,10
luxury_stereo_copy_result_run_cost_leaf_loyal,IGHV4-34,02,0.07851734007565701,0.0,0.24095937580318838,4
lyrics_student_retreat_blind_yard_pair_wise_rail,IGHV3-13,02,0.18998685312679964,0.0,0.16082773568067454,5
mad_salmon_inflict_harvest_mercy_regular_snack_marriage,IGHV3-53,03,0.0,0.0,-0.10443467357929692,4
magic_chapter_work_lion_pulse_wire_give_sound,IGHV3-48,01,0.0,0.0,-0.0007716261704544536,15
magic_shoulder_join_zero_apart_zebra_pole_impulse,IGHV3-48,07,0.42755486279037724,7.969127804856103,0.2691116673496631,4
magnet_unknown_fancy_now_among_elbow_scissors_chalk,IGHV3-48,07,0.0,0.0,-0.022482945637547047,7
make_curve_roof_cancel_fork_radar_danger_grocery,IGHV3-21,08,0.22247292469197003,0.0,0.2731358659309321,5
make_rice_inherit_solve_chunk_holiday_pole_win,IGHV4-NL1,07,0.0,0.0,-0.02649349105484977,5
make_ripple_decade_web_donate_teach_keep_this,IGHV3-48,02,0.3773251225863082,0.0,0.03197112320480322,4
mammal_glory_chat_spoon_eyebrow_wrestle_rescue_clap,IGHV3-23,01,0.0,0.0,0.0,4
man_tennis_random_route_kit_casino_alpha_position,IGHV3-53,10,0.0,0.0,-0.1460420326639711,4
manage_innocent_sunny_cradle_satoshi_steak_script_black,IGHV5-51,04,0.08937822836610156,0.0,0.46862974833949134,6
mandate_correct_hat_loud_pelican_tool_canyon_deal,IGHV3-21,07,0.011303789996709418,0.0,-0.09837123681872373,6
maple_cannon_seat_split_trend_turkey_top_inherit,IGHV3-66,02,0.15608515339326623,20.46268391673252,0.13819768181738767,4
maple_galaxy_craft_oval_fun_abstract_music_certain,IGHV3-13,02,0.008698706030736258,2.444064048000057,0.15524801014310274,5
marble_dawn_wool_push_labor_hedgehog_supply_bullet,IGHV3-48,02,0.0,11.66411278234722,0.12292212225567423,6
margin_increase_green_review_resist_salt_tobacco_reflect,IGHV3-74,02,0.06505091488341082,3.806451353225549,0.4497726417331799,4
market_social_carry_giggle_trick_install_pool_praise,IGHV3-9,02,0.0,0.40442551594684234,0.00541715241219376,25
mask_relief_rug_dice_loyal_acoustic_size_few,IGHV1-2,03,0.0,0.0,-0.24835455626926928,4
master_endless_clutch_lizard_knife_dutch_evoke_egg,IGHV4-4,07,0.0,1.4687241079367759,0.07671593637640672,8
match_just_visual_adapt_cactus_trophy_lesson_empower,IGHV5-51,02,0.10034817770086413,2.626163735836046,0.748212820851492,4
material_work_catalog_innocent_note_family_media_stone,IGHV1-3,02,0.0,0.0,-0.08901044982518624,9
math_garlic_vicious_endless_pitch_ahead_unfair_report,IGHV3-7,05,0.049313158187181294,0.0,0.19743986657883916,4
media_quarter_spatial_lawsuit_world_another_barely_illegal,IGHV1-3,06,0.0,1.5094425005590544,-0.030326484251623764,4
member_dinner_sure_scissors_cover_luxury_suit_armed,IGHV3-23,07,0.0,0.3225635949929487,-0.35013297607326366,4
mention_attend_utility_tourist_morning_measure_bean_waste,IGHV1-3,02,0.0,0.0,-0.0006129593888455354,5
menu_powder_unknown_insane_edge_various_pencil_genius,IGHV3-30-3,02,0.0,0.0,-0.08522416115536191,4
merge_blood_note_tribe_steak_garbage_world_enough,IGHV6-1,03,0.0,12.040868932591218,0.7273291465689693,4
merry_wheel_mule_camp_bag_behind_mosquito_worry,IGHV3-7,06,0.13379531425631888,0.7080440271798658,0.10618697737668081,15
message_split_perfect_train_pull_matrix_skin_finish,IGHV3-23,02,0.1072346937980657,4.904299523098406,0.5214892384671104,4
method_label_wagon_absorb_kingdom_reduce_gravity_scissors,IGHV1-24,05,0.0,0.0,-0.2114876618780741,4
mimic_quantum_orbit_echo_culture_over_profit_dolphin,IGHV3-74,02,0.0,0.0,-0.05756217554155563,11
minimum_entire_moment_urge_salad_enlist_road_bunker,IGHV1-2,07,0.0,0.0,-0.05492368014763738,4
minimum_type_hire_people_simple_report_rally_anger,IGHV3-48,07,0.0,0.5508390680451802,0.001486015571182664,9
minute_cute_bus_verb_need_deputy_decorate_client,IGHV6-1,07,0.2606139523428204,0.5626185107479712,0.899154145372284,4
miss_siege_humor_unable_gun_pill_decorate_prize,IGHV3-30,07,0.09220331683828502,0.9209497185907817,0.8643235410815601,4
mixture_chapter_daughter_finish_make_around_danger_want,IGHV5-51,09,0.0,0.0,-0.25333674621881297,4
modify_beach_display_perfect_slam_sudden_vast_unaware,IGHV3-53,11,0.0,0.0,-0.06546143226041057,12
moment_drastic_welcome_steel_about_charge_better_usual,IGHV1-8,03,0.0,1.8505081208090115,-0.003527160745282254,4
moon_joke_purpose_garage_source_river_body_pipe,IGHV3-7,02,0.010482522125020249,0.0,-0.029282902745765504,5
morning_decrease_soup_talent_corn_hybrid_explain_betray,IGHV4-39,02,0.06328704301499107,0.4716132629991647,0.03538303063253101,8
morning_prison_another_fish_total_loan_wash_tribe,IGHV1-8,02,0.02985590685639143,7.669815234801687,0.8763289633673743,5
much_essence_spend_tone_into_sphere_estate_deny,IGHV3-15,07,0.3504681104868792,4.479327251497013,0.38727879657895403,11
much_issue_attitude_kitten_envelope_maximum_innocent_install,IGHV4-31,02,0.0,0.4409893287300924,-0.3254902146575851,4
mule_bless_valley_nerve_such_turtle_grant_brand,IGHV1-2,02,0.0,1.0097304548554167,0.13754155943202107,4
multiply_anxiety_still_grab_equip_similar_nominee_another,IGHV3-72,02,0.0,0.0,-0.036352449347325955,6
multiply_garbage_high_action_village_review_middle_scrap,IGHV4-NL1,05,0.0,8.840817943889574,0.23671787215559958,8
multiply_prefer_dutch_logic_grab_come_remove_frame,IGHV3-23,02,0.0,1.0568534602677622,-0.11245097721191821,5
museum_pool_dune_answer_magic_air_main_drink,IGHV1-3,02,0.45048865677441285,10.20198019899788,0.11005144851489046,5
mutual_output_enable_wool_mail_magic_wash_security,IGHV3-74,06,0.0,0.0,-0.1678699645603019,6
myself_valid_cycle_month_firm_boost_paddle_vague,IGHV1-18,02,0.018894443680025047,2.0553540828400942,0.32265067721126306,4
mystery_famous_south_miss_digital_stairs_talk_reason,IGHV1-2,01,0.0,0.0,-0.14869374949226866,5
mystery_merry_feel_cushion_walnut_sand_roast_world,IGHV1-18,02,0.017709328406496628,3.3721696496985505,0.27709856443850456,6
nasty_craft_deliver_real_coral_biology_spider_green,IGHV4-4,06,0.20792049387418324,1.6666259630347835,0.23300019990494691,5
nature_share_album_oxygen_gravity_border_news_gym,IGHV3-53,10,0.08147678047800333,2.4974893737130004,0.9746677647687852,4
neck_kiwi_believe_nerve_valid_fork_journey_bulk,IGHV1-18,01,0.0,0.3203773241421192,0.011984923246020074,7
need_destroy_short_kite_outdoor_leave_truly_whisper,IGHV1-8,02,0.0497765606344691,5.115385765251309,0.43426400276314314,6
nest_price_narrow_reunion_marriage_drift_flight_fiction,IGHV3-7,07,0.0,0.0,-0.026387889643490148,5
net_rigid_mass_hair_cheese_month_plastic_domain,IGHV3-48,09,0.0,1.3260753282170794,0.13510059456719592,10
night_angry_move_define_year_pudding_clap_gasp,IGHV4-39,07,0.023325341845309804,0.0,-0.716216095717896,5
noble_build_lumber_fix_oppose_prize_apart_area,IGHV1-8,05,0.08114816177140312,2.9106054380664537,0.4608610578220713,5
noble_horse_disagree_cherry_embody_produce_entry_trigger,IGHV5-51,05,0.05023471746793065,5.498828300363416,0.9708071490545285,4
normal_season_inject_voyage_curtain_soft_tumble_ship,IGHV3-53,04,0.06967559186291397,0.0,0.07626255411470384,4
nose_left_fluid_half_rare_erosion_sport_trap,IGHV1-8,07,0.29143661337562166,0.0,0.1340883034530469,4
nose_sock_broken_humble_little_average_peanut_better,IGHV1-69,02,0.0,3.566436647990602,0.7786108168331081,5
notable_file_raise_jewel_abuse_shoulder_pistol_tube,IGHV2-5,07,0.06173725023750095,0.0,0.019747658915376776,9
notable_pigeon_frame_around_someone_purity_morning_thought,IGHV3-48,02,0.08878493149539497,0.0,0.18079555325261498,5
nothing_mail_practice_bone_setup_half_alone_spirit,IGHV3-74,02,0.0,4.910758419196166,0.536688263114846,4
nurse_student_will_make_pelican_ribbon_lottery_there,IGHV3-33,02,0.0,0.0,-0.05545041716883525,4
obey_pupil_club_video_have_stem_monkey_concert,IGHV1-18,09,0.06140200599815425,0.0,0.04514624325692562,15
obscure_alert_wealth_actor_balance_wrong_hood_illegal,IGHV3-15,02,0.0,0.0,-0.04322679306738064,5
observe_toddler_pattern_farm_cattle_spawn_trumpet_west,IGHV3-48,07,0.0,0.46342576292067766,0.02539125957191002,12
occur_nut_bless_eagle_sheriff_impulse_seminar_airport,IGHV3-30,07,0.0,0.0,-0.17760309286593334,4
october_mixture_member_butter_require_gun_fox_fetch,IGHV3-9,02,0.16980962498763266,0.0,-0.07516653921780336,11
olive_travel_point_van_matter_turkey_wolf_insect,IGHV4-39,11,0.07192840966123645,6.880410654858401,0.8697249651097158,5
omit_fat_debate_season_review_utility_edge_soldier,IGHV3-74,09,0.012414144508757611,2.1857511143722332,0.8521240745535826,6
onion_occur_alter_goose_super_hold_know_festival,IGHV3-23,09,0.0,0.0,-0.003230095376419051,4
online_world_number_chair_sport_assault_spin_miss,IGHV3-11,07,0.0,2.536105301876057,0.4603304323960954,4
only_truck_report_chicken_obey_section_yard_trust,IGHV2-26,05,0.1326642520448706,0.0,-0.09006422302520645,5
open_mansion_soul_bag_pumpkin_canal_road_relief,IGHV4-39,07,0.13668945041055688,62.79445747912422,0.5958466541282514,4
oppose_hope_impose_detect_virtual_theory_syrup_kid,IGHV1-8,01,0.006856014048171786,1.5364381549833388,0.07391465873841596,4
option_cave_vessel_vocal_hero_unfold_aim_that,IGHV3-9,02,0.27258827017040255,0.0,0.17242621690541493,5
orange_mountain_neck_absurd_replace_tumble_flavor_erupt,IGHV3-30,01,0.03443636302937382,0.0,-0.04281738872424734,6
orbit_endorse_riot_cream_power_mirror_reform_raise,IGHV3-48,02,0.0,0.03925185409232125,-0.3123093301552027,4
orbit_lounge_kidney_cabbage_boring_oval_sheriff_model,IGHV1-8,07,0.007252772658760421,3.322682161958473,0.2241546431961069,6
orchard_solve_potato_attend_worth_ghost_safe_belt,IGHV1-18,01,0.0,21.890799491187583,0.6426571540436221,4
ordinary_lamp_wife_ostrich_another_grit_acid_whip,IGHV3-15,02,0.0,0.0,-0.0042172789995387205,4
orphan_kitten_frown_solid_tribe_discover_spoil_life,IGHV1-3,03,0.06635399029950952,0.0,0.029473684281838608,5
other_essence_trade_attitude_tomorrow_put_lens_excuse,IGHV1-2,09,0.0,0.8786400243015777,-0.6325640470673193,4
outer_resemble_flee_quiz_world_penalty_pair_rail,IGHV3-23,07,0.0,2.037824024116538,0.19769461127510812,11
oval_tuna_library_spoon_potato_toe_plate_quit,IGHV3-74,02,0.341200924835336,1.7097775494991112,0.154687191527905,5
own_stock_oil_cherry_sea_hover_raw_harbor,IGHV1-3,07,0.08483913565932352,2.9427807478188486,0.4502894249449586,4
owner_horn_remain_tree_actual_tape_feel_note,IGHV3-48,03,0.03804959587783246,0.2547827281239321,0.04253064510777449,6
oyster_range_predict_target_derive_ocean_describe_key,IGHV4-4,02,0.1005860485517708,0.0,0.1066255090465229,9
pact_ancient_tell_collect_goddess_virus_height_planet,IGHV3-21,02,0.14655457940513,0.0,0.06862583007435608,4
paddle_pumpkin_young_cradle_cute_garment_laundry_draw,IGHV7-4-1,03,0.0,0.0,-0.5259001829479633,4
palace_body_right_patch_sail_rule_reduce_right,IGHV1-3,02,0.0,0.0,-0.03444125633881412,9
palm_couple_monkey_sound_jewel_chef_best_market,IGHV5-51,07,0.10959174513589341,0.0,-0.047217018037175595,5
palm_gloom_first_venture_cherry_girl_inmate_loan,IGHV6-1,01,0.0,0.0,-0.053695901558133974,4
palm_ignore_region_wheat_spawn_monster_raven_squirrel,IGHV3-15,09,0.07580547595970889,1.4494648404313708,0.0796454187143224,7
panda_old_film_wash_monitor_unfold_museum_visual,IGHV3-66,04,0.0,1.307067576183665,0.04442268191559562,4
panda_tooth_insane_ivory_strong_affair_beef_census,IGHV5-51,11,0.0,0.0,-0.11559918132571134,5
parrot_follow_quiz_leaf_frog_property_welcome_corn,IGHV4-59,04,0.013660016751706715,0.0,-0.06299752024707805,4
pass_pigeon_breeze_giggle_rather_affair_secret_credit,IGHV4-59,01,0.16386048288054117,0.0,0.44023320388206344,4
patient_way_moment_hope_hold_talent_alone_any,IGHV3-7,01,0.0,1.769647049290464,0.047019602912141134,16
patrol_cloth_crack_educate_umbrella_output_defy_state,IGHV3-43,05,0.23701283367967907,1.0343483844529695,0.2665959426110083,7
patrol_direct_legend_obscure_bridge_ice_peace_address,IGHV3-72,09,0.0,0.0,-0.024676779171298957,7
pattern_toss_high_search_recycle_naive_deer_depend,IGHV3-13,02,0.20093997048969034,2.67399496630164,0.563210767304068,4
pause_under_clog_perfect_same_draft_fetch_space,IGHV3-7,02,0.11558009372224763,0.0,0.02857154357086722,11
payment_slush_cinnamon_pilot_because_spin_saddle_faint,IGHV1-46,11,0.0018201407475265205,0.0,-0.0029759488489407016,6
peace_pen_iron_prefer_river_woman_heart_cotton,IGHV3-48,05,0.0,0.0,-0.048305794165155014,5
people_just_useless_income_detect_zebra_candy_dwarf,IGHV6-1,07,0.0,0.0,-0.0055245929277387695,4
pepper_shy_wine_enter_creek_family_peace_short,IGHV5-51,07,0.18683886349536774,0.0,0.28635271599550505,4
perfect_basket_hair_chuckle_about_nose_harvest_cliff,IGHV3-13,02,0.08547386964733446,38.75391716253257,0.9889835061675526,5
permit_consider_gauge_manual_orphan_worth_lizard_truck,IGHV1-3,02,0.0,0.0,-0.008266417297672524,4
phone_text_clown_march_erosion_animal_program_funny,IGHV3-7,09,0.0,0.0,-0.3609648611536267,4
photo_ketchup_student_volcano_elbow_glimpse_announce_adapt,IGHV5-51,07,0.3011522176087006,0.0,0.23859463524484603,4
piano_bone_spike_chronic_siege_can_myself_involve,IGHV4-4,10,0.0,2.973881462051504,0.71499145352915,5
picture_country_decline_never_arrive_they_pattern_wealth,IGHV4-4,07,0.0,0.0,-0.9924603105978458,8
pigeon_prison_plastic_beach_remove_enable_foil_rival,IGHV4-39,05,0.07937533980393624,3.7171225509142998,0.41494645940000907,4
pilot_visit_secret_volume_top_health_fiber_crater,IGHV3-74,01,0.0,1.9599869636796898,-0.7797760459206462,9
pink_promote_aerobic_color_congress_inquiry_impulse_verb,IGHV5-51,02,0.25303937148878636,0.1839547629037763,0.2094628482265375,5
pioneer_rebel_unit_combine_warm_pattern_turn_oval,IGHV3-23,10,0.0,0.0,-0.10364340908940428,11
pistol_awake_power_muffin_tape_venue_glue_usual,IGHV3-74,02,0.0,0.0,-0.05778465303058877,7
place_electric_spell_walnut_wink_craft_mystery_swallow,IGHV4-39,03,0.15768083023196622,0.0,0.4604470516973419,4
place_sure_chair_symbol_craft_tube_loud_right,IGHV1-3,11,0.0,0.0,-0.0008795702493720192,9
pledge_couch_earth_artefact_swear_transfer_vendor_debate,IGHV3-49,02,0.19078171179197098,0.0,0.16577403024776483,4
plug_drive_oak_atom_discover_actual_wagon_humor,IGHV5-51,05,0.0,2.198809282369849,0.617937289175879,4
polar_amateur_coconut_dismiss_glare_fetch_crop_celery,IGHV4-59,02,0.027165707257019247,0.0,-0.06378525625842091,5
police_aunt_travel_veteran_flag_bulk_mosquito_reopen,IGHV3-23,05,0.0,1.773083994100095,0.03127757071266801,4
pool_wool_effort_snake_spread_dragon_annual_embrace,IGHV1-3,02,0.013629075787107182,5.84737225668551,0.3100816920272904,5
possible_evil_purchase_various_bracket_put_direct_shadow,IGHV4-39,02,0.0338169102911455,0.0,0.02978899342646657,4
practice_adapt_spoon_crowd_oil_high_soul_hire,IGHV3-21,08,0.1413113428665853,1.3359039345302717,0.3099900534378326,6
practice_excuse_frog_artist_web_exhaust_fall_ginger,IGHV1-18,02,0.0,0.0,-0.04061586588812194,4
praise_proud_oven_love_gallery_network_shoe_quality,IGHV3-11,02,0.5760745369146869,0.25096957643065165,0.3149837490689975,5
praise_spoon_pill_atom_about_artefact_ticket_desert,IGHV3-33,02,0.0,0.0,-0.24270311427121727,4
prepare_web_huge_oil_lend_course_when_inflict,IGHV3-7,09,0.008043378541296983,0.0,-0.06699236621028559,7
present_one_grape_birth_swarm_usage_expose_staff,IGHV4-NL1,07,0.018290701774452234,2.6495782114737847,0.16860108026390763,6
present_pear_summer_okay_stand_volume_walk_inform,IGHV1-2,05,0.0,0.0,-0.1131007669617714,5
price_crater_enrich_dial_vessel_priority_mass_atom,IGHV3-9,05,0.0,0.0,-0.28250114288636796,20
price_pond_cash_pony_live_rotate_sand_eternal,IGHV1-2,01,0.0,10.553051103542177,0.5267613026685234,11
price_spider_together_decade_cereal_pulp_dwarf_inmate,IGHV1-3,09,0.0,1.6763160671267814,0.11793672197704608,4
pride_slam_huge_metal_orbit_illegal_hospital_wagon,IGHV1-18,07,0.08915398677788218,0.0,0.06372383259473247,4
prize_affair_chuckle_fury_polar_judge_wheel_equal,IGHV5-51,02,0.0,3.8298755517293808,0.24793738303135893,9
prize_endless_law_rely_nasty_modify_tape_egg,IGHV2-70D,02,0.0,0.0,-0.08047443683533939,5
prize_inmate_health_mask_give_fossil_return_embark,IGHV3-30,07,0.0,0.0,-0.6876893420909302,4
process_boil_poet_hint_shed_divert_notice_barrel,IGHV5-51,02,0.0,1.129881977614091,0.08094601266547263,13
produce_also_alert_parent_snap_unknown_vanish_vendor,IGHV3-23,07,0.14711584542987285,0.0,0.0849143125786661,5
project_lyrics_voyage_hockey_marine_evil_type_before,IGHV5-51,09,0.0,0.3173515260422637,0.011183453543095911,7
provide_fortune_casino_episode_junior_race_afford_puppy,IGHV4-31,02,0.06505051473315586,0.469584498109764,0.0961473274133533,4
pull_broccoli_bitter_install_hen_balcony_notable_silk,IGHV2-70,05,0.3140837306882454,4.2048146697169955,0.3211898351848823,4
pulse_flower_bean_unfair_then_auction_fog_occur,IGHV3-7,11,0.0,0.0,-0.095149966443842,11
pulse_spot_danger_friend_negative_bitter_coffee_jazz,IGHV3-7,07,0.0,0.0,-0.23859554297650187,4
pumpkin_cannon_sword_under_choose_wool_cash_hurdle,IGHV1-46,02,0.0,0.0,-0.0004046821927874422,8
pupil_license_neglect_reason_volume_destroy_unit_elite,IGHV5-51,07,0.0,11.44079566248616,0.3269888945602347,9
pupil_soon_enable_hawk_topic_puppy_hold_bus,IGHV1-2,01,0.0,0.0,-0.08934718610138437,4
pupil_sunset_volcano_receive_hundred_crisp_current_talk,IGHV3-74,05,0.0,1.07312437100884,0.07763846932217522,20
quarter_bean_disease_digital_guess_sport_off_embrace,IGHV3-33,02,0.0,0.0,-0.01324432914349516,5
quit_soup_course_popular_glory_start_pluck_rocket,IGHV3-74,04,0.11748419779576474,0.13477910410276317,0.023563692536714864,4
quit_symbol_pioneer_timber_place_curve_route_inject,IGHV3-48,02,0.021292184492533436,0.0,-0.10450334968713304,4
race_stock_gesture_jump_fat_tunnel_letter_profit,IGHV4-NL1,05,0.0,0.0,-0.879229566418571,4
rack_panel_adapt_dream_solution_season_blouse_narrow,IGHV3-74,02,0.1499541091912945,0.036604627767220614,0.05414509041392046,20
radar_fashion_stuff_float_canoe_odor_home_wine,IGHV2-5,02,0.0,0.0,-0.15249624195436318,4
radio_humble_hockey_wrist_resource_segment_candy_awesome,IGHV3-33,07,0.04016866561279486,3.3370974396556314,0.6995676004597406,5
rain_snap_silly_observe_evolve_woman_intact_vibrant,IGHV3-7,02,0.0,3.2748958042399607,0.8061964964082802,4
random_drift_behind_lesson_kitten_soul_round_tennis,IGHV3-48,07,0.0,0.0,-0.010520660425104689,5
rapid_exhaust_spare_awesome_domain_tiger_dune_elegant,IGHV1-58,02,0.09376851329417467,0.0,-0.15568809422823793,4
rebel_abuse_agent_lift_turkey_present_black_mansion,IGHV4-39,07,0.0,0.0,-0.004343476128115142,9
rebel_divide_include_finish_disease_unaware_wife_game,IGHV4-31,02,0.0,8.23181552607823,0.08139615393065103,6
rebuild_boy_place_slam_consider_script_battle_fire,IGHV3-23,07,0.25908002109965417,0.0,0.11192905427396838,6
recall_luggage_vintage_market_tired_pepper_brass_render,IGHV3-74,01,0.0,1.0195032215013295,0.9159349712509997,6
recipe_giraffe_thrive_edit_differ_collect_arrange_ignore,IGHV3-7,07,0.0008355545044914367,0.0,-0.05472099060475766,4
recipe_mixture_goose_tribe_twice_success_deposit_code,IGHV3-74,02,0.25018114998317603,0.0,0.06451337098011645,8
reflect_scene_they_vendor_cousin_pistol_tobacco_lecture,IGHV1-2,01,0.0,0.942073922353954,0.21839374779179244,5
reform_someone_soft_orange_coin_wisdom_snow_reason,IGHV4-31,06,0.09916384305221072,0.0,0.09224001100746027,4
refuse_burger_leisure_obvious_hurry_honey_entry_exotic,IGHV3-74,09,0.08441864600046209,0.3015270815623783,0.07360899243963859,7
regret_dash_escape_youth_family_flat_team_spy,IGHV3-7,01,0.0,0.0,-0.20742444870552013,4
regret_domain_nose_morning_stay_film_flower_text,IGHV3-48,04,0.02742925534800238,0.0,-0.03614741519987974,6
relax_control_attract_identify_broccoli_broccoli_hand_spice,IGHV2-70D,02,0.5227669709300653,0.0,0.28067202271563474,4
release_frequent_physical_garden_maid_olympic_coral_rent,IGHV1-2,09,0.022303808756711653,0.0,0.0022940435445122365,13
rely_gaze_face_minimum_insect_dust_receive_enrich,IGHV3-7,01,0.0,1.6385612100566833,-0.048524702704285216,5
remain_various_nation_elephant_flush_field_kiwi_joy,IGHV3-23,07,0.03625720850529349,1.3538008729400153,0.055604242311121266,4
remove_defense_kitten_grocery_exercise_visa_duck_when,IGHV3-48,02,0.03335136278258314,0.0,0.0717619632840264,4
render_illegal_couple_pony_any_wonder_bus_marriage,IGHV4-NL1,05,0.0,0.15620167097248225,-0.11119727862435225,6
repeat_plunge_visa_furnace_tiny_correct_broccoli_limit,IGHV1-69,09,0.026524872715655668,3.6152975432206307,0.46587119139351474,4
replace_rescue_common_first_rebuild_hello_anger_marine,IGHV3-73,05,0.19489760215626975,0.0,0.2988409218155196,4
require_access_crouch_since_note_business_field_debate,IGHV1-8,01,0.07267699594256313,0.16362980955579778,-0.09927216047621146,5
resist_unit_inflict_summer_alcohol_mean_park_pride,IGHV1-2,07,0.0,0.0,-0.004825101840833623,7
resource_goat_black_enable_ugly_pill_weasel_mail,IGHV7-4-1,09,0.0,0.0,-2.026785405098304,4
resource_retreat_under_tank_card_tape_swim_matrix,IGHV3-13,05,0.0,0.0,NaN,4
response_enrich_all_tobacco_wonder_assume_lesson_barrel,IGHV1-8,04,0.18765797346887533,3.5906543493726613,0.6578848253435807,4
response_sing_actual_match_text_spread_verify_maze,IGHV3-7,02,0.0,0.0,-0.4514564748480083,4
response_that_city_hard_lock_purity_weasel_math,IGHV3-48,03,0.07309906031652436,11.87256320650525,0.9720885415998667,4
result_test_tired_world_swallow_chapter_custom_water,IGHV3-74,02,0.0,1.3039082273532132,0.07459790428908464,8
retire_mouse_public_kid_resemble_scrub_talent_miracle,IGHV4-NL1,05,0.11523225166884733,0.0,0.01204924401927232,5
reunion_demand_summer_letter_viable_leopard_daughter_display,IGHV1-3,07,0.001548808473815637,0.7834904095790156,-0.1955685517931791,4
review_avoid_copper_quit_unfold_chest_auction_actor,IGHV5-51,07,0.0,0.0,-0.016840556807520057,5
review_payment_title_dose_history_blossom_delay_metal,IGHV3-48,07,0.0,0.0,-0.018366827685841303,4
rich_leader_flee_extra_update_divert_camera_alpha,IGHV2-26,02,0.05575850269540906,0.0,-0.02650243124943419,5
ride_stem_century_door_similar_match_fame_shallow,IGHV4-31,02,0.0,0.0,NaN,4
riot_autumn_dizzy_box_picture_car_carpet_elegant,IGHV3-13,05,0.0,0.0,-0.2106549978725305,4
ritual_science_smart_symptom_about_taste_permit_appear,IGHV3-13,02,0.0,0.2091680069030493,-0.014327844866286243,4
robot_reflect_all_witness_slush_injury_cup_bless,IGHV2-5,03,0.20551494845934448,1.8683282470021099,0.19729520992030902,6
robust_chaos_infant_clog_owner_puppy_tuition_badge,IGHV3-72,02,0.0,0.0,-0.03714335335019503,9
rough_bicycle_drama_all_library_example_mammal_digital,IGHV1-2,01,0.0,1.813917310258173,0.0038774233346445808,4
rough_choice_fossil_practice_detect_opera_sphere_stove,IGHV3-48,07,0.08868886745558383,0.0,-0.003946754126096463,4
route_nerve_what_please_lumber_wide_bag_useful,IGHV4-NL1,05,0.1410177808788576,0.0,0.047932558105511114,4
rug_blade_minor_lady_urban_trouble_noodle_small,IGHV4-4,02,0.14717651846246763,0.0,0.4175083485692196,5
saddle_nice_title_rebuild_black_whale_welcome_gate,IGHV1-18,05,0.20109601239679947,0.912174566911993,-0.5111748668877909,4
salad_public_quantum_dwarf_easily_eager_venture_hour,IGHV3-21,10,0.0,0.0,NaN,4
salute_elbow_gain_clump_laptop_digital_choice_second,IGHV5-51,11,0.08171668430040552,0.0,-0.20392205895254212,4
salute_rich_sound_dynamic_sentence_absorb_erosion_snow,IGHV7-4-1,02,0.0,5.2202210367219735,0.4404623630692226,8
sample_cattle_giggle_purity_float_coil_unit_uncle,IGHV3-30,03,0.01092604844883117,0.0,-0.006387757115982051,9
satoshi_clerk_vivid_bench_stem_resemble_twist_type,IGHV4-31,02,0.0,31.837112991618664,-0.03189542626048203,4
scan_bitter_humble_season_rocket_umbrella_secret_chief,IGHV1-18,09,0.0,0.0,-0.18999767892434272,5
scene_toddler_hood_sketch_fish_thing_sudden_inherit,IGHV3-21,04,0.030686546659272024,0.8240843957637486,0.5559159616519226,6
scheme_police_kid_salute_future_tail_unveil_second,IGHV3-74,02,0.0,0.32665397200333557,-0.08401202313165257,4
scissors_rough_alter_about_fantasy_hand_oyster_spot,IGHV3-7,07,0.0,6.473798598401051,0.9303112512137721,4
script_exhibit_income_enlist_multiply_suit_jelly_small,IGHV3-7,05,0.0,0.0,-0.007251565759539558,6
scrub_lecture_vast_purse_loop_exchange_valid_sentence,IGHV3-33,09,0.0,3.5521096370582117,0.6401052259665516,5
sea_top_winter_film_peanut_advance_bird_crop,IGHV3-66,07,0.08101577412939862,0.37986494815544,0.1211396283325582,5
search_prison_depth_either_scene_vivid_wild_bless,IGHV3-23,09,0.0,2.1118375651183214,0.3671306129090661,6
search_soft_swear_congress_ivory_hawk_glass_valve,IGHV3-13,05,0.0,0.0,-0.03435097201264714,7
seat_brisk_purity_wish_work_sight_rare_panic,IGHV5-51,05,0.1051644074407962,0.0,0.43538569168863195,4
seed_inner_candy_fly_option_term_place_room,IGHV3-23,07,0.06518587494385797,0.0,0.25220711795421136,8
session_liar_dignity_behind_priority_ecology_gaze_sting,IGHV1-3,02,0.17037299065756695,58.248844013494455,0.9603550281014922,5
setup_twelve_idea_jaguar_loyal_tattoo_husband_banner,IGHV3-48,02,0.0,0.0,-0.0031510997906694094,12
seven_impulse_carbon_upset_clock_myth_give_want,IGHV7-4-1,02,0.0,1.530372785087932,-2.3150112803026,4
share_ankle_gallery_harsh_chase_arrange_upper_upgrade,IGHV1-58,02,0.0,0.0,-0.038106512243936574,5
shed_hurry_slender_ritual_cotton_call_army_mammal,IGHV3-23,02,0.09850376999302703,2.8224862735395226,0.23325954394576498,5
shed_wide_kangaroo_win_horn_cream_conduct_popular,IGHV3-33,02,0.0,1.095675475426971,-0.03265953968704438,16
short_trick_scare_bronze_neither_net_mix_shove,IGHV2-26,02,0.0,0.871827177380279,-0.4346640333911618,4
shoulder_apology_strike_opera_live_poverty_canal_script,IGHV1-46,07,0.2303008072806477,0.0,0.18340785793643888,7
shrimp_margin_one_mail_clay_impose_burger_amateur,IGHV4-28,11,0.0,0.0,-0.054940694703554005,4
shrimp_truly_lizard_ill_amateur_title_apart_black,IGHV3-23,07,0.14542095732257554,0.0,0.37377082961990615,7
siege_morning_fury_depend_slot_card_bitter_cupboard,IGHV3-23,02,0.0,0.0,-0.3402989465223005,6
siege_south_embody_ugly_prosper_master_slow_sock,IGHV3-33,01,0.0,16.152858126845157,0.1965989557750708,4
similar_turn_return_shaft_barely_aware_flat_engine,IGHV3-13,07,0.03197829731926605,0.0,0.061234602898722734,4
sing_divorce_public_penalty_real_topple_junk_fortune,IGHV3-48,09,0.08457157135582487,0.0,-0.024570533735191358,13
skate_bitter_margin_find_muscle_nature_deliver_mean,IGHV1-8,04,0.0,0.0,-0.01719764310923355,5
skull_reopen_morning_must_cream_master_filter_tuition,IGHV4-31,11,0.4087707327863785,0.0,0.18541868870004674,7
slide_inflict_bitter_garden_trip_dwarf_flat_ski,IGHV3-74,02,0.14248613132743376,0.0,0.350755877374323,7
slow_happy_recipe_exact_actual_rule_switch_near,IGHV5-51,01,0.0,0.9356031836463815,0.016829087935255616,5
slush_fancy_ready_track_proud_defense_height_illness,IGHV3-53,03,0.2953526470376139,22.43186216489236,0.5356495572096583,6
slush_reveal_diagram_outdoor_champion_peasant_school_orbit,IGHV1-3,09,0.0,0.0,-0.04373556017666114,4
small_stick_dilemma_sand_used_member_muffin_ranch,IGHV3-7,04,0.13360492455035053,1.8906054283372014,0.4228058832087185,4
smart_ivory_update_enforce_moon_damp_warm_switch,IGHV5-51,09,0.0,0.19829656328780537,-0.000023026307732543216,4
smooth_life_lottery_glow_input_gold_hire_oblige,IGHV3-64,11,0.0,1.5256453101987677,0.0608550463524683,4
snow_cement_cave_wave_entry_napkin_mansion_fiscal,IGHV3-7,09,0.36441988708598905,4.729105397955134,0.6263447564481429,14
soap_summer_minimum_sniff_witness_banana_much_accuse,IGHV3-48,11,0.17349431907894222,0.0,0.10102765029899297,5
sock_orient_sock_park_reject_law_fan_funny,IGHV2-70D,02,0.0,0.0,-0.26971014822179407,7
sort_recycle_universe_peace_physical_answer_merge_treat,IGHV5-51,09,0.0,0.0,-0.03718669828771182,5
sound_glue_addict_surge_duck_tumble_near_usual,IGHV3-13,09,0.0,0.0,-0.04656204707880973,4
sound_olympic_lend_patient_scrub_family_waste_trash,IGHV3-74,03,0.0,0.0,0.0,11
source_assault_profit_actual_hurdle_logic_margin_wise,IGHV3-23,07,0.1136434773999426,0.20066602433529276,0.6527159278351723,5
source_prevent_join_gas_still_limb_song_eyebrow,IGHV1-8,02,0.0,0.0,-0.021557642395540366,7
south_thank_ice_absurd_absent_aim_witness_question,IGHV3-43D,07,0.956065934920757,8.46232733226954,0.4162388169139135,4
spare_tumble_merry_busy_recipe_chief_radar_mandate,IGHV3-7,02,0.022780562644763407,6.110109659823756,0.2765716129944874,4
speak_mountain_couch_answer_drop_marriage_whip_fame,IGHV5-51,03,0.17377325644874686,4.923666430754911,0.14162333773950764,4
spice_impose_canyon_fossil_jungle_broken_between_again,IGHV2-5,02,0.0,0.5494763913584155,-0.026957740272395725,4
sport_club_tragic_anxiety_timber_remind_mixed_gloom,IGHV3-43,05,0.0020402801844912467,0.0,-0.03596844460016535,4
spring_news_laugh_sight_diamond_cool_cradle_olympic,IGHV3-7,09,0.10291854549075098,0.0,0.08858576315376565,4
stadium_cram_mom_voyage_whip_tower_deny_report,IGHV4-34,02,0.0897105615716543,0.0,0.42053052216626974,4
stadium_gauge_scheme_snow_ask_promote_toe_depth,IGHV5-51,02,0.02472446949816795,0.0,0.03186455517518916,4
start_coffee_absorb_exercise_sugar_marine_tag_fine,IGHV3-23,06,0.5453727721801214,4.443065643535433,0.3846780270299429,4
start_very_plug_economy_faint_vague_bomb_girl,IGHV1-18,02,0.0,0.0,-0.1603750224693603,5
state_forget_bacon_camp_asthma_this_gun_jungle,IGHV3-30,07,0.10447387585951984,0.0,0.029279168026270397,4
steel_oblige_mosquito_enter_guide_wheel_anchor_payment,IGHV4-28,09,0.0,4.0787832547423255,0.01220816159706506,5
step_orphan_noise_father_claim_comfort_pilot_vibrant,IGHV5-51,02,0.20993150208352568,0.0,0.05987255348419218,5
stereo_razor_spy_gain_portion_diet_crunch_camera,IGHV3-21,01,0.0,0.0,-0.013328030951296865,4
still_coyote_panda_minor_point_rhythm_burst_abandon,IGHV3-15,02,0.241800718459851,3.8649314332786715,0.47116745104964475,6
stomach_dog_napkin_shove_turn_develop_gossip_forward,IGHV5-51,02,0.023126850369404373,0.0,-0.047100796573601444,6
stomach_problem_dolphin_mule_shoe_hire_spatial_popular,IGHV3-23,02,0.09069358862264197,0.0,0.1339876532216573,5
story_stamp_love_flower_sun_photo_method_congress,IGHV3-66,02,0.20699982747512205,0.6136236163831564,0.0850182289517657,7
story_table_effort_rhythm_jeans_shrug_method_kiwi,IGHV3-53,04,0.0,2.2741272274702538,0.29892788957869243,4
stove_horror_excess_force_yellow_parade_tip_genuine,IGHV3-33,09,0.0,0.0,-0.002150272108061513,4
stove_ritual_remember_aim_multiply_escape_punch_scrub,IGHV4-34,02,0.0,0.2857258602639151,-0.0001712951765640014,10
strategy_quick_blade_penalty_pipe_dinosaur_enjoy_orbit,IGHV1-24,05,0.0,0.0,-0.052370942170004264,4
struggle_fossil_marble_rose_physical_tomorrow_balance_teach,IGHV3-74,10,0.11610711823685138,0.0,0.011191425989942938,9
stumble_wealth_clump_notable_engine_art_off_wood,IGHV3-48,09,0.0,0.0,-0.0025531366850790604,5
style_entire_bunker_void_attend_cloud_donor_mercy,IGHV4-39,10,0.0,0.6464823851252373,0.024856541186534797,6
such_appear_sock_lava_fiction_need_mad_nest,IGHV1-8,05,0.1752865670815256,0.0,-0.011829417390573305,9
sudden_crazy_voice_manage_tip_win_rail_potato,IGHV3-74,09,0.11028182664296787,5.603806958624302,0.943048663337034,4
suffer_inside_group_purity_tooth_leg_twice_alter,IGHV3-30,02,0.0,0.0,-0.5952404049556628,7
suit_ahead_surface_need_engage_idea_boat_width,IGHV1-3,02,0.12455292212745009,0.0,0.0014378101292089607,7
suit_decrease_love_tuition_bubble_panther_suffer_sausage,IGHV3-74,07,0.04801719477985666,0.0,0.09562269579592042,5
summer_ticket_height_toward_project_void_ancient_witness,IGHV3-7,07,0.03022724694105799,0.0,-0.00047797567088947446,9
sun_post_since_save_happy_crunch_enjoy_gift,IGHV3-49,07,0.17836372144711155,0.0,0.12327950879580973,8
sun_source_vapor_scrub_inspire_track_under_upgrade,IGHV1-3,02,0.011374491718596872,0.0,-0.009161477720873501,10
sunny_security_chapter_music_mixed_vivid_slot_isolate,IGHV6-1,06,0.0,0.20777341759809187,0.007426855234124896,8
sunny_snake_earn_situate_tongue_poet_lift_try,IGHV2-5,11,0.21284474318461347,1.8768045046681394,0.16928116028350249,4
sure_ceiling_urban_useful_soda_stuff_bracket_wait,IGHV7-4-1,02,0.0,0.0,NaN,4
surface_clap_snake_glide_wink_mad_tissue_ostrich,IGHV6-1,05,0.2995429315818212,0.0,0.043416448059996116,4
surface_tiger_worry_main_loud_diagram_vital_burden,IGHV3-74,09,0.0,7.190352524474925,0.5568624318441592,7
surround_uncover_entire_quit_doll_endless_they_rotate,IGHV1-18,07,0.0,0.09846291334171903,0.0005208083150551879,6
sustain_cereal_pizza_kid_athlete_stay_stumble_spin,IGHV1-3,07,0.0,0.0,-0.001752238491316671,5
swamp_echo_chest_cloud_thing_fossil_deputy_hamster,IGHV4-31,02,0.0,1.1705837318558523,-0.07124756025079315,4
swarm_scale_basic_tackle_area_course_combine_coyote,IGHV4-34,06,0.0,0.948703705345361,0.2020546187221568,4
swift_light_spend_exercise_fluid_fiscal_mirror_term,IGHV1-8,07,0.0,0.0,-0.010092801191727396,6
swing_vehicle_abuse_panther_cannon_section_slot_rabbit,IGHV1-69,02,0.0,1.6255468525334826,0.08258406909309413,4
switch_cruise_today_column_frown_bubble_frequent_desk,IGHV3-53,02,0.0,1.5818192291852131,0.08409783596931375,4
switch_inquiry_loyal_frequent_stem_live_sausage_input,IGHV3-30,02,0.7621378850307866,0.0,0.1627691523249163,6
switch_poem_gaze_cost_leader_flip_anger_tide,IGHV3-64D,04,0.02695922919425404,0.0,-0.0710243280289935,5
sword_point_brand_wet_foot_blur_scissors_smoke,IGHV1-3,02,0.0,0.06007443086988749,-0.0842265786553813,4
syrup_dance_large_luggage_embody_actual_melt_photo,IGHV3-9,07,0.10649195494890952,5.198246744987791,0.32007445464196227,8
tackle_marble_loop_image_midnight_garlic_organ_biology,IGHV1-3,02,0.2538393673956563,5.1884434141071125,0.3901925537592442,5
talent_immense_link_modify_letter_cook_man_behave,IGHV3-48,08,0.0,0.04937002581918294,-0.14466525228486193,5
talk_artwork_onion_actual_blossom_outside_enact_flip,IGHV4-39,07,0.0,4.220824124746993,0.8603566153070321,4
talk_panther_blouse_pencil_gallery_churn_dash_stadium,IGHV3-33,05,0.23776087004133908,1.4848009420784412,0.6833294931260134,5
tape_device_budget_final_slender_traffic_destroy_code,IGHV3-23,07,0.0,2.952721910274452,0.3196769608062914,9
target_spray_regret_trophy_leg_banner_chat_laptop,IGHV1-8,02,0.0,0.0,-0.33333333333333326,4
task_gospel_awkward_off_tool_fruit_lucky_remember,IGHV3-33,08,0.0,0.0,-0.03910987878226879,4
tell_foam_wool_badge_claw_misery_fashion_laundry,IGHV1-8,07,0.06701568698048431,0.0,0.033898193792539,5
tell_version_bus_monkey_major_extra_critic_time,IGHV5-51,04,0.0,0.0,-1.0442638098542418,5
tenant_route_dance_cash_when_rose_fresh_festival,IGHV4-31,11,0.24120032975579445,2.017480306579483,0.3395452691047043,5
tennis_repair_verb_brush_penalty_income_mass_hotel,IGHV3-73,05,0.0,0.0,-0.4456128654258118,6
tent_hurt_west_problem_casual_add_differ_matter,IGHV2-5,09,0.12097249014543986,0.0,0.008140552108381938,5
term_convince_culture_core_menu_museum_expect_junior,IGHV3-7,01,0.0,0.0,-0.1997099217905942,12
term_flock_happy_virus_juice_asset_walk_own,IGHV3-74,05,0.13302828804298522,0.0,-0.21474545307798332,7
theme_crisp_filter_pledge_beef_wave_peasant_before,IGHV4-38-2,05,0.04262190876119605,0.0,-0.759851517344472,5
theme_fish_trophy_prefer_copper_brave_toy_clump,IGHV3-33,02,0.16384479732168264,0.0,0.3824429333970447,4
theory_bachelor_clown_frown_today_ladder_cliff_fragile,IGHV3-21,02,0.0,0.0,-0.33333333333333326,4
thrive_shrimp_type_ask_camera_puzzle_spoil_rookie,IGHV3-74,07,0.09836462761393427,0.0,-0.024260836697810984,10
throw_fame_again_snake_average_recycle_game_impulse,IGHV3-53,01,0.4764962649276973,0.0,0.3868432689524911,4
throw_surface_margin_tiny_casino_meadow_put_mosquito,IGHV3-13,02,0.06552477301203302,1.9709944553020187,0.347444773210558,5
tilt_never_over_thought_disorder_symptom_rack_child,IGHV3-23,05,0.05034962907458402,0.0,0.03768494049062299,5
tired_avocado_reward_clean_blast_addict_hood_crash,IGHV3-23,02,0.0,0.0,-0.1504477450207522,4
title_book_rice_acid_travel_milk_appear_elephant,IGHV3-23,07,0.0,0.0,-0.0021848328228266656,8
title_student_kangaroo_resist_bullet_elephant_large_path,IGHV4-39,02,0.0,0.0,-0.035880742100860896,4
toe_balance_teach_tunnel_toss_negative_year_useless,IGHV1-3,07,0.0,0.0,-0.2429728593988456,4
together_actress_word_frog_time_anger_abandon_aspect,IGHV3-53,09,0.0,0.35061380091466426,-0.03988485070305692,9
tomorrow_put_write_fossil_lottery_usage_pudding_wonder,IGHV4-39,02,0.01823431460597307,0.0,-0.0504774036391038,5
tone_monitor_regular_say_game_reform_wall_hurdle,IGHV1-3,02,0.0,0.23434678711842968,-0.2571429050647791,7
tongue_retreat_average_achieve_spare_another_empty_certain,IGHV1-18,07,0.016312015194336105,0.9438166789941314,0.002471058057998965,9
tonight_dirt_laundry_eternal_together_question_cause_bulk,IGHV3-7,07,0.035150454580523585,0.0,-0.020339250636717487,7
tonight_picnic_arena_circle_sunset_talent_child_sail,IGHV1-46,02,0.0,0.0,-0.031047367375224066,4
tool_state_pulp_wave_blade_art_dash_kitchen,IGHV3-74,05,0.1749416656533591,0.0,-0.6755869205045393,5
tooth_crowd_gun_cute_often_neutral_believe_indoor,IGHV3-43,05,0.0,0.0,-0.03774430321499889,9
top_hurt_talent_news_main_dial_always_give,IGHV4-39,05,0.0,0.0,-0.09766553615026985,4
tortoise_kiss_present_obscure_lazy_industry_material_settle,IGHV1-46,07,0.011627199482094671,0.5737410233981722,0.056855363694701566,4
toss_trap_notable_truth_occur_clip_library_recipe,IGHV2-5,07,0.5552466502954398,1.919796897667486,0.9881962432345903,4
tragic_void_element_gentle_normal_blanket_slow_pen,IGHV1-58,02,0.0,0.0,-0.0012874511805327504,11
train_this_dance_side_silent_holiday_snack_beach,IGHV3-48,09,0.042467358573192976,0.0,-0.056045277370052826,8
train_valley_coil_media_gym_spawn_price_unaware,IGHV5-51,02,0.12117591991452799,1.8334548235221733,0.16072072420284378,6
transfer_hint_math_giraffe_stand_portion_similar_drum,IGHV3-7,07,0.0,3.3744625920118856,0.4022471551917035,4
transfer_isolate_bacon_outdoor_cool_push_urban_usual,IGHV1-3,07,0.0,0.0,-0.009985042415738832,6
transfer_rare_toddler_brown_lake_tray_analyst_night,IGHV2-5,07,0.0,0.0,NaN,4
travel_empower_certain_please_scare_noble_pulp_bottom,IGHV1-3,07,0.12834549376809537,0.0,0.055413106117657374,4
travel_movie_minute_crop_case_jelly_wolf_verify,IGHV3-74,02,0.0,8.62400770826889,0.6356386882676759,7
tree_thought_govern_movie_fold_faculty_race_bike,IGHV5-51,09,0.0,0.0,-0.0020670594315850277,6
trial_enroll_join_glass_math_light_kid_sweet,IGHV1-8,05,0.0,0.0,-0.019561558052838546,11
trim_pole_place_sugar_number_ecology_worth_rocket,IGHV4-38-2,05,0.0,3.5809548636422948,0.007503261182796317,9
trust_kick_museum_all_fragile_copy_ski_there,IGHV3-74,02,0.11885724414021338,0.0,0.04839722755328313,9
try_because_stairs_loyal_siren_permit_gorilla_good,IGHV3-7,02,0.03797169308759501,0.7179809475813719,0.20296470389858612,10
tumble_gap_monkey_wife_dawn_sad_traffic_raise,IGHV5-51,01,0.009001217866069191,0.0,-0.003019695670377631,6
tunnel_thumb_supply_best_identify_item_front_battle,IGHV1-69,02,0.025271675966996365,0.0,0.03178971532957753,4
turn_castle_galaxy_solar_hurt_glance_pink_ancient,IGHV3-66,10,0.1542030716528443,2.5787968309666733,0.881134047414152,6
turtle_stumble_ceiling_curtain_bronze_tone_coyote_whisper,IGHV3-33,07,0.10855025299633271,0.0,-1.0885956460229416,4
twenty_monitor_cram_claw_fetch_kit_firm_nation,IGHV3-9,09,0.09815436466882298,0.0,0.04799753599640344,10
twenty_tail_police_home_riot_destroy_eagle_dice,IGHV4-31,11,0.0,2.0418478509378652,0.8226498150384248,6
twin_vicious_lab_urban_early_beef_tool_black,IGHV3-7,10,0.0,0.0,-0.02471463103946947,4
two_tumble_staff_mammal_mention_enhance_slow_skate,IGHV4-39,05,0.0792112962749672,0.0,0.051332722962508015,4
typical_hurry_parade_civil_crumble_novel_list_hat,IGHV3-13,09,0.14978949023831317,0.4780473794815534,0.10692142192924337,4
unaware_report_truck_pelican_clarify_hill_view_vote,IGHV3-74,02,0.021961332188913968,0.0,-0.28551472811337875,7
unfair_begin_task_swift_drift_memory_quick_weapon,IGHV4-59,02,0.06233206805700426,0.42207137626013025,-0.09924570235433716,8
unfold_electric_cousin_spoon_obtain_away_festival_gospel,IGHV3-23,06,0.0006755326683233574,0.0,-0.011363312230636913,4
unhappy_define_become_spare_together_try_one_kid,IGHV3-53,11,0.0,0.0,-0.25,5
uniform_section_myself_pilot_session_food_access_gravity,IGHV3-7,07,0.036068104516432054,0.0,0.014916166148425503,6
unknown_skate_slight_heavy_current_spawn_lesson_tobacco,IGHV1-8,07,0.03083304423301317,1.301137621359665,0.06666731595802722,6
until_short_popular_reunion_struggle_uncover_smile_until,IGHV3-48,07,0.0,1.6290106005298752,-0.027969399557343566,6
unusual_better_boost_rookie_hollow_urban_borrow_giraffe,IGHV3-48,07,0.2820878524788369,0.0,0.5176317075822716,4
unveil_bomb_render_tell_solution_peace_vital_gap,IGHV1-46,04,0.22662265864766123,1.726585288477003,0.08160938349932956,5
uphold_scrap_denial_dress_gym_arm_coffee_idle,IGHV1-3,01,0.06985564191235281,0.0,-0.10024949673306827,4
urge_help_tuna_harvest_green_garbage_guilt_benefit,IGHV3-13,07,0.10330952045351863,0.0,0.012900986449570051,4
usage_expire_tag_multiply_reason_inch_lizard_option,IGHV3-15,02,0.28703133424279637,0.0,0.09146573801029856,5
use_tortoise_enhance_federal_leave_edit_thing_please,IGHV1-3,07,0.2073582645136777,2.746416199646119,0.6097372325057928,6
useful_item_devote_vacant_word_antique_grief_proof,IGHV3-74,05,0.025423560722137323,0.0,-0.1189648943121644,8
useless_special_benefit_fitness_bleak_artwork_craft_solution,IGHV5-51,11,0.2490957932585511,0.6394964625988927,0.9340914030996464,4
usual_trigger_inspire_display_public_neck_mobile_already,IGHV3-7,02,0.02030096756358248,0.0,-0.1379240128128596,5
vacant_close_expect_motor_refuse_friend_radar_vanish,IGHV3-30,02,0.0,0.16971517142487802,-0.18537930264550995,5
valley_phrase_club_power_banana_advance_anxiety_obey,IGHV1-18,02,0.0,2.0326180027776526,0.663811431315406,6
valley_piano_mandate_winner_limb_vague_prevent_thing,IGHV4-34,07,0.08087754389600607,0.0,0.5917325211333353,6
van_company_math_empower_develop_gauge_wild_goddess,IGHV4-39,02,0.06464563540836768,0.7923304721254241,0.22095607575818177,6
vanish_proof_hunt_urge_soda_child_shrimp_casual,IGHV6-1,07,0.15607284383494335,0.0,-0.21126468149030653,5
various_predict_mansion_wolf_enact_pilot_hole_cook,IGHV5-51,11,0.0,1.0994204678496282,0.11284575474095337,6
various_twice_essay_tent_front_powder_cup_nerve,IGHV3-74,02,0.01602953273123989,1.546122685769273,0.19321254083419914,4
vast_inspire_critic_creek_reject_library_pen_envelope,IGHV3-53,02,0.0,0.0,-0.12444439883934533,4
vast_learn_ranch_impose_address_roast_trumpet_country,IGHV1-46,02,0.06116684064744149,3.825753966524365,0.8860791344420663,4
velvet_pen_clown_squirrel_dirt_envelope_mix_impact,IGHV3-74,03,0.08399945515890575,0.005333084621978429,0.2539138390428427,4
venture_egg_caution_diet_nice_rude_giggle_turn,IGHV4-28,11,0.0,0.0,-0.00928693992877272,6
venue_palm_wild_drastic_achieve_coconut_resemble_hazard,IGHV3-74,07,0.3447624239724711,0.0,0.0657781651922561,8
verify_peace_fiction_tray_cable_advance_afford_myth,IGHV3-23,02,0.04658666761456504,0.0,-0.0339629558758181,8
viable_favorite_live_property_insect_ensure_special_version,IGHV3-74,09,0.09516507858799686,0.17030445949582554,0.11943636063774032,6
vibrant_plastic_increase_black_firm_exist_anger_visit,IGHV3-33,11,0.22075691880738077,0.0,0.08616236730193705,11
vibrant_security_quiz_tone_naive_drift_garbage_scale,IGHV1-46,09,0.0,0.0,-0.2915325889246052,8
victory_title_orange_donate_degree_same_library_cattle,IGHV3-30,01,0.1166145059797681,0.0,-0.16543411487911053,7
view_girl_trophy_start_roof_airport_below_true,IGHV1-8,02,0.19793061474156806,0.23032626891311214,-0.0690837047020314,7
vintage_resemble_custom_expose_floor_miss_lock_tube,IGHV3-72,08,0.01073997346416592,1.6387105714235992,0.32597070348503876,4
visa_oven_gasp_bless_toss_pen_want_wine,IGHV4-39,08,0.0,0.0,0.0,7
visit_hunt_limit_blush_crunch_dentist_leaf_rack,IGHV1-18,05,0.047471286779330366,0.0,-0.0564680832363027,6
voice_auction_jazz_stove_treat_knock_orphan_rookie,IGHV3-74,08,0.0043912932382877265,0.0,-0.02148223622469625,7
voyage_choose_eternal_amazing_buyer_hover_penalty_child,IGHV5-51,02,0.0,0.0,-0.14272802888835612,5
wait_robot_garden_embody_food_island_twelve_expect,IGHV3-9,09,0.14587678476583807,0.0,-0.009943188484339505,13
wait_talent_plug_vivid_fish_unit_sound_spot,IGHV3-7,07,0.06603298155618861,0.715202048905365,0.4783867549490999,4
walk_useful_unusual_extend_inner_width_crouch_flock,IGHV5-51,01,0.062042209542125866,0.00852946530872457,-0.16412623261448167,4
walnut_journey_focus_gesture_man_bullet_round_output,IGHV2-26,11,0.0,1.1062364026832265,0.1244946216986943,4
wash_outer_candy_grace_scheme_foot_kind_equal,IGHV3-74,09,1.559003007097479,0.0,0.2546975516672281,4
wash_rather_anchor_stool_rigid_cement_bottom_meat,IGHV1-8,05,0.0,0.0,-0.1653021593868762,5
water_blouse_urge_sand_merit_excuse_boss_during,IGHV1-8,02,0.17548638373203515,2.4116532935817396,0.8005401035208815,6
water_inch_record_remind_mention_farm_lesson_pass,IGHV3-7,02,0.005608105167327162,0.0,0.00028123697223014776,8
wave_simple_vintage_rack_actor_slogan_boost_school,IGHV3-66,07,0.09556385673514316,0.0,0.06871497510829616,10
weather_capital_flame_fiscal_banner_mix_topic_bring,IGHV3-74,11,0.1669694000188204,5.541212113289405,0.5809913237986507,5
welcome_grunt_burden_shoulder_scan_worth_reflect_news,IGHV5-51,10,0.0,0.0,-0.000012978174156463851,7
wet_strike_dwarf_bronze_legend_name_solid_flock,IGHV1-46,07,0.6453888415119513,0.0,0.5186880299863573,4
wheat_drop_fish_behind_race_sphere_hybrid_cargo,IGHV1-3,02,0.0,1.0859540583882639,-0.18715449277282925,4
wide_reform_museum_library_audit_staff_grant_ecology,IGHV5-51,01,0.0,0.0,-0.06576457112544487,4
width_average_deal_peace_scrap_sweet_captain_armed,IGHV7-4-1,02,0.0,6.456709480045773,0.8060874014706227,4
width_unhappy_behind_apart_must_arrange_increase_act,IGHV5-51,07,0.0,0.0,-0.5297415912825998,4
wife_labor_blossom_develop_beauty_practice_short_air,IGHV3-66,07,0.0,12.372836832906673,0.9670381711087732,5
wine_before_wise_combine_silly_real_immense_volcano,IGHV3-13,02,0.2293640421375427,0.0,0.19369785612371626,8
wing_maple_left_garlic_grab_critic_capable_flee,IGHV3-30,02,0.01061925652701665,0.0,-0.03356843220620265,6
winner_wise_goddess_hen_west_such_ice_laundry,IGHV1-46,07,0.0,0.0,-1.0085267570477097,5
winter_evolve_weekend_veteran_actual_use_cage_reward,IGHV3-23,10,0.0,0.0,-0.06595657091327078,7
wisdom_final_welcome_abandon_hen_achieve_ostrich_stick,IGHV4-NL1,05,0.0,0.0,-0.017195034182106328,4
wish_sense_negative_card_pepper_census_stem_error,IGHV3-9,05,0.0,2.8355892442022697,0.5775113956445312,6
word_guilt_giraffe_shield_sister_trend_put_priority,IGHV3-48,02,0.0,0.0,-0.3072666044913217,4
world_convince_public_dream_hurt_divert_globe_creek,IGHV3-74,02,0.0,6.152963599200484,0.39826197754587445,4
wrap_gauge_interest_attend_welcome_kiwi_unfold_lizard,IGHV1-2,02,0.0,0.0,-0.0003334144263276162,14
year_safe_clown_avocado_inner_vacuum_food_whale,IGHV1-8,02,0.0,0.14302221257214925,-0.23432053266206654,5
yellow_pencil_initial_slight_process_section_assume_artwork,IGHV4-59,07,0.0,0.0,-0.15302220578960068,5
zero_protect_copper_urge_ski_real_satoshi_quantum,IGHV5-51,11,0.10976782561315891,0.5376929918270725,0.3807270095820531,22
