lineage,frac_phi_A_down,n_edges,mean_d_phi_A,mean_d_phi_S,mean_d_phi_R
mandate_correct_hat_loud_pelican_tool_canyon_deal,0.16666666666666666,6,0.1456055502199328,1.682943021589578,0.038046426738328164
desert_library_quick_upon_wink_wolf_tooth_marble,0.25,4,-0.17306809018817654,1.4008443713984045,-0.0460624357794851
wrap_note_crisp_video_cancel_nothing_brief_give,0.3333333333333333,3,0.2659909197176968,2.98515333455561,-0.005594787444139548
acquire_empower_repair_drum_near_coral_paper_rather,1.0,2,-0.3461361803763531,4.2708130054112035,0.2500306835256585
garment_grain_punch_evolve_love_sustain_deposit_shoulder,0.4,5,-1.3873719048651403,2.0542947683477615,-0.094415844609572
shift_cereal_spatial_gloom_rebuild_idle_drama_hand,0.5,2,0.4566168661069077,0.20691699642221106,0.0
assume_lion_valid_parade_sing_empower_butter_nice,0.0,2,0.3463547417488562,1.3491151222928512,0.1816465422477469
shock_trend_spawn_fork_oak_polar_render_people,0.0,2,0.12964445936338376,1.3656657644032872,-0.04110462541774976
early_board_gloom_people_tonight_bird_payment_cupboard,0.5,4,-0.17317737087442817,2.7147808866961407,0.0024829163667367538
mystery_famous_south_miss_digital_stairs_talk_reason,0.4,5,0.423539643944945,2.9051472410079144,0.04642410974620953
tuna_gym_scatter_trim_spoil_undo_add_cook,0.6666666666666666,3,-0.5958462440252804,5.059862826175692,-0.15489685078393486
visa_oven_gasp_bless_toss_pen_want_wine,0.5714285714285714,7,0.0,2.9689951377315276,-0.07076895773763699
siege_south_embody_ugly_prosper_master_slow_sock,0.5,4,0.0,1.9367648273386093,0.0
palm_ignore_region_wheat_spawn_monster_raven_squirrel,0.42857142857142855,7,0.11488228601737907,1.5761341798551278,0.02632682044692079
heavy_catalog_art_orbit_session_action_guess_crumble,0.3333333333333333,3,0.5130302741880469,2.0636757302131246,0.07975957836649343
eyebrow_hold_tomato_vintage_case_peasant_depend_clump,0.5,8,0.0,1.6512152958709492,0.05883268020128515
surface_clap_snake_glide_wink_mad_tissue_ostrich,0.5,4,-1.4860479429780231,5.195741491030174,0.12674590710144654
possible_smoke_sheriff_cup_woman_proud_try_crime,0.3333333333333333,3,0.3888336204479934,7.239415697856376,0.04649372329716243
ceiling_satisfy_iron_burst_alter_drip_tattoo_dry,0.5,2,0.0,1.4525736205039568,-0.023977708476488363
potato_undo_pause_input_cinnamon_fork_warm_gather,0.0,2,0.4374280075473656,3.00860573921902,0.0028081549956299086
lock_install_genuine_labor_subway_nasty_mechanic_gallery,0.0,3,0.901866972947223,1.2911765515590734,0.044264588386606706
receive_claw_noise_explain_stay_machine_visa_mom,0.0,1,0.0,0.9683824136693051,0.0
wonder_inform_boy_harvest_kid_rapid_snake_clever,0.0,1,0.0,0.9683824136693051,0.0
output_success_letter_motor_repeat_winner_chuckle_immune,0.3333333333333333,3,-0.22391512156158822,1.8098539244640939,0.0
obey_pupil_club_video_have_stem_monkey_concert,0.4666666666666667,15,-0.016940536234635508,2.4206790578033632,-0.0021694111298079335
edge_protect_cycle_dune_room_movie_donkey_term,0.5,4,-0.04525331006951311,1.6512152958709492,-0.17038137587938673
arrange_since_icon_favorite_walnut_romance_drift_snack,0.0,2,0.16008267370869556,0.9683824136693033,0.022379196936029355
price_pond_cash_pony_live_rotate_sand_eternal,0.45454545454545453,11,-0.17735999799077368,0.8329433636444581,0.013982162660079971
review_payment_title_dose_history_blossom_delay_metal,0.5,4,-0.14675227127433207,3.691438621420664,-0.0163101826284546
bike_gasp_fish_hole_merit_memory_cushion_surround,0.5,2,-0.010088855296554407,1.6594906169261687,-0.04240564581393386
riot_desert_analyst_book_describe_inquiry_regular_entire,0.0,1,0.0,2.9051472410079153,0.04395912925942835
wisdom_final_welcome_abandon_hen_achieve_ostrich_stick,0.5,4,-0.14682269503430806,0.682832882201645,0.0
letter_bread_dance_actual_clinic_column_occur_forest,0.3333333333333333,6,0.7329461702658185,1.8443400905344627,0.06121274116899169
spice_impose_canyon_fossil_jungle_broken_between_again,0.5,4,0.21871400377368283,1.5043028696095098,0.172374651241871
pattern_toss_high_search_recycle_naive_deer_depend,0.5,4,-0.4315280603625463,2.2305896798614886,0.11686168936759123
dry_wrap_fortune_innocent_before_tool_bamboo_cycle,0.0,1,1.0974456921069413,7.3663266007308925,-0.4979067436826252
riot_illness_stage_drift_cup_bean_prosper_solar,0.5,2,-0.058855041743115566,0.7780160593575305,-0.02902564114031428
divert_midnight_bridge_woman_warfare_inform_bike_scheme,0.0,2,0.9134921952294778,1.659490616926167,0.2566635585893754
clay_alpha_rare_hole_bounce_base_forum_talk,0.3333333333333333,3,-0.3660095500005764,3.688680181068925,-0.12323049026403772
multiply_prefer_dutch_logic_grab_come_remove_frame,0.4,5,0.352379415273818,2.0195316259074936,-0.13024757115310517
item_reject_grape_sugar_snow_soul_hour_mirror,0.5,2,-0.16788646569048382,4.461179359722976,0.12033120481827672
course_crater_peasant_riot_hurdle_pilot_hedgehog_maze,0.5,4,0.0,2.178860430755936,0.012788110008473685
crash_town_know_coast_access_sting_bulk_enrich,1.0,1,-0.6929282601658399,14.939570197883992,0.12865428339019647
soft_car_swarm_island_cargo_that_edit_consider,0.0,1,0.0,0.9683824136693033,0.0
license_join_tumble_wash_often_fringe_device_divide,0.42857142857142855,7,-0.01085949476344534,1.4720821608513828,-0.03202450037484065
finish_vessel_pool_make_winner_quit_burst_develop,0.2,5,0.13845447215054124,4.42641621728271,0.1380523611805299
tonight_picnic_arena_circle_sunset_talent_child_sail,0.5,4,-0.1280618286398913,2.8099640638520276,-0.031831749078942206
similar_punch_author_calm_praise_culture_sunset_ramp,1.0,2,-0.5989378581800742,1.4525736205039572,0.031029969141181335
render_banana_mercy_dune_useless_other_document_bargain,0.5,2,-0.3277583834495247,2.0402233255497144,0.0
hotel_raven_treat_simple_disorder_mobile_stove_health,0.3333333333333333,3,0.30499292966238517,1.7519153537303154,0.0
expand_east_amazing_dash_myself_truck_hobby_arena,0.3333333333333333,3,0.6480534179884955,1.8788262566048306,-0.03225637525276832
bullet_question_lab_fork_wreck_ring_fatal_injury,0.3333333333333333,6,-0.0674318421569577,2.0057371594793465,0.08434430009219747
slim_three_once_suit_else_trim_sniff_behind,0.0,1,0.5090798020170754,10.271473841738805,-0.04262703041411198
into_heavy_wheat_asset_mandate_fog_mean_cattle,1.0,1,-0.8097155133317778,1.0014836978901833,-0.2529178354309185
require_range_large_case_artist_damp_wait_spray,0.3333333333333333,3,0.2916186716982437,3.942501986817956,0.031970277968651116
just_tenant_process_shoulder_wild_idle_purchase_baby,0.0,2,0.7510183725243438,4.357720861511871,-0.059519966790985646
pioneer_coach_ability_fall_cake_wear_approve_hope,0.0,1,0.0,1.9367648273386102,0.0
drift_cat_relax_hospital_employ_hollow_rare_motor,0.36363636363636365,11,0.2675974116211973,1.348359732193128,-0.016632778028378634
add_connect_ring_decade_ride_box_prosper_stereo,0.0,3,2.347018395202182,0.6455882757795367,-0.2076296283535415
atom_draft_short_midnight_snake_mom_lift_square,0.5,2,0.11135321411722476,1.6429399748157314,0.0
crouch_century_again_meat_betray_aim_airport_execute,0.0,2,0.0,1.4525736205039568,0.0
rapid_exhaust_spare_awesome_domain_tiger_dune_elegant,0.75,4,-0.39194606881514277,2.956876490113468,0.018155032279632277
loop_hint_lobster_illegal_that_monster_frown_vault,0.3333333333333333,18,0.2949787331487085,1.7174291876599466,-0.04176268827876264
media_quarter_spatial_lawsuit_world_another_barely_illegal,0.25,4,0.30073795225818345,3.0086057392190195,0.011849213886971494
weekend_faculty_tobacco_cabin_firm_way_daring_avoid,1.0,1,-0.9147168820974337,0.7945667014679714,0.012108116104388666
sword_point_brand_wet_foot_blur_scissors_smoke,0.25,4,0.40216493188210306,3.9252589037827716,0.07603492853296792
cotton_liberty_possible_myself_cheap_spin_erupt_casino,0.6,5,-0.5171794914842222,2.2827343935218893,-0.04331047155904281
mammal_glory_chat_spoon_eyebrow_wrestle_rescue_clap,0.5,4,-5.551115123125783e-17,2.0484986466049335,0.015360718111125216
gold_wise_marriage_siren_lava_utility_afford_hurdle,0.5,2,-1.2265032876721127,5.0322784226582975,-0.1889858808072622
awkward_universe_fitness_defense_own_twenty_benefit_bind,0.375,8,0.1923551359326837,2.4250936947008714,0.1243375655370503
round_layer_enforce_sudden_market_sight_short_tragic,0.6666666666666666,3,-0.19554036271981037,5.556472676266799,0.12161867931918109
lunch_creek_stereo_steak_stone_large_pledge_domain,0.0,1,0.0,0.9683824136693033,0.0
session_liar_dignity_behind_priority_ecology_gaze_sting,0.4,5,-0.32104929433308466,2.406884591375216,-0.0008462708155371201
little_say_abstract_cheese_sell_depend_pen_weather,0.5,2,-0.032269164988710325,2.731331528806579,-0.10841737934698237
dolphin_inspire_slight_trigger_smooth_twin_noodle_kingdom,0.6363636363636364,11,-0.17676454446074155,2.0812315003327857,-0.04114781472529136
direct_pony_topple_nephew_sunset_mass_shell_gallery,0.5,2,-0.05880647727363397,2.230589679861488,0.0
rebel_divide_include_finish_disease_unaware_wife_game,0.5,6,0.13496073071599693,1.2277211001218151,0.02361441180585691
soap_boost_decline_cargo_devote_churn_minimum_oppose,0.6666666666666666,3,-0.6222654232527264,3.2389751403046407,0.01545229519695386
duck_ramp_pretty_coffee_screen_rebuild_staff_doctor,0.0,2,0.0,0.9683824136693047,0.0
term_convince_culture_core_menu_museum_expect_junior,0.25,12,0.39949252039679345,0.8125022254278998,-0.021456768330022274
slide_inflict_bitter_garden_trip_dwarf_flat_ski,0.2857142857142857,7,-0.18784247655272016,1.857543624363626,0.0
wine_before_wise_combine_silly_real_immense_volcano,0.5,8,-0.059434346510851443,1.9843564159165528,-0.03886924487998821
render_illegal_couple_pony_any_wonder_bus_marriage,0.3333333333333333,6,0.43623939834334907,1.492576667277805,0.1263065363654756
hunt_alert_allow_board_guitar_habit_size_trip,0.5,4,-0.7878843340846643,2.031948004494496,-0.03796923952890216
interest_change_behave_start_leopard_coast_blur_arrow,0.0,1,0.9430872353947677,-0.554548420824883,0.5280602143748893
slow_happy_recipe_exact_actual_rule_switch_near,0.2,5,0.21948913842138826,3.7278568280719755,-0.11183870918894408
spoil_sniff_grit_siren_boy_resist_found_enable,1.0,1,-0.13686503685433582,1.3822164065137272,0.027814136615709972
effort_envelope_hand_quote_labor_fresh_protect_scene,0.0,2,0.8035530393368137,2.040223325549715,0.16780686170136766
category_plunge_green_icon_estate_gossip_abandon_combine,0.5,4,0.07185485023030946,2.5595931393794826,-0.06490169159371895
tell_mansion_neglect_cause_galaxy_angle_vital_service,0.5,2,-0.11152799445381012,1.262207266192183,0.0
unique_ill_slim_surround_connect_spatial_treat_regret,1.0,2,-1.4937243067761568,1.746398473026836,0.05874537648287559
tortoise_utility_gain_remind_sort_pitch_purity_flame,0.5,2,-0.3436031577321746,4.858462710456959,0.20237236309382234
dust_orbit_harvest_pitch_pulse_drama_quick_bracket,0.5,2,0.0,1.4525736205039577,-0.062263962209454654
tackle_marble_loop_image_midnight_garlic_organ_biology,0.4,5,-0.04457621418876341,1.4732653201461785,-0.009591079853634998
dash_shuffle_damp_sample_loud_duck_tattoo_noodle,0.2857142857142857,7,0.15534389508257845,1.9213915210872397,0.06142859414880605
know_hybrid_rapid_mansion_april_inside_night_loyal,0.5,2,-0.202513801270418,3.492796946053673,0.13174793754235092
night_risk_rug_view_desk_behave_riot_true,0.5,2,-0.7256104142970168,6.675218397474028,-0.24952921618533355
tonight_antique_body_bonus_solid_vapor_bicycle_scrub,0.0,1,0.0,0.9683824136693051,-0.0259758495600122
bean_pistol_include_online_grunt_wage_clever_give,0.3333333333333333,3,1.850371707708594e-17,2.201620394494599,-0.12479455476669761
arctic_foot_tobacco_slide_under_rhythm_claim_you,0.0,1,1.3849818442504187,15.32030290650754,-0.5123144821943648
awful_border_sail_pottery_salute_sand_unknown_fix,0.5,2,0.0,2.9051472410079144,0.0
good_sheriff_april_secret_universe_type_toast_valve,0.25,4,0.2480650197991247,5.930303622337372,0.006279393571790526
response_sing_actual_match_text_spread_verify_maze,0.25,4,0.4468482508156105,3.397613768897786,-0.07256999433097089
basic_bamboo_before_birth_addict_mention_warrior_exclude,0.6,5,-0.24031674117767068,1.7844717438891913,-0.0015985115404590021
task_gospel_awkward_off_tool_fruit_lucky_remember,0.25,4,0.22890856452546698,3.544526195159225,-0.17460560149875515
polar_amateur_coconut_dismiss_glare_fetch_crop_celery,0.8,5,-0.21027382158122593,4.4197959604385355,-0.0034481976282263018
cruise_blade_barrel_alter_clutch_garage_life_rule,0.0,3,0.18595690761522457,2.3285312973691146,-0.014843342605721288
various_predict_mansion_wolf_enact_pilot_hole_cook,0.5,6,0.09773142385128779,5.141253801572882,-0.022398870003719994
grief_enhance_solve_armor_label_heavy_visit_rug,0.3333333333333333,12,-0.06590737423374325,0.7145606079202734,0.0
shed_ask_banana_staff_neck_vendor_vacuum_evolve,0.6666666666666666,3,0.06071551053233959,3.3658860431791564,-0.05989124466521587
bubble_razor_supreme_key_remain_lemon_tip_carbon,0.5,4,-0.34608166539061413,2.334048178072594,-0.010781985938757399
coconut_mountain_glory_husband_team_cook_census_crumble,0.0,2,1.1158846738136547,4.65154571403475,-0.001028592175048304
drink_price_acid_cram_craft_fossil_virus_month,0.3333333333333333,3,0.7035702519622781,4.069412889692472,-0.24762824993736685
liberty_yard_door_book_swamp_loud_wish_effort,0.6,10,-0.13477823773657202,1.5494118618708876,0.050249112154591914
joke_plunge_picture_foam_cargo_reason_unknown_history,0.0,1,1.0968634136944524,4.461179359722976,-0.013701547700850414
rebuild_crowd_scorpion_tonight_health_tag_twenty_print,0.6666666666666666,3,-0.17019738035036588,1.3601488836998108,0.1562037037303345
solution_patch_proof_poem_cream_barely_margin_robust,0.3333333333333333,3,0.757391147498755,5.890300575563525,-0.2094627662000957
silly_giant_height_chief_swarm_fun_move_tray,0.0,1,0.0,0.9683824136693033,-0.2461429382567274
during_occur_october_orbit_visual_slot_dinosaur_aisle,0.8571428571428571,7,-0.7664413156918348,2.8010952220041685,0.18386144904673393
profit_spread_decorate_crater_during_twin_fatigue_brisk,0.0,1,1.0980286500017291,1.5560321187150628,0.0
tape_device_budget_final_slender_traffic_destroy_code,0.4444444444444444,9,-0.13372935264366465,1.9864243025680868,0.02958562534362477
stove_mystery_upon_broken_super_expand_enforce_want,0.5,2,-0.05267052663709115,2.230589679861489,0.03276953189671381
hungry_helmet_stage_dinosaur_enhance_quick_idle_echo,0.4,5,0.02104294459883711,1.9020016848983432,-0.0379828399512411
cactus_core_frown_silk_sport_fashion_laptop_december,0.6666666666666666,3,-0.17008077517834042,1.0952933165438203,0.0
middle_front_arch_plate_bone_resource_long_lunar,0.6666666666666666,3,-0.36607437350626637,5.048829064768735,-0.1127598074011138
hill_bottom_keep_various_very_swim_salon_scissors,0.6666666666666666,3,-0.7649130433515335,3.0430919052893883,-0.09693406835571237
way_gym_afraid_awkward_sort_define_combine_any,0.0,1,0.0,1.9367648273386102,0.0
awkward_charge_modify_word_intact_clog_ski_garage,0.5,4,-1.459780609571788,4.2190837563056505,-0.04718327091539376
push_vivid_please_swamp_range_example_festival_season,0.5,2,-0.11152799445381018,4.167354507200098,0.0
deliver_pole_original_recipe_glove_receive_remove_tribe,0.5714285714285714,7,-0.32875317045578395,2.8259260380329314,0.008848915170799174
verify_dwarf_express_undo_diary_tourist_collect_quiz,0.0,2,0.0770128215356948,3.095513595319688,0.11429372546363276
spare_tumble_merry_busy_recipe_chief_radar_mandate,0.5,4,0.0627869220707114,2.1871357518111543,0.0011988839316692812
useless_special_benefit_fitness_bleak_artwork_craft_solution,0.5,4,0.27378016062743393,-2.4726852832788144,0.11566741379489096
vacant_close_expect_motor_refuse_friend_radar_vanish,0.2,5,0.17851089858627403,4.6962392417412815,-0.16283582034925656
detail_submit_essence_curtain_garden_holiday_original_tape,0.5,2,0.3141511122686643,5.048829064768735,0.1704551234927465
car_push_rug_true_mask_axis_salad_harbor,0.5,2,0.0,2.3340481780725932,0.028337285310811172
tag_exclude_expand_spend_orphan_rely_matter_olive,1.0,1,-1.0982231205187991,5.222644776970075,0.04426653974610162
crisp_purse_enjoy_destroy_medal_can_prosper_exotic,0.0,5,0.7233098350317665,2.6419444733935187,0.10138548287405032
perfect_merit_horn_silent_achieve_hard_village_loyal,0.6666666666666666,3,0.30397905991130175,2.582353103118146,0.08541006139181351
hotel_cat_net_pattern_fade_next_suspect_exit,0.5,2,-0.06665637970501753,0.7780160593575314,0.0
novel_setup_picture_guide_oyster_call_fence_half,0.6666666666666666,3,-0.4169630189219473,1.3022103129660316,0.04704262254092719
husband_limb_nephew_kite_effort_give_universe_cycle,0.6666666666666666,3,-0.2762063253371139,6.340005616327809,-0.09699617731353875
execute_assist_brisk_three_segment_small_ethics_slot,0.6666666666666666,3,-0.30455695165294056,2.2016203944945993,-0.08167709002996536
train_valley_coil_media_gym_spawn_price_unaware,0.3333333333333333,6,0.17483490182443695,3.233458259601162,-0.08567337290013304
coconut_armor_occur_oyster_usage_torch_bridge_version,0.5,6,-0.008121279181987809,2.812722504203767,-0.023948792698282945
proof_detect_motor_can_album_boost_happy_wave,0.0,1,0.0,0.9683824136693033,0.0
trim_maze_industry_juice_actress_example_domain_punch,0.0,1,0.0,0.9683824136693033,0.0
lamp_ladder_nice_alpha_shrug_heart_glance_drastic,0.0,3,0.6102480871308295,7.94294254436969,0.07557306200525367
hobby_spawn_chapter_token_shine_myself_grit_rabbit,0.0,2,0.292730127971525,1.071840911880411,0.0
educate_cricket_must_color_energy_off_bottom_error,0.4444444444444444,9,0.21561388920677557,1.8521575587555985,-0.034477832076038925
spray_expire_cover_affair_dynamic_alter_powder_stairs,0.0,1,0.0,0.9683824136693033,0.0
water_inch_record_remind_mention_farm_lesson_pass,0.375,8,0.022779250256733607,3.5403885346316155,0.012632374539738284
confirm_drastic_chalk_steel_game_explain_index_behave,0.25,4,-0.05567660705861238,1.8415816501827234,0.07289242082654768
outside_humor_call_olive_uncover_misery_know_physical,1.0,2,-0.297547476085113,5.636478769814493,0.019411504733429674
engage_chicken_kidney_party_taste_payment_spawn_magnet,0.5384615384615384,13,-0.033369324997348085,1.0371416870639654,-0.04004249112824325
eagle_example_indoor_good_usage_near_order_nothing,0.6666666666666666,3,-0.14428163661991547,2.9630858117416934,0.0018444363928373046
design_saddle_clip_sister_tenant_journey_capital_ceiling,0.0,1,0.0,0.9683824136693033,0.06553907926762906
notable_file_raise_jewel_abuse_shoulder_pistol_tube,0.5555555555555556,9,-0.028658860043228065,2.090344428062357,-0.049612247536227394
replace_rescue_common_first_rebuild_hello_anger_marine,0.5,4,0.0,1.167024089036297,0.0
exile_announce_toilet_giggle_match_bottom_shy_because,1.0,1,-7.3285184334745495,26.386343449714317,0.18314786941629058
pepper_blade_logic_spread_drop_negative_planet_depth,0.0,1,0.0,0.9683824136693033,-0.03154959780085129
ecology_same_web_super_initial_whale_labor_face,0.3333333333333333,3,0.0,1.6139706894488413,-0.08422743815012919
indoor_window_clog_narrow_tragic_chimney_exchange_nurse,0.5,2,-0.4578244132029776,2.8016887427968094,0.02697491433348928
soup_million_suit_work_fold_indoor_cruel_lunch,0.0,2,0.45748939449357784,1.158748767981078,0.0
struggle_fossil_marble_rose_physical_tomorrow_balance_teach,0.4444444444444444,9,0.005563723015350741,1.4217653749025745,0.02235798515061487
tell_very_lesson_wave_dog_narrow_despair_acid,0.3333333333333333,3,-0.05128641440368368,1.106327077950778,0.05329767574070373
rival_flavor_gate_egg_give_sand_tragic_identify,0.3333333333333333,3,0.0,0.9683824136693046,0.0
prize_say_trim_dragon_quantum_they_room_diet,0.5,2,-0.27947980067133554,3.1989720935307933,-0.07113385418503415
craft_boost_diagram_donkey_stereo_sibling_fit_author,0.25,4,0.5484320883329428,4.94537056655763,0.1617063934397161
kid_receive_museum_science_bunker_sting_corn_salon,0.3333333333333333,3,0.30455695165294056,2.905147241007914,0.0
original_swing_heavy_near_flip_draw_sugar_flash,0.3333333333333333,3,-0.2823214323204053,5.625445008407535,-0.023748693311043956
butter_advance_tennis_slide_chef_vacant_element_crystal,0.6666666666666666,3,-0.9013239552377522,3.6197078489281878,-0.133449853176868
long_idea_never_witness_field_focus_domain_rely,0.5555555555555556,9,-0.007107792912819686,1.7482374332613293,0.14262340956446165
coil_defy_siren_few_bottom_coach_column_faith,0.0,2,0.547560321254868,7.08905239031845,-0.43238879096820904
bless_current_teach_bargain_spice_travel_mail_hello,0.0,1,0.22270642823444953,2.317497535962156,0.1470632568076965
argue_finish_trust_despair_hole_oven_tank_rubber,0.4,5,0.5330459934735025,1.978148226623052,0.15523256346853898
two_age_shrimp_card_tool_coral_convince_venture,0.0,1,1.7207547756313861,5.255746061190948,0.14168643988673835
drift_thought_stable_battle_two_soup_ripple_celery,0.5,4,0.0,3.544526195159225,0.0055947959181070345
unfold_electric_cousin_spoon_obtain_away_festival_gospel,0.25,4,0.1666439870763803,7.037323141212896,-0.07956263675418271
orchard_solve_potato_attend_worth_ghost_safe_belt,0.5,4,-0.07181118955296754,2.8099640638520276,0.004764887409437812
mystery_merry_feel_cushion_walnut_sand_roast_world,0.3333333333333333,6,-0.19717923062899245,3.498313826757151,0.03497298606909897
provide_record_rhythm_dismiss_blue_solid_coconut_biology,0.0,1,0.0,0.9683824136693033,0.0
sadness_silk_tomorrow_april_above_side_chalk_attend,0.0,2,0.2693419202131614,1.1752994100915153,-0.2827275637480785
injury_industry_ten_afraid_illness_pledge_sing_artwork,0.6666666666666666,3,-0.28232143232040535,3.6886801810689254,0.14602323759718114
engine_pig_subway_tuna_knock_vicious_feed_length,0.3333333333333333,3,0.7662175664030801,1.6139706894488413,0.013264936543236017
uniform_section_myself_pilot_session_food_access_gravity,0.5,6,-1.850371707708594e-17,2.743750172063031,-0.009591086927555689
own_stock_oil_cherry_sea_hover_raw_harbor,0.5,4,-0.4468482508156105,3.8818049757324378,0.059174526226981425
saddle_congress_twelve_clever_cube_observe_bus_vapor,0.3333333333333333,3,0.43231727661770875,2.7202977673996194,0.0573187785269312
hungry_chronic_turkey_skin_castle_property_future_ask,1.0,2,-0.13429521248799342,1.6594906169261678,0.0
ignore_merge_thing_kiss_welcome_debate_brisk_female,0.0,1,0.0,1.9367648273386093,-0.16399813448369904
world_convince_public_dream_hurt_divert_globe_creek,0.25,4,0.21668655833755635,2.334048178072594,0.09916688726408135
example_rescue_love_feature_fine_dash_slot_concert,0.2,5,0.19034208997367544,2.5111740186960176,-0.04540959288318547
typical_hurry_parade_civil_crumble_novel_list_hat,0.5,4,-0.31303440707886276,1.7029445449765022,0.03743534553426667
child_shrug_language_entry_radar_episode_sauce_lend,0.0,1,1.2484003124136633,4.461179359722975,-0.19631421353366518
resist_unit_inflict_summer_alcohol_mean_park_pride,0.7142857142857143,7,0.0838695354060377,2.5244145323843674,-0.005186737516191586
upper_luxury_combine_pave_plate_ceiling_circle_ancient,0.5,2,-0.20258666567711758,1.262207266192184,0.0
veteran_elbow_flavor_diary_tunnel_rely_copper_powder,0.0,1,0.0,0.9683824136693033,0.0
bird_impulse_lawsuit_crunch_advice_spare_describe_cotton,0.5714285714285714,7,0.04421702515190652,2.470024145438146,-0.010898956331349059
today_lawsuit_web_broccoli_husband_fat_mechanic_occur,0.5,2,-0.08694372759285918,3.3024305917418992,0.0
fame_ripple_grit_dizzy_sport_over_volcano_gossip,0.0,1,1.787393003262442,-4.875013352567398,0.0
tomorrow_put_write_fossil_lottery_usage_pudding_wonder,0.4,5,-0.12114758101350494,2.5244145323843674,-0.05220328063585753
reveal_drive_fat_popular_element_melody_pioneer_hunt,0.5,2,-0.2555285744996074,5.359204559402052,0.09926806052833656
today_concert_hub_brother_lunch_pond_arrow_window,0.0,1,0.0,0.9683824136693051,0.0
craft_almost_boss_grain_acid_apology_side_filter,0.75,4,-0.7169012287224555,2.334048178072594,-0.13711565969856404
give_century_stable_brother_same_night_midnight_toe,0.6666666666666666,3,-0.3333857490117156,2.709264005992663,0.0
laundry_task_enemy_slot_observe_pony_thought_peanut,0.0,4,0.2955759446580414,1.4525736205039568,0.0
bring_result_hammer_detect_connect_alien_amused_letter,0.25,8,0.04815644827707253,1.0201116627748572,-0.0007493033898902657
boat_cabbage_animal_moment_arrow_tooth_usual_slender,0.5,2,-0.2550629145778437,1.0718409118804102,0.08230407172048304
draft_woman_afford_mosquito_secret_danger_purpose_mother,0.0,2,0.2545399010085377,1.7463984730268347,0.0
young_south_mirror_insect_isolate_short_luxury_amazing,0.5,2,0.058855041743115566,1.2787579083026213,0.02098049270632707
october_mixture_member_butter_require_gun_fox_fetch,0.5454545454545454,11,-0.3718604881377635,1.024814321784453,-0.0005081727743573749
domain_jewel_chest_ladder_deliver_decline_safe_people,0.5,4,0.08907498186222727,4.659821035089969,-0.10468444962841206
daughter_lift_around_floor_draw_embody_buffalo_oval,0.25,4,0.19003583326787482,6.795227537795572,-0.15673887718199567
gadget_walk_attend_frequent_chalk_pass_destroy_razor,0.5,2,0.4230658019818786,8.835450863345285,-0.17105223979144352
peace_company_fury_ready_forward_frown_like_utility,0.0,3,0.0,3.227941378897684,-0.10591515577750997
sleep_stomach_drastic_method_squirrel_dice_animal_play,0.0,1,0.0,0.9683824136693033,0.0
source_medal_struggle_dutch_demand_half_custom_chef,0.5,2,0.23467379307427538,3.078962953209251,-0.036829436549419114
copper_excite_cruise_steel_point_inspire_solid_stick,0.5,6,-0.07822459769142513,2.495445247017478,-0.03275969184657357
gospel_copy_expose_floor_dad_torch_theory_edge,0.6666666666666666,3,-0.06067667840589497,3.688680181068925,0.20340522232913108
sail_melt_select_chunk_country_develop_extend_find,0.6666666666666666,3,0.05128641440368368,6.144122381312556,-0.17559573499154255
salmon_express_surge_million_major_clever_adjust_summer,0.3333333333333333,3,-0.02149338774528568,1.6139706894488415,0.0
where_cricket_shuffle_task_lawsuit_page_worth_climb,0.0,3,0.17711871576897606,4.265296124707725,-0.09317246648703909
tell_foam_wool_badge_claw_misery_fashion_laundry,0.4,5,0.0,1.9367648273386096,0.03520090497028363
detail_effort_evidence_cattle_twist_liquid_execute_amused,0.0,1,0.0,6.7786768956851375,0.0
width_unhappy_behind_apart_must_arrange_increase_act,0.25,4,0.6759929664283142,1.9967693974993805,-0.01840769216671148
swamp_fabric_note_tag_ring_jazz_this_excess,1.0,2,-0.6357559361724435,6.017211478438039,0.15467371257735307
mosquito_slogan_team_glue_grit_clarify_hospital_sail,0.3333333333333333,3,0.05128641440368368,0.7145606079202734,0.03285833870746154
fiber_inch_throw_senior_flavor_learn_edge_copper,0.75,4,-0.21824910202163178,2.2823189289670407,-0.20340126228727545
glove_receive_shift_make_tornado_stay_wheat_spin,0.5555555555555556,9,-0.10166430988746174,1.3564709632308238,0.02270464616460956
food_essence_donkey_piece_spot_yellow_addict_pony,0.0,3,0.4400507067804636,1.8788262566048306,0.0
hover_monster_library_crucial_tragic_rigid_raven_barrel,0.0,1,0.0,0.9683824136693069,0.0
shoulder_sort_civil_bargain_ice_bargain_way_emerge,0.3333333333333333,3,0.44005070678046354,2.2016203944945993,0.0
large_night_motion_swing_stand_orbit_polar_oblige,0.5,6,0.20868960471924192,4.686031880105118,-0.017502509687172558
seat_brisk_purity_wish_work_sight_rare_panic,0.5,4,-0.033328189852508766,2.6796022797010255,-0.056434215360451206
language_assist_business_they_sample_jump_between_pride,0.0,1,0.5103255705202987,4.46117935972298,0.0
enjoy_weird_liar_tumble_sponsor_prize_simple_east,0.0,2,0.12557384414142278,4.738453570135418,0.17144352878877533
afraid_vendor_unveil_mom_security_gesture_clutch_panel,0.75,4,-0.2742158534236131,2.2823189289670416,-0.18491780660530766
recipe_dizzy_vehicle_dwarf_rare_trigger_obtain_path,0.3333333333333333,3,0.4009839363442446,3.6886801810689254,0.1546425582997394
much_issue_attitude_kitten_envelope_maximum_innocent_install,0.0,4,0.07489862136240379,3.2507013426363467,-0.013986991453217704
couch_away_swap_diesel_market_fee_glow_uniform,0.5,2,-0.11100529846747931,1.2622072661921848,-0.0052451264924820995
wait_talent_plug_vivid_fish_unit_sound_spot,0.75,4,-0.101256900635209,4.651545714034751,-0.13833000827023073
senior_blind_sound_path_cute_risk_screen_potato,0.0,1,0.450986265894608,3.9066309388980933,0.06553905274042654
maid_enact_chunk_shed_world_horror_pledge_curtain,0.3333333333333333,3,0.03497478195915645,0.6566220371864944,0.00399628474608138
tail_help_business_multiply_erase_entire_burden_frost,0.5,2,0.0,2.9051472410079153,-0.04563250356242038
farm_width_crater_begin_man_then_frog_route,0.5,4,-0.04240188809728895,1.3139365152977378,0.0
vital_purpose_portion_reflect_salmon_luxury_amount_adapt,0.5,2,0.4230658019818786,2.0402233255497144,0.08974611309593519
voice_auction_jazz_stove_treat_knock_orphan_rookie,0.2857142857142857,7,0.07863408993911751,2.4948549614669084,-0.010030932242558592
stove_horror_excess_force_yellow_parade_tip_genuine,0.5,4,-0.055676607058612326,3.0520596672693534,-0.001498605674480416
gasp_cereal_urban_occur_mind_link_portion_sleep,0.5,4,0.4403992292914317,1.4173950135088416,-0.14100668975205102
burden_dismiss_select_brother_cheap_couch_slam_able,0.0,3,0.1280425446840322,1.936764827338609,0.039050053048764376
envelope_clay_draw_canvas_stable_park_kit_caution,0.6666666666666666,3,-0.5006789150162293,0.9683824136693051,-0.014272448469186206
laundry_plunge_supply_old_rigid_possible_magic_venture,0.25,4,0.21174107424030397,1.893310899288275,0.023198584646211468
glory_limit_strike_note_easy_monitor_client_area,0.4444444444444444,9,0.02021263201887961,1.617648609917827,0.005086177951064943
piano_kitten_unlock_boil_human_exile_step_nut,0.5,2,-0.6924909221252094,6.207577832749813,-0.000129428328240061
message_split_perfect_train_pull_matrix_skin_finish,0.5,4,-0.4608259737407824,2.497511246444471,-0.009711124733486898
office_cycle_fury_pink_catalog_alert_shuffle_catch,0.6666666666666666,3,-0.09574825273729005,3.7466187518027034,-0.06478638082144306
cluster_tell_elevator_gesture_mirror_oxygen_maximum_print,0.0,1,1.811097229658122,9.129275715868165,-0.4020063605981967
album_midnight_worry_travel_key_oyster_diamond_steel,0.5,2,-0.7171420799562349,2.714780886696141,-0.21159009459325057
favorite_focus_adjust_sentence_enlist_royal_diet_inflict,0.0,2,1.0978344063128702,-1.953315469449047,0.2213158417740946
chuckle_thrive_treat_coral_exhibit_mango_hour_right,0.16666666666666666,6,0.15260570968364465,4.461179359722976,0.04516785078805948
carpet_hedgehog_vessel_label_cycle_borrow_hedgehog_wait,0.25,4,-0.04550750880442121,1.841581650182723,0.0
sort_recycle_universe_peace_physical_answer_merge_treat,0.6,5,0.10776593511522088,-0.2350598820183034,-0.05191988342548154
liberty_paper_mass_object_crush_produce_man_antique,0.5,4,0.0,2.8182393849072467,-0.13554369962594554
flower_hero_second_craft_conduct_misery_shift_endless,1.0,1,-0.40531916650401667,1.1752994100915153,-0.03197027059998381
toe_balance_teach_tunnel_toss_negative_year_useless,0.25,4,0.34181265135204936,5.446112415502719,0.01716101752229167
wide_reform_museum_library_audit_staff_grant_ecology,0.5,4,-0.544220802854647,3.2507013426363462,0.15044986466143528
marble_dawn_wool_push_labor_hedgehog_supply_bullet,0.3333333333333333,6,0.12242435283418555,1.002868579739673,-0.011988855343544288
brand_design_mandate_label_leader_fitness_ignore_suspect,0.0,3,0.1699837288154399,0.841471510794789,0.0
police_aunt_travel_veteran_flag_bulk_mosquito_reopen,0.25,4,0.2742158534236131,4.262537684355985,-0.1338225143817939
good_bomb_engage_buzz_cruel_across_can_vicious,0.5,2,0.5482571861317069,2.3340481780725932,0.036765814063761615
blossom_midnight_siren_stay_swamp_museum_broken_carbon,0.14285714285714285,7,0.3826952520152425,-0.7555496207731175,0.05379543238037922
drip_december_vapor_jump_alpha_upgrade_jeans_toddler,0.3333333333333333,6,0.15991354303214222,2.1036787769869716,0.0113740362123645
game_nerve_employ_salt_eternal_card_include_kick,0.42857142857142855,7,0.17882446388762893,1.4720821608513828,0.05884072738578224
pioneer_rebel_unit_combine_warm_pattern_turn_oval,0.36363636363636365,11,0.760109755086176,1.3581427452621813,-0.023180814769635117
swarm_door_scatter_motion_quarter_suffer_jelly_fiscal,0.3333333333333333,3,0.5360126110526796,4.207357553973945,0.014486530362378217
animal_conduct_hire_hundred_pepper_coyote_april_chief,1.0,3,-0.5341555897672983,0.4607388021712424,0.042856040353995484
prize_layer_private_trim_public_border_eyebrow_amazing,0.0,2,0.0,1.4525736205039577,0.0
august_pigeon_marine_discover_corn_shrimp_humor_copper,0.3333333333333333,3,-0.17019738035036588,1.0373547458100418,0.15252370569309678
clerk_badge_spoon_common_sadness_carpet_assist_margin,0.5,4,-0.4853546615834579,3.302430591741899,-0.14795217648754247
chicken_universe_sense_praise_desk_silk_shallow_mother,0.25,4,0.02826662578662953,1.7463984730268356,0.046793960860968875
ice_usual_clerk_runway_canvas_sister_knock_river,0.0,2,0.0,0.9683824136693051,-0.053437035364855556
again_put_record_never_involve_quarter_view_salad,1.0,1,-0.1175644502319303,1.7298478309163947,0.0
object_analyst_scorpion_payment_claw_pole_reunion_educate,0.3333333333333333,3,0.17014553566987103,3.1810365695708622,0.003304081307899646
clinic_caution_pill_thumb_erase_taxi_dream_gravity,0.5714285714285714,7,-0.04498000784938992,1.8575436243636259,-0.002926153288385376
plug_drive_oak_atom_discover_actual_wagon_humor,0.5,4,0.10131155890742716,4.123900579149764,0.12979972305889984
fresh_prison_then_board_this_witness_mask_mountain,0.75,4,-0.4861024972670394,1.123570160985963,-0.08554999769211186
merge_human_garden_rabbit_nasty_energy_glove_curve,0.6666666666666666,3,0.4172230282801279,2.339565058776073,-0.10874554785899974
merge_talk_around_choice_snake_liar_bargain_try,0.0,1,0.25081487464206154,1.5560321187150628,0.0
confirm_pelican_family_panda_helmet_harbor_harbor_crack,0.5,4,-0.3464094359158881,3.5445261951592246,0.03303405779279095
snow_cement_cave_wave_entry_napkin_mansion_fiscal,0.35714285714285715,14,-0.1995545774365925,1.0399169635186034,0.0060842784750031785
much_essence_spend_tone_into_sphere_estate_deny,0.5454545454545454,11,-0.31535010391359175,0.5718482766638181,0.03570522095987902
life_destroy_unfold_waste_point_volume_rely_bike,0.3333333333333333,3,0.12725661902585195,6.535888851343061,-0.11301501817057753
add_globe_exhaust_subject_reform_ensure_invite_replace,0.0,3,2.016420368512344,1.36014888369981,0.0
behave_coffee_symbol_yellow_pause_ethics_latin_onion,0.5,4,-0.03850641076784739,2.619597709540254,0.05922519571976942
useful_else_pole_example_resist_usual_police_gaze,0.0,2,0.20229552647087318,1.9367648273386084,0.0
frown_limit_try_pill_resource_misery_rifle_weasel,0.75,4,-0.23744328803962156,0.3455541016284327,0.010354007062101461
flush_train_powder_trade_you_ignore_attack_veteran,0.3333333333333333,3,0.5161439860005165,4.668096356145188,-0.0248904941783424
case_love_leg_creek_other_regret_wasp_roof,0.5,6,-0.04169198338725825,2.812722504203767,-0.011988852764510708
list_poverty_cost_giant_shock_truth_worth_skate,0.25,4,0.48560360857328194,1.6512152958709494,0.0
feature_empower_brain_size_they_bounce_used_power,0.3333333333333333,3,0.9958162045174378,1.7408815923233567,0.003749544850045583
gesture_transfer_check_mango_canyon_mercy_unusual_divorce,0.6666666666666666,6,-0.2854013714605393,2.685811601329251,-0.0904060609249631
game_genius_define_evil_fancy_egg_celery_sausage,0.0,1,0.5873198629512539,14.351920492838236,-0.018444381613174687
tooth_crowd_gun_cute_often_neutral_believe_indoor,0.3333333333333333,9,0.23821447912130514,1.6176486099178276,0.027430040812797447
hole_picture_peace_mean_drift_nose_butter_organ,0.25,4,0.010194560751784168,3.9769881528883246,0.07630457554508363
clown_stable_dry_spray_process_list_march_spoil,0.6666666666666666,3,0.028990526143395923,4.472213121129936,-0.06121628713783611
train_this_dance_side_silent_holiday_snack_beach,0.625,8,0.24647894320387448,2.161271127258378,-0.04958344866470901
alpha_venue_burden_syrup_whip_trouble_amused_step,0.25,4,0.1218817225976335,3.501072267108891,0.00003181122439228912
april_ensure_catch_gate_foster_choice_sign_cycle,0.25,4,-0.2013904061308346,2.5678684604347013,0.1418495478662919
vessel_thrive_wise_puzzle_other_satisfy_element_sea,0.6666666666666666,3,0.11212405197003943,1.5449983573081036,0.14385632928107536
cereal_dilemma_space_toy_entry_sugar_burst_frame,0.6666666666666666,3,0.5948322681731932,7.170443365715638,-0.05418734871661979
reform_someone_soft_orange_coin_wisdom_snow_reason,0.25,4,0.04553663289925469,2.282318928967041,-0.0901911090895934
drastic_youth_symbol_soda_dizzy_void_squirrel_deputy,0.5,2,-0.1438045468309116,4.461179359722978,-0.1984450391272526
change_rabbit_youth_sunset_heart_auto_laundry_pulse,0.14285714285714285,7,0.3095606684157037,1.9710531531447644,-0.011842330860679049
skate_bitter_margin_find_muscle_nature_deliver_mean,0.6,5,0.2098018821893243,3.1054439805859504,-0.009073357999232456
prize_affair_chuckle_fury_polar_judge_wheel_equal,0.3333333333333333,9,0.4057722699379435,1.8061760039951078,0.06576001857094288
clerk_asset_custom_vacant_fun_game_private_clap,1.0,3,-0.8791440182174601,4.1604527446471256,-0.062139701326392016
wash_multiply_office_choose_you_honey_lake_access,0.5,2,0.08707669792594519,8.144342660088423,-0.33507919920742113
special_fence_mirror_pave_crater_either_baby_army,0.0,2,0.5488685430192742,1.2622072661921835,-0.2762930652237653
advance_grow_brush_gate_swamp_logic_broken_club,0.0,1,0.0,0.9683824136693051,0.0
wrestle_oil_frost_art_large_toss_present_alcohol,1.0,2,-1.3528004594208345,2.5409651744948047,-0.25319167946553384
brush_prosper_rely_rare_define_squeeze_alley_mule,0.3333333333333333,3,0.8651402285436763,1.8788262566048317,0.3130679277173996
dentist_banana_impulse_crane_busy_script_rare_vote,0.2,5,0.05030938631405726,1.5907952611553304,-0.056834156029372564
resource_goat_black_enable_ugly_pill_weasel_mail,0.0,4,0.5031572215249464,1.21875333814185,0.08323737712771741
enough_rib_ask_vessel_peanut_cliff_clog_flush,0.0,1,0.0,0.9683824136693051,0.0
lens_text_pill_wife_degree_width_fine_faith,0.6666666666666666,3,-0.0924590481218784,3.6307416103351464,0.07363855369842545
gadget_seek_bonus_slice_kick_grunt_sugar_collect,0.5,2,-1.2243823865629953,7.279418744630224,-0.12143190320609243
curve_crime_vault_walnut_crazy_oxygen_black_unfair,0.5,2,-0.37028174312277173,7.08905239031845,0.028773243097865345
trigger_ordinary_cake_produce_depart_leisure_discover_unlock,0.5,2,-0.16788646569048385,2.524414532384367,0.0
keen_oven_final_traffic_matter_boost_travel_avocado,0.3333333333333333,6,0.1295161842956096,1.7174291876599466,-0.1355739221222822
outer_resemble_flee_quiz_world_penalty_pair_rail,0.36363636363636365,11,0.3828330518971248,1.6222470398992643,-0.014012939875340646
fever_share_win_right_call_wedding_gesture_enroll,0.25,4,0.4468482508156105,1.4608489415591759,-0.09585781666268806
shift_alley_mechanic_boost_visa_old_evoke_float,0.0,3,0.1954628477025755,2.0636757302131237,0.014755508827500133
because_enough_walk_student_clerk_code_airport_volcano,0.0,1,0.0,0.968382413669306,0.0
vast_inspire_critic_creek_reject_library_pen_envelope,0.25,4,0.139576247877155,3.587980123209559,0.09795097357846945
wagon_large_spider_earn_vital_setup_pact_goat,0.5,2,0.7926319882145412,8.748543007244619,-0.1337201148834333
rebuild_boy_place_slam_consider_script_battle_fire,0.3333333333333333,6,-0.11859470984915495,1.8388232098309831,0.12327247711344241
toddler_army_olive_volume_link_ostrich_all_rail,0.0,1,0.9154156568892564,9.716925420913924,0.3412735452919082
faith_bird_goddess_swim_security_staff_decide_catch,0.4,5,0.06715458627619353,4.50256275900742,0.022310885425267823
unable_firm_decline_mechanic_beauty_hard_island_patch,0.0,3,0.6090279308087978,6.789710657092091,0.1640728210634829
increase_hotel_business_cactus_phone_gown_warrior_battle,0.5,2,-0.8040189165790195,2.7147808866961407,0.08023309140783308
merge_blood_note_tribe_steak_garbage_world_enough,0.5,4,-0.10114776323543656,1.8850355782330566,0.04390610210533502
carry_fish_lumber_pride_copper_prepare_photo_design,0.6666666666666666,3,-0.23090316116590415,1.0373547458100418,-0.11135096388815165
radar_gauge_sunny_blanket_frown_cube_castle_young,0.3333333333333333,3,-0.09574825273729008,3.0430919052893883,-0.05147936269896377
remind_toast_laptop_together_relief_crouch_zone_hurry,0.6666666666666666,3,-0.40030520439023065,1.809853924464094,0.0
unknown_agree_dinosaur_birth_father_skate_climb_session,1.0,2,-0.3461361803763531,1.762949115137273,-0.06586556084431022
arrow_trick_weather_require_enough_neither_nominee_dinosaur,0.2,5,0.1484159657313479,1.825855143173633,0.06649490616695242
holiday_slot_banner_various_giraffe_demand_leave_fade,0.36363636363636365,11,0.23825307263183326,0.7637192348038133,-0.08346502705486315
thank_robust_relax_quality_engine_tomato_okay_put,0.0,1,0.0,0.7945667014679678,0.0
ball_typical_wine_explain_butter_knife_shock_boil,1.0,3,-1.1811698023462478,3.1010304760231673,-0.03224472043884539
purchase_elbow_smile_category_behave_achieve_wedding_select,0.0,2,0.40510046694753554,3.0086057392190195,0.01998142299354022
merit_city_inhale_coil_brain_vast_catalog_profit,0.6666666666666666,3,-0.02290070425754509,1.6829430215895782,-0.11011982930665594
giraffe_melt_true_acquire_myth_grief_fever_picnic,0.3333333333333333,6,-9.25185853854297e-18,2.0981618962834934,-0.023178444969158146
draft_health_shrug_hour_remember_pear_public_feature,0.6666666666666666,3,-0.26237396614849445,4.403240788989199,-0.21567215872968484
magic_shoulder_join_zero_apart_zebra_pole_impulse,0.5,4,-0.3635970496709081,3.29415527068668,-0.06756672115882179
trade_force_pink_casino_inquiry_ivory_pizza_day,0.0,3,0.1700419430518958,2.132648062353862,0.0
label_mechanic_art_place_aim_width_damage_rude,0.0,1,0.4411040014229212,11.066040543206771,0.44297084957794264
magnet_unknown_fancy_now_among_elbow_scissors_chalk,0.5714285714285714,7,-0.2553418576089203,1.6648128926075045,0.01370154643765036
river_leader_space_buddy_material_hammer_will_resist,0.3333333333333333,3,-0.1700419430518958,3.9425019868179554,-0.06157148526064774
patrol_cloth_crack_educate_umbrella_output_defy_state,0.42857142857142855,7,0.05786108607726227,1.6352533216900456,-0.02576630283885471
still_coyote_panda_minor_point_rhythm_burst_abandon,0.5,6,-0.12364923217291408,1.711912306956468,0.03455115475015548
tube_copper_say_effort_zoo_caution_valley_market,0.0,2,0.5487228460534707,0.7780160593575323,0.0
suffer_tape_asthma_traffic_debate_type_prize_rapid,0.0,1,0.0,0.9683824136693033,0.0
echo_inmate_move_vivid_harvest_pipe_witness_join,0.0,1,0.0,0.9683824136693033,0.0
lock_portion_potato_invite_parent_shrimp_climb_trick,1.0,1,-0.4515305402175255,0.4138339928444239,-0.14806789183172714
head_buddy_exact_mind_clock_sample_denial_keen,0.0,2,0.0,0.9683824136693047,0.0
option_cave_vessel_vocal_hero_unfold_aim_that,0.4,5,-0.036636692555166175,1.009765812953747,0.058065775028541156
camp_country_document_wagon_wink_trap_design_expect,0.6666666666666666,3,-0.1700419430518958,2.651325435258883,0.011722429753233787
combine_gadget_inmate_honey_machine_cry_keep_bunker,0.75,8,-0.4714486620415102,2.809964063852027,-0.024976776758073083
hockey_correct_blossom_strategy_video_kite_foam_mistake,0.3333333333333333,3,-0.1349121544840448,2.651325435258883,-0.03934802648746727
only_leopard_output_iron_script_fortune_firm_tiger,0.5,2,0.7515281262712825,3.5797048021543394,-0.1095277063963915
brief_essence_heavy_inject_jar_assist_medal_suffer,0.16666666666666666,6,0.0,1.452573620503957,0.023977705897454776
nose_sock_broken_humble_little_average_peanut_better,0.0,5,0.2979847662422232,2.102298424476378,-0.06553743843680034
fiber_source_cement_ring_need_tired_sunny_that,0.0,3,0.0391881500773101,3.8845634160841773,0.001776125898821294
orbit_powder_occur_picnic_burden_shoe_tennis_noble,0.0,1,0.18203003521768485,5.396460489171407,-0.04681552919233467
dwarf_impulse_lava_emerge_used_craft_skin_abandon,0.5714285714285714,7,-0.016111443669985532,1.2202322872603442,0.0
lawn_solid_long_loyal_load_chimney_random_marriage,1.0,1,-1.607688272484868,4.634995071924313,0.6493228269876176
taste_card_brown_snack_simple_accuse_claim_evidence,0.5,2,-0.04761530638430818,6.120669976649144,-0.28990535014097324
fresh_behind_virtual_lift_jewel_session_code_neither,1.0,1,-0.2875361521434773,5.429561773392283,0.0
engage_panic_faculty_hamster_pause_grunt_file_position,0.5,4,0.0045727314981734435,1.5043028696095107,-0.03631007822782806
muscle_speak_junior_bless_unusual_attract_fee_just,1.0,2,-1.2270351878174215,3.492796946053673,0.15940173652586076
issue_wet_demand_margin_produce_gym_tag_blind,0.75,4,-0.11733689653713769,4.227359077360869,0.015485600443598452
expect_prosper_pony_two_element_size_buffalo_various,0.0,1,0.0,1.9367648273386093,-0.0013320833711149005
biology_power_matter_tone_board_bless_student_episode,0.0,1,0.25081487464206154,2.524414532384366,0.0
envelope_stone_seat_coast_hollow_mouse_album_march,0.625,8,-0.46395374143608503,2.8358286884048045,-0.0013833259130028447
process_wish_conduct_adult_treat_injury_will_text,0.6666666666666666,3,0.24427741913004564,3.55073551678745,-0.10874555159337625
jaguar_ill_open_claw_hunt_sign_mask_subject,0.4117647058823529,17,0.3571262617842173,0.9722766824011726,-0.018033651266432096
cigar_style_junior_notable_orient_small_cat_adapt,0.5,2,0.14362237910593512,2.0402233255497153,-0.13146571750138747
word_guilt_giraffe_shield_sister_trend_put_priority,0.25,4,0.40200945828950974,2.274043607911822,0.039820117479096195
off_sausage_orchard_potato_machine_rebel_labor_often,0.5,2,0.9179840550725133,5.255746061190946,-0.15311672729045872
glue_maid_damp_change_unfair_wasp_fiscal_riot,0.5,4,0.02626733340623494,2.956876490113467,-0.017555106057439485
country_accident_decrease_tornado_disorder_neither_sock_stem,0.5,2,-0.3461361803763531,3.3024305917418983,-0.08008491463143086
stereo_razor_spy_gain_portion_diet_crunch_camera,0.5,4,0.11027600035573029,3.492796946053672,0.00040530354937440283
recipe_giraffe_thrive_edit_differ_collect_arrange_ignore,0.5,4,-0.10125690063520898,4.409450110617424,-0.13833000827023073
excuse_move_rigid_accuse_half_catalog_light_three,0.5,4,0.14671338776396092,0.8814745575686367,0.005641814279314983
tag_tone_tool_kick_ticket_price_clock_play,0.0,2,0.45778074601951896,5.048829064768735,-0.005926259806877332
cushion_father_sorry_luxury_casual_include_dress_arrange,0.25,4,0.02826662578662953,1.7463984730268365,0.06049599266244482
obvious_shed_salt_charge_inherit_aim_bread_gate,0.3333333333333333,3,-0.05136965943790731,3.423824613912936,0.0
august_legend_laundry_bottom_police_dumb_pill_test,0.0,1,1.503056252542565,1.3491151222928526,0.0
march_valid_absorb_canal_file_latin_report_sheriff,0.0,3,0.1280425446840322,1.936764827338609,0.039050053048764376
focus_dinosaur_latin_that_old_beyond_cotton_laugh,1.0,1,-1.0979120040023516,3.2858799496314592,0.0
session_noble_shoe_update_review_agent_gown_grass,0.0,3,0.5009217044846211,1.7408815923233572,-0.23031311155646036
lion_course_middle_choice_flat_behave_stage_animal,0.3333333333333333,3,0.4009839363442446,2.0747094916200832,0.019010275219036237
width_average_deal_peace_scrap_sweet_captain_armed,0.5,4,0.40200945828950974,1.547756797659844,-0.02432169251052306
garage_uncover_reflect_pool_clarify_raise_grid_wrist,0.5,6,-0.2505660753121724,3.752135632506183,0.014168643841300491
frog_scare_onion_degree_glare_title_hero_pupil,0.0,1,1.3849818442504187,0.9683824136693051,0.13313530751575142
decorate_venue_daring_region_resemble_kiwi_turtle_memory,0.5,2,-0.11135321411722479,2.23058967986149,-0.005138075828456046
escape_ribbon_hurdle_eager_galaxy_pledge_rude_huge,0.0,1,0.0,0.9683824136693069,0.0
blame_sun_dad_busy_relax_liberty_veteran_enough,0.2857142857142857,7,0.4008854473493933,2.9394355668140695,0.01981830501450111
pink_promote_aerobic_color_congress_inquiry_impulse_verb,0.6,5,-0.10193785591131957,1.666941802880039,-0.24771690423851914
quit_soup_course_popular_glory_start_pluck_rocket,0.75,4,-0.7332824552155551,5.386107845341948,0.1994338169729702
equip_rough_theme_celery_friend_scene_pretty_quiz,0.6666666666666666,3,0.17260098886621753,4.841912068346524,0.10884075887050464
radar_truck_critic_mule_there_enforce_cage_enough,1.0,1,-0.15385924321105104,0.5876497050457559,-0.03154961548565294
remove_abuse_salon_grow_express_surround_coach_chaos,0.5,2,-0.5140226460668369,-2.2471403219719264,0.0
buzz_phrase_zone_tourist_suspect_welcome_antique_concert,0.5714285714285714,7,-0.3679987032294683,1.3834034480990074,-0.034052371779607425
fold_unhappy_oil_senior_echo_raw_total_differ,0.0,3,0.5452655729641601,3.630741610335145,0.06985545424144675
actor_enact_brass_wine_door_brisk_visual_auto,0.6666666666666666,3,0.027936640128849,3.6776464196619667,-0.28817742336300745
bounce_prize_ugly_expose_reject_ribbon_street_slide,0.0,1,0.0,0.9683824136693033,0.0
hurdle_annual_casual_scene_vital_fade_once_mouse,0.0,1,0.6642679686064109,3.8735296546772204,-0.005641814279314983
mistake_flush_deposit_height_anxiety_input_leisure_spatial,1.0,2,-0.9722049945340786,2.334048178072594,0.0945257135593387
follow_sibling_side_bargain_spike_tribe_squeeze_ice,0.5,6,-0.011469686926796452,1.9422817080420887,-0.038661101074286795
bulb_rubber_palace_visa_dose_aspect_rebel_raise,0.3333333333333333,3,0.02561480743574754,1.4980935479812842,-0.0007265962887298416
walnut_journey_focus_gesture_man_bullet_round_output,0.5,4,-0.0909786649812454,2.7665101358016932,0.0012845198206297426
illegal_sand_various_charge_rocket_journey_engage_double,0.25,4,0.0,1.452573620503957,-0.008815334811429598
blood_creek_oblige_ship_cause_craft_rookie_essence,0.16666666666666666,6,0.18295618100642475,1.227721100121815,0.054041626903407136
yellow_pencil_initial_slight_process_section_assume_artwork,0.6,5,-0.5621340504933218,2.3307380496505066,0.02824040842305926
govern_stumble_oil_hundred_roast_enhance_spatial_arch,0.0,3,0.2538244196010481,1.4980935479812836,0.12808666528282311
clip_cactus_deer_chase_cliff_until_ice_hole,0.0,2,0.6256524676589962,5.6364787698144925,0.02442237059886551
talk_artwork_onion_actual_blossom_outside_enact_flip,0.25,4,0.026303680748546332,4.556362536878865,-0.021349232545069263
member_dinner_sure_scissors_cover_luxury_suit_armed,0.5,4,0.40200945828950974,4.608091785984416,-0.21347157686041665
casual_anchor_sail_thrive_access_typical_century_olive,0.0,2,0.0,0.9683824136693042,0.0
ancient_slide_chair_pupil_near_twin_afraid_you,1.0,1,-0.08699810675410591,0.5876497050457559,-0.11258299038567587
plate_mechanic_photo_mansion_anchor_foster_violin_false,0.0,1,0.0,0.9683824136693069,0.0
hold_brother_stumble_resemble_expire_duty_edit_differ,0.0,2,0.0,0.9683824136693051,0.0
feed_ticket_patient_buyer_degree_various_layer_boost,1.0,1,-0.40459105294174635,2.524414532384367,0.0576778058311177
business_clerk_combine_warfare_twice_roast_ten_spoil,0.4166666666666667,12,-0.044844185108498615,1.5649998806950283,0.02749487691310779
route_mistake_result_dentist_modify_review_gun_security,1.0,3,-0.20237155829445652,3.3548522817721973,0.0
bottom_grunt_skill_inhale_off_girl_announce_puzzle,1.0,3,-0.6299038425045883,3.2969137110384197,0.009793417707500418
survey_fade_ordinary_loop_umbrella_easy_panic_nephew,0.6666666666666666,3,-0.5360126110526796,6.651765992810618,0.21055278194537508
grid_asthma_grant_warm_mass_rain_gun_easily,0.42857142857142855,7,0.24343310870019433,2.0207147852022884,-0.016270584736759654
frequent_addict_flame_history_steak_devote_logic_diet,0.5,2,-0.29365993147562697,0.5710990629353212,0.0
scatter_use_upset_duck_dragon_salon_limb_ridge,0.3333333333333333,3,0.09574825273729005,2.397503629509852,-0.14416136280923844
zero_protect_copper_urge_ski_real_satoshi_quantum,0.5454545454545454,22,-0.22770358289276935,0.06471031735597994,-0.0492128757369527
acid_run_awkward_december_display_deer_ski_excuse,0.42857142857142855,7,-0.09895849764253035,1.4129630190164655,-0.0040800710224387655
brisk_okay_chase_document_cargo_fortune_name_settle,0.5,4,0.07181118955296756,3.397613768897785,-0.021180307201534517
certain_bind_spawn_snake_couch_famous_name_axis,0.6,5,0.0,3.5755637446225563,-0.004944966764631298
come_nasty_gun_broom_boss_grain_today_black,0.5,4,-0.14566907065288523,2.325772857017375,0.01332094976766024
prize_endless_law_rely_nasty_modify_tape_egg,0.4,5,0.4121431213173869,3.3752670050445213,-0.04663046243218162
fix_later_case_purpose_dismiss_pull_hunt_absorb,0.2777777777777778,18,0.06575603603307398,0.73203450459704,-0.03861307205182127
forget_nerve_indicate_stadium_chicken_any_deal_vague,0.2222222222222222,9,-0.031961179753010334,1.1679435691535431,0.0023415822274725864
short_trick_scare_bronze_neither_net_mix_shove,0.0,4,0.2841379814756597,1.3056611942425176,-0.010989783420157218
wrap_gauge_interest_attend_welcome_kiwi_unfold_lizard,0.5,14,0.04949380823982025,1.121502543937935,-0.022622281489914096
design_play_industry_celery_phrase_tank_drama_bracket,0.5,2,0.2550629145778437,3.198972093530793,0.33748720002864263
mercy_snack_solid_fabric_detail_vital_grocery_cake,0.0,1,0.1821465315970188,12.03442295687608,0.25975848123122114
pause_under_clog_perfect_same_draft_fetch_space,0.45454545454545453,11,0.0018951854253389624,1.1820732155041258,0.05004446241605245
lumber_combine_organ_often_deer_sad_piano_rapid,0.5,2,-0.11152799445381018,3.683163300365445,0.0986756016377776
whip_empower_good_oval_key_wisdom_glass_knee,0.3333333333333333,3,-0.19554036271981037,1.6250044508557995,-0.0005328371801529563
hurry_palm_moon_deny_gorilla_toilet_foster_noise,0.5,8,0.1498352707402033,-0.48419120683465167,0.012588294960616205
chaos_silly_pencil_youth_uncle_need_guess_orbit,1.0,1,-0.33617217466840843,1.1752994100915153,0.06354091442015286
glory_velvet_garden_super_thumb_garbage_dream_various,0.0,1,0.0,0.9683824136693033,0.20827475903273324
moment_drastic_welcome_steel_about_charge_better_usual,0.25,4,0.30048318682984804,3.1037889163749064,0.09250903301156503
original_sound_betray_defense_fine_sphere_heavy_poem,0.6666666666666666,3,-0.23090316116590415,2.0057371594793465,0.030597710327978755
theme_coil_organ_just_fly_allow_menu_rule,0.0,1,0.25044151757273236,0.5876497050457559,0.0
south_thank_ice_absurd_absent_aim_witness_question,0.25,4,-0.5749903493302804,1.3573904433480708,-0.05590821139256859
forest_able_repeat_cram_run_smooth_above_thought,0.5,2,-0.020389121503568308,8.508524726601532,0.05628635903952553
little_clock_kit_ill_obvious_length_amazing_bring,0.0,2,1.0838322102397226,5.222644776970075,0.26657167388776487
have_differ_catch_beyond_bottom_toy_buzz_garden,0.5,2,-0.254830193283343,4.063896008988992,0.055231467256363166
use_tortoise_enhance_federal_leave_edit_thing_please,0.6666666666666666,6,-0.38332689955352023,1.389118169066699,0.14272785518603096
seed_inner_candy_fly_option_term_place_room,0.5,8,-0.20074290196394098,-0.02586462455277605,0.05981197463893549
rack_panel_adapt_dream_solution_season_blouse_narrow,0.3,20,-0.009776708565441855,0.9232734214079272,0.09387340108851623
present_one_grape_birth_swarm_usage_expose_staff,0.3333333333333333,6,-0.26754107861090387,1.1987518147549256,0.056633381564951936
cool_brown_vocal_excuse_dish_thrive_huge_planet,0.7142857142857143,7,-0.03185889051083422,1.2746226742065647,0.004521692937965727
play_ancient_evil_wagon_poem_shove_dash_tourist,0.0,1,0.0,0.9683824136693042,0.0
fever_merit_embody_speak_idle_comfort_faint_usage,0.5,4,0.17317737087442814,1.167024089036297,0.08906261607303725
enroll_addict_nice_fragile_boss_square_document_vocal,0.3333333333333333,3,0.47773954116263634,3.5617692781944092,-0.04432242519319307
avoid_knife_develop_edge_man_easily_seed_behind,0.3333333333333333,3,0.47773954116263634,3.5617692781944092,-0.045162016307422025
cook_mimic_hero_airport_avocado_domain_token_culture,1.0,2,-0.3666033207320579,3.8735296546772204,-0.00799257538709669
labor_treat_describe_reason_cereal_cup_identify_evoke,0.0,1,2.3891813240328563,10.685307834583227,-0.12588295181676212
tennis_repair_verb_brush_penalty_income_mass_hotel,0.0,6,0.2063029975101477,1.4236043351370682,0.0415045921932938
rebel_charge_elegant_achieve_east_bitter_click_waste,0.0,3,0.36597066800078387,1.1642656486845577,0.0891973249432342
match_just_visual_adapt_cactus_trophy_lesson_empower,0.5,4,0.19036831470078608,4.028717401993878,-0.1265119155034254
claim_duty_bind_title_unfair_dizzy_select_shoe,0.0,1,0.0,0.9683824136693033,0.005328382117664288
response_enrich_all_tobacco_wonder_assume_lesson_barrel,0.25,4,-0.30073795225818345,1.9884940764441614,-0.007193310774466333
drum_lobster_glass_excess_famous_wine_meat_hazard,0.0,1,1.0979120040023516,0.5876497050457594,0.0
follow_tell_raw_bounce_right_issue_cage_math,0.75,4,-0.17295895278840412,4.167354507200098,-0.14474601056187056
copy_science_inhale_glance_clown_tiger_open_trap,0.5,2,-0.36936996292348867,0.9683824136693051,-0.06593869388914264
convince_service_slim_tumble_ripple_erase_door_board,0.7142857142857143,7,-0.058083801102396526,3.6311372908635735,-0.08351862344006877
menu_small_squirrel_glimpse_during_orphan_venture_help,0.0,1,0.0,0.9683824136693051,0.0
churn_tree_video_matrix_elite_gorilla_gallery_neglect,0.5,2,0.8035530393368135,4.94537056655763,0.026436773624022858
comic_chat_gasp_sound_dinosaur_guess_cement_cruise,0.75,4,-0.44059498846261813,1.7898524010771701,-0.1965431489866919
leg_derive_high_ice_trash_fiber_manual_few,0.0,5,0.3449748259071117,3.4927969460536716,0.07829535611781809
modify_half_gesture_green_field_wash_reason_provide,0.3333333333333333,3,0.2700669779650237,1.3601488836998101,-0.2364603319245104
summer_ticket_height_toward_project_void_ancient_witness,0.5555555555555556,9,-0.06409140081013869,1.4714248501320522,-0.15917444728902844
habit_embody_priority_bounce_label_vanish_gather_claim,0.3333333333333333,6,0.10077991151673667,5.498534105533018,-0.015128787831821996
high_switch_short_group_volume_evil_rapid_lonely,0.0,1,0.0,9.510008424491712,-0.1020063639359371
visual_sea_violin_throw_thank_fold_script_month,0.0,1,0.2872447582118702,2.143681823760822,-0.03330235618169897
goose_lobster_wedding_brain_rent_void_beyond_myth,0.6,5,-0.21948913842138826,3.7278568280719755,-0.05097241399101861
try_bunker_visa_noise_tray_power_open_ill,0.0,1,0.10506933362493964,0.20691699642221018,0.0
buyer_better_copy_main_stairs_version_tag_above,0.42857142857142855,7,0.11578461826095397,1.9663243982560683,-0.031491242346865275
olympic_scatter_summer_trust_melody_soldier_bean_unknown,0.3333333333333333,3,0.1470346671409737,3.6886801810689263,-0.015319088087933919
easily_hour_craft_wheat_guard_kit_smoke_phrase,0.0,1,1.272065399854242,4.287363647521641,-0.3441150378720013
pig_rug_cheese_rural_rich_isolate_brush_drop,0.5,2,-0.2550629145778437,1.0718409118804102,-0.16455691774560693
swallow_practice_joy_turn_game_auction_rapid_welcome,0.0,1,0.0,0.9683824136693033,0.0
observe_toddler_pattern_farm_cattle_spawn_trumpet_west,0.5,12,0.09296497228485918,1.988494076444163,-0.07782648991724911
setup_twelve_idea_jaguar_loyal_tattoo_husband_banner,0.5,12,-0.052926414608474935,2.1181634196704175,-0.03255381522532765
strategy_quick_blade_penalty_pipe_dinosaur_enjoy_orbit,0.5,4,0.15702452648959764,1.210478017086631,0.0
quality_adapt_fit_dose_install_mirror_panic_october,0.0,1,0.0,5.810294482015827,-0.1016197885349055
bike_network_choice_blur_spike_urban_huge_bronze,0.3333333333333333,6,0.24577538635953666,1.458090501207436,0.10743338231822404
wide_happy_blanket_today_tobacco_bulb_boring_easy,0.0,1,0.33530835561950045,0.5876497050457594,0.0
cable_custom_congress_double_benefit_kid_share_holiday,0.5,4,0.4473932242980413,5.239195419080509,-0.022962770456680714
whisper_lady_forget_obscure_admit_sadness_clean_mutual,0.0,2,0.5488685430192742,2.71478088669614,0.0
corn_sketch_vibrant_anchor_ladder_supply_figure_render,0.5,16,0.11155738664721114,1.1065001881819656,0.004250553781992211
tonight_dirt_laundry_eternal_together_question_cause_bulk,0.7142857142857143,7,-0.15081944703661102,1.7440340955824882,-0.07867930749557421
story_table_effort_rhythm_jeans_shrug_method_kiwi,0.0,4,0.14659713577693162,3.1555181654804594,-0.03691228521924898
resource_retreat_under_tank_card_tape_swim_matrix,0.0,4,0.0,0.9683824136693051,0.0
link_swing_panda_general_hidden_reduce_staff_give,0.3333333333333333,6,-0.25774493492904194,3.434858375319893,-0.005708977471820957
cube_law_census_raw_salt_witness_ritual_remain,0.0,3,0.1256043565818841,5.17573996764325,-0.13413909691820755
orange_time_such_cute_muscle_ceiling_fabric_boss,1.0,1,-0.33617217466840843,12.795888374123173,0.7789484310662615
depend_grief_balance_market_term_attack_cube_shell,0.4,5,0.08080209367842724,1.0445289553940147,0.010898957262959141
panther_feed_panda_dolphin_blanket_expect_typical_later,1.0,3,-0.5948322681731932,6.144122381312556,-0.07768805828795917
census_luggage_holiday_upper_chronic_furnace_hint_pet,1.0,1,-0.8097155133317778,6.811778179906009,-0.005138075966618527
anchor_gain_bachelor_nest_reduce_measure_gasp_move,0.0,2,0.5611666716615495,3.198972093530795,0.041497752657602416
enemy_churn_smoke_planet_sister_belt_odor_fossil,0.25,4,0.3236575399791588,2.282318928967041,0.07720886834839458
crop_crater_skill_rotate_devote_feed_rally_message,0.6,5,0.021042944598837033,2.0956781676322036,0.09502061358473173
sight_girl_maze_pizza_salad_argue_ginger_rocket,0.0,2,0.9473211154085523,3.683163300365446,-0.0383643256042206
insect_pottery_dumb_angle_creek_wrist_talk_fashion,0.5,8,0.6719763430367977,2.157133466730769,-0.000673025219031384
couch_sibling_speed_theme_limb_tumble_poem_sudden,0.0,5,0.3422685006997922,0.8508524726601528,0.0765924163333783
manage_east_planet_unknown_animal_hip_fossil_edit,0.5,2,0.0,5.2391954190805095,-0.037245652343346536
comic_edge_middle_real_token_wing_achieve_same,0.5,4,0.038319917475981846,2.3775021061229276,0.02697491872014908
spell_victory_wonder_ankle_park_typical_script_canoe,0.3333333333333333,3,0.5094016024546695,1.3022103129660334,-0.027787800192605627
cloud_bulb_capable_gospel_scene_manage_inquiry_select,0.0,1,0.0,0.9683824136693033,0.0
chicken_equip_merit_vote_unlock_pet_tongue_polar,0.5454545454545454,11,-0.17458068282044795,1.6568591043195868,-0.01646279211029508
champion_knife_volcano_embrace_write_flight_filter_increase,0.4,5,-0.4391337625251481,2.5244145323843674,-0.11135670432017168
result_test_tired_world_swallow_chapter_custom_water,0.5,8,-0.39681033977888464,1.313936515297737,0.08443112121631971
plastic_action_thunder_expose_capable_craft_goat_betray,1.0,2,-0.4231490019120479,4.080446651099431,-0.13324655628212456
manage_innocent_sunny_cradle_satoshi_steak_script_black,0.5,6,-0.13497280183077273,2.259558965228378,-0.04102382534549647
parade_promote_offer_swim_aware_junior_jungle_robust,0.3333333333333333,3,-0.3049056273658112,1.8788262566048306,0.2038074566852978
dumb_debris_sense_panic_conduct_glance_over_raw,0.25,4,-0.4013116179163558,2.040223325549715,-0.0010578385194214002
airport_dog_tobacco_match_chef_clap_aware_lift,0.3333333333333333,3,0.13500920084694532,2.5244145323843674,-0.06034235116739025
lottery_poet_front_little_tone_universe_judge_mobile,0.6666666666666666,3,0.08640003839946146,2.1436818237608204,0.09652563866823181
smooth_motion_town_upgrade_eight_card_recipe_tool,0.6666666666666666,3,0.18647604827257955,6.985593892107343,-0.01751096322542713
track_tomorrow_sword_nest_fiction_embark_table_limit,0.0,3,0.6127973182807147,2.7202977673996203,-0.09160569810335417
bacon_rail_engine_help_reject_crumble_middle_anxiety,0.3333333333333333,3,0.3780187100977052,1.8898600180117893,-0.06467618150935543
brush_reform_thought_conduct_angry_left_furnace_small,0.5,4,0.06274113274661591,2.325772857017376,3.469446951953614e-18
document_film_floor_hen_merit_oven_jaguar_diamond,0.6666666666666666,3,-0.5957976677541473,7.4463326942785875,-0.2517911491679887
helmet_radio_lounge_island_swing_enact_poem_ensure,0.0,1,0.7328322573901369,0.9683824136693033,-0.011988863080645062
sport_cupboard_fence_endless_treat_mechanic_imitate_unique,0.0,1,0.0,0.9683824136693051,0.0
hockey_mango_evoke_rely_fancy_vehicle_edit_eternal,0.0,2,0.12540743732103077,1.262207266192183,0.0
material_work_catalog_innocent_note_family_media_stone,0.2222222222222222,9,0.26053293379497194,1.2065692829760626,-0.056872508020575245
agree_happy_chuckle_ecology_invite_purse_detail_trip,0.0,1,0.0,3.8735296546772204,0.0
acquire_night_record_rival_chunk_material_primary_acquire,0.2,5,0.10199023728926396,1.4732653201461783,0.012240438587361246
process_either_tilt_stadium_jelly_end_stem_glow,0.3333333333333333,3,-0.5011321506243448,7.181477127122597,-0.051202345226349734
cloth_bag_nothing_furnace_flat_report_elevator_raise,0.0,3,0.7649130433515335,4.3922070275822405,0.19267429519423854
dust_worth_midnight_craft_relief_aisle_display_sustain,1.0,2,-3.5205275928032727,1.2622072661921835,0.1331895263973744
exhibit_father_decade_pupil_tone_car_plunge_pool,0.4,5,-0.11767365268700862,1.9367648273386096,0.0218463504897771
quantum_gentle_frame_impulse_ride_project_distance_misery,0.0,3,0.08360495821402052,0.8414715107947887,0.0
raise_that_that_hat_slow_aspect_number_soldier,0.0,1,0.0,0.9683824136693069,0.0
start_coffee_absorb_exercise_sugar_marine_tag_fine,0.25,4,0.17317737087442808,0.6828328822016445,-0.06650453383162608
denial_guitar_quarter_end_antenna_bottom_pride_mixture,0.0,4,0.3300380300853477,1.8933108992882755,0.0
clip_wet_shrimp_match_attract_decide_wood_world,0.25,4,0.4329119035233232,3.579704802154339,0.046565595968441564
patient_assault_duty_physical_close_panel_history_hurry,0.5,2,-0.05887935410474099,1.262207266192184,0.08169644343186455
elder_group_load_recycle_ozone_axis_toss_once,0.6666666666666666,3,0.08963551257315087,1.2332379808252938,-0.11277866988742864
goose_guilt_lamp_endless_refuse_settle_popular_smile,0.6666666666666666,3,0.1349364028146002,6.213094713453292,-0.02547630972976833
drift_tiger_raise_taxi_aim_swift_disease_bachelor,0.5,4,-0.25401955654854214,5.723386625915161,-0.06225688834056098
glimpse_detail_subway_swap_habit_fork_race_obtain,0.0,1,0.8748560150947312,4.080446651099431,-0.3444348152089516
mad_salmon_inflict_harvest_mercy_regular_snack_marriage,0.25,4,0.3461726125797029,2.420956034173262,0.014670435107138724
swim_mandate_before_elder_weasel_romance_mesh_blade,0.5,2,-0.16808608733420416,1.5560321187150628,0.0
define_relief_clog_cram_replace_short_aunt_detail,0.0,2,0.05653325157325906,2.0402233255497153,0.0
suffer_bag_guide_member_royal_circle_pet_kidney,0.0,1,0.2507318097306953,4.461179359722973,0.0
wrist_pass_invest_soap_agent_focus_vibrant_size,0.3333333333333333,3,0.13500920084694532,5.7523559112820495,0.08983686678026699
repeat_plunge_visa_furnace_tiny_correct_broccoli_limit,0.5,4,0.055731193651038846,8.680263116028627,0.03556692930311722
canyon_bread_flip_apology_delay_travel_crime_just,0.0,3,0.2912111004398656,3.688680181068925,-0.08730344491417746
glare_chapter_tomorrow_rocket_sweet_minor_word_estate,0.5,2,-0.2552960705255487,3.4927969460536716,0.14548744616508524
hen_decline_powder_useful_cancel_broom_two_melody,0.6,5,0.2633915926541412,4.467799616567151,-0.003965778233859352
arrive_erupt_still_owner_bacon_error_useful_slight,0.0,1,0.5102423255350212,5.429561773392283,0.0
garbage_shoot_fossil_air_visa_huge_almost_okay,0.5,2,0.37043416415418967,8.611983224812636,-0.03590690967565817
whip_clean_hawk_interest_decide_fog_tank_during,0.0,3,0.23056347392812362,1.9947033980723876,-0.019276195103325757
midnight_milk_perfect_broken_memory_void_vault_wage,0.0,1,0.0,0.9683824136693069,0.0
jacket_quit_essence_assist_foot_cycle_student_fly,0.5,2,0.0,3.786621798576552,-0.09051350464508312
sound_olympic_lend_patient_scrub_family_waste_trash,0.45454545454545453,11,-2.0185873175002847e-17,1.6944803763963527,0.0034545530255142994
shed_hurry_slender_ritual_cotton_call_army_mammal,0.6,5,-0.48367504817203794,1.1272957539628987,0.17387752538791237
uncover_believe_bright_capable_theme_labor_example_diary,0.0,1,0.0,0.9683824136693033,0.0
patrol_direct_legend_obscure_bridge_ice_peace_address,0.5714285714285714,7,-0.1684589525942019,1.3337418160414825,-0.026581078857294247
frequent_blush_fortune_width_myself_increase_protect_dry,0.5,4,-1.5871957062134598,5.247470740135727,-0.01645485026864875
time_hedgehog_toast_vivid_fire_section_praise_what,0.3333333333333333,3,0.06071551053233959,4.657062594738229,0.0306381761758678
tilt_never_over_thought_disorder_symptom_rack_child,0.4,5,0.0,1.7910920007333657,0.045309688343567044
parrot_follow_quiz_leaf_frog_property_welcome_corn,0.75,4,-0.34608166539061413,4.512908608828529,-0.11143271363500766
visit_hunt_limit_blush_crunch_dentist_leaf_rack,0.6666666666666666,6,0.23083030737506974,1.7463984730268363,0.035943834888979585
edit_fortune_shrug_desert_spider_hobby_round_oval,1.0,2,-0.15374505843327924,1.6594906169261678,-0.11762198628623403
pyramid_rely_dwarf_sketch_invest_future_slide_lounge,0.6666666666666666,3,0.1793012707839271,1.4180874544335882,0.0047955464112447626
usual_trigger_inspire_display_public_neck_mobile_already,0.2,5,0.169179752107331,2.7528541575584957,0.019370892812673547
walnut_puppy_dice_settle_sing_home_trouble_enroll,0.6666666666666666,3,-0.051293304752663436,2.9741195731486516,0.033267702239719844
clump_final_can_stamp_clown_police_crane_half,0.5,2,0.2549755932231598,1.7463984730268365,0.0
muscle_sail_range_hybrid_talent_cigar_wrist_obey,0.5,2,0.20229552647087312,1.5560321187150628,0.0
attend_asthma_wear_tag_slogan_hunt_travel_oblige,0.0,1,0.0,0.9683824136693033,0.0
shove_basic_razor_forest_until_scare_reduce_elbow,0.5,2,0.0,0.9683824136693047,0.16179025330571745
deer_culture_slow_glass_share_expose_solar_float,1.0,1,-0.8625956216809403,5.222644776970078,0.30755481639558274
knock_weird_note_result_erase_pilot_lift_before,0.5,2,-0.20258666567711756,-1.6594906169261687,-0.06766027734690044
engage_uncle_come_inject_arena_patient_month_zone,0.3333333333333333,3,0.6228657684729801,5.313684631924725,-0.08991662065611238
write_promote_peasant_mechanic_pig_autumn_gift_minor,1.0,1,-0.40517333135423517,0.5876497050457576,-0.30755480755318176
age_exile_film_sentence_pretty_manual_spin_receive,0.6,5,0.31637498362570105,1.7083252021644815,-0.11536179622957606
pudding_elder_correct_blade_dirt_solar_dwarf_lemon,0.0,1,0.0,0.9683824136693033,0.0
height_alter_unlock_peace_obvious_where_hand_basic,0.5333333333333333,15,-0.10717530730584028,1.2470324472534415,-0.043511780317842
buddy_nasty_pulse_dizzy_kind_future_empower_chat,0.4,5,0.10204846510700424,1.4732653201461787,0.03162512196509839
battle_retire_labor_add_foster_talent_term_quality,0.0,2,0.292730127971525,2.524414532384368,0.0
screen_stomach_equal_obey_tiger_bus_junior_hub,1.0,2,-0.10021162655360633,0.5876497050457594,0.0
column_post_police_bean_print_six_bench_live,0.5,4,-0.4468482508156105,3.397613768897785,-0.05717615558834009
wait_robot_garden_embody_food_island_twelve_expect,0.46153846153846156,13,0.30421974892697584,1.3885872642549326,0.006568992658599935
melody_blame_wedding_grab_wolf_produce_artefact_label,0.0,1,0.0,0.9683824136693051,0.0
myth_toe_start_bargain_ranch_radar_parade_engine,0.5,2,-0.0770128215356948,3.6831633003654445,0.09910783709146975
robust_chaos_infant_clog_owner_puppy_tuition_badge,0.4444444444444444,9,0.1785673420748475,1.9597556047188556,0.09942419285840513
maple_cannon_seat_split_trend_turkey_top_inherit,0.25,4,0.20255023347376777,1.7463984730268358,-0.01868850379016146
begin_make_fun_chapter_fiber_vibrant_cricket_coach,0.5,4,-0.21095231486797925,2.1871357518111543,-0.015800084799165504
fade_fruit_orphan_tornado_eager_normal_receive_unique,0.3333333333333333,6,0.1889495972755669,1.613970689448841,-0.04949716533743446
pass_pigeon_breeze_giggle_rather_affair_secret_credit,0.5,4,-0.5293754022745973,3.0086057392190195,0.13556424806486295
gaze_vendor_alter_involve_live_border_mercy_math,0.5,8,0.04685257683402,1.5818967432678388,0.023811717633108895
century_dry_pupil_impulse_close_ladder_mandate_now,0.5,2,-0.11152799445381018,1.262207266192183,0.020288826848412878
tackle_smart_style_bar_shuffle_cook_pepper_fancy,0.3333333333333333,3,0.36581523070231375,1.1063270779507786,0.0
wasp_celery_excess_health_trip_arrange_across_cheese,0.3333333333333333,3,-0.1350577771180784,2.7782363381333983,-0.2041838382101937
divide_believe_borrow_cabin_interest_autumn_more_hybrid,0.3333333333333333,3,-2.0420254655397962,5.302650870517766,0.04704610991663235
egg_size_document_unhappy_usage_gesture_album_start,1.0,1,-0.33597243330379706,4.080446651099431,-0.0861924888172273
crack_mutual_drive_agree_toddler_exile_enemy_punch,0.5454545454545454,11,0.08326068656575758,1.2512973443447704,0.028524303552450794
achieve_rib_update_glance_notice_guess_nothing_there,0.5,4,-0.12761887036096087,5.195741491030175,-0.06542328685717795
kiss_hill_aisle_pear_aim_robot_coast_brave,0.5714285714285714,7,-0.5371624344691467,3.191285440405108,-0.00041258386454697975
adapt_hospital_pledge_proud_review_region_curtain_wink,0.5,4,0.2980974705336336,2.913422562063133,-0.06152513299262125
grape_leader_catalog_rescue_voice_people_input_hammer,0.47619047619047616,21,-0.13399190629576194,1.2218085388899091,-0.04618497455856011
crystal_leaf_together_fetch_horn_cat_major_wood,0.8,5,-0.4966166871540986,2.0956781676322036,0.024499929797549537
harbor_price_step_huge_budget_pig_soft_pencil,0.3333333333333333,3,-0.00009713131053571782,1.9367648273386096,-0.008678296135128216
monitor_soldier_modify_month_sick_script_critic_gas,1.0,1,-1.3207930749461687,3.8735296546772187,0.0
online_stove_flock_ancient_pistol_will_glove_extra,0.5,2,-0.17790057167781748,0.20691699642221018,-0.019114968838269727
perfect_neutral_orient_discover_involve_process_law_joy,0.5,2,-0.254830193283343,2.214039037751051,0.24332371865675947
find_hip_celery_room_abandon_stumble_explain_position,0.6666666666666666,3,-0.08375294118586107,3.942501986817956,-0.13825773957398385
size_universe_slim_little_fan_vapor_name_solve,0.5,2,-0.34591790557680824,3.0086057392190195,-0.05006024045912817
remove_defense_kitten_grocery_exercise_visa_duck_when,0.5,4,-0.08399310832594928,5.576474199653721,0.07558528676269449
idea_puppy_crouch_rude_enter_noodle_drink_thank,0.7142857142857143,7,-0.3723238375152876,1.664812892607505,-0.047756216918095
harsh_basic_reflect_write_admit_small_cake_patch,0.5,2,0.7271642887253191,7.660151453253771,0.05936326031368466
glad_pull_hurry_engine_fee_grow_decorate_laptop,1.0,2,-0.3460270071915001,3.596255444264778,-0.014145804281842367
fit_clog_inner_knock_orphan_minimum_drill_pumpkin,1.0,2,-0.23493613562910975,0.8814745575686369,0.035966553872331664
razor_harbor_siren_oyster_reduce_perfect_forum_people,0.0,2,0.3461361803763531,1.64293997481573,0.22225197565694574
salad_public_quantum_dwarf_easily_eager_venture_hour,0.0,4,0.0,1.6077613678206155,0.03765591856857771
reunion_demand_summer_letter_viable_leopard_daughter_display,0.25,4,-0.37576406313564126,3.052059667269354,0.03940845026082057
latin_casual_flavor_lift_fine_tumble_notable_river,0.5,4,-0.11567114726605343,4.080446651099431,0.14257990924316688
cute_tide_report_record_ostrich_soldier_frown_oblige,0.0,1,0.25081487464206154,1.5560321187150628,0.0
syrup_dance_large_luggage_embody_actual_melt_photo,0.5,8,-0.24258408414579619,2.563730799907092,0.019345648846084695
nothing_mail_practice_bone_setup_half_alone_spirit,0.5,4,-0.36162609791224276,1.6946692239212833,0.07570201902537238
butter_celery_session_surprise_raw_squeeze_orphan_width,0.3333333333333333,3,0.22142265620213694,3.55073551678745,-0.009518395811659216
pretty_zoo_moon_bonus_stove_pink_long_child,1.0,1,-0.15410897831372194,0.5876497050457576,0.0
two_tumble_staff_mammal_mention_enhance_slow_skate,0.75,4,-0.3126443380653316,5.3343785962363945,0.0992225146383095
tackle_aisle_pledge_garage_genre_board_produce_valley,0.5,2,-0.2549755932231599,4.548087215823643,0.0
bounce_help_funny_season_mirror_mesh_truck_check,0.75,4,-2.0347709589020684,2.913422562063133,-0.10721508560420578
pull_broccoli_bitter_install_hen_balcony_notable_silk,0.5,4,-0.44766633655109705,1.1670240890362966,0.046869498002972756
sunny_snake_earn_situate_tongue_poet_lift_try,0.75,4,-0.25674969435096784,1.5043028696095098,0.004401285028845708
misery_room_manual_become_job_million_glance_total,0.0,2,0.0,0.9683824136693042,0.0
maple_galaxy_craft_oval_fun_abstract_music_certain,0.4,5,0.02141686671677645,1.6801823165683891,-0.009849044321964661
cash_odor_live_until_debris_nerve_ocean_blanket,0.5,6,-0.030338339202947484,1.227721100121815,-0.001998142004607332
globe_witness_legend_bachelor_unaware_once_stomach_lake,0.3333333333333333,3,0.15644919538285024,4.461179359722977,-0.016876776258342163
match_throw_output_sudden_door_offer_rough_banner,0.6666666666666666,3,-0.23090316116590426,2.6513254352588835,-0.03197027133685045
chat_welcome_just_viable_clump_almost_prevent_laugh,0.0,4,0.6194276505361995,2.222314358806269,-0.04031747688773063
picture_tell_useless_april_amount_alert_ride_file,0.0,2,0.254830193283343,0.20691699642221106,0.007660094641225773
razor_trick_code_equip_always_worry_second_meat,0.5,2,0.25613841504774926,2.14368182376082,0.09653979598528695
arrive_result_agree_useless_goat_wine_erupt_track,0.3333333333333333,3,-0.3146676689767798,2.1905866330876402,0.008241607522558092
rebel_abuse_agent_lift_turkey_present_black_mansion,0.3333333333333333,9,0.07691915119474513,2.7819142586023853,0.017376268385169574
lake_thing_plastic_quick_pulse_edit_junior_symbol,0.6666666666666666,3,0.23075745358423538,2.593386864525104,-0.027632105341584445
grant_submit_meat_apple_injury_rally_upper_session,0.4444444444444444,9,-0.3078466208793302,2.4627980411816024,-0.05620627118506347
awkward_beef_dwarf_monkey_among_flight_derive_include,0.0,2,0.1436223791059351,4.94537056655763,-0.21106973652880584
title_book_rice_acid_travel_milk_appear_elephant,0.375,8,0.036741633372882915,1.1887510530614636,-0.05126509533612457
keep_quit_muffin_play_fancy_diary_mistake_human,0.25,4,0.40177651966840683,2.956876490113467,-0.062453827946941945
resist_stuff_order_jar_denial_clarify_ten_track,0.3333333333333333,3,0.4400507067804636,8.011914876510426,-0.08551742411583724
season_sail_tell_normal_aspect_cigar_idle_energy,0.0,2,0.0,1.4525736205039577,-0.06562735948352398
copper_club_large_ten_nurse_scissors_crazy_casino,0.5,4,-5.551115123125783e-17,-0.4841912068346521,0.0189054907113841
car_floor_burst_snap_exact_brush_bag_reform,0.3333333333333333,6,-0.08971125623058224,1.4580905012074374,-0.017050810397164644
dress_end_denial_mystery_gain_gallery_clog_steel,0.0,2,0.3463547417488562,1.8333063291275042,-0.07184635598884664
ladder_spy_list_hood_bachelor_box_make_thrive,0.0,1,1.0968634136944524,0.5876497050457576,0.0
system_relief_section_alter_picture_crawl_access_puppy,0.0,1,0.6922723607527062,5.429561773392283,0.30885954020885686
focus_scrub_skill_accident_royal_dose_stable_rack,0.5,4,-0.8867191895925131,3.00860573921902,0.07927416192213693
feel_logic_canoe_acquire_mansion_social_snake_final,0.2,5,0.46972120045261107,2.0542947683477615,0.025895920556559027
scale_team_plate_correct_primary_diamond_wife_rely,0.0,1,0.0,0.9683824136693051,-0.08097656543795684
abandon_climb_cargo_ring_imitate_net_oak_space,0.5,2,-0.09105141396834027,7.7636099514648755,0.015921531114933413
mixed_era_giant_maze_rent_exit_sure_boy,0.0,1,0.0,0.9683824136693042,0.0
top_hurt_talent_news_main_dial_always_give,0.25,4,0.3651311033238339,5.092282992819069,-0.0029972102436607306
curious_photo_old_husband_horror_winter_swap_oppose,0.75,4,-0.39194606881514277,3.1989720935307937,0.0
decade_ten_step_utility_tiger_boss_above_blade,0.5,2,-0.0770128215356948,8.057434803987755,-0.00929813200564994
identify_kick_denial_erode_spell_express_prepare_truth,0.0,4,0.5166561225744282,2.524414532384367,0.025944039440920077
faint_result_pledge_gold_prepare_draw_frog_hero,0.5,2,0.3119760316926882,5.342653917291614,-0.039927504819755044
state_forget_bacon_camp_asthma_this_gun_jungle,0.25,4,0.21409273920506783,1.9015862203434941,-0.0019691148006918124
yard_legend_arrange_diesel_physical_such_piano_detail,0.5,2,-0.09101501760884242,1.7463984730268374,0.004662328273805666
connect_letter_dove_coin_immune_grid_turtle_disorder,1.0,1,-2.0126288860997854,2.143681823760822,-0.16956055349402543
wheat_drop_fish_behind_race_sphere_hybrid_cargo,0.5,4,0.5194775261040647,3.441067696948119,-0.1212351493822238
venue_palm_wild_drastic_achieve_coconut_resemble_hazard,0.5,8,-0.4878398708128312,1.3573904433480704,-0.04269040551324274
boss_school_bench_transfer_beyond_grain_blur_input,0.0,1,0.0,0.9683824136693033,0.0
tree_blind_alcohol_say_tip_exact_left_pilot,0.6666666666666666,3,-0.2700669779650237,-0.3917664700305051,0.10390338276584754
hawk_toast_kiss_chunk_verify_upon_uniform_arch,0.6666666666666666,3,-2.1162609416179463,2.5244145323843674,-0.02833728915633445
mind_someone_dish_upgrade_cheese_lyrics_lucky_script,0.3333333333333333,3,0.0,0.9683824136693046,0.0
grain_accident_antenna_tone_glass_barrel_picnic_chronic,0.35714285714285715,14,0.08101283688590273,1.331377438597134,0.006655178730163838
immune_risk_latin_upon_snow_notice_vibrant_indicate,0.4,5,-0.6421009204919867,2.7528541575584953,-0.025142727423141942
mesh_cup_palm_crash_base_arrest_nation_toe,0.3333333333333333,3,0.4009839363442446,4.334268456848462,-0.09383316539345606
opera_gown_donor_shallow_wage_sand_play_avoid,0.5,2,-0.3463547417488563,1.5560321187150628,-0.009407907452648662
audit_subject_hair_produce_squeeze_property_humble_syrup,0.5,2,0.8951505053772176,3.6831633003654467,-0.1565789471765051
struggle_base_side_purity_beauty_universe_fence_burger,0.0,3,0.0,0.9683824136693057,0.0
brand_update_fetch_business_citizen_lyrics_address_custom,0.5,4,0.20266681144762033,2.7582348147464746,-0.10350346077115796
liberty_foot_menu_celery_scorpion_prosper_universe_truck,0.3333333333333333,3,0.0,3.3769198045861146,0.18080701762986642
hurdle_mosquito_broccoli_airport_hen_drift_engine_student,0.5,6,-0.5291362354026421,1.3256627176294418,-0.01490451175791981
panda_old_film_wash_monitor_unfold_museum_visual,0.5,4,0.139576247877155,1.8933108992882755,-0.048169985494864176
rich_leader_flee_extra_update_divert_camera_alpha,0.2,5,0.14914415413184282,0.8160893302198859,0.04313442827821516
design_dolphin_planet_cake_club_armed_cousin_east,0.3333333333333333,3,-0.05131413269537074,0.8414715107947899,0.0
switch_cruise_today_column_frown_bubble_frequent_desk,0.5,4,0.22841771373970543,3.1037889163749064,-0.03542725055306975
arena_earn_approve_provide_usual_ghost_edge_can,0.0,2,0.05253466681246982,1.5560321187150623,-0.11848748343159932
famous_pill_game_depart_travel_wrap_slim_pulp,0.375,8,0.4178226575320978,1.3356634793229034,0.009790895550856295
gadget_oppose_fabric_old_uniform_spirit_exist_cotton,0.5,4,-0.22841771373970543,2.8616933129575806,0.033968423289158764
brand_clever_fly_main_clip_vital_shell_know,0.6666666666666666,3,0.20936603531946352,2.0167709208863047,0.04804169716285287
much_section_autumn_time_harsh_deputy_slab_expect,0.0,2,0.12540743732103077,0.7780160593575314,0.0
merry_wheel_mule_camp_bag_behind_mosquito_worry,0.3333333333333333,15,-0.0037077263725211473,1.4109132448496164,0.000606718701584182
alien_young_absent_dish_alley_order_bring_note,0.0,1,0.0,1.9367648273386067,0.0
pupil_soon_enable_hawk_topic_puppy_hold_bus,0.5,4,0.4861024972670393,3.631434051259893,-0.0774312037322397
powder_battle_ability_swamp_chunk_help_erode_vehicle,0.3333333333333333,3,0.07423547607814986,2.9741195731486516,0.05434946606227964
ridge_addict_lamp_number_tennis_humor_hub_lobster,0.0,2,0.5140226460668369,2.7147808866961407,0.0
door_dentist_visual_air_cash_usage_cause_dilemma,0.5,4,-0.2742887230568269,4.755004212245856,-0.14635062011298705
entry_offer_decrease_idea_seven_siren_video_train,0.5,2,-0.2935045425486641,0.03310128422087555,0.11586048604488453
valley_piano_mandate_winner_limb_vague_prevent_thing,0.16666666666666666,6,0.09757670932384166,-0.6166189904126474,-0.026011410833053066
bid_chat_virus_range_govern_notable_excess_recycle,0.0,1,0.0,0.9683824136693033,0.0
tired_dose_way_moral_switch_reduce_day_more,1.0,2,-0.9169737134139423,3.7866217985765527,0.08516397099706469
rely_gaze_face_minimum_insect_dust_receive_enrich,0.2,5,0.2866437246975818,3.2991204633198117,-0.037928369599462865
process_boil_poet_hint_shed_divert_notice_barrel,0.3076923076923077,13,0.13556768875772865,1.6840048312131126,-0.07286334212684854
dream_auto_usual_language_damp_lawn_album_pass,0.6666666666666666,6,-0.08500993830902111,2.4264729148767414,0.03899168615429549
recipe_mixture_goose_tribe_twice_success_deposit_code,0.5,8,-0.12747327696529664,1.4049820319260138,0.019757751626790776
recipe_inherit_try_lecture_surge_odor_velvet_diagram,0.3333333333333333,3,-0.365040214169912,2.005737159479347,-0.13338433385548562
earn_sense_gold_shove_winter_exotic_unique_toddler,0.5,4,-0.27436142302673533,3.743167870526217,-0.15878596903208203
excite_success_eternal_raise_guard_globe_stuff_arrest,0.5,2,0.020389121503568308,3.1120642374301255,-0.23003450074760978
step_orphan_noise_father_claim_comfort_pilot_vibrant,0.4,5,-0.19565630031924433,1.3623556359812017,0.021381266422549693
bachelor_toss_diary_pear_taste_board_property_captain,0.0,2,0.0,0.9683824136693051,0.0
price_spider_together_decade_cereal_pulp_dwarf_inmate,0.75,4,0.2743614230267353,6.354490259011253,0.02255768012974599
clap_such_update_nuclear_hood_jaguar_identify_chuckle,0.5,4,-0.07186581196700102,2.480960604334033,-0.024422376125976197
vapor_connect_uncover_shine_undo_abstract_hill_effort,0.0,1,0.405027602540836,0.7945667014679687,-0.1000299384846996
evil_error_brass_flavor_immune_mask_kiwi_unique,0.42857142857142855,7,-0.05058092241260449,1.388132202987703,-0.004873925110057996
surprise_buzz_crumble_sword_faith_bridge_burden_dwarf,0.0,2,0.0,0.9683824136693051,-0.1848457408254897
surround_uncover_entire_quit_doll_endless_they_rotate,0.5,6,0.04611675390876933,5.008826017994887,-0.05122509398889382
spoil_street_since_into_crater_glance_aunt_foil,0.0,2,0.2551940112360797,3.683163300365445,-0.02637547578717686
anger_jealous_field_first_stable_bacon_anxiety_ritual,0.6666666666666666,6,-0.4796862932887164,1.2222042194183353,0.01625268086383438
logic_moon_cry_dad_wagon_ancient_inch_when,0.0,1,0.9804644123093171,6.745575611464258,0.08255802155132808
title_range_slogan_brass_bless_audit_chuckle_stuff,1.0,1,-0.2872447582118702,1.5560321187150628,-0.18428774071536436
ladder_unhappy_guard_boss_butter_until_unveil_liar,0.25,4,0.21157450095602393,1.5043028696095098,0.05763670798247572
champion_great_gun_approve_grape_unable_hero_enlist,0.0,1,0.8102009338950711,2.1436818237608204,0.0
current_orbit_exist_nurse_spike_enroll_term_debate,0.5,2,-0.09101501760884245,2.317497535962156,-0.021805883840081752
clock_dad_month_extend_enemy_belt_save_crisp,0.75,4,2.7755575615628914e-17,7.287694065685442,-0.2504624965698802
inhale_breeze_march_battle_assist_effort_unlock_kitchen,0.25,4,0.5941723884655404,3.103788916374907,0.01618495255844958
neck_filter_long_immense_life_image_minor_kiwi,0.3333333333333333,3,-0.44026435831538957,0.9683824136693046,0.0
trouble_subject_okay_assist_bacon_festival_awesome_meat,1.0,1,-0.46856279188756245,1.7629491151372747,0.0
olive_travel_point_van_matter_turkey_wolf_insect,0.6,5,-0.5644498470890491,5.242505547502596,0.03662049274278878
obscure_tragic_tool_blind_asset_draw_volcano_ancient,0.0,1,0.0,1.9367648273386067,0.0
dune_amateur_flock_answer_feel_similar_energy_range,0.6666666666666666,3,-0.11205739155613614,1.682943021589578,0.009837010490417205
island_bomb_bird_gas_action_cool_attend_rebuild,1.0,1,-0.5105921410510976,2.1436818237608204,0.05678929593693427
offer_snow_crater_soccer_vapor_hood_trumpet_stable,1.0,3,-0.7784912231337998,0.7835329400610102,-0.14216901822089398
high_fall_champion_slice_hybrid_local_hole_seven,0.0,1,0.0,1.9367648273386102,0.0
immense_cattle_debris_topple_pink_vacuum_kitten_organ,0.3333333333333333,3,0.06071551053233959,1.7519153537303154,-0.020781327040974535
left_indoor_disorder_final_draw_island_tomato_remove,1.0,1,-0.22253206012765236,9.303091428069502,0.05994426234882
apology_consider_away_answer_predict_rice_cream_raise,0.5,10,0.06631571054630879,1.9400749557606964,0.044211754465196186
month_busy_waste_success_kick_cherry_live_upper,0.0,1,0.37681306974565226,12.622072661921836,-0.3427811755991876
suit_ahead_surface_need_engage_idea_boat_width,0.2857142857142857,7,0.0,1.1067227584792054,-0.046062232514617205
inmate_glad_acoustic_ski_lizard_differ_couple_spice,0.0,2,0.0,0.9683824136693069,0.0
swim_reject_possible_error_voice_invite_shoulder_sponsor,0.5,2,-0.346427659323747,3.7866217985765513,0.04420890497737587
scan_bitter_humble_season_rocket_umbrella_secret_chief,0.4,5,0.3661488522784977,1.0859123546784566,0.01201880289190862
oven_decline_wine_depth_kick_report_income_teach,0.0,2,0.43290526523179595,0.8814745575686374,-0.06921514060477207
hamster_kingdom_day_okay_chief_frozen_door_clog,0.0,1,0.202659673893762,2.143681823760822,0.0
fame_route_twelve_record_decade_digital_fox_marriage,0.5,4,-0.2742158534236131,3.00860573921902,-0.16988256019280862
actor_imitate_clerk_pause_pause_minimum_initial_almost,0.0,1,0.8403509313709685,6.017211478438041,-0.5694023310787966
juice_capital_reflect_exact_mix_prefer_happy_penalty,0.5,4,0.2745071625004323,3.7783464775213327,-0.0010281042853697575
cattle_until_skill_bachelor_neck_wall_dune_mule,1.0,1,-0.1821465315970188,0.5876497050457576,0.005533318020912781
spin_nation_fruit_pact_island_salad_spider_guard,0.5,2,-0.06668757642237688,4.65154571403475,0.2554096951112068
cake_cycle_life_earth_grant_brother_once_what,0.0,1,0.0,0.9683824136693033,0.0
pill_cheese_brief_jewel_core_notable_basket_half,0.5,2,0.14362237910593512,1.0718409118804102,0.0
stand_movie_aisle_giggle_dinosaur_twist_record_wink,0.6666666666666666,3,-0.4616606147501395,7.435298932871628,0.0470426455728287
welcome_grunt_burden_shoulder_scan_worth_reflect_news,0.2857142857142857,7,0.014864212383844213,1.7735936664999465,-0.06992590723355951
cushion_donor_wild_stereo_upon_chalk_waste_category,0.75,4,-0.5752524664749806,3.2589766636915645,-0.014523819009837978
neck_kingdom_palm_prevent_legal_dirt_shed_demise,0.3333333333333333,3,0.03502311120831325,1.6829430215895786,0.019182167960177427
fragile_crash_jump_brain_stem_trend_note_focus,1.0,1,-0.33577293138096764,7.780160593575314,-0.01398698040021662
dice_gift_shrug_maze_screen_coral_strike_ceiling,0.0,1,0.0,0.9683824136693033,0.0
habit_leg_between_cluster_process_fan_wise_gun,0.5,2,-0.4577515419923397,3.8735296546772204,-0.12080809908601287
emerge_raise_alpha_bicycle_first_icon_ghost_follow,0.8,5,-0.4792608243308133,3.4994172028978476,0.059145007462830614
fiber_wild_flavor_toward_caught_space_sword_resource,0.6666666666666666,3,0.11157648581828046,2.7782363381333988,0.10765469049531468
business_father_outer_fancy_chicken_thing_shell_dismiss,0.4,5,-0.0210283956005038,3.416650404328963,-0.0421498672647865
execute_flat_price_maximum_remember_hidden_apple_uniform,0.2,5,0.454501156601232,2.20658785179718,0.11835370181679598
urge_help_tuna_harvest_green_garbage_guilt_benefit,0.5,4,0.1679319494314754,1.520853511719947,0.07477963839338518
random_drift_behind_lesson_kitten_soul_round_tennis,0.6,5,-0.08103466627084703,4.6200927000165715,-0.07813462243672743
evil_injury_dragon_slice_admit_push_club_match,0.5,6,-0.03674330712862878,2.040223325549715,-0.06842856786044738
famous_blade_medal_magic_cream_athlete_verify_friend,0.3333333333333333,6,-0.11213515018488762,2.1381649430573417,-0.03552252373319731
woman_choose_glove_pizza_typical_list_glue_issue,0.5,2,-0.8040189165790195,5.048829064768736,0.020552320998625695
own_bike_celery_clip_conduct_zoo_ridge_trouble,1.0,2,-0.4362071071376432,5.533020271603387,0.22766892272739309
canvas_notice_seek_fashion_manage_cherry_page_expect,0.0,1,0.0,0.9683824136693051,-0.03746514628321079
when_actor_enough_pupil_wheel_fortune_usual_ocean,0.5,2,-0.11144053547190858,4.167354507200098,0.1810111738208543
upper_hedgehog_reform_december_govern_allow_exile_bike,0.5,2,0.11135321411722476,5.826845124126265,-0.19301593655692062
input_wage_soon_save_notable_virus_talent_magnet,0.5,2,0.0,3.890080296787656,-0.059497302467090646
okay_hurdle_perfect_rather_melody_brand_trigger_dose,0.0,2,0.9720801269827432,2.8182393849072467,-0.1345044804407913
foot_client_nice_clog_silent_east_ghost_direct,1.0,1,-0.30749011686655847,8.160893302198858,-0.005919184649547216
author_attend_cable_jealous_daughter_cheap_twenty_laundry,0.6666666666666666,3,-0.016242558363975663,2.397503629509852,-0.06902056566576166
noble_horse_disagree_cherry_embody_produce_entry_trigger,0.0,4,0.20242887833294443,-0.00827532105521911,-0.03168531423317876
weasel_floor_unlock_bulb_sick_exclude_review_gloom,0.3333333333333333,3,0.09584538404782576,1.7408815923233563,0.17462396461091023
army_diet_spell_then_dice_meadow_drum_special,0.5,4,0.2500393117587867,1.5994860467653957,0.029572503012970236
exotic_bunker_figure_indoor_neutral_nominee_venture_immense,0.0,2,0.0,2.9051472410079144,0.001306186630891909
cross_parade_beyond_end_ready_sudden_mom_local,1.0,1,-1.1453140766059482,5.255746061190948,1.1244918547559952
inner_because_country_subject_lunar_sorry_behind_utility,0.5,4,-0.08911245959311342,2.619597709540254,0.012769696934997965
island_inside_horse_hurdle_address_road_goddess_proud,0.0,2,1.4844318470567213,6.311036330960919,0.2050736494356591
salute_rich_sound_dynamic_sentence_absorb_erosion_snow,0.25,8,0.06244218638723763,1.8239923466851653,-0.02148318355782395
magic_chapter_work_lion_pulse_wire_give_sound,0.4666666666666667,15,0.029378688710488765,2.5222077801029754,0.06175893498242665
kitten_decide_defy_sheriff_knock_elegant_melt_biology,0.5,4,0.1463650639857625,1.5043028696095102,0.0
dove_hire_energy_country_typical_float_uncle_holiday,0.42857142857142855,7,0.25263042158098614,3.220845011322567,-0.010149103215117734
tiny_extend_cram_student_hazard_music_enhance_bundle,0.0,1,1.095120642509736,1.7298478309163983,-0.16774349753572226
bicycle_capable_hamster_slim_arena_vanish_domain_soup,0.0,2,0.0,1.936764827338611,0.0
twin_license_material_onion_steel_supreme_evil_cute,0.6666666666666666,3,0.36581523070231375,2.4554422002436307,-0.07954573970341454
sun_source_vapor_scrub_inspire_track_under_upgrade,0.6,10,-0.10953682578040132,1.3557353791370264,0.00442665286931006
floor_expand_rare_follow_public_latin_long_ordinary,0.3333333333333333,3,0.0,3.5617692781944092,0.034907262368805946
tooth_april_remain_lobster_urban_detect_amateur_crowd,0.0,3,0.4402643583153896,5.487500344126061,-0.020031328621922345
atom_garlic_section_word_wash_learn_nothing_alone,0.4444444444444444,9,-0.09031854025611608,1.5753449756263218,0.06869367435651769
make_curve_roof_cancel_fork_radar_danger_grocery,0.4,5,-0.050146361946139084,3.222973921595102,-0.04553037817091069
ring_blossom_brain_solution_ketchup_struggle_panda_jeans,0.0,2,0.0,2.4209560341732614,-0.0023977717318889036
glue_huge_black_divert_upgrade_small_recipe_fat,0.6,5,-0.21914017803530134,1.825855143173633,0.002951102207620071
what_cabbage_loyal_long_brand_moon_three_educate,0.5,2,-0.11152799445381018,4.167354507200097,0.05857507957314656
recall_luggage_vintage_market_tired_pepper_brass_render,0.3333333333333333,6,0.1525692761482094,2.265075845931857,-0.0856397758442649
steel_oblige_mosquito_enter_guide_wheel_anchor_payment,0.4,5,0.16211308042674502,1.320972236696759,0.015585509625477357
essay_loop_leader_degree_exhibit_mandate_friend_alone,0.0,1,0.0,0.9683824136693033,0.0
domain_half_truck_need_midnight_trouble_sword_uncle,0.0,2,0.6924909221252094,1.4525736205039568,0.04904530475427088
pond_lemon_rather_tiger_judge_wing_cancel_smart,0.0,3,0.6480534179884955,1.2332379808252945,0.010847055649039724
seven_talent_truly_sun_super_salmon_time_cereal,0.0,1,1.0980286500017291,2.524414532384368,0.0
album_blood_cabin_text_provide_junior_light_mistake,0.8333333333333334,6,-0.550167497878948,1.175299410091516,0.11834425040797143
claim_direct_popular_bounce_install_present_abandon_odor,0.625,8,-0.2237075405359485,1.4867135661119524,-0.0662758539535297
inherit_powder_space_reward_amazing_hazard_build_trophy,0.0,1,0.0,0.9683824136693033,0.0
asthma_marble_praise_illness_kangaroo_idea_good_damp,0.0,1,0.0,0.9683824136693069,0.0
wife_labor_blossom_develop_beauty_practice_short_air,0.2,5,1.6277876000916986,1.4666450633020034,-0.12036412695844927
liquid_genuine_escape_carpet_alert_ugly_check_shock,0.0,3,0.09574825273729005,0.9794161750762621,0.0908246407263092
armor_social_forward_rely_shoulder_purse_mass_ring,0.6666666666666666,3,-0.03845884458690615,6.144122381312556,0.10052014761201472
dynamic_captain_lonely_tenant_earth_cannon_garment_badge,0.6,5,-0.21856127654704177,0.8160893302198865,-0.009248542929593895
surface_trophy_gym_tree_alcohol_piece_trophy_able,1.0,1,-0.25858019907845997,1.762949115137273,0.0
tree_thought_govern_movie_fold_faculty_race_bike,0.3333333333333333,6,0.033380355363110646,2.46095908094711,0.0
humble_truth_bonus_moment_wire_refuse_disorder_pen,0.0,2,0.0,0.9683824136693051,0.0
purse_rubber_destroy_calm_eagle_pear_income_rebuild,0.5,2,0.019087912243342497,7.382877242841329,-0.016571641298977813
either_excuse_witness_course_build_calm_bomb_despair,0.0,1,0.0,2.731331528806578,-0.00653938428337042
achieve_atom_minimum_jewel_father_snow_cancel_hybrid,0.0,3,0.09392278804916139,3.5617692781944092,0.018444390455575627
copy_mansion_lonely_echo_anxiety_curious_simple_castle,0.3684210526315789,19,0.1712973948523826,1.2158138684254132,0.025319632834865397
woman_require_account_picnic_zebra_buyer_report_tree,0.3333333333333333,3,-0.13486368431391546,2.4554422002436307,0.1343626380743616
trial_anchor_mail_clump_street_chest_flower_decade,0.6666666666666666,3,-0.23090316116590415,3.2969137110384197,0.011544816868604979
open_identify_album_entry_subject_empty_ring_borrow,0.5,2,-0.29696085707898345,9.510008424491712,-0.16511078804812318
payment_monkey_monster_pave_best_file_crack_first,0.0,1,0.24957468111042425,2.524414532384368,0.0
fiber_scrub_obscure_impose_pilot_hotel_panic_cream,0.0,1,0.0,0.9683824136693051,0.0
make_ripple_decade_web_donate_teach_keep_this,0.5,4,-0.5481415836541693,1.3573904433480704,0.0
funny_crew_calm_unknown_always_horror_wise_leave,1.0,2,-0.7118983420572546,3.9769881528883246,0.056533886969918345
saddle_nice_title_rebuild_black_whale_welcome_gate,0.75,4,-0.5566523743374765,2.4726852832788144,-0.02070801578215306
place_electric_spell_walnut_wink_craft_mystery_swallow,0.5,4,-0.21157450095602393,3.691438621420665,-0.05529647031461239
amateur_evil_surprise_public_right_field_retreat_stone,0.0,2,0.1673647287274208,0.7780160593575305,0.004795543463777863
mimic_quantum_orbit_echo_culture_over_profit_dolphin,0.36363636363636365,11,0.27189723143409594,1.4085562380644432,0.019078545111877312
artefact_merit_grab_toddler_blind_kind_knock_omit,0.0,1,0.36368211487327695,3.699713942475883,0.20254710642062101
sugar_advice_lounge_urban_hand_essence_minute_diet,0.5,2,0.0,4.35772086151187,0.05245800334861625
ethics_anger_fever_priority_afford_vendor_subway_obvious,0.3333333333333333,3,-0.2700669779650237,5.498534105533018,0.015185886161563023
noble_guard_foot_pipe_assume_book_glory_oak,0.0,3,0.5006789150162292,0.9683824136693048,0.24393392976665731
reveal_page_muscle_champion_sauce_burger_grocery_marine,1.0,2,-1.2937852454914722,3.3024305917418992,-0.015677733103069386
tenant_route_dance_cash_when_rose_fresh_festival,0.4,5,-0.03383404129739705,2.6485647302376933,0.03106299534022148
obtain_foam_runway_elder_word_huge_gown_wrong,0.3333333333333333,3,-0.29131287969676567,3.953535748224914,0.040732691190889105
soup_fluid_wise_ball_life_oyster_damp_obey,0.0,2,0.8563825728231275,4.738453570135418,0.20743666453004228
satoshi_learn_regular_pupil_pigeon_develop_obvious_humble,0.0,1,0.0,0.9683824136693069,0.0
roast_wrap_dwarf_dignity_hire_logic_top_arch,0.5,2,-0.20251380127041796,0.5876497050457576,-0.16555024615287495
faint_neutral_legend_dinosaur_arrest_cave_plastic_cannon,0.0,1,0.33597243330379706,0.5876497050457559,0.0
floor_split_pizza_matter_seven_addict_village_globe,0.3333333333333333,3,0.06071551053233959,2.0747094916200832,-0.08786042652733235
mother_powder_odor_system_resist_double_unhappy_eyebrow,0.3333333333333333,3,0.17012934082405318,0.8414715107947893,-0.001141795641737516
sentence_melody_click_rocket_ivory_final_foot_sick,0.3333333333333333,3,0.08319156037014142,2.4554422002436307,-0.011722441543101573
spin_coin_state_wave_wealth_vessel_text_addict,0.3333333333333333,3,0.14988713924348293,6.202060952046334,0.0917692398982628
refuse_burger_leisure_obvious_hurry_honey_entry_exotic,0.2857142857142857,7,0.0757499809232499,1.753491605359881,-0.2068329373270569
glad_warm_dragon_drop_ostrich_forget_rocket_brass,0.3333333333333333,3,0.7819486681735349,4.910884400487261,-0.0453442424057684
loud_canvas_end_siege_unlock_advance_congress_attract,0.6,5,-0.21933389433280284,2.641944473393519,0.000639404616183592
course_swap_play_knife_stable_pair_tennis_seminar,0.6666666666666666,3,0.5520140258490561,4.979856732627998,0.012603666000756575
diet_solution_poverty_artist_payment_vital_chimney_security,0.5,4,0.07188403803586935,2.3340481780725932,0.02658321031962424
pulse_spot_danger_friend_negative_bitter_coffee_jazz,0.5,4,-0.3301982687365422,2.1788604307559356,-0.04976314868833709
talk_panther_blouse_pencil_gallery_churn_dash_stadium,0.4,5,-0.11181064912244514,1.127295753962899,-0.0318249543633914
praise_spoon_pill_atom_about_artefact_ticket_desert,0.25,4,0.09098593084690036,1.35739044334807,0.021858937363362807
fee_snake_shine_penalty_swamp_park_start_quarter,0.5,4,-0.14690774486692537,2.282318928967041,0.0
into_rude_throw_also_pen_stand_program_table,0.4,5,-0.06727443118202366,2.752854157558496,0.04952425824668958
pigeon_copper_believe_secret_strong_scout_unfold_sphere,0.0,1,0.0,0.9683824136693033,0.0
cement_crew_rigid_woman_cute_tattoo_ask_tool,0.0,4,0.038319917475981846,2.3775021061229276,-0.031677326908860284
barrel_among_demise_rabbit_scatter_quality_fiscal_agree,0.0,1,1.0974456921069413,5.255746061190946,-0.6461539103684841
buyer_gym_foot_cinnamon_because_autumn_again_task,0.0,1,0.2872447582118702,0.20691699642221195,0.48684162753367133
radar_fashion_stuff_float_canoe_odor_home_wine,0.25,4,0.38710798950038733,5.195741491030175,0.04791564484787275
increase_cycle_roast_candy_atom_match_surface_fetch,1.0,1,-0.28695395833223647,2.524414532384368,0.0
exclude_reason_rain_excess_answer_bind_noodle_emerge,0.0,2,0.0,1.4525736205039586,-0.013320950872960362
unhappy_define_become_spare_together_try_one_kid,0.0,5,0.10204846510700424,0.8922358719445949,0.0
hazard_sunset_trust_guard_parade_season_worth_skill,0.6666666666666666,3,0.05131413269537074,4.323234695441504,-0.051636426074757935
source_prevent_join_gas_still_limb_song_eyebrow,0.42857142857142855,7,-0.09881291739776725,2.3269550457395494,0.025454902247724714
unveil_bomb_render_tell_solution_peace_vital_gap,0.8,5,-0.46895278615447095,2.6833278726779612,-0.27345427232608915
excite_plunge_wheel_basket_cheap_lab_public_know,0.0,4,0.4671493263547351,3.016881060274238,-0.05923456503474746
regret_domain_nose_morning_stay_film_flower_text,0.6666666666666666,6,-0.18290761535115688,3.037575024585909,0.08554543661994508
rate_rookie_private_copper_anxiety_sick_pottery_auto,1.0,2,-0.3459615376389367,8.731992365134179,0.049251172927202685
jungle_live_screen_fury_liberty_later_patch_ride,0.0,2,1.0630369710677015,5.913752980226936,-0.08592011025088211
valve_fork_member_depart_juice_faculty_wish_inherit,0.5,2,-0.3565943533804042,2.3174975359621595,0.004662332695006155
always_couple_flush_power_smoke_try_flag_wife,0.375,8,-0.06359151242525118,1.8457193107103322,-0.03731991789652099
response_that_city_hard_lock_purity_weasel_math,0.5,4,-0.12945074164966314,2.9051472410079144,-0.007256410146916057
win_raccoon_divide_predict_category_ready_cost_copy,0.5,2,-0.1114405354719086,2.230589679861489,0.0655860810493354
flag_sea_alley_educate_dune_kick_elbow_pool,0.6666666666666666,6,0.07827558243168205,3.1410335227970148,-0.08053027313936605
awesome_maze_brisk_bar_luxury_song_wreck_cry,0.3333333333333333,3,0.3660095500005764,1.8098539244640932,0.0
bright_final_mom_age_cereal_arrow_float_morning,0.4,5,0.059918897089923026,2.6005610741090766,0.09999061304404278
grant_inhale_tissue_credit_novel_proud_when_tail,1.0,1,-0.48441536614222436,2.3174975359621612,0.0
fragile_recipe_mandate_galaxy_business_cereal_reveal_effort,0.6,5,0.03079513705175625,7.0203570345476125,-0.06985061457799344
fee_gas_walk_toast_slogan_night_genius_flee,0.3333333333333333,3,3.700743415417188e-17,2.5933868645251046,-0.11384107885629387
shrimp_margin_one_mail_clay_impose_burger_amateur,0.25,4,0.2835140325732789,3.1120642374301246,0.023308977105921558
smart_mixture_enroll_custom_result_cluster_try_omit,0.0,2,0.0,0.9683824136693051,0.0
start_fly_figure_outer_mammal_people_ridge_concert,0.6666666666666666,3,0.05131066626727839,5.371623202658502,0.04445077825945907
arrange_ozone_lunch_defy_ranch_school_credit_march,0.0,1,2.013007438988885,5.810294482015829,0.4875412134527155
donate_glance_share_shock_nut_order_jeans_story,0.6666666666666666,3,-0.1119908111012657,1.6829430215895773,0.012987924687897778
agent_avoid_olympic_huge_vocal_verify_tone_average,0.5,2,-0.034423592511699214,2.3340481780725932,0.07193310995526356
innocent_umbrella_habit_select_infant_stable_fall_merit,0.5,2,-0.254830193283343,1.6429399748157305,0.1244660675027491
range_bubble_medal_abandon_away_grass_marble_auction,0.3333333333333333,3,-0.06071551053233959,1.487059786574325,-0.0012619800803270003
inner_fox_juice_cliff_square_immune_bonus_carry,0.3333333333333333,3,0.8588873069245792,2.7202977673996194,0.015905612241362554
tumble_gap_monkey_wife_dawn_sad_traffic_raise,0.3333333333333333,6,-0.055995405550632864,2.7492670527665095,-0.13535720091326356
honey_cause_tide_sleep_current_melody_accident_boss,0.42857142857142855,7,0.1087818941147349,2.440464574520688,-0.11602045792565449
aim_tribe_habit_emerge_hurdle_chalk_gentle_witness,0.0,1,0.0,0.9683824136693069,0.0
disease_job_clinic_sphere_antenna_jeans_develop_hill,0.5,2,-0.34591790557680824,2.040223325549715,0.14287060943128604
coyote_lawsuit_library_build_cotton_clinic_sock_penalty,0.5,4,-0.045580357287323015,4.703274963140303,0.025006297057224736
length_first_acoustic_inject_imitate_comic_girl_type,0.25,4,-0.17306809018817654,1.599486046765397,-0.011988853132944122
awake_mouse_gallery_buyer_tool_sister_wrap_mansion,1.0,1,-0.07404065114493208,1.5560321187150592,0.0
speed_auto_myth_auto_ridge_labor_sell_digital,1.0,1,-0.2876090936618232,5.048829064768734,-0.0479554169529767
noise_amount_misery_inmate_derive_master_flavor_gentle,0.5,2,-0.0909568440849583,3.1989720935307933,0.2000794477529136
various_twice_essay_tent_front_powder_cup_nerve,0.5,4,0.06278692207071138,3.639709372315112,-0.17538646197946467
cherry_path_guide_similar_win_phone_romance_capital,0.6666666666666666,3,0.25391327644464773,4.461179359722976,0.1403499600835695
cool_canal_slight_brown_dune_easily_drama_run,0.0,1,0.0,0.0,0.0
father_device_nest_holiday_culture_enact_curve_agree,0.3333333333333333,6,0.5964709179104686,1.619487570152321,-0.0339252716706779
limit_second_teach_suffer_cradle_tiny_leave_average,0.4,5,0.036289957510182845,1.8953814280541672,0.03290392338458807
swamp_echo_chest_cloud_thing_fossil_deputy_hamster,0.5,4,-0.3462454610626046,3.830075726626885,-0.011178245433011519
river_mask_travel_mixture_story_omit_floor_blue,0.6666666666666666,3,-0.23068467146100005,2.397503629509852,-0.03308178083487775
pool_wool_effort_snake_spread_dragon_annual_embrace,0.6,5,-0.06711473369313299,1.7844717438891913,0.013107812316565482
satisfy_wrong_pizza_exercise_permit_school_gym_click,0.5,2,-0.44776172943631565,4.841912068346525,0.05165872827128748
over_frost_echo_syrup_toward_gravity_park_daughter,0.5,2,0.0,3.890080296787657,-0.3567588249748119
loud_cancel_fire_sweet_list_fatal_knife_motor,0.5,2,0.5484317068472264,2.7147808866961407,-0.03388888128955109
skill_key_adjust_any_hope_myth_input_genre,0.3333333333333333,3,0.23090316116590417,2.5244145323843674,0.10847499589044897
fold_curtain_slight_flock_destroy_solar_wait_hip,0.25,4,0.688652730740807,3.242426021581127,-0.05459701655652964
afraid_beauty_rich_loop_vacant_twist_thunder_when,0.2,5,0.021042944598837064,0.9336192712290383,0.03459640783411746
almost_luxury_dismiss_shiver_actress_rally_pear_quit,0.5,2,-0.2691337686917467,3.405889089953005,-0.1297089337581807
inch_trial_pupil_naive_arena_heart_april_wife,0.6666666666666666,3,-0.0958696978872744,2.3285312973691163,0.007079780238180382
resist_hold_dream_vessel_country_arch_test_blouse,0.0,3,0.4009839363442446,4.33426845684846,-0.08440197481041038
ride_stem_century_door_similar_match_fame_shallow,0.0,4,0.0,0.9683824136693056,0.0
address_invite_plate_cereal_gorilla_doll_faint_chaos,0.0,1,1.095120642509736,2.6982302445857034,-0.2000598202939557
price_crater_enrich_dial_vessel_priority_mass_atom,0.25,20,0.5993563445771652,0.8280902442520401,0.04213766939209094
thrive_shrimp_type_ask_camera_puzzle_spoil_rookie,0.6,10,-0.5720247457937798,2.9117674978520887,-0.06818204467906139
amount_acid_primary_envelope_park_ketchup_helmet_recall,0.3333333333333333,3,0.5519168945385206,1.1063270779507792,0.0159851360368586
lizard_laundry_pair_swap_bachelor_six_horror_pigeon,0.5,2,-0.8029716078557639,1.3491151222928515,-0.032769530791413704
tent_hurt_west_problem_casual_add_differ_matter,0.4,5,-0.35747860065248843,2.9183877546962647,0.1337937634879651
voyage_choose_eternal_amazing_buyer_hover_penalty_child,0.4,5,0.4235396439449451,1.749708601448924,-0.2284708676206267
decline_north_heavy_search_plunge_mean_match_lava,0.0,1,0.0,0.9683824136693051,0.0
episode_social_fabric_render_girl_keen_cheese_arena,0.3333333333333333,3,0.09584538404782576,2.466475961650588,-0.00336529102158419
term_flock_happy_virus_juice_asset_walk_own,0.5714285714285714,7,-1.0469312047820785,1.9166627661985436,-0.0633423839261004
blood_render_primary_shadow_uniform_race_swap_engine,0.3333333333333333,3,-0.4616606147501396,0.910443842935526,-0.011357860882180363
civil_account_idea_garage_parade_antenna_engine_puppy,0.0,1,0.0,6.778676895685134,-0.07307295330976649
enough_castle_bus_pipe_mistake_illegal_tank_require,0.0,1,0.0,0.9683824136693033,0.0
ritual_science_smart_symptom_about_taste_permit_appear,0.25,4,0.12748779661157994,1.841581650182723,0.0
brick_when_answer_century_merit_almost_great_charge,0.25,4,0.07181118955296754,3.492796946053672,0.0152607783396978
year_safe_clown_avocado_inner_vacuum_food_whale,0.0,5,0.03645263551927926,2.2065878517971798,-0.01491946816097991
pattern_soul_expire_hill_rookie_rate_latin_palace,0.5,2,0.5488685430192742,1.746398473026836,0.057211132083923144
neither_tent_poet_exit_spy_august_announce_act,0.5,2,-0.20236823172606722,8.334709014400197,0.17706255076362648
prosper_negative_blind_carbon_staff_lecture_obtain_grit,0.3333333333333333,3,0.5360126110526796,4.530151691863714,-0.09445873134929024
fever_hobby_exact_twenty_guitar_praise_prosper_defy,0.3333333333333333,3,-0.23083028346961332,2.0747094916200837,-0.020830585129018624
light_bean_help_action_infant_tribe_dirt_knock,0.5,4,-0.15587714636181862,3.985263473943543,-0.08474424158164583
omit_fat_debate_season_review_utility_edge_soldier,0.6666666666666666,6,0.20015260219511533,0.7090437272167943,-0.023585490501150958
giant_fluid_add_mercy_tenant_spider_stove_denial,0.6666666666666666,3,-0.4752971005203401,2.6402916738519244,0.0
atom_october_digital_nut_someone_wide_daughter_oxygen,0.0,3,0.08360495821402052,0.8414715107947887,0.0
neck_reward_pond_shrug_clap_copy_tackle_north,0.0,1,1.3207930749461687,1.9367648273386102,-0.3574449172308517
sister_airport_differ_kiss_load_lift_agree_man,0.0,2,0.0,0.9683824136693051,0.0
moon_joke_purpose_garage_source_river_body_pipe,0.4,5,0.10454753720541339,2.0261518827516687,-0.11221722186879461
pumpkin_cannon_sword_under_choose_wool_cash_hurdle,0.375,8,-0.022753754402210613,1.8674462747354994,-0.07855781108770743
episode_trim_coconut_point_figure_indoor_prize_curtain,0.4444444444444444,9,0.22340880626674942,2.370834931660619,0.18602069948377034
allow_brass_drive_mother_aspect_great_solid_twelve,0.2222222222222222,9,0.1285452239496483,1.0373547458100416,-0.050926431936044105
chair_stool_practice_depart_soup_expose_rug_visual,0.3333333333333333,6,0.04340641743226751,2.2650758459318574,0.023172356521999404
coin_bargain_culture_follow_donor_chunk_normal_canvas,0.3333333333333333,9,0.24382510462498683,1.187256426064803,-0.0328956383649467
grace_lock_recall_panic_air_breeze_river_shove,0.5,2,0.3808699146669716,4.270813005411203,0.040961909068066654
excite_piece_junk_tape_negative_moral_chaos_review,0.0,2,0.4577078284446282,0.984933055779742,0.06200380505370029
just_torch_boring_pact_eager_trust_cave_elevator,0.25,4,0.4671493263547351,3.9852634739435437,-0.06743746549208426
enjoy_bargain_sponsor_recycle_video_tree_lesson_nut,0.6666666666666666,3,-0.6198987931073144,1.9367648273386102,-0.047728354946621136
glide_reject_profit_snake_fortune_coffee_obvious_tide,0.75,4,-0.7932576867314987,3.3024305917418992,0.00945389112460053
agree_insect_force_sponsor_survey_fever_chapter_rally,0.0,1,1.0001572470351467,7.36632660073089,0.316805326791866
market_social_carry_giggle_trick_install_pool_praise,0.48,25,-0.004209474184484168,1.2547587978416526,-0.005781752958321595
pioneer_farm_dinner_embrace_apart_around_stick_gravity,1.0,1,-0.1539423980861122,1.5560321187150628,-0.2256309894170485
scheme_police_kid_salute_future_tail_unveil_second,0.5,4,-0.3919460688151428,1.9884940764441623,-0.15709140527538093
fame_violin_eight_morning_banner_lemon_clinic_wink,0.5555555555555556,18,-0.3703203345381345,1.141274871304312,-0.0027756533179834125
daring_police_light_thumb_swing_school_young_empower,0.5,2,0.636032699927121,7.953976305776649,0.1544859022277909
pistol_awake_power_muffin_tape_venue_glue_usual,0.42857142857142855,7,0.17584047098622224,2.553974103301826,0.10613697536939695
hungry_tone_cake_skill_city_trend_swallow_steel,0.3333333333333333,3,-0.36815965320503835,2.1326480623538626,0.031057486504068477
movie_monkey_credit_palace_tomorrow_nuclear_prize_dragon,0.5,2,-0.6242001562068317,1.0718409118804093,0.017630660780458385
open_mansion_soul_bag_pumpkin_canal_road_relief,0.5,4,0.1850839895400841,1.7981277221323886,0.0
fortune_electric_pattern_destroy_sell_typical_useful_ladder,0.3333333333333333,3,-0.060715510532339596,3.423824613912935,0.07224995889892909
board_hover_inner_toward_finish_cream_escape_wash,0.5,4,0.0455064874213047,2.567868460434701,-0.18638461853298677
physical_bleak_laptop_crystal_before_illness_unveil_topple,0.5,2,-0.11144053547190859,0.7780160593575314,0.0
action_copy_short_hello_fury_siege_festival_insane,0.5,6,-0.3452902604552417,1.5270628333481735,-0.02285526037407189
chuckle_fantasy_bean_clerk_pitch_hip_increase_rifle,0.25,4,-5.551115123125783e-17,1.9367648273386093,-0.2591254080595263
search_prison_depth_either_scene_vivid_wild_bless,0.6666666666666666,6,-0.20473890031996186,3.786621798576551,-0.03080695085011881
property_rude_soft_giraffe_brain_clever_panic_crazy,0.3333333333333333,3,-0.09574825273729008,-0.06897233214073702,0.0
vendor_dinosaur_mean_naive_radio_peace_connect_network,0.0,1,1.9406726731663695,1.762949115137273,-0.10518962651421027
anger_ship_lecture_program_news_height_labor_urge,0.3333333333333333,3,0.36581523070231375,4.979856732627998,0.11433308660075943
girl_guard_student_thank_code_proof_vault_fork,0.42857142857142855,7,-0.021968025471383563,4.545129317586657,-0.009326371984848703
project_lyrics_voyage_hockey_marine_evil_type_before,0.42857142857142855,7,-0.021950179856772944,1.748762850471184,-0.03926736637583369
wait_casual_tonight_ignore_rain_dad_join_same,0.5,2,-0.05875799297653789,3.1989720935307933,-0.16263858984764692
paddle_pumpkin_young_cradle_cute_garment_laundry_draw,0.25,4,0.22298105682807262,4.997099815663182,-0.013819147818610863
endorse_friend_adapt_alcohol_fire_shell_van_fade,1.0,1,-0.020177710593108827,2.350598820183034,0.0
brand_transfer_snap_nerve_rose_faculty_armed_endless,0.25,4,0.4597866783531948,3.285879949631462,0.08457482861960777
panther_sea_attend_book_humor_sister_fabric_axis,0.6666666666666666,3,-0.23053925030621833,1.7519153537303154,0.1410629409653383
sunny_security_chapter_music_mixed_vivid_slot_isolate,0.375,8,0.027860133867977116,1.7981277221323886,-0.11044558989379819
pride_slam_huge_metal_orbit_illegal_hospital_wagon,0.25,4,-0.18320806434753423,2.178860430755936,0.0004053008346578124
item_sword_lock_swing_chimney_zoo_give_october,0.4,5,-0.04947443959200419,1.6321786604397723,-0.033568790098603515
various_chair_rent_copper_never_child_monkey_volume,0.5,2,-0.09101501760884242,1.2622072661921848,0.004662328273805666
fiscal_vocal_want_stone_grass_private_mushroom_execute,0.6,5,0.10204846510700424,2.448267990659658,-0.089090775731747
bind_faint_still_develop_vital_lady_wood_item,1.0,1,-6.3487828248538385,6.604861183483797,0.137382388217621
sponsor_home_good_curve_crisp_super_craft_two,0.0,1,0.0,1.9367648273386067,-0.005047949795977613
fluid_turtle_more_useless_owner_dune_alert_pottery,0.42857142857142855,14,0.1706870841231188,1.706787871539344,-0.06900790600922659
lesson_reflect_unaware_rely_project_lend_diamond_capital,1.0,1,-0.28666375067756644,0.5876497050457594,0.037679256177338805
wise_dune_quarter_tilt_search_buyer_thank_slogan,1.0,2,-0.42281640993524156,1.1752994100915162,0.0046623326950060995
coach_trouble_unit_garden_right_glance_cinnamon_enact,0.0,1,0.0,0.9683824136693051,0.0
view_girl_trophy_start_roof_airport_below_true,0.5714285714285714,7,-0.41827130765997084,0.8004824979419453,-0.06285297846703107
blood_soda_gain_gospel_dirt_hunt_holiday_tattoo,0.0,1,0.0,2.905147241007917,0.0
recipe_kick_magic_travel_danger_acoustic_pluck_rack,0.0,1,1.0974456921069413,0.5876497050457585,0.0
hurt_miss_hand_palm_stem_quiz_notable_current,0.6,5,-0.1711880040012524,4.5505664151360365,-0.10153676620151422
sudden_crazy_voice_manage_tip_win_rail_potato,0.5,4,-0.2114082049676207,3.0086057392190195,-0.023934329835329782
story_stamp_love_flower_sun_photo_method_congress,0.42857142857142855,7,0.09530655271478425,1.3834034480990074,0.060427711004564524
force_grief_rookie_tissue_response_warfare_board_attract,0.5,2,-0.043485789215093884,0.7780160593575296,0.0
claw_warfare_hybrid_elephant_about_runway_decade_initial,0.5,4,-0.40131161791635583,0.8297453084630841,-0.14678391965563317
toward_gasp_pig_tornado_silent_husband_sunset_tortoise,0.0,2,0.4720015034651698,2.0402233255497135,0.11375778974695744
island_expand_frozen_tourist_glad_avocado_steel_universe,0.0,1,0.22270642823444953,8.922358719445956,-0.08152420351461988
garage_clever_elbow_attract_purity_talent_bulb_leopard,0.0,1,0.0,0.9683824136693033,0.0
boat_pretty_clock_absurd_correct_bronze_tiny_loud,0.2727272727272727,11,0.6486102801227951,1.0090128934025138,0.08392885133764923
apart_gown_print_ecology_taxi_display_off_embark,0.0,1,1.0490094109466215,19.40074955760697,-0.1735997885408498
biology_invite_old_aerobic_cloth_stereo_art_trouble,0.3333333333333333,3,0.47773954116263634,3.2389751403046403,0.03167229863501428
job_ready_impact_rely_ahead_people_during_reason,0.6666666666666666,6,-0.06747549330524472,1.3256627176294418,-0.06930987461312417
math_garlic_vicious_endless_pitch_ahead_unfair_report,0.5,4,-0.045036980694975526,5.715111304859941,0.03682032710197472
island_lyrics_possible_work_shaft_around_gossip_input,0.0,2,0.20229552647087318,1.9367648273386084,0.0
mention_attend_utility_tourist_morning_measure_bean_waste,0.4,5,0.02263948845032897,1.5146487194306204,0.0913350464398627
tennis_shadow_narrow_power_frozen_staff_print_gym,1.0,1,-0.1539423980861122,0.5876497050457559,-0.26637913866292884
borrow_lesson_artwork_sell_patient_whisper_west_consider,0.5,4,0.3007379522581835,1.798127722132389,0.04035417582839876
stove_ritual_remember_aim_multiply_escape_punch_scrub,0.6,10,-0.06896559172238939,1.3176621082746718,-0.035004004817729174
breeze_march_soft_liberty_silly_sustain_exchange_book,0.75,4,-2.106673232317524,3.2072474145860124,-0.036062822766896416
bar_bean_ecology_item_rail_movie_crunch_swamp,0.5,4,0.12753145728892185,2.083677253600049,0.17806959660864624
cook_entry_goose_pig_carbon_thank_bicycle_chat,0.75,4,-0.14675227127433207,2.9651518111686856,0.09154442591653406
purchase_pole_tell_lucky_glimpse_busy_virus_desk,0.0,2,0.8012333846509474,1.0718409118804102,-0.08762805705472854
abstract_silk_height_useful_raise_eye_brain_diamond,0.4,10,0.16047233666952318,1.1239856255408114,-0.008459401920442644
cat_puzzle_glue_cute_congress_jazz_empty_gun,0.6666666666666666,3,0.23090316116590417,3.4927969460536716,-0.06612536460467684
increase_floor_gym_develop_birth_model_fatal_screen,0.5,2,-0.12557384414142278,4.461179359722976,-0.16641113915548883
tone_monitor_regular_say_game_reform_wall_hurdle,0.2857142857142857,7,0.19260865239271469,2.055003111008444,-0.01826794756149656
envelope_army_body_dwarf_curtain_around_portion_trouble,0.4,5,0.33144178690332504,4.495942502163244,-0.07393830805688675
pool_mountain_steel_result_select_ozone_lens_lunar,0.0,1,1.219586916842987,6.77867689568513,-0.07124607551193146
clip_duck_endless_fiber_caution_quote_title_flee,0.0,1,0.0,0.9683824136693051,0.0
predict_grid_lounge_follow_about_budget_paper_news,0.3333333333333333,3,0.07601863950356069,1.556032118715062,-0.07841465568198913
fever_chaos_drum_build_surge_recall_act_angle,0.3333333333333333,3,0.0,2.905147241007915,-0.012353802957794017
seminar_lawn_cement_text_switch_protect_possible_pencil,0.3333333333333333,3,0.6129430613078443,2.847208670274135,0.15659073222715744
subway_keep_senior_cool_leave_avoid_resource_time,0.0,1,0.0,0.9683824136693051,0.0
quality_slam_panel_interest_claim_pyramid_output_camera,0.6666666666666666,3,-0.5010187508475217,1.8098539244640943,-0.07581587434898801
sand_just_swarm_hazard_trust_bronze_rain_chimney,0.0,1,1.2957898133557981,7.192510888529555,-0.04475838502965784
long_enable_delay_squirrel_rich_shed_loud_apart,0.5,2,-0.3461361803763531,7.089052390318449,0.21306621065389497
dumb_elite_execute_interest_loyal_error_sight_food,1.0,1,-0.7403350267263049,0.5876497050457594,-0.06793683110411608
adapt_supply_glimpse_key_tooth_bicycle_gold_citizen,1.0,2,-0.6924909221252094,0.8814745575686365,0.03515594576952341
dream_pink_bottom_advice_mirror_flee_develop_border,0.4,5,-0.021176763528995935,3.1054439805859504,0.0018328693418791398
repair_pact_surface_flat_opinion_leader_owner_science,0.6666666666666666,3,-0.6926367014720861,5.625445008407534,-0.0038910864034937633
parrot_miracle_decide_manage_mouse_length_exhaust_pulse,0.0,1,0.0,0.9683824136693051,0.0
bottom_chest_unveil_setup_butter_wreck_endless_voice,0.2,5,0.7892868936633706,3.0292974388612413,0.10467604075529484
awful_that_caution_copper_debris_wool_cute_script,0.3333333333333333,3,0.2659909197176968,2.3395650587760737,0.022748084214596804
soup_arm_shield_base_craft_permit_letter_slow,0.3333333333333333,3,0.15939625926723808,4.138385221833208,0.01043296093265167
ketchup_hidden_dumb_artist_repair_repeat_sustain_afford,0.5,6,0.18290761535115688,0.7090437272167941,-0.07896692799479259
world_just_spatial_unit_inner_hill_approve_undo,0.6666666666666666,3,-0.46078846690720204,0.5876497050457576,-0.05007736940644145
chest_crater_lucky_alpha_expand_riot_trade_wish,0.375,8,-0.041996554162974625,1.7981277221323886,-0.03859978706534349
wisdom_verify_stem_coast_husband_fire_safe_size,0.3333333333333333,3,-0.06071551053233959,-1.4291212158405469,0.003197030449585377
fantasy_wide_renew_reunion_link_winner_insect_member,0.0,3,0.5360126110526796,0.7145606079202729,0.022398868930775768
tip_credit_knee_midnight_decide_mention_moment_dolphin,0.3333333333333333,3,-0.11966572006385705,2.063675730213125,-0.05976714778735698
connect_subway_vague_swamp_rotate_win_era_make,0.5,2,-0.547560321254868,4.548087215823645,-0.2380418430036454
share_ankle_gallery_harsh_chase_arrange_upper_upgrade,0.4,5,-0.17928237659932084,2.9879140395767996,0.039666748462850496
online_world_number_chair_sport_assault_spin_miss,0.5,4,-0.19922628619463906,3.3893384478425674,0.1335802746774214
paper_right_embark_chimney_nerve_frown_upper_crucial,0.5,2,1.3173970840628795,1.5394814766046245,0.1010810175305406
biology_pencil_wild_polar_trade_dolphin_meat_stomach,0.0,1,0.20023366789980934,1.5560321187150628,0.0
future_dwarf_bamboo_company_share_nice_hover_obscure,0.5,4,-0.5294869145138709,1.6594906169261685,-0.11521817530364012
citizen_problem_domain_spatial_dilemma_supply_random_call,1.0,2,-3.5549802856457906,9.923842417336132,-0.1708343506808484
ladder_custom_lumber_armor_olive_north_dragon_effort,1.0,1,-2.0779101044162585,-0.554548420824883,-0.269510600340801
make_rice_inherit_solve_chunk_holiday_pole_win,0.4,5,-0.05990434386336134,1.0925326115226315,-0.026855028365074453
mass_chaos_park_sudden_winter_segment_dash_poem,0.5,2,0.056358471236673646,1.9533154694490467,0.0
beach_moon_pledge_lecture_toilet_explain_cupboard_journey,0.4444444444444444,9,-0.1419185749007505,3.9474596431116675e-16,-0.013282034379395076
other_essence_trade_attitude_tomorrow_put_lens_excuse,0.25,4,0.5749903493302804,2.758234814746475,-0.09681774232998268
method_label_wagon_absorb_kingdom_reduce_gravity_scissors,0.5,4,0.4134335270227894,4.746728891190638,-0.06942214152208248
morning_decrease_soup_talent_corn_hybrid_explain_betray,0.375,8,-0.01955750459682838,2.2440413228314364,0.13298690702917682
cheap_purity_girl_buddy_easily_essence_swim_rather,0.25,4,0.27421585342361315,2.325772857017375,0.024489668587726693
jelly_fresh_measure_apart_fish_barrel_drip_quote,0.6666666666666666,3,0.1954628477025755,7.435298932871628,0.19976476312887378
catalog_cradle_speak_chest_music_library_aspect_brand,1.0,1,-2.4801024867601544,2.1436818237608204,0.06553905274042654
nurse_student_will_make_pelican_ribbon_lottery_there,0.5,4,0.1659962680916846,2.3775021061229276,0.0325572318291045
wash_abandon_gauge_that_merit_wagon_process_camera,1.0,2,-1.2400512433800772,1.071840911880411,-0.017036791323270545
nasty_craft_deliver_real_coral_biology_spider_green,0.4,5,0.38865736715180776,1.7083252021644817,-0.0004114355031629824
fox_when_slide_account_tank_fever_follow_gallery,0.6666666666666666,3,0.1700419430518958,5.302650870517766,0.09072314102713176
file_december_remind_melt_save_raw_talent_upper,0.0,2,0.9473211154085523,1.2622072661921835,0.10287479823083254
hockey_pause_sausage_lady_grid_theory_excess_rib,0.25,4,0.32004379539968697,1.9367648273386098,0.041960981820428844
debris_ill_soldier_agree_inquiry_fruit_adult_novel,0.25,4,0.101256900635209,2.6195977095402543,-0.00539497865964933
frown_account_certain_ritual_gloom_mushroom_enroll_patrol,0.5,4,-0.8098874872463835,4.3225422545167556,-0.06622736114102715
small_stick_dilemma_sand_used_member_muffin_ranch,0.25,4,0.014694215522792927,3.1120642374301255,-0.008658618177954241
congress_before_wife_inch_maze_father_bullet_jaguar,0.0,2,0.18840653487282613,1.9533154694490475,0.06073243886646568
drift_one_volume_banana_hold_decrease_garbage_shallow,0.8333333333333334,6,-0.1525838473307799,2.685811601329251,0.014672393757480862
brave_exit_garment_nasty_gather_casual_kit_resource,0.6666666666666666,3,-0.6711189998873519,2.201620394494599,0.0
label_snow_about_foam_immense_exhibit_analyst_tunnel,0.3333333333333333,3,0.060599163388660005,5.694417340548271,-0.13531510428777604
hole_portion_walk_legal_brain_business_mango_eye,1.0,2,-0.6924909221252094,1.3656657644032895,0.05531901257593832
uphold_pilot_when_vacuum_oyster_wait_fetch_rookie,0.0,2,0.12540743732103077,1.262207266192183,0.0
talent_immense_link_modify_letter_cook_man_behave,0.6,5,0.828587529905246,2.324117792806331,0.049805511998808935
poem_town_ticket_useful_reunion_immense_arch_script,0.3333333333333333,3,-1.850371707708594e-17,8.541626010822407,-0.07999620524512156
author_final_wrap_employ_gown_novel_fragile_frequent,0.42857142857142855,7,0.057715720804173996,2.6036357353593513,0.08140416363790445
reject_among_ride_nerve_used_method_wool_bar,0.5,2,-0.7838921376302855,1.071840911880411,-0.0010678051977071057
rough_choice_fossil_practice_detect_opera_sphere_stove,0.5,4,-0.2742158534236131,2.524414532384368,-0.13550355829355468
theme_crisp_filter_pledge_beef_wave_peasant_before,0.6,5,-0.14810187896662041,1.8606182856139004,-0.018858588246577636
retire_mouse_public_kid_resemble_scrub_talent_miracle,0.2,5,-0.0573907916664473,0.8922358719445947,0.0
orbit_lounge_kidney_cabbage_boring_oval_sheriff_model,0.5,6,-0.4058343466385741,1.6829430215895782,0.08482568227459841
age_unable_measure_step_thumb_thing_absorb_adapt,0.2222222222222222,9,0.28585691262283175,3.3235824088876513,0.07078769406214029
theory_bachelor_clown_frown_today_ladder_cliff_fragile,0.0,4,0.12753145728892185,1.841581650182723,0.0
orbit_endorse_riot_cream_power_mirror_reform_raise,0.25,4,0.3565019494850885,1.8933108992882763,0.11715278603688134
tortoise_length_powder_sauce_claw_flight_awake_focus,0.0,2,0.4374280075473656,3.492796946053672,0.011956992004400868
brain_ozone_jealous_ceiling_gas_nature_destroy_economy,1.0,1,-0.22270642823444953,3.3189812338523357,0.04795541253177625
alcohol_label_other_little_siege_ecology_birth_false,0.5,2,0.37064777410501765,6.811778179906008,-0.016355247354645802
gown_cinnamon_exile_still_shoulder_consider_refuse_column,0.25,8,0.03590559477648378,1.9843564159165528,-0.039541165906131756
praise_proud_oven_love_gallery_network_shoe_quality,0.6,5,-0.3961541932446607,1.2448256949720502,0.0455099318280302
soul_lake_similar_ocean_fix_ceiling_item_lawn,0.0,3,0.1280425446840322,1.936764827338609,0.039050053048764376
fancy_inside_always_luggage_palace_mention_find_mercy,0.3333333333333333,3,1.7512207274480343,3.5507355167874515,0.1589385754710926
science_coach_orbit_supply_hawk_say_fold_drip,0.0,2,0.0,0.968382413669306,0.0
surface_tiger_worry_main_loud_diagram_vital_burden,0.14285714285714285,7,0.137733276099558,2.4700241454381464,0.00801657426500646
debris_control_found_desert_veteran_capable_fury_crop,0.6,5,0.18672657543718063,3.693093685631709,-0.03743517175481008
old_dentist_faculty_alter_banner_proof_reflect_pizza,0.6666666666666666,3,0.0005200920180416327,1.9367648273386096,-0.2849268770472033
coyote_oval_tunnel_pen_disorder_print_apart_path,0.5,2,0.6252886761306631,5.826845124126267,0.03167970496613798
crawl_run_bird_off_twenty_belt_alien_acquire,0.0,3,0.24685449541518112,2.455442200243631,-0.042817330670223974
siege_morning_fury_depend_slot_card_bitter_cupboard,0.16666666666666666,6,0.2309396239439254,2.9741195731486507,0.0
toe_popular_annual_rib_mammal_beyond_large_sausage,0.6666666666666666,3,-0.1348636843139154,2.7782363381333988,-0.20064799367013278
multiply_anxiety_still_grab_equip_similar_nominee_another,0.3333333333333333,6,0.17483490182443692,3.7176494664358137,0.030158804728632898
olive_account_almost_hurt_oblige_tone_anxiety_grocery,0.6666666666666666,3,-0.40065388010310127,1.4291212158405469,-0.024587312364288794
dove_inform_coral_photo_cricket_bubble_buyer_erase,0.4117647058823529,17,-0.013485802707402399,1.312111576389111,-0.07426594433824021
burden_business_defense_will_cream_absorb_try_spider,0.6,5,-0.5979525746653681,2.6353242165493445,-0.041304324367668496
fatigue_resemble_alarm_meadow_time_affair_found_plate,1.0,1,-1.9084240544138702,6.224128474860251,-0.7015793843776268
debris_coconut_brain_fork_journey_simple_title_ten,0.5555555555555556,9,-0.4308304435758503,1.0336768253410555,0.0055333160559347914
alarm_high_kite_head_coach_ritual_bamboo_blue,1.0,1,-0.11771008348623113,0.5876497050457594,0.0
smart_ivory_update_enforce_moon_damp_warm_switch,0.5,4,0.04553663289925472,1.3139365152977365,0.030396539873175282
gauge_cream_tell_feed_scorpion_tide_inmate_vivid,0.6666666666666666,3,0.24722071562386919,0.4607388021712424,0.0
razor_wolf_arrive_exchange_catalog_confirm_position_dizzy,1.0,1,-1.0977370860385485,1.3491151222928526,-0.17184021165936336
exhaust_fan_glimpse_junk_deliver_gaze_fox_lucky,0.4,10,-0.1344903204316754,1.3350436794948057,-0.06236834162143987
cruise_have_average_park_select_gauge_census_ticket,0.75,4,-0.4020094582895095,2.5678684604347017,-0.22749130622968813
input_sing_penalty_fall_ice_evil_grid_toe,0.6666666666666666,9,-0.0972401052356958,1.4061304384603015,0.010348960724413171
alter_taxi_embrace_city_crouch_bonus_lady_journey,0.0,3,0.32037069835009846,4.403240788989199,-0.13202073946194656
tunnel_goddess_develop_stomach_time_hand_sheriff_accident,0.6666666666666666,3,0.29126931467632144,2.074709491620085,-0.05501394042858084
same_pencil_two_call_candy_base_click_broken,0.0,1,0.0,1.9367648273386102,0.0
case_fix_tilt_about_syrup_cattle_fatigue_frame,0.75,4,-0.2745071625004323,1.7981277221323886,0.005332395365691384
rough_license_vibrant_empower_plunge_tiger_nothing_animal,0.6666666666666666,3,-0.26590185780100845,3.101030476023167,-0.11515202026066913
phone_consider_phone_angry_answer_more_order_sick,0.5,2,0.0,0.9683824136693047,0.0
body_hold_field_achieve_polar_chicken_method_position,0.5,6,0.06348269745557665,2.2995620120022253,-0.04732190579154133
inhale_nothing_air_depend_kit_width_thumb_guard,0.0,1,0.0,0.9683824136693051,0.0
critic_lend_tragic_apart_lab_advice_blouse_shadow,0.75,4,-0.6757896189169437,1.6512152958709496,-0.030721435531437857
angle_world_country_canvas_genre_nephew_quantum_sort,0.5,2,-0.5483347358320071,8.541626010822407,-0.021609456996260712
double_salmon_wide_fitness_often_black_damp_female,0.5,6,0.007732535492143626,4.755004212245856,-0.01642916935373077
display_sniff_robot_face_radar_rain_fame_number,0.25,4,0.0,0.9683824136693042,-0.0002606275543879377
hip_soon_trophy_isolate_cause_drastic_onion_wrestle,0.75,4,-0.21853924636500074,2.7665101358016937,0.1431048706236162
badge_someone_present_animal_token_inject_foil_cereal,0.0,5,0.34394160121173567,2.406884591375216,0.06350705700644292
feature_super_tent_wrap_patient_crop_dawn_rack,0.5,8,-0.2066532344603696,1.2187533381418496,0.039213540939240024
swing_vehicle_abuse_panther_cannon_section_slot_rabbit,0.25,4,0.1902071467389842,2.2305896798614886,0.02512911119213984
duty_key_member_open_twenty_enforce_method_eternal,0.2,5,-0.08095699143367081,1.5146487194306204,-0.04473293791440504
impulse_solve_screen_bus_basket_trial_build_section,0.0,1,1.2019327473193921,5.6364787698144925,-0.32910370797575267
salmon_lizard_magnet_scare_virtual_put_mosquito_valid,0.0,1,2.126073942135403,9.890741133115261,-0.09501690565860904
capital_absurd_reason_capital_share_label_absurd_illegal,0.5,2,-0.11152799445381018,2.230589679861489,0.0
ill_stick_advance_brave_olympic_forward_sadness_bracket,0.5,4,-0.10114776323543656,2.7665101358016932,0.0188396258780692
inherit_hold_address_survey_then_gossip_nothing_huge,0.6666666666666666,6,0.05468263232300042,2.4554422002436307,-0.07566570929377328
ripple_dream_erosion_bottom_crucial_student_gather_desk,0.0,1,0.15385924321105104,3.9066309388980933,-0.10787241977382589
ghost_country_tongue_wear_album_candy_dice_clever,0.6666666666666666,3,-0.1566240904194066,5.106767635502513,-0.09559094176222854
element_cheap_gift_word_hedgehog_enact_execute_news,0.625,8,-0.12246695107758879,1.962629451891386,-0.06686725420387477
column_expect_bunker_relax_fork_flat_slow_slide,0.25,4,0.13959314634814401,4.28736364752164,0.036480853828406226
siren_enlist_stereo_bronze_develop_health_apology_shell,0.0,1,0.0,1.9367648273386084,0.0
fluid_zebra_skull_scan_hazard_vibrant_south_dish,0.5,4,-0.08404304366710211,1.746398473026836,0.07634941638012985
hero_fortune_nice_will_blush_between_glory_slab,0.5,4,-0.24987823764983969,4.036992723049096,0.014778342577958598
arrow_grant_select_dove_august_night_cradle_excess,0.5,4,-0.026122943944451804,1.4091196924536231,0.0
dilemma_enhance_paper_seat_slot_exhaust_alert_leisure,0.25,4,-0.31303440707886276,2.4292313552284805,-0.06708305033802298
reform_husband_slam_ecology_equip_define_govern_gap,0.5,2,0.45770782844462826,4.858462710456961,-0.016651190249150627
stumble_wealth_clump_notable_engine_art_off_wood,0.4,5,-0.05744895164237403,2.794237556842938,0.07330366126559901
rough_bicycle_drama_all_library_example_mammal_digital,0.25,4,-0.01717552819315893,2.230589679861488,0.016921092321600106
avoid_empower_problem_pilot_frown_dish_galaxy_kind,0.0,1,0.0,0.9683824136693069,0.0
album_denial_rural_venture_dance_oblige_rabbit_abstract,0.6,5,0.3370463733907211,1.4385021777059115,-0.0021089585414212574
hello_under_pilot_since_soul_pond_luggage_army,0.75,4,-0.6975106422653854,3.008605739219021,-0.0588109917608817
elder_demise_milk_kitchen_fish_donor_behind_hundred,0.25,4,-0.31210007810341583,3.639709372315111,-0.18793087816984647
arctic_bench_film_share_inside_crumble_scale_glue,0.0,1,0.6922723607527062,20.19531625907494,0.4867714841985615
outer_topple_acoustic_cotton_anchor_mansion_uncle_spread,1.0,1,-0.33597243330379706,2.1436818237608204,-0.45200227790621206
easily_clip_more_hover_velvet_diary_unfair_barely,0.0,1,0.0,0.9683824136693069,0.0
beyond_start_novel_gospel_fruit_stomach_begin_rebel,0.4,5,0.2544130799708484,2.987914039576799,0.039313258738504775
taxi_live_shrimp_risk_arena_crucial_fortune_transfer,0.0,2,0.2549755932231599,0.7780160593575323,-0.16770082434076167
cabbage_adult_chalk_vicious_filter_large_used_buffalo,0.3333333333333333,3,0.8784905525762733,2.45544220024363,0.00803852479060039
skull_reopen_morning_must_cream_master_filter_tuition,0.42857142857142855,7,-0.5425907974182336,3.270506643380092,-0.07308861630263035
shed_wide_kangaroo_win_horn_cream_conduct_popular,0.3125,16,0.29500013708142414,1.3941185499134305,-0.006604793929109561
pitch_fork_hurdle_since_elder_engine_aerobic_sing,0.3333333333333333,3,0.195773287650418,2.8472086702741355,-0.022398874088842873
cross_plunge_upper_blush_marriage_punch_pet_warfare,1.0,1,-0.18203003521768485,0.5876497050457594,0.0
calm_notable_crack_train_retire_increase_employ_kangaroo,0.5,4,0.12753145728892185,2.567868460434701,-0.02629033004702889
alter_bike_tip_purity_region_note_island_distance,0.6,5,-0.30718729291142816,2.5177942755401936,-0.16552534529285196
physical_inhale_become_dust_shiver_broccoli_miss_you,0.6666666666666666,3,-0.11872781035652506,4.0694128896924715,0.022524513387488784
forget_prevent_leg_silk_measure_keep_tissue_canal,0.4,5,0.10202516583113748,1.4732653201461787,0.12173040761025741
lift_before_client_surprise_truck_oxygen_regret_early,0.0,1,0.0,0.9683824136693051,0.0
spike_dial_dune_private_bargain_fault_episode_coconut,0.5,2,-0.32188158765845654,2.4209560341732628,-0.10782013509158878
common_battle_creek_fresh_try_surface_hedgehog_ecology,0.6666666666666666,3,-0.41654776275420624,2.916181002414872,0.02730794085244459
tent_tourist_sail_tortoise_curtain_maple_ancient_narrow,0.0,3,0.39530559857886316,2.3975036295098513,0.011988849817043753
steak_torch_clock_minimum_tilt_state_cycle_ridge,0.3333333333333333,3,0.17956128014210768,3.3658860431791564,-0.2023512116732635
develop_tail_lucky_wagon_eye_announce_satisfy_trick,0.0,3,0.4847761924835461,4.138385221833208,-0.11250688948668548
away_ocean_client_expose_silk_sail_indoor_bundle,1.0,1,-0.058607832166884366,3.3189812338523357,0.1111227390395183
dry_edge_crisp_repair_proof_manage_nature_evoke,0.4,5,-0.14815425803813,3.0226771820170653,-0.04548857214111675
profit_involve_earn_rival_try_mixed_jealous_usage,0.0,2,0.0,1.4525736205039586,0.0
else_mercy_boil_inflict_adult_basket_metal_tube,0.0,1,0.0,0.9683824136693042,0.0
basic_rotate_awkward_move_pitch_scale_response_faint,0.0,1,0.0,0.9683824136693042,0.0
gospel_accident_fold_ask_rude_raw_lab_pretty,0.3333333333333333,3,-0.060715510532339624,2.4554422002436307,-0.11056846528897478
until_short_popular_reunion_struggle_uncover_smile_until,0.3333333333333333,6,0.23886977058131817,2.910664121711393,0.021757547418628048
noble_build_lumber_fix_oppose_prize_apart_area,0.4,5,0.0574198058796942,1.51464871943062,-0.12243487129760129
sun_post_since_save_happy_crunch_enjoy_gift,0.375,8,-0.1519916505006288,2.663051637590588,-0.017310598905301303
egg_mother_tortoise_pill_twin_sword_task_awesome,0.6666666666666666,3,-0.0999214422951527,5.371623202658504,-0.03813727230806054
soda_emerge_ability_common_multiply_cannon_settle_figure,0.3333333333333333,3,0.4400507067804636,6.075150049171818,-0.04264820379940065
coffee_path_sugar_shadow_huge_idea_soon_car,0.5,4,-0.19046411883333017,3.4410676969481186,0.06375549230647098
begin_flat_bench_dash_water_attract_clever_shrimp,0.5,6,-0.16341073538488618,1.7808846390972046,0.004218299746567307
bachelor_furnace_oval_trophy_absent_time_reduce_dynamic,0.375,24,0.5153258247892851,0.7952591423927154,-0.03247833181896675
derive_coffee_flavor_talk_clock_stable_whisper_ridge,0.25,4,0.15135168348202693,6.561407255433463,-0.014129717750601761
remind_type_remain_kiss_age_bag_teach_twelve,0.5,2,-0.9692196013028458,3.6997139424758823,-0.11423184024671715
race_stock_gesture_jump_fat_tunnel_letter_profit,0.0,4,0.2744342715096371,1.841581650182723,0.0
rival_wing_kid_month_fault_put_estate_local,0.0,1,0.0,0.9683824136693069,0.0
direct_cement_acoustic_tail_torch_vault_pill_vessel,0.3333333333333333,3,0.0,2.259558965228378,0.07678212177309125
improve_any_figure_reason_shift_prefer_labor_rich,0.0,1,0.0,1.9367648273386093,0.0
poverty_option_key_female_ancient_panel_earn_margin,1.0,1,-0.15410897831372194,2.524414532384368,0.0
bulb_physical_sting_add_remind_below_sick_pepper,0.4,5,0.33869685502217084,2.1370615669166453,-0.02350280843692527
space_dune_picnic_another_guard_inform_orchard_super,1.0,1,-0.1539423980861122,9.3030914280695,-0.145872548171747
palace_body_right_patch_sail_rule_reduce_right,0.3333333333333333,9,0.15388687158337985,1.8981391135160908,-0.005328377696463888
switch_inquiry_loyal_frequent_stem_live_sausage_input,0.3333333333333333,6,-1.002168315578812,1.780884639097205,0.013564327558762477
impulse_jungle_relax_alien_swarm_move_borrow_energy,0.5,4,-0.5481415836541693,1.5994860467653962,-0.009366292097303247
trick_push_grass_addict_keen_rail_glow_erode,0.6666666666666666,3,-0.4601368477640524,8.599564581556185,-0.3345736851377521
traffic_island_rare_learn_step_enrich_bright_priority,0.5,2,0.0,0.9683824136693051,0.15698678176748163
sail_sponsor_belt_walk_frog_swap_holiday_cup,0.0,1,0.0,0.9683824136693033,0.0
hello_goddess_edge_casual_clinic_jazz_heavy_outside,0.0,2,0.9933056907903199,4.167354507200098,-0.14093880122468214
behind_mimic_fossil_curtain_tiny_junk_profit_saddle,0.5,4,-0.1731773708744281,1.5043028696095098,0.0
key_liar_cook_all_approve_arrow_direct_they,0.0,1,0.450986265894608,15.353404190728416,0.08256876347133096
neck_harvest_toy_demand_pattern_blue_thrive_income,0.5,2,-0.8012333846509474,2.1436818237608204,0.0023977628894880643
hole_hammer_miracle_glimpse_later_vibrant_funny_mandate,0.3333333333333333,3,0.05123797952229118,4.657062594738229,-0.022835906939816925
perfect_basket_hair_chuckle_about_nose_harvest_cliff,0.4,5,-0.5174995098929197,1.59079526115533,0.010328857947730252
wish_sense_negative_card_pepper_census_stem_error,0.3333333333333333,6,0.26437712414322817,1.0428716265135203,-0.015528743067817584
mutual_output_enable_wool_mail_magic_wash_security,0.3333333333333333,6,0.25042438241372483,2.558900698454736,0.03696335768537832
demand_park_field_among_ecology_gain_twice_lend,0.6666666666666666,3,-0.5520493655691957,1.1752994100915153,-0.08362221311346303
icon_kitchen_dutch_poverty_region_hire_loud_course,0.42857142857142855,7,-1.006014825130635,3.576746903917352,-0.11542964414104014
hour_blade_argue_achieve_april_museum_gaze_pride,1.0,1,-0.22288107094381718,14.145003496416024,0.23742376585985792
coral_luggage_remind_west_fancy_gallery_grit_beach,0.25,4,0.019182039135259954,3.00860573921902,-0.11155185545655738
senior_soon_left_same_impose_raven_police_flash,0.5,2,0.09105141396834032,5.15228756297984,-0.04689527559194062
need_destroy_short_kite_outdoor_leave_truly_whisper,0.6666666666666666,6,-0.10470488671030925,2.132648062353862,0.021454454149174445
sheriff_split_twist_hockey_refuse_pigeon_survey_tower,0.5,2,-0.03395461742150108,4.080446651099431,0.11904314031978463
miss_quit_casino_there_tornado_spawn_trumpet_lucky,1.0,2,-0.8947864485960826,4.167354507200098,-0.09945747297050012
jeans_child_earth_arrest_ridge_blood_estate_chest,0.0,2,0.14333187533878322,2.611322388485036,-0.24569194436125477
pact_ancient_tell_collect_goddess_virus_height_planet,0.5,4,-0.1274150966416715,2.2305896798614886,0.0
provide_fortune_casino_episode_junior_race_afford_puppy,0.5,4,-0.07181118955296754,1.3573904433480706,-0.03353697509249953
eager_over_main_virus_clean_desk_diet_wedding,0.2222222222222222,9,0.19175460981517786,1.8751483361358448,0.14846798831569524
frame_sponsor_urban_vacuum_cage_light_pole_silk,0.16666666666666666,6,1.3483093787952587,1.9022786612682407,-0.026977188555526638
describe_tomorrow_fun_foil_erosion_grant_hub_outside,1.0,1,-0.1053021500896083,5.429561773392283,0.03882104887160942
farm_grace_glimpse_people_doctor_heart_asthma_super,0.6666666666666666,3,0.18610166383620666,3.1700028081639053,0.06023437602477721
bird_warrior_result_category_nominee_gadget_prevent_entire,0.0,5,0.4540144857789996,1.2382054381278755,0.08740320741146304
shoulder_apology_strike_opera_live_poverty_canal_script,0.14285714285714285,7,0.21958092288993214,1.141011084285361,-0.03217137134303054
acoustic_slam_patch_perfect_notice_sorry_average_release,0.5,2,0.0,1.4525736205039568,0.0
remind_best_mule_puppy_share_proof_bus_adapt,1.0,2,-0.45683542747941086,9.510008424491712,-0.034937956272023396
magnet_jaguar_moment_slab_tube_fantasy_quit_tennis,0.0,1,0.08495805673890611,7.920875021555773,-0.18908330869822565
cover_stereo_message_rack_drastic_wedding_version_scrap,0.5,6,-0.2200253533902318,2.812722504203767,0.017983279146766045
journey_electric_wave_crucial_major_shop_brave_antique,0.4,5,0.05991894163870559,7.372946857575068,-0.044321325685173975
fossil_slush_latin_victory_nuclear_vital_forward_solid,0.0,2,1.0588491098623625,1.4525736205039577,-0.08170396512733634
rug_blade_minor_lady_urban_trouble_noodle_small,0.4,5,-0.10460863496769095,2.8008578136871125,-0.11731634358639367
uphold_scrap_denial_dress_gym_arm_coffee_idle,0.5,4,0.4860400634913716,2.377502106122928,0.0482355242684174
brain_neutral_speak_promote_imitate_nature_party_earn,0.0,3,0.46144222052081885,2.455442200243631,-0.003197026028384934
mask_relief_rug_dice_loyal_acoustic_size_few,0.5,4,-0.30048318682984804,3.9335342248379908,-0.12326546209861927
deer_intact_december_popular_antique_attract_label_dismiss,0.25,4,0.06255326451337348,2.2740436079118234,0.012110033895562054
race_pumpkin_useless_oyster_hint_educate_capable_patient,0.0,1,0.7405634862455435,3.2527786654105864,-0.20141077666189205
beach_that_cherry_proof_outside_fish_broken_winner,0.2727272727272727,11,0.23274636191802792,1.2889186164215358,-0.023087647076316112
slice_derive_yard_moon_record_fog_remain_monitor,0.0,1,0.8102009338950711,7.953976305776648,0.0029417649262077905
zoo_echo_surge_income_idea_sword_palm_indoor,1.0,1,-1.4254542704309991,8.748543007244615,-0.16384358865027548
tunnel_vacant_history_doctor_ability_train_mosquito_sentence,0.0,1,0.0,0.9683824136693051,0.028773251940266198
moon_stairs_adapt_sign_birth_section_thunder_thought,1.0,1,-0.04872767509192688,4.287363647521641,-0.5948126140862046
transfer_isolate_bacon_outdoor_cool_push_urban_usual,0.3333333333333333,6,0.1269122098005241,2.040223325549715,-0.10711238688382906
project_unable_setup_decrease_mango_same_twin_enter,0.0,1,0.0,0.9683824136693033,0.0
island_steak_width_try_shaft_success_front_crucial,0.2857142857142857,7,0.0387747784570277,2.079833927037207,-0.008694383074930772
aisle_gas_hard_cherry_quote_miss_bonus_random,0.3333333333333333,3,-2.160698528087958,4.86397959116044,0.005812776365962391
hazard_vintage_gorilla_resist_slush_obtain_ozone_repeat,0.46153846153846156,13,-0.08424004942382586,2.1920710760964814,0.00580213626563036
weekend_describe_common_fruit_winner_cherry_salad_elder,0.6666666666666666,3,-0.15666768508775433,2.7202977673996203,-0.16477395566859565
minimum_jump_client_garbage_hill_dumb_invite_negative,0.0,1,0.0,1.9367648273386138,0.0
round_verb_clarify_nephew_roast_purity_victory_lobster,1.0,1,-0.13343760479661443,0.5876497050457594,-0.005533326863313648
journey_initial_demand_fever_talent_bargain_universe_sentence,0.5,2,-0.0770128215356948,0.7780160593575314,0.0
jealous_wife_tomorrow_title_secret_speak_brush_term,1.0,1,-1.2505773522613262,-7.780160593575314,0.0
arrow_maid_guitar_crush_simple_frog_beauty_tortoise,0.3333333333333333,3,0.3719607384573171,4.08044665109943,0.05046801308576184
check_width_often_rigid_talent_diagram_confirm_veteran,0.5,6,-0.02232789487401443,1.2042686954584052,-0.06123110409133007
play_rhythm_inhale_trouble_apart_deal_finger_public,0.5,2,0.07692962160552552,5.913752980226933,-0.1224997175927709
bounce_you_solar_trust_metal_fee_multiply_toy,0.0,2,0.0,3.786621798576551,0.133521902184833
bring_vague_brief_kingdom_mind_finger_mercy_imitate,0.0,1,0.5090798020170754,1.5560321187150619,0.0
congress_fan_parent_symptom_brave_royal_stove_trumpet,0.3333333333333333,3,0.05131413269537074,3.03205814388243,-0.027307945273644996
jeans_rent_friend_test_mountain_option_toast_model,0.46153846153846156,13,0.18886820115356032,1.3300130013897713,-0.004303690725768254
seven_impulse_carbon_upset_clock_myth_give_want,0.0,4,0.5529463869435118,5.922028301282153,-0.012925226300134499
garlic_consider_prosper_shell_term_nut_lady_insect,0.0,2,0.22676844176786368,0.3972833507339839,0.02160945357911981
ecology_old_clean_blade_clutch_donkey_dad_rebel,0.25,4,0.37550918626217183,1.694669223921283,0.0
gift_quick_barely_soccer_setup_vessel_waste_cable,0.3333333333333333,6,0.12343844069001765,2.45544220024363,-0.05509937041395996
among_stumble_debate_lawn_arena_broom_dolphin_tourist,0.0,1,0.0,0.9683824136693069,0.0
knee_stable_morning_leg_differ_fresh_model_cry,0.4166666666666667,12,0.34533766895919116,1.8153708051675725,-0.04391484045694577
over_essay_street_bonus_razor_gown_mixture_famous,0.6666666666666666,3,-0.3660095500005764,1.4291212158405469,0.041547730646631864
pitch_tide_shrimp_dizzy_novel_pig_fog_agent,0.0,2,0.7393166353860041,10.565298694261685,0.17562354315610146
bacon_coach_result_butter_yellow_lake_solar_laugh,0.0,1,0.010141007973777011,5.255746061190944,0.13464402468273934
current_wrestle_phrase_payment_mammal_monster_cruel_north,0.5454545454545454,11,-0.09955642204633962,1.8359378417340857,-0.030761068792768832
pupil_license_neglect_reason_volume_destroy_unit_elite,0.6666666666666666,9,-0.05215786409453048,1.3178452494083046,0.00997189816065102
tobacco_insane_lucky_aerobic_artist_jacket_exchange_proof,0.0,1,2.4801024867601544,3.6997139424758814,-0.038704910581277785
estate_vendor_funny_medal_silver_apart_program_walk,0.25,4,-0.1274150966416715,1.3056611942425178,0.0675596424658519
path_remind_safe_fence_amount_exotic_must_neglect,0.0,1,1.3559583903907817,5.015727780547859,-0.0074343433484342775
scrub_lecture_vast_purse_loop_exchange_valid_sentence,0.8,5,-0.020167586084261925,1.127295753962898,0.012395476465030142
desk_session_clip_impact_skirt_tobacco_capital_glide,0.6666666666666666,3,-0.3049056273658112,2.5244145323843674,0.0479554154792432
vast_learn_ranch_impose_address_roast_trumpet_country,0.5,4,0.0,1.4091196924536233,0.0
fury_predict_boring_collect_hover_scan_pioneer_suit,1.0,1,-0.5099511864463198,1.3491151222928508,0.0
excuse_eye_nuclear_elbow_camera_decade_upgrade_success,0.5652173913043478,23,-0.2975186657069657,1.3458754762259515,0.08900684361124872
figure_evil_invite_drive_hard_wonder_enemy_swift,0.0,2,0.12557384414142278,7.763609951464876,-0.037515064109943264
claim_vocal_fade_step_forest_cake_patrol_hobby,0.5,8,0.022753754402210606,2.0402233255497153,-0.062239845915785796
twin_vicious_lab_urban_early_beef_tool_black,0.5,4,-0.2564234710448034,2.325772857017375,-0.016484670156385328
today_play_tomorrow_water_coconut_decline_conduct_guitar,0.0,2,0.0,2.9051472410079144,-0.14672840295635287
capital_heavy_tunnel_buzz_panel_small_sad_bomb,0.0,3,1.413507176018965,1.4980935479812836,0.05731878036909795
quality_else_misery_zero_again_quit_typical_unfold,0.5,2,-1.0374281255652231,4.461179359722976,-0.15571196246665725
deny_hurt_wife_art_fit_congress_alone_embrace,0.5,4,-0.08903753597422648,3.743167870526217,-0.08865273301649287
trial_enroll_join_glass_math_light_kid_sweet,0.36363636363636365,11,-0.3208370395995839,1.8329286340776425,-0.033275587189397875
upper_tiger_machine_entire_gloom_start_basic_access,0.0,3,0.3656211378981508,1.8788262566048306,0.053488742728506476
juice_alien_cross_broom_version_tilt_erase_oak,0.5,4,-0.101256900635209,1.0201116627748577,-0.05737620074396507
praise_denial_bounce_this_grocery_object_throw_coral,0.3333333333333333,3,0.5360126110526796,3.6197078489281878,0.17665387940979618
achieve_genre_sorry_fortune_amazing_bread_cable_dismiss,0.6666666666666666,3,0.230951772882498,6.593827422076839,0.03162838432493729
enroll_field_give_seminar_hamster_vocal_merit_wave,0.5,2,0.6924909221252094,-3.786621798576551,0.0
remove_tourist_drama_dynamic_trophy_energy_occur_number,0.6666666666666666,3,-0.0999214422951527,3.1120642374301255,-0.0479156497339939
minute_cute_bus_verb_need_deputy_decorate_client,0.5,4,-0.6759929664283142,3.441067696948119,-0.09861753047171547
cruel_approve_divorce_hello_cat_yard_gold_place,0.5,6,0.0,3.3313998771087885,0.015245809504890415
portion_team_animal_kingdom_cause_cage_perfect_pizza,0.0,1,0.0,1.9367648273386102,0.0
throw_surface_margin_tiny_casino_meadow_put_mosquito,0.6,5,-0.20575883754185412,2.5657979316688104,-0.016967667387879047
kitchen_leave_primary_model_floor_tomorrow_release_member,0.3333333333333333,3,0.17014553566987103,0.8414715107947893,-0.11799800949000792
notable_pigeon_frame_around_someone_purity_morning_thought,0.4,5,-0.27686533231249133,4.191356335264407,-0.08255142172557313
divert_blouse_mechanic_sibling_uniform_juice_excess_visual,0.25,4,0.0051158547224124384,0.9683824136693042,0.01838290592658065
current_item_move_copper_buddy_duty_arch_horse,0.5,6,0.05938332124148484,3.26794442567153,-0.08567337290013304
lottery_salmon_across_people_number_spirit_topple_bone,0.3333333333333333,3,0.36597066800078387,2.132648062353862,0.0
syrup_knife_milk_two_tattoo_unaware_rotate_differ,0.0,2,0.6603965374730845,3.8735296546772195,0.28536044355613865
stadium_gauge_scheme_snow_ask_promote_toe_depth,0.5,4,-0.05008816692744862,2.230589679861489,0.020050256710269103
clarify_picnic_tip_denial_divorce_flock_couch_lesson,0.0,2,0.1920638170260483,2.420956034173262,0.05857507957314656
ticket_pitch_whisper_differ_nice_call_siege_youth,1.0,1,-1.0974456921069413,1.3491151222928517,0.0
song_version_surround_ketchup_method_room_cage_soul,0.6666666666666666,3,-0.11192431046032254,2.9741195731486507,0.07455489781352519
tilt_melody_cactus_suffer_know_rigid_truly_budget,0.0,1,0.0,0.9683824136693033,0.0
injury_kitten_window_slab_glass_medal_term_decline,0.0,1,2.3935268993943466,10.685307834583229,-0.023391831920415357
ball_drop_crew_supreme_muscle_happy_divert_shine,0.0,3,0.0,2.2595589652283774,-0.12323049379830837
arctic_true_alpha_dentist_awake_beef_middle_express,0.3333333333333333,3,-0.13486368431391546,6.53588885134306,0.09744123892799633
exhaust_language_rifle_property_suspect_fresh_negative_trophy,0.6666666666666666,3,-0.365040214169912,1.994703398072388,-0.11200643255782455
front_lyrics_middle_fee_swamp_mandate_lesson_feed,0.3333333333333333,3,-0.06075439253213211,2.132648062353862,0.0
alien_car_master_wall_foster_build_stomach_fee,0.0,2,0.19115608369817436,9.025817217657059,-0.11524965088558142
cloth_banner_arena_remove_amount_exclude_inhale_amateur,0.2,5,0.18315309448106656,1.397118778421469,-0.03234604727506216
ripple_bus_group_figure_web_caution_become_harsh,0.0,1,0.0,0.9683824136693051,0.0
reflect_scene_they_vendor_cousin_pistol_tobacco_lecture,0.4,5,0.13845447215054124,4.689618984897105,-0.0033313064277112558
charge_tower_heavy_daughter_play_define_toast_choose,0.5,4,0.06023084842204751,4.426000752727862,0.18719474011438486
pigeon_prison_plastic_beach_remove_enable_foil_rival,0.5,4,0.2288539142223141,2.671326958645807,-0.018782528285194916
car_man_innocent_sister_enough_alter_imitate_waste,0.25,4,0.4017765196684069,2.230589679861488,-0.007278944729151582
join_seven_present_clean_pyramid_little_album_must,0.5,2,-0.4025602587647592,2.524414532384367,0.14763513179450652
baby_anger_venue_surface_invest_rotate_circle_pluck,0.0,2,1.1400914602245624,0.7780160593575305,0.4542871633435287
cycle_myself_win_load_video_leg_own_senior,0.5,2,-0.9722049945340786,5.6364787698144925,-0.08820370544896178
junior_fall_hip_snap_glare_slab_rib_script,0.3333333333333333,3,-0.11212405197003943,0.7145606079202734,-0.09397579352192116
suit_decrease_love_tuition_bubble_panther_suffer_sausage,0.6,5,-0.11740181701946568,4.467799616567151,0.07068651423322189
vivid_garden_topic_curtain_real_liquid_relief_height,0.3333333333333333,3,0.060715510532339624,1.4180874544335886,0.0
divide_random_main_cave_ten_laugh_boat_destroy,1.0,2,-0.40501314559285173,3.890080296787655,-0.06713757965801959
riot_autumn_dizzy_box_picture_car_carpet_elegant,0.25,4,0.31291727121009594,2.72305620775136,-0.028740842245035817
plunge_wide_loyal_island_alarm_badge_egg_fossil,0.6666666666666666,3,-0.34026842581190503,1.613970689448842,-0.018270962710785432
myself_valid_cycle_month_firm_boost_paddle_vague,0.25,4,0.10129333283855879,4.2190837563056505,-0.011698353319830435
detect_tuition_panel_west_proud_oven_shoot_picture,0.6666666666666666,3,-0.5360126110526796,4.011474318958693,0.03655571932303651
liar_category_domain_chalk_melody_announce_dinner_pizza,0.0,4,0.2289413681013332,3.925258903782772,-0.011988852027643965
actual_adult_off_shallow_bulb_subject_critic_apology,1.0,1,-0.18223400205386897,3.1120642374301255,-0.008991642889283336
picnic_divert_weird_hunt_tool_february_certain_renew,0.0,2,0.6400875907993739,2.4209560341732628,0.028773247519065737
thumb_rebuild_icon_stem_jelly_cube_shy_under,0.0,1,0.17108101733349773,0.2069169964222084,0.0
rare_human_category_number_wish_awful_page_unknown,0.0,2,1.0264921888657639,3.302430591741899,0.018839636931070325
bullet_say_receive_royal_labor_group_country_below,1.0,3,-1.423467832504863,2.72029776739962,0.2046348510122231
cake_bus_blame_puppy_quarter_era_electric_dwarf,0.3333333333333333,3,0.796393774677619,5.821328243422786,-0.02289234731660757
indicate_sister_express_six_ill_settle_remain_stamp,0.0,1,2.0126288860997854,1.7298478309163983,0.29986087477365997
meadow_blur_hold_forum_kitten_rain_option_earth,0.0,2,0.0,1.9367648273386096,0.0
velvet_pen_clown_squirrel_dirt_envelope_mix_impact,0.5,4,-0.24493390215517757,5.2909246681860616,0.08092475063394672
worry_naive_laugh_power_teach_busy_discover_better,0.5,2,-0.06675005767405062,0.7780160593575314,0.017983276936165832
need_shuffle_elevator_sniff_rough_slice_obtain_circle,0.3333333333333333,3,-0.17942251246116447,2.270592726635337,-0.0864726225054538
fat_lend_target_coil_useful_page_volcano_drama,0.5454545454545454,11,-0.4934772829689367,1.405547030408,0.03677745547225012
satoshi_clerk_vivid_bench_stem_resemble_twist_type,0.25,4,0.1660669921516027,0.9683824136693051,0.0019981438467741724
cradle_wage_family_truly_guard_history_toddler_cabbage,0.5,2,-0.0344090607803893,7.763609951464876,-0.06456951160597363
what_estate_paddle_achieve_off_van_opera_false,0.6666666666666666,3,0.2819662535122183,1.3601488836998101,0.014895239393163617
account_tent_address_bright_legend_filter_ask_brick,0.0,2,0.2693419202131614,4.080446651099431,0.05357972528440358
wisdom_crater_soul_illegal_legend_base_current_crumble,0.0,1,0.0,0.9683824136693069,0.0
ketchup_speak_tiger_young_attract_athlete_stand_viable,0.4166666666666667,12,0.02301485336189942,2.213346596826304,0.03317634501836517
flash_aisle_chimney_artwork_enforce_pizza_tongue_album,1.0,1,-1.2801751815987479,2.9051472410079135,0.20199435219260448
trip_toward_curious_person_phone_never_jungle_cupboard,0.6666666666666666,3,-0.060700942645560196,1.6250044508557995,0.02110654105626945
camp_hat_burden_industry_pride_swear_number_disease,0.3333333333333333,3,-0.022346636099919808,3.043091905289389,0.02061241524430398
apart_negative_craft_drop_course_glass_income_cram,0.3333333333333333,6,-0.2164764049245209,2.5188976516808883,-0.04226749727546833
buzz_park_hood_lucky_voice_will_faculty_dinosaur,0.3333333333333333,6,0.4506615820613466,1.2622072661921837,0.0
spring_scrub_shoe_crunch_ecology_piano_worry_staff,0.5,2,-0.11144053547190858,1.262207266192184,0.172927387336859
evil_display_select_boy_left_north_dad_melody,0.25,4,0.14629236401585405,-0.19864167536699284,0.0004281722603514948
civil_erupt_layer_flame_gold_talk_swarm_pupil,1.0,1,-0.6927094834977124,8.88925743522508,-0.3017784912763803
sock_orient_sock_park_reject_law_fan_funny,0.2857142857142857,7,0.2669424722027058,2.4156337584919254,-0.0385356945669053
horse_vicious_prosper_tragic_arrange_crash_live_remain,1.0,1,-0.40517333135423517,0.5876497050457581,0.0
divorce_prosper_illegal_pepper_history_family_mystery_acoustic,0.25,4,-0.101256900635209,1.262207266192184,0.008658613756753808
expose_ordinary_soon_field_interest_space_bird_metal,0.0,1,0.0,0.9683824136693033,0.0
drink_find_advice_speak_vanish_solar_impact_please,0.5,10,-0.04058972745273735,0.9716925420913924,-0.014138671605856357
water_broom_atom_hold_drastic_arena_code_squeeze,0.0,3,0.17930127078392713,2.3864698681028926,0.039050053048764376
scissors_rough_alter_about_fantasy_hand_oyster_spot,0.5,4,0.028299360562911206,3.830075726626885,-0.005011281224172298
practice_brave_obscure_echo_able_body_luxury_share,0.0,1,1.0977370860385485,3.4927969460536694,0.005138071545418121
collect_real_argue_genuine_marriage_lesson_entire_jeans,0.0,1,0.0,1.9367648273386102,0.0
dress_lottery_above_whip_attitude_auto_garbage_nut,0.75,4,-0.7478764111278893,1.6512152958709496,0.13238146445878152
check_course_regret_confirm_artist_shiver_country_banana,0.3333333333333333,6,0.02564320720184184,2.939633407078283,0.00430279840500819
noble_fog_nose_young_orchard_stock_royal_define,0.3333333333333333,3,-0.05136965943790731,3.4238246139129345,-0.15409728019335447
dish_birth_predict_asset_oblige_clever_thank_guide,0.3333333333333333,3,0.16969326733902512,1.1642656486845577,0.07188009816659328
upset_top_elevator_rebel_situate_clap_figure_dream,0.6666666666666666,3,-0.230951772882498,5.429561773392282,-0.047021378172880025
lobster_window_clever_youth_melody_husband_erupt_pig,0.3333333333333333,3,0.24722071562386919,3.688680181068925,-0.0005328430750869048
city_apology_hollow_omit_crane_lazy_certain_weapon,1.0,1,-1.200915613170692,11.23985625540811,0.03405155714222041
eight_adapt_garment_pepper_guitar_focus_foam_brown,0.3333333333333333,3,0.035023111208313217,2.9741195731486516,0.040850905436374076
frozen_hurdle_divide_solid_refuse_bleak_panther_sail,0.5,2,-0.2797140724088693,3.3024305917418992,-0.13095286143827356
orchard_impulse_ribbon_gloom_later_frog_ladder_bean,1.0,1,-0.11775870820948198,1.5560321187150663,0.0
bulb_roast_fame_input_boring_shaft_volcano_satoshi,0.5,6,0.14094624363908234,1.9422817080420887,0.029883578860194566
announce_method_century_job_royal_green_hold_salon,0.2222222222222222,9,-0.062117027290247276,1.0373547458100418,0.0
convince_alarm_quote_act_sniff_slow_brave_where,0.6666666666666666,3,-0.7054728990517903,4.2763298861146835,0.0109897808411236
mail_chaos_upgrade_clarify_monitor_rather_palm_moon,0.0,2,0.3899499192980138,3.596255444264778,0.010789970582899933
patient_way_moment_hope_hold_talent_alone_any,0.625,16,-0.18677938345926845,1.2792772389961815,-0.08020438780865112
fold_base_gold_hope_faculty_plug_unaware_episode,0.5,2,0.14362237910593506,4.548087215823645,0.1850551415094348
basket_update_length_hurdle_funny_burden_village_field,0.0,1,0.0,0.9683824136693033,-0.02981305522602229
arrive_victory_gain_weather_blast_narrow_gentle_album,0.0,1,0.0,1.9367648273386102,0.0
child_quit_man_seminar_help_tuna_peasant_answer,0.3333333333333333,3,0.03917199531769192,4.323234695441504,-0.039050059483648036
surround_mirror_lounge_canvas_unhappy_forget_maze_pear,0.3333333333333333,3,0.5353144052371759,2.6402916738519244,-0.08467642926541574
bonus_omit_cluster_orphan_vacant_crash_bright_write,0.25,4,-0.05567660705861244,4.262537684355985,0.017184020889611296
swarm_scale_basic_tackle_area_course_combine_coyote,0.5,4,-0.1274150966416715,0.20691699642221106,0.04712434009223773
armed_goddess_arm_door_income_estate_destroy_exhaust,0.0,1,0.1821465315970188,13.971187784214688,-0.2730052574175319
art_uphold_label_person_gorilla_sure_rural_nature,0.5,2,-0.11152799445381018,1.262207266192183,-0.019981416361739612
tumble_liquid_syrup_gown_gauge_blame_resource_pencil,0.3333333333333333,3,-0.11886662561058847,2.8472086702741346,-0.09794372543192349
custom_space_city_spread_chief_shiver_correct_have,0.4,10,-0.040459105294174624,1.4765754485682658,-0.026759200628328417
force_actual_diet_over_display_balance_fault_mobile,0.3333333333333333,3,-0.11212405197003943,1.6829430215895786,-0.05932158519303867
above_spring_wild_alpha_brave_result_scorpion_vicious,0.0,2,0.2589014832993263,1.4525736205039568,0.13250634965931046
youth_easily_box_fork_correct_column_urge_gravity,0.6666666666666666,3,0.08371589609428186,3.2389751403046407,-0.1280536644897624
vital_ring_quote_slight_fatigue_merry_kangaroo_harbor,0.3333333333333333,3,-0.13510638883467227,1.3601488836998097,-0.16417156341607816
concert_cricket_decline_negative_ostrich_matrix_fitness_utility,0.4,5,0.16910994994409806,1.978148226623052,0.0
degree_kind_differ_slim_scan_thought_matrix_pave,0.0,2,0.4227748748602451,4.461179359722978,0.0
item_coast_captain_worth_hedgehog_limit_object_panda,0.5,4,-0.03848559952152805,2.8099640638520276,1.3877787807814457e-17
version_twist_square_grid_hill_solve_scatter_snow,0.0,1,0.0,0.9683824136693051,0.0
walk_useful_unusual_extend_inner_width_crouch_flock,0.5,4,-0.43999221469572936,3.250701342636346,-0.03861748798155097
happy_oxygen_disagree_inner_door_owner_utility_wait,0.3333333333333333,3,0.0,3.873529654677218,0.0
provide_need_october_caught_welcome_birth_excess_citizen,0.0,1,0.0,0.9683824136693069,0.0
crazy_helmet_tray_today_ostrich_benefit_profit_blanket,0.3333333333333333,3,-0.13500920084694534,2.974119573148652,0.0
twelve_usual_pause_copy_agent_voice_improve_measure,0.0,2,0.9677357869403522,0.8814745575686369,-0.0006660483173580867
truth_helmet_retreat_there_inner_weekend_burger_corn,0.3333333333333333,3,0.14795659163799255,6.408977948468544,-0.1055154835896001
feel_lake_click_develop_hamster_clock_almost_sun,0.625,8,-0.5675371233243245,1.3315258187952943,0.023775468248160264
episode_denial_rebuild_walk_poem_sock_spy_weasel,0.5,2,-0.20251380127041801,5.913752980226933,0.025975847902062116
blanket_clutch_digital_drill_key_clay_cancel_scrap,0.5714285714285714,7,-0.15599065770974954,2.3269550457395494,0.030213444977360972
toast_major_shell_naive_stumble_exotic_great_grass,0.5,2,0.12507595016177475,1.746398473026836,-0.032769528580813445
dutch_silent_surge_crane_resemble_typical_brass_first,0.5714285714285714,7,-0.028737783358478035,1.6943724635249633,0.0025461990488653908
video_ensure_involve_solar_stage_domain_barely_husband,0.0,1,3.109339667584562,3.8404283704563458,0.013927964019361694
transfer_rare_toddler_brown_lake_tray_analyst_night,0.0,4,0.0,0.9683824136693051,-0.009990710391470009
satoshi_grace_spirit_diamond_vacant_please_beef_kingdom,0.0,3,0.08640003839946146,4.726034926878968,0.01907771244706913
lemon_file_enforce_clarify_sweet_violin_squeeze_creek,0.0,1,0.8862739157524131,7.159409604308678,-0.0032696987734858185
anger_arrow_quarter_balcony_kit_menu_spy_season,0.6666666666666666,3,0.4618792478878508,3.688680181068925,-0.0321992791983391
pass_yard_drip_act_treat_couch_cream_will,0.0,1,0.0,0.9683824136693033,0.0
onion_occur_alter_goose_super_hold_know_festival,0.5,4,-0.08409303897752962,3.7948971196317696,-0.10896007571091774
tool_state_pulp_wave_blade_art_dash_kitchen,0.8,5,-0.7990608346234305,2.9879140395767987,-0.13699015475493775
duty_cricket_song_need_exhibit_rough_attend_damp,0.5,4,-0.14675227127433207,5.5847495207089395,-0.12624488375518644
fortune_clutch_stumble_chunk_area_flower_mechanic_receive,0.0,1,0.0,0.9683824136693069,0.0
perfect_wisdom_arrow_nose_syrup_across_tennis_dish,0.0,1,0.2872447582118702,3.1120642374301255,0.15677729234518994
phone_text_clown_march_erosion_animal_program_funny,0.25,4,0.300704606898492,2.9568764901134648,0.14213752629528614
card_sure_dial_amount_foot_key_happy_brief,0.42857142857142855,7,-0.2625727397646407,2.746704835057948,-0.1582562952859692
false_survey_range_claw_frost_chuckle_trade_tunnel,0.3333333333333333,3,0.039236694495410375,1.4980935479812836,0.045049020745056234
brass_artist_scale_pretty_left_menu_boost_august,0.46153846153846156,13,0.0976725797443731,2.1016634291663654,-0.04220574545583826
erode_assume_winner_since_mix_sword_wise_fox,0.75,4,-0.5194775261040646,1.7546737940820547,0.10648178997592347
middle_palace_topple_clinic_sketch_supply_donkey_tongue,0.0,2,0.1920638170260483,2.9051472410079135,0.05857507957314656
attend_bomb_access_captain_knock_song_lesson_phone,0.42857142857142855,7,-0.0989793312353563,0.8052112528306417,0.0
pet_sport_mushroom_evidence_behind_garment_fragile_crater,0.6666666666666666,3,-0.46100614703579085,1.1752994100915153,0.2570997239027683
travel_empower_certain_please_scare_noble_pulp_bottom,0.5,4,-0.3130344070788628,3.3976137688977857,-0.052631237518263846
blind_strong_treat_shuffle_pill_gain_car_sell,0.5,2,-0.20265958325200834,0.5876497050457576,-0.056682098399654934
balance_act_mention_more_prosper_town_parent_barrel,0.5,4,0.27443427150963706,2.0836772536000483,0.08769343309905576
invite_draw_tiger_team_local_song_wear_canvas,0.5,6,-0.4688114235119916,4.397723908285719,0.023408384591928733
ankle_scissors_head_tumble_pact_casino_enemy_piano,0.0,3,0.05128641440368368,1.6829430215895786,0.01332094571489321
select_fruit_bench_rose_throw_flag_endless_cushion,0.0,1,0.0,0.9683824136693104,0.0
resist_build_limb_width_era_item_scorpion_math,0.0,1,0.9527171534543653,-0.03310128422087644,-0.037973485396823436
final_check_voyage_tragic_chef_curious_sleep_helmet,0.5,8,-0.11785732379065496,2.334048178072594,-0.07899132811043309
source_damage_double_naive_seven_level_luggage_pear,0.0,1,0.0,0.9683824136693051,0.0
screen_split_avocado_vanish_crush_pride_episode_flavor,0.5,2,-0.34591790557680824,1.5560321187150619,-0.0073159021463254925
rescue_hamster_bread_leisure_bracket_gun_clean_denial,0.5,2,0.11135321411722476,5.913752980226933,0.1454147389905396
quarter_agent_creek_keen_festival_enlist_knock_shallow,0.0,1,0.0,0.9683824136693033,0.0
dragon_punch_thought_tennis_across_index_relax_begin,0.5,2,0.2549755932231599,4.651545714034751,0.033228202040168575
denial_axis_load_brother_wage_dawn_work_ghost,0.42105263157894735,19,-0.1556272602479003,0.3349917317284586,0.0922013419608515
cradle_hollow_van_anchor_fall_soon_symbol_keen,0.3333333333333333,3,0.7924182996426344,3.81559108394344,-0.04726284854784063
salmon_envelope_vacuum_blanket_october_early_strong_swear,0.5,2,-0.20258666567711758,1.7463984730268363,-0.03036602124186505
bulk_safe_wrong_about_horn_spin_scan_human,0.75,4,0.17308972903095196,1.945040148393828,0.0552633853788812
output_surround_learn_legal_thing_finger_advice_air,1.0,1,-0.22305598890762035,1.556032118715061,0.0
museum_pool_dune_answer_magic_air_main_drink,0.4,5,0.06715458627619349,2.3721214489349487,-0.06489488463585685
theme_fish_trophy_prefer_copper_brave_toy_clump,0.5,4,-0.29334940705126367,3.198972093530793,0.025476311940368552
engage_glare_salad_float_misery_senior_actual_yellow,1.0,1,-0.1052632756553779,1.5560321187150628,-0.31026997388328387
tongue_game_merge_poverty_carry_sniff_diagram_tip,0.3333333333333333,3,0.0,1.2911765515590734,0.0
collect_cruel_spider_year_vast_ice_bar_relief,0.3333333333333333,6,0.008107434156989038,1.4870597865743258,0.042113720331241285
pupil_sunset_volcano_receive_hundred_crisp_current_talk,0.4,20,0.08611602979874518,1.6011411109764402,-0.047417717926885886
train_fury_frown_audit_month_demise_this_glare,0.0,1,0.0,0.9683824136693069,0.0
damp_utility_mouse_slot_evoke_weird_green_iron,0.6,5,-0.1118106491224451,1.7083252021644815,0.0028374154573195696
pause_inmate_baby_witness_crystal_similar_surprise_gossip,0.3333333333333333,3,-0.13498492599115278,3.3658860431791573,-0.047422569456689434
smart_rail_around_panel_miracle_thunder_anger_solar,0.0,1,0.0,2.9051472410079135,0.3077391573011914
shift_love_hunt_goat_grab_photo_toddler_lunch,0.3333333333333333,3,-7.401486830834377e-17,1.6139706894488413,-0.025789162063243443
focus_century_mobile_tonight_solar_you_tip_chair,0.0,2,0.547560321254868,2.230589679861488,0.0
exact_wet_manual_garbage_miss_opinion_genre_uncover,0.5,4,-0.40200945828950974,2.524414532384368,0.0020820692805697816
learn_high_deliver_major_picnic_clump_garment_keep,0.5,2,-0.5490143250008646,1.6594906169261674,0.41233841944842986
mirror_more_pulp_mistake_topple_brave_equal_end,0.3333333333333333,3,-0.06067667840589495,0.8414715107947899,-0.003552253271376075
essay_tiger_catch_weird_scheme_affair_paper_liquid,0.0,3,0.5118816902085112,4.841912068346524,0.2717725678804784
defense_ancient_garbage_bacon_ability_board_slender_clap,0.0,1,0.40459105294174635,3.873529654677217,0.0
vast_drift_struggle_notice_oxygen_mosquito_real_spike,1.0,1,-1.5020367450486876,1.9367648273386093,-0.5314866392021397
sadness_jazz_opinion_tattoo_glance_upset_false_pepper,0.0,2,0.0,0.9683824136693047,0.0
tunnel_thumb_supply_best_identify_item_front_battle,0.5,4,-0.08903753597422648,4.469454680778195,-0.04702559966088926
such_appear_sock_lava_fiction_need_mad_nest,0.4444444444444444,9,-0.3866391659372759,1.0410326662790281,0.0639212674972771
unknown_deposit_promote_remind_island_frequent_wrestle_device,0.3333333333333333,3,-0.09574825273729008,2.7202977673996194,-0.017214770614884484
tomato_narrow_theory_tray_struggle_gain_youth_under,1.0,1,-0.6922723607527062,0.7945667014679696,-0.08192382697853419
lottery_intact_fault_afford_skate_fortune_favorite_pony,0.3333333333333333,3,-0.6474714780977092,3.688680181068925,0.06597238416890489
track_toy_pilot_garment_onion_nerve_lazy_slice,0.0,2,0.3306539940880202,3.6831633003654503,-0.25201778376016193
master_endless_clutch_lizard_knife_dutch_evoke_egg,0.5,8,0.06113390488855043,1.694669223921283,-0.07740019882369065
flag_forget_country_dolphin_coyote_weapon_neither_monkey,0.5,2,-0.5138262888285854,0.8814745575686356,0.03939194521874473
issue_across_night_roast_choice_series_civil_blind,0.0,3,0.36581523070231375,1.1642656486845573,0.0
release_october_reject_doll_poverty_skill_outer_meat,0.5,2,0.4578171290509339,5.6364787698144925,-0.05594797244467142
obtain_private_frame_enroll_cloth_stool_orange_lesson,0.6666666666666666,3,-0.29161867169824374,1.8677924951978728,0.1791490119566446
flip_range_silk_end_popular_bread_toward_furnace,0.625,8,-0.4052563393759738,3.2507013426363462,-0.040031977543568825
present_pear_summer_okay_stand_volume_walk_inform,0.4,5,-0.27647308014432126,4.807148925906257,0.00809247683187484
galaxy_vital_noodle_ill_there_torch_swing_people,0.0,3,0.5006789150162292,2.582353103118147,0.1025479632889491
item_ankle_floor_card_drop_doctor_dinosaur_dolphin,0.6666666666666666,3,-0.6315474102723683,3.6776464196619663,-0.01816493227171556
wisdom_always_post_brother_task_window_assist_dignity,1.0,1,-0.09519882316760978,0.5876497050457594,0.0
grant_robust_vacant_carbon_thought_melody_wheat_decide,0.5555555555555556,9,-0.14535625223129378,2.543727389295627,0.15952177261955208
journey_rough_gym_neither_assume_cute_absurd_wife,0.6,5,-0.05727482668567667,3.416650404328962,-0.01291107331890291
color_pulp_budget_ask_figure_sorry_comfort_boil,0.625,8,0.06733548005329038,2.2305896798614886,0.0708888115630241
cause_give_dune_mercy_rail_network_guide_sock,0.25,4,-0.22874469724678892,2.325772857017375,0.016484671261685402
gather_payment_tomato_distance_mention_tornado_dutch_place,0.5,4,-0.03850641076784739,2.3340481780725937,-0.12915487956045124
cattle_useless_elephant_innocent_argue_hire_under_shoulder,0.5,2,0.0,3.389338447842566,0.0022479151435212674
divide_moon_woman_impose_ice_margin_soup_trust,0.2,5,-0.0500303800647099,1.9847684834672266,-0.05707055323660728
goat_verify_mistake_pride_coral_calm_erode_genre,0.5,2,0.8811899769252362,0.7780160593575305,0.09017524917147743
nose_left_fluid_half_rare_erosion_sport_trap,0.5,4,-0.273780160627434,1.5043028696095098,0.013248146387843635
mind_moral_reflect_polar_trust_card_chicken_hero,0.0,2,0.0,1.4525736205039568,-0.005533309178511914
fancy_theory_ankle_annual_slender_scrub_better_vintage,0.3333333333333333,3,0.05123797952229122,1.4291212158405473,-0.013546543882385928
expand_bright_online_guess_gorilla_amazing_obscure_dish,0.0,3,0.6228657684729801,5.313684631924725,-0.08991662065611238
pilot_visit_secret_volume_top_health_fiber_crater,0.1111111111111111,9,0.2716965795809128,0.9527474772270312,-0.010048235789767816
raw_suffer_pulp_loud_elephant_admit_special_sauce,0.0,1,0.0,0.9683824136693069,0.0
input_force_upper_artist_raccoon_start_crew_lucky,0.3333333333333333,6,0.2680063055263398,1.9712509934089784,0.008848914749732456
sun_orchard_bless_vintage_monkey_assault_shock_salute,0.0,2,0.8040189165790195,4.461179359722976,-0.03746516396801253
track_crumble_siege_life_crisp_embark_cry_employ,0.0,1,1.2159332040050304,4.841912068346522,0.09317245066980473
weapon_mad_giggle_maid_hover_hat_two_raise,0.0,3,0.6374133600454082,4.138385221833208,0.336112616444975
clever_guard_wolf_lion_fossil_keen_early_sense,0.6,5,-1.408211037121309,1.479885576990354,0.021983197524901178
company_because_size_double_cruise_loud_hurdle_elite,0.3333333333333333,6,0.20846206338543283,1.135296363317668,0.0
where_faith_advance_artefact_castle_lock_attract_depart,0.0,2,0.7515281262712825,6.327586973071356,0.10186815913359165
spot_curve_rural_athlete_bacon_senior_hill_anchor,0.0,2,0.9722049945340786,4.2708130054112035,-0.10653048657842229
shiver_model_badge_ethics_glow_reflect_hope_story,0.5,2,0.0,1.4525736205039577,0.0
early_play_rival_artwork_rocket_moral_aim_huge,0.3333333333333333,9,0.15380277863664557,1.809853924464094,-0.05548627182497826
plunge_champion_oval_blame_town_wall_pretty_pioneer,0.0,1,0.509660386566686,2.524414532384366,0.08511615066245237
salt_match_bless_multiply_poverty_blouse_double_purse,0.5,2,0.039803553939793956,3.3024305917418983,-0.11982037937950926
appear_estate_someone_burst_vast_aerobic_fresh_school,0.3333333333333333,3,0.23075745358423538,1.6139706894488413,-0.021846353860942445
three_much_tuition_balcony_detect_renew_teach_thunder,0.0,2,0.202513801270418,2.8182393849072462,0.0
frog_father_deposit_tomato_brick_talk_mind_script,0.4,5,0.04457621418876343,2.981293782732624,0.06295582380088231
actress_true_recycle_wine_situate_nasty_walnut_identify,0.3333333333333333,3,-0.19554036271981037,4.530151691863715,0.028749341927054212
wall_gold_tenant_skirt_fence_fluid_pumpkin_civil,0.0,1,0.40517333135423517,1.3491151222928517,-0.5901302278116353
congress_net_fetch_extend_alert_intact_remove_curve,0.5,4,-0.05010581327680316,1.262207266192183,0.00770711947642827
flee_ride_sword_noise_pond_swarm_club_dose,1.0,1,-0.2875361521434773,7.366326600730892,-0.11715017000515932
drill_wasp_treat_fatigue_section_concert_rude_happy,0.25,4,0.17306809018817654,1.4608489415591759,0.012343090953543634
column_include_warfare_traffic_work_couch_echo_enhance,0.6,5,-0.3168579181684799,2.724711271962403,-0.11447373796731278
problem_car_suggest_obtain_dish_hill_key_viable,0.6666666666666666,3,0.11161430434349968,0.7835329400610105,0.0046623297475391805
lawsuit_pink_spatial_dash_trouble_idle_finger_canyon,0.5,2,-0.27952662280611273,12.017872314765642,0.06041953446071023
attack_fruit_fruit_much_exit_fabric_coast_error,0.4,5,0.48096233041533054,3.555702974090032,0.04962106614892496
link_cruise_hurry_media_across_fun_coffee_priority,0.5,4,0.4468482508156105,2.187135751811155,0.0209804938116272
dance_wood_guilt_harsh_west_shiver_tool_bridge,0.0,2,0.37542702746924345,1.5560321187150628,-0.054615878020555564
sport_club_tragic_anxiety_timber_remind_mixed_gloom,0.5,4,-0.12741509664167153,1.5043028696095098,-0.07274713800962486
spin_loyal_again_surface_fame_vacant_weather_sausage,0.5,2,-0.20229552647087318,3.1989720935307933,0.0
ocean_exit_assume_mouse_before_assist_memory_pyramid,0.0,1,0.0,0.9683824136693069,0.11715016759207786
orphan_kitten_frown_solid_tribe_discover_spoil_life,0.4,5,0.021042944598837064,0.7399427884951766,-0.027375830642648015
open_click_paper_shiver_glance_provide_robot_gravity,0.6666666666666666,3,-0.3821243695211598,3.873529654677219,-0.04795541695297669
thumb_add_bomb_click_tackle_muffin_split_response,0.0,1,0.0,2.9051472410079135,0.0
agree_guard_avocado_erase_despair_rare_able_olive,0.5,2,0.20258666567711758,0.6911082032568636,0.29227817587654836
rate_panel_tattoo_above_announce_turtle_cycle_funny,0.0,2,0.4577078284446282,6.311036330960919,-0.08502654170010113
attack_potato_please_shield_soup_maze_benefit_token,0.3333333333333333,3,0.05123797952229118,4.011474318958693,-0.263141663145467
shrimp_truly_lizard_ill_amateur_title_apart_black,0.42857142857142855,7,-0.3122480364018662,2.3364125555169424,0.03466499826072791
dry_track_glue_universe_rail_stuff_inspire_south,0.25,4,0.16325156283447534,1.452573620503957,0.07367909984937043
enroll_chief_wear_bomb_mean_pig_cotton_limit,0.0,3,0.5752007611299897,3.953535748224915,0.0067740012478439415
peasant_since_lounge_ice_category_cereal_survey_steel,1.0,2,-1.5865153734629973,5.152287562979841,-0.11452306830194414
total_boss_stove_vibrant_electric_history_flash_empower,0.3333333333333333,3,0.5617051326146644,2.535448293791326,0.06758048800769405
permit_consider_gauge_manual_orphan_worth_lizard_truck,0.5,4,0.10158345603161575,2.230589679861488,0.0
tackle_winner_borrow_can_any_crumble_pass_eyebrow,0.3333333333333333,3,0.17043030528097347,4.08044665109943,0.430872017551027
paddle_modify_travel_example_uncle_quantum_theme_sweet,1.0,1,-2.5217086881168607,6.3979441870615865,-0.11050170384343927
zoo_renew_agent_become_taste_escape_sample_embrace,0.5,2,-0.22067332339770157,-3.890080296787655,0.0
cage_super_service_cost_kangaroo_worth_cable_mixture,0.25,4,0.07166593766939161,-1.115294839930744,0.0
cup_penalty_correct_great_animal_quality_blanket_window,0.3333333333333333,3,-0.044500038449367084,1.8098539244640943,0.010490247090030292
monitor_master_marriage_knife_half_slogan_bomb_such,1.0,1,-0.9157654724053328,4.6680963561451865,-0.16494655119550927
okay_trust_rapid_inquiry_team_load_initial_pottery,0.3333333333333333,3,-0.060700942645560176,3.5617692781944092,-0.05963434279281669
keen_verify_uncover_tail_critic_village_enable_feel,0.0,1,0.0,0.9683824136693033,-0.04281733214395744
tongue_retreat_average_achieve_spare_another_empty_certain,0.5555555555555556,9,-0.09385951108971945,1.5716670551573362,0.013078745969494272
tissue_pigeon_island_brown_feed_trumpet_master_next,0.0,2,0.5487228460534707,4.738453570135418,-0.016355248561186475
night_angry_move_define_year_pudding_clap_gasp,0.6,5,-0.5286666046537409,1.6868025734125645,-0.01715220442135823
injury_gentle_eagle_rice_slide_oval_advance_busy,0.0,2,0.11152799445381018,1.6429399748157305,0.021979563248089057
menu_powder_unknown_insane_edge_various_pencil_genius,0.25,4,0.05064932011476085,0.7780160593575318,0.011988850922343836
inspire_damage_economy_tenant_dune_jaguar_trim_patrol,0.4,5,-0.1591777545203683,0.8988561287887702,0.03262148858177612
sea_top_winter_film_peanut_advance_bird_crop,0.6,5,-0.036406007043536984,3.181590522310659,-0.058370301081831756
lab_cushion_sign_language_decrease_where_eye_budget,0.0,3,0.06665745563719187,1.1642656486845564,0.0
matter_atom_head_fantasy_spike_gym_adjust_wheat,0.3333333333333333,3,0.0,-0.910443842935526,0.046502212585649204
gloom_galaxy_change_sell_dish_myth_label_divorce,0.25,4,-0.27378016062743393,1.9450401483938284,-0.07971672486514603
science_essence_vote_promote_radio_forest_damage_defense,0.6666666666666666,3,-0.4518918596253925,1.3491151222928515,-0.009743963796139824
weather_capital_flame_fiscal_banner_mix_topic_bring,0.6,5,-0.030755235659936986,2.4896513899441004,-0.04220076347008317
negative_suffer_hunt_clock_garbage_eye_thank_hamster,0.6666666666666666,3,-0.06683129614133142,1.0373547458100418,-0.04486282925353711
feel_picture_play_shrimp_fury_mind_uphold_cool,0.5,4,-0.06286496301156863,1.5560321187150623,0.034581437506155666
earth_erode_slice_junk_duty_must_mix_mistake,1.0,1,-0.1821465315970188,1.5560321187150628,0.0
weasel_rude_olive_slot_brown_step_plate_come,1.0,1,-1.3856377436635523,3.4927969460536694,-0.30499729898800204
speak_mountain_couch_answer_drop_marriage_whip_fame,0.5,4,-0.10118411586303361,3.925258903782771,-0.056814188168543056
fire_sustain_biology_off_exhibit_cover_flock_artist,0.4,5,0.0502295376565691,1.168679153247341,-0.032260913020869406
frog_very_appear_uncover_bomb_shy_defy_upon,0.6666666666666666,3,0.07423547607814984,3.0320581438824292,0.02818431856913491
photo_ketchup_student_volcano_elbow_glimpse_announce_adapt,0.75,4,-0.17295895278840412,1.7463984730268363,-0.07881306527169099
critic_borrow_blame_rate_setup_ordinary_office_enlist,0.5,4,-0.6206252893395012,4.850187389401743,-0.08207592766751023
young_famous_embrace_march_attract_immense_phone_seed,0.0,1,0.0,2.9051472410079135,-0.04795540811057586
antenna_point_wave_arctic_dream_health_riot_grunt,0.0,3,0.10325772048196429,5.6364787698144925,-0.09093274589035467
rain_snap_silly_observe_evolve_woman_intact_vibrant,0.25,4,0.31264433806533154,3.397613768897786,-0.03877871914166647
regret_dash_escape_youth_family_flat_team_spy,0.25,4,0.37576406313564126,1.3056611942425178,0.033302369445300184
green_chimney_engine_art_fever_gift_habit_pull,0.0,1,0.0,0.9683824136693051,0.0
bullet_menu_cause_phrase_practice_proud_million_limit,0.5,4,-0.18320806434753423,4.1156252580945445,0.06825131430376269
dance_select_wrestle_involve_require_lock_sword_dash,0.0,1,0.0,0.9683824136693051,0.0
grief_space_proud_traffic_home_unknown_miss_master,0.2,5,-0.3438833563995184,1.9086219417425176,-0.03863406417935639
hunt_laundry_trip_iron_stamp_fortune_drip_always,0.0,3,0.5358960908282894,2.651325435258883,0.0
control_unable_culture_write_ill_eternal_mesh_music,1.0,1,-0.6922723607527062,3.6666126582550085,-0.5321141885081877
museum_iron_naive_coral_online_token_fan_trial,0.6666666666666666,3,-0.365040214169912,5.821328243422787,-0.22452451396108675
slam_stem_follow_city_hobby_announce_omit_bulk,0.5,2,-0.11152799445381018,1.746398473026836,0.0021156814600431506
minimum_entire_moment_urge_salad_enlist_road_bunker,0.25,4,-0.24493390215517755,6.786952216740351,0.00645553594100641
stuff_panda_find_rose_piano_misery_monster_common,0.6666666666666666,3,-0.6481366630227191,7.63118216788688,0.16378073749727276
nuclear_ski_tonight_scare_fabric_smart_donkey_return,0.5,2,-1.4937243067761568,1.2622072661921835,-0.20188275435853598
include_wreck_art_couple_gospel_robust_cricket_school,0.0,2,0.954345683302122,1.6429399748157305,0.13900708110409168
lounge_that_age_cool_apart_siege_idea_advice,0.3793103448275862,29,0.18607170987130808,0.7857218399965882,-0.04690121819314403
label_soccer_trick_prefer_sword_circle_excess_novel,0.42857142857142855,7,-0.18245009681820298,2.717145264140489,0.0758725931994746
spike_cherry_aware_mother_install_junior_glad_basic,0.0,2,0.547560321254868,-4.287363647521642,0.0
extend_math_load_abuse_box_stay_climb_confirm,0.5,2,-0.5464031913676043,4.461179359722976,-0.07684896043153372
ordinary_account_symbol_cactus_item_heavy_stem_core,0.0,1,0.0,0.9683824136693033,0.0
simple_soda_you_attitude_nephew_pepper_soccer_govern,0.0,3,0.4847761924835461,0.5876497050457576,0.0
try_because_stairs_loyal_siren_permit_gorilla_good,0.3,10,0.06922723607527059,-0.20774792553190694,-0.011284496643051256
twenty_tail_police_home_riot_destroy_eagle_dice,0.16666666666666666,6,0.29838350179240586,2.0347064448462366,-0.15348433071306547
peace_trap_say_garlic_climb_neck_bus_small,1.0,1,-0.1539423980861122,1.5560321187150592,-0.09581542374137908
eager_poet_tape_cement_slice_example_satisfy_truly,0.3333333333333333,3,-0.23075745358423538,7.308388029997112,0.0992997861578106
broken_script_ice_evil_during_swamp_improve_dinosaur,0.0,3,0.33710742580121594,0.7145606079202729,0.03193285726536101
iron_rabbit_flavor_snow_until_pig_birth_survey,1.0,1,-0.15385924321105104,0.5876497050457559,0.0
educate_flame_bar_alley_muffin_measure_suspect_enroll,0.3333333333333333,3,0.3658152307023137,3.0430919052893883,-0.04881517352239542
fit_arm_midnight_rack_spin_tube_panic_dish,0.5714285714285714,7,-0.5517724155622626,1.333741816041482,0.11623871726082664
nephew_settle_laptop_height_thrive_girl_note_envelope,0.6666666666666666,3,-0.2306846714610001,2.3975036295098513,-0.009990711128336716
obscure_alert_wealth_actor_balance_wrong_hood_illegal,0.6,5,0.24067784375794674,2.019531625907494,0.0
doctor_weapon_govern_weird_mistake_force_lemon_pet,0.3333333333333333,3,0.07602209807210723,4.795007259019703,0.02485306428879998
upper_fantasy_gasp_trend_canal_oil_legend_latin,0.0,2,0.40510046694753554,1.0718409118804102,0.03999456602162038
miss_siege_humor_unable_gun_pill_decorate_prize,0.5,4,-0.04547115617682421,1.893310899288276,-0.11698077537528723
gentle_song_save_filter_celery_typical_side_hold,0.5,2,-0.07705448915686097,2.230589679861488,-0.14194838714000213
kiwi_sustain_next_unlock_flush_promote_slice_blush,0.3333333333333333,3,0.2819662535122183,1.6829430215895782,0.01475550919593351
later_aim_unveil_echo_brother_roast_health_output,0.0,3,0.1350577771180784,6.593827422076839,-0.05137778982340846
source_assault_profit_actual_hurdle_logic_margin_wise,0.4,5,-0.20215310152167212,3.727856828071976,-0.047750278517321214
tired_avocado_reward_clean_blast_addict_hood_crash,0.5,4,0.3128262338294981,4.028717401993878,0.09828815908964267
banana_federal_trend_female_again_visa_gun_dragon,0.5,4,-0.37576406313564126,2.325772857017375,0.04578808031289183
grant_refuse_buffalo_relax_spike_strike_clap_steel,0.3333333333333333,3,0.16988679552222866,1.8098539244640932,0.017583644629850664
absent_steak_trophy_birth_album_ankle_wonder_dinosaur,0.0,2,0.2551211627675106,1.262207266192184,0.0
script_exhibit_income_enlist_multiply_suit_jelly_small,0.3333333333333333,6,-0.096316320596309,3.2969137110384197,-0.0047718457440928215
fine_glory_prosper_among_museum_panic_visa_motor,0.5454545454545454,11,-0.21166633349934508,2.326525158931486,0.014047544277024421
transfer_document_brown_ride_entry_vacant_atom_dial,0.3333333333333333,3,0.06071551053233959,4.657062594738229,-0.11755949878087735
envelope_welcome_perfect_uniform_pistol_educate_hello_century,0.5,2,-0.3463547417488563,2.524414532384367,0.04188610596937892
net_rigid_mass_hair_cheese_month_plastic_domain,0.3,10,0.28594201176396955,2.2372099367056633,-0.05331433356231341
modify_beach_display_perfect_slam_sudden_vast_unaware,0.5,12,-0.37377904725014116,1.6829430215895786,-0.05534258464240684
know_decorate_stuff_volume_camera_antenna_hollow_foster,0.375,8,0.01668878177864777,1.798127722132389,-0.01311534194225325
entire_anger_stereo_cram_brisk_arch_repeat_wood,0.0,1,0.0,1.5560321187150628,0.0
unusual_better_boost_rookie_hollow_urban_borrow_giraffe,0.5,4,-0.17277737474378385,2.377502106122928,-0.13821699198116977
trick_bird_garage_shrug_sail_elbow_humble_fog,0.3333333333333333,3,0.08371589609428186,1.6250044508557997,-0.22186846499220206
mutual_oak_obtain_hockey_cancel_trigger_head_tag,0.0,2,0.9920768607460103,2.0402233255497153,0.0
admit_bracket_sting_hedgehog_certain_affair_hybrid_resource,0.25,4,0.06270371866051538,6.795227537795572,-0.017351701537740377
napkin_yard_biology_equip_gun_hope_jelly_tobacco,0.3333333333333333,3,0.44026435831538957,7.1235385563888185,0.2895504202696794
minute_two_wage_casual_pass_banana_sweet_wedding,0.3333333333333333,3,-0.25391327644464773,1.9947033980723887,-0.017214761427077303
jaguar_canal_credit_actor_corn_scrub_chef_hover,0.6666666666666666,3,0.025576052180346826,3.3658860431791573,0.11400305326328113
bleak_news_confirm_benefit_force_abstract_stove_clog,0.6666666666666666,3,-0.02294906167446616,7.689120738620659,0.022127402914384753
woman_puzzle_then_garment_edit_abstract_voyage_myth,0.0,2,0.6744423871606969,4.6680963561451865,-0.14379137262219566
such_solve_abstract_hospital_gloom_color_filter_asthma,0.0,1,0.0,0.9683824136693051,0.0
lawn_rule_emotion_depend_robust_siege_engage_child,0.3333333333333333,6,-0.9058519949825028,1.585001404081952,-0.007992570965896261
artefact_behind_unlock_pair_celery_seat_regular_dinner,0.0,1,0.0,0.9683824136693069,0.0
chimney_owner_behind_river_ostrich_shield_chair_stamp,0.25,4,0.05567660705861238,1.746398473026836,0.009591083059005308
emotion_various_blast_salad_sing_uncover_mass_wife,0.2,5,0.2769963688500837,0.9336192712290374,-0.18201889854426248
stairs_flame_essay_nation_drum_fossil_various_ridge,0.3333333333333333,3,0.36581523070231375,3.630741610335145,0.002417457794596937
follow_return_hip_clump_that_charge_neck_verb,0.6666666666666666,3,-0.3052551574684443,2.847208670274135,0.0
produce_also_alert_parent_snap_unknown_vanish_vendor,0.6,5,0.11949577414581922,2.0261518827516687,0.04060454665339498
search_soft_swear_congress_ivory_hawk_glass_valve,0.42857142857142855,7,0.22262548622595726,3.2705066433800916,-0.01455788937935316
elder_awkward_bicycle_girl_rebuild_fiber_wonder_acid,0.5,4,0.16599626809168458,2.377502106122928,-0.06887626360072063
trouble_sheriff_mean_album_tuna_foil_camera_bitter,0.0,1,0.0,1.9367648273386067,0.0
alter_festival_pyramid_desert_wild_kid_captain_roof,0.25,4,0.40177651966840683,1.5043028696095102,-0.028912892982404275
tag_amused_inherit_certain_alone_purchase_goose_dune,0.5,2,0.3461361803763531,2.6113223884850356,-0.02305547936523114
tennis_spring_goose_embark_ring_soft_twin_diet,0.0,2,0.0,0.9683824136693033,0.0
broken_soup_wet_hungry_lift_bonus_credit_warrior,0.0,1,0.0,0.9683824136693051,0.0
piano_bone_spike_chronic_siege_can_myself_involve,0.6,5,0.25808142617898716,2.524414532384367,-0.035762207955237546
owner_engage_idle_coach_empower_divorce_enough_satoshi,0.5,2,0.713003898970177,1.8498569712379416,-0.3201431608362514
skirt_garlic_distance_tent_party_board_trend_poverty,0.5,2,-0.14376807607173864,4.167354507200098,0.0
daring_balcony_tiny_vault_joy_scheme_cricket_item,0.5,6,0.03711773803907492,2.4264729148767405,-0.03293815756188067
tattoo_stove_assist_wet_false_warm_present_share,0.6666666666666666,3,-0.5350821572218077,4.011474318958693,-0.005049788276551744
media_enemy_give_budget_addict_enact_ski_cricket,1.0,2,-1.0066784998310279,3.2155227356412315,0.0013691827756734942
creek_stumble_hidden_echo_maximum_gate_hire_ancient,0.0,1,0.0,0.9683824136693033,0.0
margin_increase_green_review_resist_salt_tobacco_reflect,0.5,4,-0.1467522712743321,3.2507013426363462,-0.04137266314717353
possible_evil_purchase_various_bracket_put_direct_shadow,0.5,4,1.3877787807814457e-17,1.6946692239212833,0.0
turtle_parade_gift_blanket_ripple_tomato_wolf_taxi,0.3333333333333333,3,-0.36581523070231375,3.0320581438824292,-0.1506715554258148
agree_long_detail_civil_neutral_blame_express_behave,0.6666666666666666,3,-0.6711239248129459,2.4554422002436307,-0.1010972324178963
sure_ceiling_urban_useful_soda_stuff_bracket_wait,0.0,4,0.0,1.4525736205039572,0.0
cushion_trim_grace_cattle_field_grape_unusual_spike,0.0,2,0.6603965374730844,0.9683824136693047,0.002115677038842856
field_people_myself_invite_rely_virus_spoon_runway,0.6666666666666666,3,-0.35645960537750804,2.3285312973691155,0.031726251171675955
clarify_zoo_siren_hobby_build_club_fashion_relief,0.4444444444444444,18,0.056167578173378904,1.8539965189900924,-0.01805316406786978
service_scissors_business_blossom_kick_carry_diet_ramp,0.6666666666666666,3,-0.11199081110126567,9.372063760210239,0.0462932885621391
sure_fatigue_unaware_blame_warm_size_bargain_apology,0.5,2,-0.1110920725623129,0.7780160593575314,0.018649326358824103
relax_control_attract_identify_broccoli_broccoli_hand_spice,0.75,4,-0.3462454610626047,1.4525736205039574,-0.09242286558658208
swim_chapter_proof_olympic_draw_uphold_island_pull,0.3333333333333333,3,-0.06067667840589497,1.4870597865743254,-0.13501078445413892
hour_creek_lawsuit_grow_slight_major_tenant_group,0.3333333333333333,3,0.34966980364887384,2.916181002414872,-0.0693900661882648
occur_nut_bless_eagle_sheriff_impulse_seminar_airport,0.5,4,-0.3372707576932445,2.1871357518111543,0.0
venture_egg_caution_diet_nice_rude_giggle_turn,0.3333333333333333,6,0.05938332124148484,3.26794442567153,0.008632105294898643
execute_tide_strategy_rely_walk_firm_second_moral,1.0,1,-1.0197862157223734,1.5560321187150628,-0.04034310158198984
heavy_report_destroy_idle_usage_track_unhappy_barrel,0.0,1,1.607688272484868,5.048829064768736,-0.19618123228068463
mixture_chapter_daughter_finish_make_around_danger_want,0.5,4,0.6541457220754916,3.2507013426363454,0.01649943299484591
vanish_proof_hunt_urge_soda_child_shrimp_casual,0.4,5,-1.4657036866949098,2.4896513899441004,-0.059290313911754454
fruit_taste_surprise_inform_permit_supply_brain_soldier,0.0,1,0.0,0.9683824136693069,0.0
clip_process_aspect_cash_flavor_beauty_mesh_avoid,0.3333333333333333,3,0.23075745358423538,1.9367648273386093,0.030028565723760486
slam_grow_innocent_usage_negative_bid_friend_issue,0.0,2,0.4578827362026664,3.9769881528883246,0.07164253768961715
team_enroll_clap_group_orient_wonder_avocado_gate,0.3333333333333333,3,-0.32823266093005204,2.847208670274135,0.009324662810978657
useful_item_devote_vacant_word_antique_grief_proof,0.5,8,-0.4111943797132392,3.272428306661513,-0.01966694220593171
route_will_garment_jelly_impose_cook_paddle_slide,0.3333333333333333,3,0.1795612801421076,3.0430919052893874,0.0000247212112161795
crowd_tennis_captain_pistol_soccer_exchange_canyon_cargo,0.0,2,0.0,0.9683824136693033,0.0
resource_sand_speed_chief_asthma_radio_nephew_govern,0.0,3,0.29151666523675596,1.6250044508558001,0.05806993454408401
blame_regular_cage_dwarf_cross_cotton_suggest_lion,0.5,4,-0.29047053505443227,3.1037889163749064,0.004453487894682098
load_whisper_innocent_fox_absurd_fun_useless_drink,1.0,1,-1.3143163283347372,13.002805370545387,0.0
garden_canvas_uncover_amazing_auction_final_gain_typical,0.5,6,0.5331905401025362,1.8677924951978724,-0.20860298415671918
strike_announce_among_demise_hamster_wrong_cube_act,0.5,2,0.29365993147562697,1.8498569712379416,-0.06606811779618216
blur_obey_pitch_surge_clown_sphere_middle_hold,0.6666666666666666,3,-2.1162609416179463,3.81559108394344,-0.1349078668635964
smoke_very_vapor_song_dinner_library_slow_journey,0.3333333333333333,3,0.14711554893180104,1.6250044508557995,-0.018891530034178945
unfair_begin_task_swift_drift_memory_quick_weapon,0.75,8,-0.5061208050872147,3.3241575557670657,-0.014645077382851035
layer_web_layer_gain_battle_alert_hobby_act,0.5,2,0.19047965247890675,2.627873030595472,0.025975850112662305
canoe_ahead_muffin_shrug_marble_movie_pear_student,0.5,4,-0.13985703620443463,2.135406502705602,0.004075891873129164
pepper_shy_wine_enter_creek_family_peace_short,0.75,4,-0.6932798820505596,3.786621798576552,0.0890467559566133
target_spray_regret_trophy_leg_banner_chat_laptop,0.0,4,0.2187140037736828,1.7463984730268365,0.0
exit_special_moral_hello_diesel_sign_accident_now,0.0,3,0.6198987931073144,1.9367648273386102,0.01769782996000664
multiply_marine_estate_salt_window_record_brass_goat,0.3333333333333333,3,-0.07429369031460574,2.7782363381333988,-0.2801646496983205
glare_tell_crawl_emotion_such_double_oak_clap,0.5,4,-0.1274150966416715,4.210808435250431,-0.03211299247616736
prepare_smart_spatial_between_clown_gun_fat_real,1.0,1,-0.25081487464206154,2.317497535962154,-0.09933619983046399
type_raccoon_tree_ramp_banana_sketch_outer_pledge,1.0,1,-1.6052464716654233,6.224128474860253,0.17361587505909565
loop_walnut_spice_weekend_giggle_raw_paper_knife,0.0,1,0.0,2.9051472410079153,-0.3845324559643031
barely_actress_garbage_cost_base_silent_exhibit_solar,1.0,2,-0.7510183725243438,0.9683824136693051,-0.1615868391778734
long_spoon_poet_spirit_bless_shop_pattern_lecture,0.5,2,-0.202513801270418,1.5560321187150628,0.0
style_entire_bunker_void_attend_cloud_donor_mercy,0.5,6,0.12696775042139988,3.5617692781944092,-0.06186443906553988
above_permit_element_always_bracket_shoot_quantum_accuse,0.25,4,0.3796677210749038,2.86169331295758,0.0025431761196452046
inspire_foot_night_trade_light_approve_trap_sentence,0.4,5,0.00004662847574228301,0.7051796460549091,0.11925393800175925
unknown_skate_slight_heavy_current_spawn_lesson_tobacco,0.5,6,0.2977069344083357,1.291176551559073,0.03204673174378436
list_edit_frozen_also_board_nasty_find_credit,0.6666666666666666,3,-0.46078846690720204,1.8788262566048308,0.12716202560980697
ability_rival_spatial_verb_glare_merit_suffer_inch,0.6,5,-0.5811056197144971,1.8738587993022502,-0.0979425127615349
local_abstract_neglect_bacon_sell_december_term_spider,0.5,2,-0.5098931078611867,2.2305896798614886,0.11851934936369188
want_purpose_eyebrow_scout_attack_mule_talent_sweet,0.3333333333333333,3,0.13724299680655297,7.642215929293839,0.09994646639335486
chef_stable_because_odor_goat_proud_fox_either,0.5,2,0.4232599890748191,5.065379706879172,-0.14377081895156155
joke_describe_shop_scene_gravity_zebra_lobster_tent,0.0,3,0.0,0.9683824136693046,0.0
gas_acoustic_elite_brand_soul_pizza_peasant_guard,0.5,4,0.06278692207071139,1.9450401483938282,-0.02629032806213341
short_leopard_island_monkey_tornado_super_motion_notice,0.3333333333333333,3,-0.47703102527117763,4.5991240240044515,-0.18994304415935162
steak_extend_soldier_notable_female_surface_six_tonight,0.6666666666666666,3,-0.5967670035848117,2.916181002414872,0.19357122204632857
together_actress_word_frog_time_anger_abandon_aspect,0.4444444444444444,9,-0.17406876910809718,1.1449527917732978,0.016790954051115137
arrow_asthma_habit_puppy_position_next_struggle_kit,0.0,1,0.7711516133119991,10.511492122381892,0.42396484036175486
grief_pride_hello_mesh_sword_rabbit_educate_spatial,0.5,2,-0.17807507194845296,1.8498569712379407,-0.1297089337581807
almost_click_age_unknown_picnic_pear_hood_chief,0.4,5,0.10456939453453713,4.467799616567152,-0.03136678228700903
stomach_dog_napkin_shove_turn_develop_gossip_forward,0.5,6,-0.23089102817605567,1.3311795983329209,0.04271331485958083
faculty_song_floor_must_modify_nut_foster_local,0.6,5,0.1077367680852646,0.8574727295043282,-0.05415144135790171
puppy_prize_assault_attend_admit_flock_harsh_gentle,0.0,1,0.0,0.9683824136693042,0.0
trust_kick_museum_all_fragile_copy_ski_there,0.5555555555555556,9,0.04055960367378021,2.0287279368595925,0.04789636100448935
question_era_tone_fee_matter_awesome_fault_confirm,0.0,2,0.0,0.9683824136693051,-0.1566741765917795
abandon_thought_blast_orient_canvas_tide_farm_weapon,1.0,2,-1.172052121696923,4.270813005411204,-0.023119400145875768
among_away_foot_grid_dry_canoe_drip_ripple,0.0,1,0.0,0.9683824136693051,0.0
fox_home_garment_arctic_inject_trophy_join_tool,0.25,4,-0.10100261709803393,4.020442080938659,-0.06856579267933309
glare_parade_receive_boost_cement_easy_member_hospital,0.4,5,-0.03640600704353697,3.1468273798703925,-0.13221338843444613
collect_chapter_lab_sword_neither_moral_hurdle_raccoon,0.25,4,0.401922068121217,3.1555181654804594,0.061752006877350094
chair_stock_maximum_planet_base_velvet_glass_vault,0.75,4,0.08389329750408905,1.5994860467653975,-0.0022479074064205157
trim_pole_place_sugar_number_ecology_worth_rocket,0.2222222222222222,9,0.06515428256752515,1.1679435691535436,0.0068269850903000286
always_update_hat_mechanic_fever_below_pluck_oblige,1.0,3,-2.652273552670626,2.397503629509852,0.08159294527697909
isolate_try_amount_number_undo_satoshi_define_insect,0.3333333333333333,3,0.8884099891225041,1.3601488836998097,0.029446301596928872
creek_field_fatal_taste_more_country_dilemma_duty,0.0,3,0.37740450013268556,1.1642656486845577,-0.03367925804363855
increase_flight_sense_crisp_scissors_column_slot_current,0.5555555555555556,9,0.03776479103526358,2.520736611915381,0.016103211450248844
blast_section_horn_yard_evil_spice_chief_mutual,0.8333333333333334,6,-0.025546611650654527,1.6484568555192098,-0.035746328713031884
demise_autumn_grass_egg_congress_west_runway_level,0.6666666666666666,3,-2.4428394778248497,7.054566224248081,-0.05703333574765875
chicken_rare_festival_element_fade_chuckle_circle_bone,0.5,6,-0.4505264126112958,2.391986748806372,0.06993043691702673
stock_mechanic_year_crowd_bargain_garlic_fan_mystery,0.5,2,0.0,2.9051472410079153,0.02312135732398468
century_mimic_visa_tiger_slow_divorce_allow_bracket,0.4,5,0.256151534510151,3.5341803453381146,-0.13149437100852931
clump_reflect_artefact_blind_fade_concert_purchase_enlist,0.5,2,-0.3270951070556437,3.492796946053671,-0.07113385418503415
garment_auction_pill_pottery_chuckle_cherry_assault_journey,0.5,2,0.09111700102693454,3.993538794998763,-0.3265391567690115
coffee_flee_orchard_tent_prevent_blanket_tonight_chest,0.25,4,-0.17295895278840412,2.7147808866961407,-0.2274221686280502
head_battle_transfer_tired_crazy_method_sell_helmet,0.6666666666666666,3,-1.070168200819978,3.9425019868179567,-0.07973949592923606
scorpion_duty_monster_together_ice_decline_burden_hockey,1.0,1,-1.0974456921069413,4.254262363300766,0.27300524616204963
impulse_bird_fuel_hospital_illegal_tray_express_chronic,0.5,4,0.22582966614361988,3.4493430180033373,0.019212815955037515
spell_debris_demise_accident_unknown_piece_gorilla_rose,0.5,2,0.0,2.4209560341732637,-0.04876600977989151
spoil_alert_inherit_approve_tennis_daring_scout_mango,0.0,1,0.0,6.77867689568513,0.0
guide_hen_divide_rigid_credit_tired_uncover_bulk,0.5,4,-0.22867922052435846,7.219414174469452,-0.05340488635520041
ordinary_lamp_wife_ostrich_another_grit_acid_whip,0.5,4,0.08394323284524192,2.5678684604347013,0.09803437485804724
crater_ugly_loud_safe_siege_aunt_angle_swim,0.2,5,0.4246331869286819,1.2514459518162258,0.003700188362704182
wonder_borrow_only_potato_brass_hedgehog_upset_badge,0.0,1,0.0,0.9683824136693051,-0.32437452044043746
ozone_dice_amateur_explain_hair_wheel_then_record,1.0,1,-0.28666375067756644,3.492796946053671,0.0
cloth_expose_kick_task_age_shove_spoon_rail,0.25,4,0.08394323284524191,2.325772857017376,-0.08409372616877478
slam_rich_outdoor_hope_twist_boss_pear_elbow,0.5,2,-0.17807507194845296,1.8498569712379407,-0.1297089337581807
panda_tooth_insane_ivory_strong_affair_beef_census,0.4,5,0.445990117287321,3.10544398058595,-0.14510503053463894
organ_middle_muscle_possible_best_chimney_color_cram,0.0,3,0.4494201889163343,0.5986834664527159,0.04312810715840484
frame_replace_insane_anger_amount_great_decorate_practice,0.0,2,0.0,8.938909361556393,0.2769379347456306
sample_cattle_giggle_purity_float_coil_unit_uncle,0.3333333333333333,9,0.037308103486774186,1.7482374332613289,-0.023194120458072114
rain_end_evoke_neck_deliver_speed_screen_palm,0.0,1,0.10506933362493964,5.048829064768733,0.01581709914510049
curtain_tray_finger_million_depart_enhance_afraid_size,0.5,2,0.6079666020025152,3.389338447842567,0.3280755635090462
fury_fox_stand_roast_ugly_sound_rate_common,0.3333333333333333,3,-0.06067667840589495,2.1326480623538617,-0.0031082188492037774
brand_horse_furnace_arrange_believe_episode_flame_pet,0.0,1,0.0,0.9683824136693033,0.0
empty_kite_cinnamon_swear_burger_pigeon_stay_dog,0.25,4,0.6692158012474332,2.187135751811155,0.05481761813052667
rain_butter_circle_float_butter_fitness_hire_paper,0.3333333333333333,3,-0.3660095500005763,4.979856732627998,-0.057844247977879626
dice_bottom_still_erosion_agree_cable_broken_text,0.6,5,0.169179752107331,3.9149130539616612,-0.006569933433580077
never_burst_spell_canvas_vote_fine_dial_seven,0.6666666666666666,3,0.13486368431391546,0.12691090287451523,-0.012165963036978663
busy_tank_unfair_upon_mom_museum_guide_possible,0.0,1,0.5103255705202987,4.461179359722976,-0.00839221653581268
viable_favorite_live_property_insect_ensure_special_version,0.6666666666666666,6,-0.20050170510286716,2.323014416665636,-0.024002660151632476
mule_bless_valley_nerve_such_turtle_grant_brand,0.25,4,-0.012181918772981692,3.9769881528883246,0.057890497432672994
prize_inmate_health_mask_give_fossil_return_embark,0.0,4,0.27436142302673533,1.3573904433480708,0.17508035993052434
peace_pen_iron_prefer_river_woman_heart_cotton,0.4,5,0.18317059418860598,4.620092700016571,-0.01257696701712877
owner_horn_remain_tree_actual_tape_feel_note,0.3333333333333333,6,-0.10095631751125411,2.7547839334699886,0.021262026539638507
owner_copper_enjoy_comic_swift_humor_profit_garden,0.0,1,0.843809259471917,10.859123546784565,-0.3083859389525099
smile_until_neither_inquiry_leopard_drop_evoke_iron,0.5,2,0.547560321254868,0.7780160593575314,0.0
gesture_outdoor_truck_annual_scare_pull_term_quiz,0.5,2,-0.20258666567711758,9.613466922702818,-0.20136271254346394
check_spatial_photo_life_marble_sister_capital_patrol,0.2,5,0.18315309448106656,3.5341803453381146,0.018628117265666856
water_blouse_urge_sand_merit_excuse_boss_during,0.5,6,-0.212010899975707,2.622356149891994,-0.06782329872566328
guilt_favorite_region_snow_catch_excess_fame_analyst,0.0,1,0.0,4.841912068346524,0.0
proof_foam_twelve_frog_icon_verify_search_ramp,0.3333333333333333,3,0.03922049964959253,4.000440557551734,0.008880633915306912
paddle_trigger_champion_floor_coyote_screen_trumpet_trim,0.3333333333333333,3,0.25382441960104807,6.985593892107345,-0.0054982244116806855
pulse_flower_bean_unfair_then_auction_fog_occur,0.36363636363636365,11,0.3927688996298817,1.0752278145867151,0.0015329825616178189
concert_surround_decrease_promote_cry_zebra_science_width,0.5,2,-0.4374280075473656,4.738453570135419,0.002118475762280164
scout_clinic_inspire_exercise_lock_orphan_when_same,0.3333333333333333,3,0.4616606147501396,3.170002808163904,-0.003996284746081398
soap_summer_minimum_sniff_witness_banana_much_accuse,0.6,5,0.1830831313778513,1.7497086014489234,0.011737267638030647
you_hockey_practice_help_network_cook_fun_parrot,1.0,1,-0.28746324786800403,3.1120642374301255,-0.23524396815126758
session_sister_radar_unfold_medal_pumpkin_cinnamon_topic,0.5,2,-0.29350454254866415,3.993538794998763,0.1568541637569601
hip_impact_attract_rapid_square_bulk_pipe_wedding,0.4,5,0.11746397259025079,2.2893546503660644,-0.04146138521757028
wash_outer_candy_grace_scheme_foot_kind_equal,1.0,4,-1.2322168149715362,0.7862913804127503,-0.15782934733507237
prize_shove_raise_net_north_thumb_upon_bike,1.0,1,-0.40517333135423517,0.5876497050457576,0.0
palm_gloom_first_venture_cherry_girl_inmate_loan,0.25,4,0.3462454610626047,3.587980123209559,-0.026375473300251584
game_pigeon_once_cool_practice_guitar_secret_napkin,0.5,16,-0.262911602424549,0.8059495141741125,0.1278455704992401
general_buyer_when_tuition_crew_degree_maximum_setup,0.25,8,0.24280180428664094,1.7939900616047795,0.010115593829243347
execute_element_artwork_drip_broccoli_iron_wise_congress,0.0,2,0.0,1.4525736205039568,0.0
tissue_embody_pet_possible_cargo_bird_negative_intact,1.0,1,-0.2501519003235495,11.066040543206773,0.1631981571234975
grass_dune_grunt_viable_army_board_drum_amount,0.0,1,0.04077824300713662,10.097658129537468,0.1123546132777804
pig_leg_urge_weird_wasp_source_patch_other,1.0,2,-0.6400710102308732,3.389338447842568,0.28404038234450146
program_pet_smile_timber_giant_window_nuclear_divide,0.0,1,0.0,0.9683824136693051,0.0
people_just_useless_income_detect_zebra_candy_dwarf,0.75,4,-0.08151489951899019,2.1354065027056017,0.10315569188346321
shed_keep_ignore_deposit_home_pill_rigid_draft,0.0,1,0.3358892784287359,3.492796946053673,-0.04156137079114064
spring_news_laugh_sight_diamond_cool_cradle_olympic,0.5,4,-0.22886124891492599,2.9651518111686856,0.14714346117896004
father_twice_food_meat_indicate_boost_punch_manage,0.3333333333333333,6,-0.18290761535115688,0.841471510794789,0.0
fault_coach_slice_canal_deputy_prevent_parent_they,0.6666666666666666,3,-0.36581523070231375,4.196323792566987,0.05107867552118428
large_document_travel_valley_impose_oil_beauty_advance,0.6666666666666666,3,-0.4400507067804637,3.0430919052893888,-0.14235520904025778
practice_adapt_spoon_crowd_oil_high_soul_hire,0.5,6,-0.07822459769142513,3.625224729631667,-0.09585780967474504
egg_food_tortoise_bullet_napkin_now_service_clerk,1.0,1,-0.1053021500896083,0.5876497050457594,-0.007992562123495306
route_nerve_what_please_lumber_wide_bag_useful,0.5,4,-0.08895028583890874,0.5876497050457581,0.0
half_vast_smart_join_answer_trash_nerve_beach,0.3333333333333333,3,0.34034291602023686,3.1120642374301255,-0.03629282696879965
garlic_pull_ranch_uncle_train_unfold_iron_curious,0.2857142857142857,7,-0.25183521192299113,2.553974103301826,0.02216431671500685
tragic_void_element_gentle_normal_blanket_slow_pen,0.36363636363636365,11,0.01628948841375116,1.7479030768550579,0.020469920860708538
order_web_cross_snow_sure_inside_mystery_glove,0.6666666666666666,3,-0.5225947584201903,2.9741195731486503,-0.12821680060981053
vintage_resemble_custom_expose_floor_miss_lock_tube,0.5,4,0.0,1.4525736205039568,-0.03422413049772016
stadium_cram_mom_voyage_whip_tower_deny_report,0.25,4,-0.10123869449336459,2.524414532384368,-0.035566927092517076
dilemma_bottom_fold_mixed_other_evoke_peace_comic,0.5,2,-0.08694372759285918,1.8498569712379416,0.2996020424303171
hospital_bind_vacuum_chief_wheel_rely_tuna_copy,0.4,5,0.36719362202900535,1.7149454590086564,0.006508233389423834
regular_syrup_hedgehog_gauge_truck_ask_dentist_coconut,0.5,2,-0.7838921376302855,1.5560321187150619,-0.15411579956818786
admit_excess_winner_leisure_ignore_dust_open_hero,0.3333333333333333,9,0.14414269663541157,1.982746382099101,-0.004508628188536195
pledge_couch_earth_artefact_swear_transfer_vendor_debate,0.5,4,-0.3462454610626047,2.3775021061229276,0.0156777281292189
banana_polar_offer_bracket_sting_allow_sad_obey,0.5,4,0.3180163499635605,2.524414532384367,0.09250149035999439
noodle_produce_dawn_face_symbol_action_sell_attitude,0.6666666666666666,3,-0.19515341864768332,1.556032118715062,0.0
select_dwarf_cradle_discover_ahead_tragic_screen_equip,0.5,2,-3.8668823345521286,1.36566576440329,-0.05369128362529468
during_umbrella_blame_pilot_truly_lyrics_obscure_topic,0.8,5,-0.21380088641170905,1.2034422956876079,0.042287954405762676
require_access_crouch_since_note_business_field_debate,0.6,5,-0.18315309448106656,2.0956781676322036,-0.022650068575291192
virtual_invest_race_notable_antenna_want_cherry_grant,0.3333333333333333,3,0.363345121545519,6.408977948468544,0.17134744931529347
ring_image_unusual_lion_owner_valve_arrest_talk,0.5,2,0.5489560020011759,3.198972093530794,-0.2863734215880709
crop_face_carry_popular_omit_garden_mosquito_end,0.0,3,1.0450277481917516,1.4291212158405469,-0.08458977055936885
hair_cheese_predict_brother_distance_flee_flush_pluck,0.0,3,1.8155091200888418,3.619707848928188,-0.13888299907706197
often_reason_best_subway_ready_exercise_guess_toss,0.5,2,-0.40510046694753554,3.890080296787657,-0.19576737204106073
legend_flock_south_canoe_seed_round_evidence_tail,0.5,6,-0.10095631751125411,3.0775780713597567,0.0003330225007288819
bid_capital_citizen_grace_beyond_drink_gold_danger,0.5,2,-0.14371947735703858,0.8814745575686374,-0.2113988618525275
school_spoon_wrap_proud_busy_enhance_tomorrow_impact,0.5,2,0.024322302470967117,3.492796946053673,-0.4143782922162278
palace_federal_giggle_army_cube_cart_other_evolve,0.3333333333333333,3,0.2700669779650237,4.9108844004872605,0.03159789123656772
floor_arrow_whisper_casual_large_hip_grain_used,0.5,2,-0.20258666567711758,0.7780160593575314,0.0
cage_soldier_twice_pistol_lottery_illegal_liberty_describe,0.5,4,0.029427520871557783,3.0603349883245725,-0.19358587631593635
heavy_income_scale_online_whip_virtual_cause_student,0.5,2,-2.373158027775972,0.5876497050457581,0.0
goat_voyage_circle_dutch_health_sister_minimum_monkey,0.3333333333333333,3,0.0,1.498093547981284,0.004468621468081806
path_derive_ivory_market_total_pulp_engine_hip,0.6666666666666666,3,-0.8267008289200515,3.942501986817956,0.019752405684989344
check_side_inmate_super_hobby_reward_husband_fortune,0.3333333333333333,3,0.0,2.466475961650589,0.14357554784238089
risk_best_glow_chef_satisfy_congress_asthma_certain,0.0,2,0.5489560020011758,3.683163300365446,0.05594797907647214
october_slogan_plate_eyebrow_describe_miss_ice_trash,0.0,2,0.12046169684409525,10.30457512595968,-0.14327790234257193
weapon_spike_private_ill_keen_solar_expand_then,0.5,2,-0.09113158879819816,1.262207266192184,-0.03596656271473253
gate_rabbit_make_wheel_scene_nest_innocent_faith,0.3333333333333333,6,-0.1745093808724287,0.7490467739906425,0.010825525994346922
fossil_found_little_gorilla_current_nature_chair_dose,0.42857142857142855,7,0.0961867298690775,1.2202322872603442,-0.07609092673134046
bring_tuition_disorder_reduce_leopard_company_van_twenty,0.3333333333333333,3,-0.2307574535842353,2.1436818237608204,-0.031038620513661904
despair_lounge_swing_expect_measure_ripple_produce_urban,0.0,1,1.0957008901765066,7.333225316510017,0.8038989119730392
rice_engage_return_ski_element_scare_napkin_excite,0.0,2,0.0,1.4525736205039568,-0.01763066078045839
leaf_young_indicate_unusual_curtain_ship_upper_lobster,0.25,4,0.07173848958305912,1.547756797659844,0.016899060377930902
clarify_like_advance_exact_taste_morning_rough_inmate,0.0,2,0.11135321411722476,2.524414532384366,0.0
insane_mouse_test_tilt_latin_honey_forest_suffer,0.6666666666666666,3,0.4172958964203777,4.149418983240167,0.030330884320404723
hidden_loyal_clap_review_screen_tilt_blossom_moment,0.5,4,0.23635506624897698,4.2190837563056505,0.008299975926069028
afford_poet_rotate_find_endless_tag_orchard_want,0.2857142857142857,21,0.17240161020505826,0.7425439272081665,-0.035465071436800895
morning_prison_another_fish_total_loan_wash_tribe,0.4,5,0.13279701447334769,1.7083252021644817,-0.025827802676907465
lounge_city_brick_stomach_much_clutch_prize_usual,0.0,3,0.7086913140451343,3.6197078489281878,0.0
book_nerve_lady_mouse_fiber_festival_answer_two,0.6666666666666666,3,0.08371589609428183,1.9477985887455684,0.224300491613445
fragile_trumpet_swift_book_harsh_grace_indicate_quantum,0.0,2,0.16788646569048382,8.835450863345287,-0.1533960134224372
marine_minimum_common_shrug_match_thank_essence_uncle,1.0,1,-0.5087320994020095,17.670901726690573,-0.02516145593204011
cricket_aunt_job_opinion_unknown_decrease_smart_oval,0.0,3,0.9010528252225916,5.5564726762667975,-0.023977708476488353
twelve_axis_auction_ostrich_deal_palace_venue_drink,0.0,1,0.11319744225164484,3.699713942475885,-0.1519178486679315
thunder_market_high_regular_soft_grace_where_loop,0.0,1,0.0,-0.17381571220133551,0.04795540811057586
tell_version_bus_monkey_major_extra_critic_time,0.0,5,0.5765913675549011,1.2034422956876079,0.00724508339162625
decline_about_sketch_want_exile_wide_fluid_number,0.5,4,0.19036831470078608,3.0603349883245725,0.05989341822518034
oppose_hope_impose_detect_virtual_theory_syrup_kid,0.25,4,-0.07181118955296754,2.7665101358016932,-0.0018707502942958976
robot_reflect_all_witness_slush_injury_cup_bless,0.3333333333333333,6,0.06745603476820479,1.1008101972472994,-0.03775413250028461
spread_owner_toss_balcony_canyon_rare_style_absent,0.6666666666666666,3,-0.17269175374682585,7.181477127122598,-0.23806196774401775
velvet_spy_woman_merge_business_cricket_miss_victory,0.6666666666666666,3,-1.6153877073034544,4.265296124707724,0.004386785645046687
snake_clump_slice_inherit_zero_sadness_false_page,0.0,1,1.0974456921069413,2.524414532384366,0.023290693928558204
trouble_blind_common_grant_earn_exit_negative_fever,0.5,2,0.0,0.9683824136693051,0.12057555461853098
enroll_dust_donor_clap_erosion_shell_actual_oval,0.5,4,0.046928938874801054,1.7463984730268352,0.03408308708498141
salute_elbow_gain_clump_laptop_digital_choice_second,0.5,4,-0.4704098112534909,3.1037889163749064,0.11975567074090855
grocery_human_dismiss_artefact_umbrella_jewel_catch_blame,0.5,4,0.029427520871557783,2.5761437814899195,0.12247362595560482
planet_husband_world_fee_lecture_volume_canyon_knee,0.6666666666666666,3,-0.631135487859844,3.5617692781944092,0.0
turtle_stumble_ceiling_curtain_bronze_tone_coyote_whisper,0.75,4,-0.750926278727401,3.198972093530793,-0.1593334863777615
victory_kiwi_explain_devote_escape_hire_strong_rely,1.0,2,-0.346427659323747,3.302430591741899,0.10881923338028013
rose_path_age_camp_wife_squirrel_soccer_canvas,0.0,1,0.0,0.9683824136693069,0.0
rely_disorder_region_city_mass_vacant_organ_install,1.0,2,-0.9006315390272221,2.6113223884850347,0.12888017200812374
giraffe_improve_envelope_gold_credit_unusual_maze_normal,0.6666666666666666,3,-0.28209933460803194,4.979856732627997,0.1055018972537735
canal_stem_shiver_ridge_filter_possible_forget_figure,0.0,2,0.4230658019818786,7.382877242841328,-0.3037148747029189
stove_hungry_turkey_million_door_retreat_still_silver,1.0,1,-0.324331142939128,-1.316013838071978,-0.004795534621377051
street_quiz_hamster_staff_duck_situate_direct_among,0.0,2,0.052607361497092664,1.8498569712379416,-0.07610834452051773
radio_history_gentle_easy_enough_chapter_depth_unfold,0.0,1,0.33597243330379706,0.5876497050457559,0.0
crash_demise_insect_truck_swap_inner_inch_juice,0.0,2,0.5488685430192742,1.7463984730268347,0.0
local_remember_file_decade_like_short_hub_margin,0.3333333333333333,3,-0.19515341864768332,2.2016203944945993,0.12273708124361564
hero_fatal_diary_either_canyon_grief_initial_acquire,0.5,2,-0.07692962160552552,2.230589679861488,0.0
clip_rifle_appear_rain_burden_forest_gloom_boss,0.5,4,-0.06268295243267386,2.8182393849072467,0.08826709082150222
prepare_web_huge_oil_lend_course_when_inflict,0.5714285714285714,7,-0.12087594342339389,1.7735936664999468,-0.007193308248066093
dish_pigeon_still_lab_bus_like_depth_have,0.5,4,-0.27436142302673533,3.1989720935307933,0.03243004716752457
lunar_empty_ensure_pride_pass_furnace_damp_shadow,0.3,10,-0.05563926181429561,2.25128137950371,0.016510557791325396
vacuum_process_sign_trouble_vital_vapor_poverty_sadness,0.5,2,0.4574893944935778,6.501402685272692,-0.19282478838318273
foil_prosper_hen_know_lady_strategy_aware_miracle,0.2,5,0.5765913675549013,1.978148226623052,-0.03356878877224338
churn_attend_pass_kit_diesel_smoke_leg_funny,0.6,5,0.06198854371712374,4.080446651099431,-0.09180608975198837
embody_tube_license_quality_jaguar_uncle_fix_trick,0.5,4,-0.12753145728892182,1.7463984730268356,0.1229754155567135
client_level_observe_bus_amazing_boring_session_slide,0.6666666666666666,3,0.0,2.582353103118146,0.0
lawsuit_thought_buffalo_income_bullet_slow_ceiling_struggle,0.3333333333333333,3,0.6702225417529784,2.132648062353862,-0.04268304253323616
bulk_sound_appear_dust_elite_daring_hair_rocket,0.0,2,0.19464002924983098,1.6429399748157287,-0.0005708941365350773
suffer_inside_group_purity_tooth_leg_twice_alter,0.14285714285714285,7,0.38659756558965314,1.2403343484004097,0.03458276600346456
business_fatigue_monkey_swear_nephew_sweet_appear_proof,0.6666666666666666,3,0.3796411297960665,1.3022103129660312,-0.02131351741765619
jewel_cat_razor_begin_sister_canoe_screen_barely,1.0,1,-0.22305598890762035,1.5560321187150628,0.0
advance_tourist_steel_embody_machine_unlock_cattle_solution,1.0,1,-0.6916904217843709,2.731331528806578,0.036446557516194744
act_resemble_analyst_shell_soon_defy_drill_emotion,0.6,5,0.2593903659706253,4.543946158291861,-0.004795545232258014
crane_buyer_wise_wet_banner_birth_favorite_dilemma,0.5,12,0.27143230877264024,0.9566562113376,0.027529833212420474
tilt_lecture_engine_ill_super_marriage_romance_decide,0.0,1,0.0,0.9683824136693033,0.0
light_moral_cheap_earn_ceiling_knee_foster_slam,0.5,2,-0.3460270071915001,3.1120642374301246,0.08351029129147347
van_company_math_empower_develop_gauge_wild_goddess,0.5,6,-0.3654277224361129,4.979856732627997,0.010144413608423128
city_squirrel_advance_good_capital_north_expect_smart,0.0,1,0.0,0.9683824136693047,0.0
only_truck_report_chicken_obey_section_yard_trust,0.6,5,-0.30040734900973753,1.743088344604748,-0.0687349965383337
dress_shiver_master_broccoli_strategy_amused_limit_cave,0.2,5,-0.11188562896354766,2.2893546503660644,-0.1070646189692523
sense_spoon_rare_exclude_never_print_work_expand,0.5,2,-0.0870600543396105,2.4375066762837,-0.3525835879655091
picture_country_decline_never_arrive_they_pattern_wealth,0.25,8,0.7498802048887624,1.5518944581874532,0.0
funny_flame_sniff_economy_chef_suspect_era_certain,0.0,1,0.845898760536655,0.20691699642221195,0.0
ugly_egg_erase_dove_coyote_brisk_small_peace,0.5,2,0.29319427155386324,8.16089330219886,-0.20857867979041578
across_mixed_umbrella_pulp_actual_future_pause_swallow,0.6,5,0.1542303226623998,2.4896513899441,-0.009622882404601019
base_zebra_kind_find_mixed_such_thunder_vacant,1.0,1,-0.4047364634521344,1.1752994100915153,0.0
purpose_boost_paddle_alpha_cushion_light_stone_poem,0.6666666666666666,3,-0.8274758454524532,2.0057371594793465,-0.004284821136813957
payment_slush_cinnamon_pilot_because_spin_saddle_faint,0.6666666666666666,6,0.0485655540438919,2.259558965228378,-0.07314263003484703
normal_season_inject_voyage_curtain_soft_tumble_ship,0.5,4,0.0,4.608091785984417,-0.05927617431501172
simple_chief_rice_pink_slow_sure_hood_multiply,0.0,1,1.3482605667490029,8.574727295043283,0.11715015914629312
travel_movie_minute_crop_case_jelly_wolf_verify,0.42857142857142855,7,-0.06704965516407868,2.99382595376029,-0.0037367859662683156
obey_cloth_shift_april_sight_engage_shuffle_steel,0.0,1,2.2986526992092404,0.968382413669306,0.4448890088571799
brown_cover_comfort_fly_bone_arrange_hammer_limit,0.6666666666666666,3,-0.5805126495020467,5.17573996764325,0.022116800542445542
palm_couple_monkey_sound_jewel_chef_best_market,0.6,5,-0.27115172980523405,2.0956781676322036,0.011565714409275197
victory_title_orange_donate_degree_same_library_cattle,0.42857142857142855,7,-0.4176085491782948,1.3041822451240237,-0.029801419695534674
luxury_stereo_copy_result_run_cost_leaf_loyal,0.25,4,-0.10123869449336459,2.524414532384368,-0.035566927092517076
deal_garbage_hamster_cave_despair_auto_ivory_shrug,0.3333333333333333,3,0.19476804618842203,1.3601488836998097,0.0
error_switch_trust_okay_witness_sorry_dumb_twelve,0.5,4,0.2112421855465466,1.2187533381418496,0.0
dry_catalog_icon_fiscal_tip_penalty_deposit_crazy,0.25,4,0.1395580496974061,5.671657376809607,0.08858464572879349
increase_distance_fortune_tongue_hundred_menu_stumble_choice,0.0,2,0.3808699146669716,2.334048178072594,-0.01461595915611899
virtual_gadget_cost_hawk_excite_wage_odor_random,0.0,2,0.12540743732103077,1.262207266192183,0.0
fit_cigar_actor_tuna_maple_venture_fluid_infant,0.4,10,0.05793559163565294,1.5146487194306202,-0.061560214999893746
boat_grunt_bean_arrow_post_build_envelope_spin,1.0,2,-0.7510183725243438,2.9051472410079135,0.1100442719413389
must_doll_fetch_pear_pretty_energy_gain_height,0.3333333333333333,3,-0.06067667840589495,2.3975036295098513,-0.00888063301725058
recall_crazy_romance_soup_garage_split_capable_offer,0.0,1,1.5356450706255336,2.9051472410079135,0.0
place_sure_chair_symbol_craft_tube_loud_right,0.3333333333333333,9,0.020209402745255203,1.3371581063195643,-0.005738254415405702
badge_lazy_debris_boat_syrup_episode_cushion_minute,0.0,1,0.3355985632741705,0.5876497050457594,0.0
distance_purse_romance_capital_dynamic_depend_coin_track,1.0,1,-0.6922723607527062,7.399427884951765,0.23430034604302208
pink_thumb_rain_candy_hockey_scrap_ring_copy,0.5,2,-0.42348214848060795,3.960437510777888,0.03412211195299386
host_orchard_shadow_notice_carpet_magnet_sugar_evidence,0.25,8,0.17310090019263139,1.1887510530614642,0.0
annual_forum_chuckle_minimum_joke_gym_snake_describe,0.0,3,0.5009507400825323,3.376919804586116,-0.00523534237160959
claim_post_expect_penalty_grass_nature_shoot_job,1.0,1,-0.4051004536628547,12.034422956876085,-0.14312601348602094
novel_physical_foil_derive_pretty_exit_bag_able,0.0,2,0.2693419202131614,1.659490616926167,0.0
flash_diet_mosquito_yellow_truth_maple_favorite_edit,0.0,2,0.5489560020011758,1.7463984730268356,0.0
list_hold_flush_betray_hood_organ_salute_three,0.0,3,0.7819486681735349,3.2969137110384192,-0.0968916747098274
engine_they_oil_orphan_label_portion_reveal_absorb,0.25,4,0.10129333283855879,2.524414532384368,0.039893062308989036
advice_cradle_setup_convince_chuckle_lizard_donate_renew,0.6666666666666666,3,-0.4599201136891484,2.8472086702741364,0.06864869527743038
stove_tree_soccer_color_rescue_undo_trap_lift,0.6666666666666666,3,-0.09992958114238894,1.682943021589578,-0.13272654622942973
wing_maple_left_garlic_grab_critic_capable_flee,0.6666666666666666,6,-0.11119831279749608,3.8845634160841773,0.020057865514346223
transfer_hint_math_giraffe_stand_portion_similar_drum,0.25,4,0.08394323284524197,2.7665101358016937,0.016500543870815176
weird_pet_useful_draw_impact_record_lemon_obey,0.6666666666666666,3,-0.3656211378981508,1.0952933165438206,0.0794760390268821
devote_vital_hello_jewel_similar_before_room_web,0.6666666666666666,3,-0.23075745358423538,4.726034926878967,0.004795541990044357
normal_toy_daughter_box_large_bounce_unhappy_home,0.0,1,0.0,0.9683824136693047,0.0
sell_income_occur_fog_farm_fossil_edge_sting,0.0,1,0.0,0.9683824136693051,0.0
law_puzzle_whisper_ocean_small_medal_invite_clerk,0.0,1,0.0,1.9367648273386102,-0.6416455231355631
capable_donor_dirt_trial_twenty_skill_kite_fee,0.0,1,0.0,0.9683824136693051,0.0
athlete_beach_stone_arctic_ski_wrestle_address_crouch,0.25,4,0.21138743743012262,2.7147808866961407,0.04841518080956628
meat_loan_print_turn_require_theme_leader_release,0.5,2,0.2026231178148542,4.3742715036223085,-0.33957811349698946
siren_congress_gown_spirit_this_solution_arrive_wasp,0.5,2,0.0,1.9367648273386102,-0.10772938099139215
dawn_come_child_truly_silent_rely_limit_survey,0.6666666666666666,3,-0.5069055646848935,2.14368182376082,0.08321951489121991
eye_chronic_powder_ghost_balcony_exotic_lesson_burden,0.0,2,0.8035530393368135,5.913752980226934,-0.35180454636135217
hurry_audit_guide_course_borrow_false_solution_three,0.0,2,1.3732548668989106,1.36566576440329,0.014809766904402166
remain_various_nation_elephant_flush_field_kiwi_joy,0.75,4,-0.675614884412008,5.58474952070894,0.25282980583263254
slide_weekend_urban_time_village_blind_horse_flat,0.0,1,0.8455497497204902,4.08044665109943,0.0
wise_audit_meat_sentence_attract_benefit_lawsuit_brush,0.3333333333333333,3,0.18610166383620663,6.340005616327808,0.06830013072221448
neck_kiwi_believe_nerve_valid_fork_journey_bulk,0.42857142857142855,7,0.09889605153610088,2.7467048350579475,0.06801195454445796
arrow_body_door_follow_all_blood_radar_main,0.3333333333333333,3,0.23097955129660877,2.3174975359621572,0.0
basic_fever_cart_riot_ladder_box_local_dial,0.3333333333333333,3,0.24520787296091753,3.1120642374301255,-0.008017287755911965
sustain_cereal_pizza_kid_athlete_stay_stumble_spin,0.4,5,-0.03078847961722242,1.6669418028800393,-0.00719330989022624
mosquito_sea_upper_token_pepper_happy_dash_party,0.3333333333333333,3,-0.03922049964959251,2.455442200243631,0.00042065953553116486
fury_leaf_clap_pave_thrive_dress_fly_broken,0.0,3,0.3578685560770574,3.8845634160841773,0.14393430065397492
fringe_hidden_arrow_pony_head_enough_shop_filter,0.3333333333333333,3,0.0,6.0751500491718184,-0.03345525663001866
practice_excuse_frog_artist_web_exhaust_fall_ginger,0.5,4,-0.16312886437692026,4.608091785984417,-0.12651190443581073
liar_decorate_crunch_dad_episode_celery_tooth_march,1.0,2,-1.2930944256763588,2.230589679861488,-0.6043468966730635
umbrella_sibling_swarm_true_curtain_punch_hat_crisp,0.6666666666666666,3,-0.3656211378981508,1.7519153537303154,-0.033968416657358134
hockey_across_observe_carry_logic_pepper_swamp_pelican,0.5,4,0.1012933328385589,2.282318928967041,-0.05215150753608133
forward_result_town_creek_brass_vapor_unaware_soup,0.0,1,0.1741533958518903,1.7629491151372747,0.11142579222566662
switch_poem_gaze_cost_leader_flip_anger_tide,0.4,5,-0.21937268273889052,0.8574727295043283,-0.047907687281493805
away_hurdle_all_piano_slide_there_expire_leopard,0.5,2,-0.09101501760884242,1.7463984730268374,0.004662328273805666
news_confirm_between_scare_slush_kangaroo_burden_leopard,0.0,1,0.0,0.9683824136693051,0.0
require_couch_wife_oval_define_pupil_nut_argue,0.0,2,0.8926098758679789,5.135736920869402,-0.3461325887112422
corn_into_hospital_forget_usual_salmon_injury_day,0.5,2,-0.5220808888966374,2.1436818237608213,0.0
swallow_shiver_kind_matrix_loud_jewel_enlist_mushroom,0.0,2,0.024322302470967005,3.0086057392190204,0.0
foam_display_bamboo_moment_intact_two_marriage_chapter,0.6666666666666666,3,-0.22095199343892005,4.921918161894219,-0.12909026506086083
record_behave_round_switch_screen_orbit_lawsuit_avoid,0.0,1,1.3849818442504187,1.9367648273386093,-0.2335440597320707
meadow_odor_tape_rather_side_caught_duck_practice,0.3333333333333333,3,-0.3660581652651828,4.323234695441502,-0.07787110835525753
electric_chef_ankle_obey_cheap_coconut_tooth_stadium,0.5,2,-0.1438045468309116,3.0086057392190195,4.421200433535333e-9
steak_cute_heavy_garage_cushion_pretty_paddle_desert,0.0,3,0.40030520439023065,2.386469868102893,0.01394722677117031
mosquito_scout_thumb_uniform_wage_spoil_resource_stick,0.0,3,0.4400507067804636,4.138385221833208,0.019077711274275266
man_tennis_random_route_kit_casino_alpha_position,0.25,4,0.10826834234474622,3.397613768897785,0.04467825600382613
multiply_outer_awake_begin_kid_stereo_father_garden,1.0,2,-0.5489560020011758,3.095513595319688,0.19038354332246055
like_addict_draft_bullet_hospital_spray_lift_rival,0.0,3,0.0,2.9051472410079135,0.002664194743165834
ordinary_art_march_tank_hair_walnut_slam_blood,0.6666666666666666,3,-0.26033713991435653,4.334268456848462,-0.057844242819812486
noise_frozen_eye_brain_alpha_alcohol_situate_dragon,0.3333333333333333,3,0.2621203033397674,9.83280256238148,0.017252138900254493
priority_much_toward_slide_harvest_act_primary_high,0.0,1,0.0,0.9683824136693051,0.0
deputy_crater_cost_kid_trick_crowd_spring_credit,0.0,2,0.880948538184545,4.564637857934082,0.12888766096752968
palm_magnet_useless_stone_check_already_foot_together,1.0,2,-0.6385753388637104,5.15228756297984,0.08023308477603251
viable_dignity_witness_blouse_leg_bird_trial_they,1.0,1,-0.22270642823444953,0.5876497050457576,0.039121522494817706
swamp_trick_night_connect_stumble_where_twist_brand,0.0,2,0.0,0.9683824136693051,0.0
hair_afford_bonus_around_swap_chalk_eternal_seven,0.42857142857142855,7,0.30181562138283163,3.216116256433871,-0.04680321626655056
solution_feel_slush_language_error_logic_rebel_flip,0.0,3,0.3051385522964188,5.175739967643252,-0.07473482137862288
must_special_oyster_fee_argue_comfort_output_swarm,0.0,2,0.4720015034651698,0.5876497050457576,0.03379813382115515
earth_volume_broom_cage_short_quarter_travel_bottom,0.5555555555555556,9,0.20336100627857404,1.8098539244640937,-0.0452829797796886
early_hover_kangaroo_horror_mixed_dice_lava_six,0.3333333333333333,3,-0.23061193705120556,2.0057371594793465,-0.10586708372943483
border_afford_wise_panic_clip_country_high_swarm,0.3333333333333333,3,-0.19569558261408795,1.5449983573081039,-0.003496745100054155
donkey_trend_world_snake_kitten_brass_foster_light,0.5,2,0.29365993147562697,4.755004212245856,-0.12763985504832548
catch_hill_enlist_citizen_expect_chat_usual_that,0.4,5,0.007263808850913456,2.953150897136532,0.10597325826175816
buddy_reason_lucky_city_green_decrease_bracket_tuna,0.0,2,0.803844136242434,1.5560321187150628,0.2708844489869749
caught_glue_beach_develop_claw_erosion_heart_follow,0.5,12,0.0744166942596587,1.50430286960951,-0.031069848317608378
list_project_mobile_among_tiger_earn_machine_patrol,0.3333333333333333,3,0.3051385522964188,2.2705927266353356,-0.13929316932302602
exercise_pitch_silly_foam_parade_future_pipe_drill,0.25,4,0.5194775261040646,2.2305896798614886,-0.009076789232701651
patch_armor_response_innocent_donor_family_small_afford,0.3333333333333333,3,0.4172958964203777,4.472213121129935,-0.07044782196157233
soda_limit_space_reduce_imitate_mule_capital_lamp,0.6666666666666666,3,0.08727991323209754,2.9961870959625685,0.03934650434667181
east_forest_reveal_hole_color_ostrich_leaf_loan,0.6666666666666666,3,0.051237979522291255,5.948239146297303,-0.08694763094445752
sleep_youth_draw_end_move_drum_gun_glimpse,0.0,1,0.25081487464206154,2.524414532384366,0.0
little_choose_fix_valve_scout_sight_tube_duck,0.3,10,0.10197862157223733,1.3764270787792476,-0.038090489009424335
hub_page_doll_interest_cash_ball_initial_repeat,0.0,1,0.18188462470729683,5.015727780547859,-0.5711505880397234
under_category_patrol_report_hazard_wrong_slush_analyst,0.3333333333333333,3,-0.3051676946615598,2.7892700995403565,-0.09853967738144986
crowd_hello_federal_share_suggest_merit_lawn_debris,1.0,1,-0.25114768828284556,11.827505960453866,-0.008719164307159133
gallery_energy_ride_truly_dress_kangaroo_check_bar,0.3333333333333333,3,0.16988679552222866,4.011474318958693,0.05933888043712702
cancel_enrich_profit_priority_robot_rebel_among_chest,0.6,5,-0.18299575779743113,2.635324216549344,-0.0002664162321029284
goose_zoo_spin_phrase_blame_crack_wonder_alpha,0.6666666666666666,3,-0.1350577771180784,2.1326480623538617,-0.0673973874848459
acid_drift_table_grain_hire_arrest_cake_script,0.0,2,0.06665637970501753,2.127131181650382,0.05857507957314656
wash_rather_anchor_stool_rigid_cement_bottom_meat,0.4,5,0.21948913842138826,1.6669418028800387,-0.01588322001588922
broccoli_also_arrest_define_industry_what_lawn_swim,1.0,3,-0.8625234969943149,2.8472086702741364,0.12013525950310244
smooth_life_lottery_glow_input_gold_hire_oblige,0.5,4,0.15575442239820947,1.6512152958709496,0.0
lawsuit_maze_then_under_fluid_copy_purity_door,0.5,6,-0.06733507806535592,1.3891181690666992,0.0
action_potato_muffin_unusual_act_ankle_damage_language,0.0,1,0.0,0.9683824136693033,0.0
square_spirit_gauge_essence_spring_assist_tourist_glide,1.0,2,-0.44780606795297534,10.875674188895001,0.19809141872773517
slush_reveal_diagram_outdoor_champion_peasant_school_orbit,0.25,4,0.10082710013089123,2.6630516375905895,0.06774303076807493
badge_kite_rain_cable_fly_pipe_meat_uniform,0.7272727272727273,11,-0.20287093425238648,2.2038783296321363,-0.054800371396396486
network_course_jewel_weather_genius_two_citizen_device,0.0,1,0.0,0.9683824136693051,-0.3752334093149523
radio_minor_seat_immune_tilt_infant_scare_sing,0.3333333333333333,3,0.0,1.2911765515590732,0.0
jeans_tray_wrong_axis_matrix_legal_harvest_chest,0.25,4,0.3300380300853477,2.135406502705602,0.012654899516026996
magic_eager_one_enhance_figure_scatter_table_wing,0.0,1,1.0974456921069413,1.5560321187150619,0.0
slush_fancy_ready_track_proud_defense_height_illness,0.5,6,-0.021261853431981188,3.141033522797015,-0.02758870830343001
vibrant_plastic_increase_black_firm_exist_anger_visit,0.5454545454545454,11,-0.3548029045238563,1.568824339440559,-0.025531465386693087
build_struggle_hub_envelope_tunnel_plunge_hope_coil,0.0,2,0.11135321411722476,3.976988152888323,-0.28286974449913127
farm_sun_couch_strike_olympic_author_juice_begin,0.2,5,0.13279701447334769,1.7083252021644817,-0.05446481967447836
put_useful_agree_accident_elder_occur_unknown_okay,0.0,3,0.1350577771180784,4.011474318958693,0.09168746892876493
hire_accident_level_direct_clog_dirt_hammer_marble,0.3333333333333333,6,3.700743415417188e-17,2.749267052766509,-0.11094252252501825
edge_lonely_bag_cousin_fun_spend_rude_sad,0.0,2,0.0,2.420956034173262,0.06606811457734921
dentist_old_plunge_innocent_casual_staff_hover_ethics,0.5,4,-0.5031572215249464,3.1989720935307933,0.043456473633182086
amount_embark_occur_garment_clever_knife_employ_quick,0.0,1,0.0,0.9683824136693069,0.0
orange_mountain_neck_absurd_replace_tumble_flavor_erupt,0.5,6,-0.16328926810345168,2.587869983821625,-0.06274230993732627
print_north_cram_soft_arrest_party_depth_argue,0.3333333333333333,3,0.41682028529399745,1.2911765515590734,-0.30844646277641075
multiply_garbage_high_action_village_review_middle_scrap,0.5,8,0.23692129304742185,1.9367648273386096,0.028456485854496574
card_column_tell_elegant_pear_this_blood_airport,0.3333333333333333,3,0.05123797952229122,0.7835329400610105,0.05461588317862268
document_topple_charge_sing_net_unit_arrange_cable,0.5,2,-0.20251380127041796,2.524414532384368,0.0
damp_happy_delay_tomato_dumb_bone_language_walnut,0.0,1,0.0,0.9683824136693047,0.0
fee_club_napkin_issue_cliff_federal_embody_kite,0.25,4,-0.021239514184726527,1.1670240890362962,-0.05935594257026461
library_science_twelve_laugh_army_claw_term_rule,0.6666666666666666,3,0.1795612801421076,3.688680181068925,-0.15490278957120718
glory_shuffle_immune_engage_remember_cruel_tumble_usual,0.0,2,0.05659872112582242,0.8814745575686374,-0.01577480269989477
release_frequent_physical_garden_maid_olympic_coral_rent,0.5384615384615384,13,-0.03056259599496571,1.5935971842829963,-0.023743438345813456
luggage_hunt_enough_student_capable_rather_profit_romance,0.0,1,0.0,0.9683824136693033,0.0
chase_into_plate_flame_sight_anxiety_add_century,0.0,2,0.9856851936790725,1.9533154694490467,-0.23924789725213386
host_disease_sure_rail_solid_quantum_open_assist,0.0,1,0.0,0.9683824136693051,0.0
vibrant_security_quiz_tone_naive_drift_garbage_scale,0.125,8,0.2741185406571537,2.4685476227512058,0.0405327820242141
swing_shrug_raven_open_rural_wagon_song_stick,0.3333333333333333,3,0.05134188102379653,3.0430919052893888,0.0
attend_marble_matter_arm_segment_pen_scatter_deposit,1.0,1,-1.0977370860385485,12.001321672655203,-0.16045974249222184
attitude_special_soul_nerve_boy_dinner_stamp_common,0.875,8,-0.5103713440548405,1.409119692453623,0.10124608298038443
arrest_off_company_cheese_hold_team_river_mail,1.0,2,-0.6535154869671218,3.492796946053674,-0.23598952363525538
cost_alien_hidden_tuna_link_mother_extra_dust,1.0,1,-0.7969051447785562,0.9683824136693051,0.0
family_cup_foil_weekend_pill_drip_reward_economy,0.2,5,0.1690104470641745,-0.43535662159633903,-0.07503363563379115
scene_toddler_hood_sketch_fish_thing_sudden_inherit,0.5,6,-0.022218793235005845,2.9741195731486516,-0.07115881621841069
winner_wise_goddess_hen_west_such_ice_laundry,0.2,5,1.1627393766493626,2.5177942755401923,0.040214430739490624
accident_window_swift_sleep_remember_sorry_glove_opera,0.0,1,1.3201521203413908,2.731331528806578,-0.37491049246805463
vibrant_bubble_prepare_sunset_devote_alone_danger_merge,0.0,3,0.1280425446840322,1.936764827338609,0.039050053048764376
rifle_before_prison_retreat_scale_blind_bamboo_symbol,0.5,2,-0.11152799445381018,3.683163300365445,0.0
minimum_type_hire_people_simple_report_rally_anger,0.4444444444444444,9,-0.1253995450835792,3.5774042146366836,0.059587917678080124
eagle_pupil_move_disorder_tribe_flee_rely_elite,0.75,4,-0.17301350359575007,2.2823189289670403,0.044416329460562065
wave_simple_vintage_rack_actor_slogan_boost_school,0.4,10,-0.09564375483355395,1.5113385910085329,0.03690657928582841
decide_betray_engage_similar_flight_shuffle_life_also,0.3333333333333333,3,0.021454562422684332,2.259558965228378,0.13859386324029996
elder_hedgehog_jeans_mixture_antenna_stem_simple_valve,0.25,4,0.14675227127433207,0.6228283120408737,0.052609131113563995
chronic_song_horse_neck_cart_lion_rotate_ring,0.5,6,-0.23712510949598284,1.3546320029963308,0.0
survey_company_mass_bachelor_daring_gown_carry_kangaroo,0.3333333333333333,3,-0.365040214169912,1.7408815923233567,0.0
weekend_omit_hospital_mesh_pen_monkey_forget_chat,0.3333333333333333,3,0.044500038449367084,2.386469868102894,0.08788648716220082
sauce_tape_emotion_pass_gloom_truck_method_welcome,0.3333333333333333,3,-0.41685911742044207,-1.3022103129660316,0.0
jewel_all_sick_silver_add_tag_salmon_rabbit,0.0,2,0.12540743732103077,1.7463984730268365,0.004795541253177604
stomach_problem_dolphin_mule_shoe_hire_spatial_popular,0.4,5,0.1255322539865102,1.7910920007333662,0.020288825079932637
hungry_detail_thrive_cushion_across_bounce_leopard_jacket,0.5,4,0.2501017455344544,2.766510135801693,0.1484460394119432
resist_universe_clever_vacuum_tobacco_brick_across_famous,0.3333333333333333,3,0.17956128014210762,1.7519153537303147,0.010847049754105794
invest_ten_pepper_broccoli_proof_foster_shift_eagle,0.6666666666666666,6,0.18290761535115685,3.0775780713597567,-0.05222189924192703
drink_inside_act_hurdle_teach_save_snake_liberty,0.2857142857142857,7,0.38342820400464983,2.6331953062768085,0.05821208954690791
auto_foam_inside_street_have_orange_dilemma_depart,0.2857142857142857,7,0.20428559898999052,2.218174271847107,-0.09665934843233462
oval_tuna_library_spoon_potato_toe_plate_quit,0.8,5,-0.2771713072602463,2.2198283654855295,-0.16073350252864876
similar_turn_return_shaft_barely_aware_flat_engine,0.25,4,0.026315818913844463,3.2589766636915645,0.19131595674017085
noble_invite_fragile_approve_gas_lyrics_exact_trust,0.0,2,0.2550629145778437,1.7463984730268365,0.0
season_invest_pizza_best_curious_remind_tobacco_insect,0.0,1,0.0,0.9683824136693069,0.0
chase_knife_noodle_confirm_put_example_foil_host,0.3333333333333333,3,0.09574825273729008,1.4180874544335893,0.03135392965434365
infant_ship_rent_suffer_food_tag_vote_bird,0.5333333333333333,15,0.003543119176151162,1.3761501024093497,0.012596465547127322
lyrics_student_retreat_blind_yard_pair_wise_rail,0.4,5,-0.1959326883659898,2.2827343935218884,-0.0007992575387096746
pill_forum_follow_pitch_vast_just_duty_tail,0.3333333333333333,3,0.5358960908282894,2.005737159479347,-0.017123786570041682
left_soup_radio_defense_feed_goose_cost_rebel,0.0,1,0.202659673893762,1.1752994100915153,-0.02997213117441
away_labor_amount_wire_rice_man_culture_bracket,0.0,1,0.0,0.9683824136693051,0.0
curious_problem_fan_combine_hamster_arctic_spend_rally,0.3333333333333333,3,0.42342305407572883,3.826624845350399,0.17091374381716706
throw_fame_again_snake_average_recycle_game_impulse,0.25,4,0.20244109607399516,3.596255444264777,0.1657662755996165
own_pull_enable_survey_involve_actor_resource_deal,0.0,1,0.0,2.9051472410079135,-0.1737749292152081
review_avoid_copper_quit_unfold_chest_auction_actor,0.6,5,-0.2293845810642531,0.9402395280732124,-0.07982941250568533
punch_urge_bridge_push_glare_exact_among_olympic,1.0,1,-0.6922723607527062,1.5560321187150628,-0.6065948401849997
wet_strike_dwarf_bronze_legend_name_solid_flock,0.25,4,-0.17317737087442808,0.7780160593575318,0.0017983254830163664
auto_cannon_fix_flash_marble_denial_eight_ensure,0.0,3,0.5965826050519893,4.323234695441504,0.13582063407628833
script_supply_empower_sustain_decline_room_deposit_panel,0.5,2,0.3141511122686644,2.1436818237608204,-0.06877815901757929
enlist_earn_swift_illegal_fitness_awesome_glory_garment,0.5,2,-0.06671880239830721,0.7780160593575314,0.0
expose_jewel_trigger_hundred_rack_crush_hope_weasel,0.3333333333333333,15,0.1715037436303301,1.332559950843515,-0.012058573123984765
quit_symbol_pioneer_timber_place_curve_route_inject,0.5,4,-0.31303440707886276,5.818569803071047,0.17185947158615245
parade_when_oblige_viable_liar_popular_used_race,0.5,2,0.42348214848060795,3.3024305917418992,0.0
front_invite_magic_master_mechanic_grape_pupil_dilemma,0.0,2,0.5488685430192742,0.7780160593575309,0.0
limb_theme_pole_turn_gate_sausage_renew_august,0.5,2,0.8419171176073339,4.183905149310535,-0.13284235366227287
talent_six_rival_plunge_obscure_noble_arrive_crumble,0.6666666666666666,3,0.0,2.789270099540357,-0.15299054424144035
draw_unique_sting_nut_coyote_execute_bag_imitate,0.6666666666666666,3,0.17019738035036588,1.3022103129660312,0.040395574589468186
rigid_about_radio_zero_shrug_sight_ten_skate,0.0,1,1.8854363183969975,11.09914182742765,-0.28774592555065376
element_crucial_ill_hat_club_pair_rookie_worth,0.0,1,0.5101258291556874,3.6666126582550085,0.16642701357952072
artwork_verb_bridge_chaos_damp_derive_curve_blur,0.6666666666666666,3,-0.17008077517834042,3.0430919052893883,0.0
verify_peace_fiction_tray_cable_advance_afford_myth,0.25,8,0.3703705050593642,3.1813827900332354,-0.13168926406892323
quick_retire_gesture_seat_ride_remember_elegant_daring,0.3333333333333333,3,0.11876664248296971,4.265296124707724,0.014462740988197387
mesh_will_grow_episode_pool_flush_upon_unit,0.6666666666666666,3,-0.5520971861707303,0.4028002314374639,-0.16060975224711097
sound_glue_addict_surge_duck_tumble_near_usual,0.25,4,0.3462454610626046,4.314266933461538,-0.02098049270632709
hood_news_indoor_six_minute_mosquito_usual_zero,0.45454545454545453,11,0.19664427550609354,1.185082423160569,-0.015382092266201554
puppy_gown_auction_motion_dumb_during_fiction_silly,0.0,2,0.0,0.9683824136693051,0.0
boring_nest_nation_rule_only_poem_manual_sunset,0.0,1,0.0,0.9683824136693051,0.0
possible_muscle_poverty_sponsor_rack_wise_reject_wing,0.3333333333333333,3,0.0,3.6307416103351464,-0.05007736984155501
hedgehog_beauty_real_elevator_piece_quarter_cream_steel,0.3333333333333333,3,-0.13491215448404478,1.0373547458100418,0.0
code_fire_reform_merit_alert_swear_bike_bullet,0.5,4,-0.2115329009909393,4.0721713300442115,-0.007108174882865359
general_blood_armed_toy_math_try_receive_better,0.25,4,0.09807852295920247,2.72305620775136,0.03048643057783451
speed_click_cram_monster_laundry_exercise_credit_desert,0.5,2,-0.2795266228061128,2.8182393849072476,0.06257137249782
phrase_duck_plastic_spare_monster_pistol_social_report,0.5,2,-0.4048577566658889,4.3742715036223085,-0.15940401493237166
valley_phrase_club_power_banana_advance_anxiety_obey,0.5,6,0.05938332124148485,1.4870597865743254,-0.021694114982413058
high_vintage_dash_off_lucky_imitate_layer_raccoon,0.25,4,0.2166064391511491,3.3893384478425665,-0.023977705662617768
harsh_trend_guard_metal_cannon_token_million_tooth,0.5,4,0.3847831628561626,1.7029445449765026,-0.02129497194988111
turn_castle_galaxy_solar_hurt_glance_pink_ancient,0.5,6,-0.46347304478152607,4.172871387903577,-0.11759062474495936
title_student_kangaroo_resist_bullet_elephant_large_path,0.5,4,-0.23531534982467123,3.691438621420664,-0.056031911547030744
truly_result_glad_response_stable_chaos_autumn_danger,0.3333333333333333,3,0.2699456036615455,5.186773729050209,-0.012911078329596723
sketch_bundle_ability_wolf_few_ankle_roast_strike,0.5,2,0.6694760218449598,5.255746061190946,-0.11629382413975314
fly_spread_scorpion_gauge_eyebrow_shadow_session_eagle,0.5454545454545454,11,0.0181699586353977,1.8893605421927908,0.005153479357335435
trouble_basket_hire_access_grape_cruise_peanut_swift,0.0,2,0.6604767123029422,4.564637857934082,0.10527256011208791
survey_burst_soda_runway_video_scatter_snow_broken,0.3333333333333333,3,0.535314405237176,3.9425019868179554,0.22275984622020115
grief_matter_april_tooth_junior_piece_usual_worry,0.6666666666666666,3,0.0,1.6139706894488413,-0.022265017961349016
fancy_aim_novel_twin_quantum_item_dentist_deputy,1.0,1,-0.2005645737132895,2.1436818237608204,0.0
usage_expire_tag_multiply_reason_inch_lizard_option,0.6,5,-0.4026801544476199,1.8606182856139004,-0.01264006566755912
okay_fat_coral_expand_ripple_globe_nature_scorpion,0.6666666666666666,3,-0.7814243324493945,3.296913711038419,-0.06645314868669334
lizard_trumpet_wink_power_mercy_equal_super_drive,0.5,2,0.5245047054733109,6.7952275377955695,-0.06838414494520106
cup_shuffle_moral_where_next_push_group_unable,0.75,4,-0.4468482508156105,2.4292313552284805,-0.0110666316206251
forget_movie_clump_lemon_glide_salon_remind_pull,1.0,1,-0.5594281448177386,11.446773251830319,-0.4429063673449466
oyster_range_predict_target_derive_ocean_describe_key,0.3333333333333333,9,-0.09939645999633138,1.7445595127923432,0.031454072572623955
start_very_plug_economy_faint_vague_bomb_girl,0.4,5,0.327159343778496,2.759474414402671,0.0034106526367601365
misery_midnight_seven_radar_maid_plunge_lyrics_change,0.0,3,0.2700669779650237,5.879266814156566,-0.05325906878834067
butter_tragic_grape_either_bean_guess_door_good,0.5714285714285714,7,-0.2777728555811653,1.2202322872603442,-0.0025690389307093504
disorder_clog_check_dutch_foot_rubber_crucial_quit,0.0,5,0.4764419690250158,1.3209722366967593,0.0
nest_price_narrow_reunion_marriage_drift_flight_fiction,0.6,5,0.1888006013860679,1.2034422956876079,0.04165495999627718
famous_globe_adult_blue_paper_candy_gaze_suggest,0.5555555555555556,9,0.05669359172611347,1.037354745810042,0.005027418502553739
genuine_goddess_illegal_furnace_ancient_normal_element_creek,0.0,2,0.09989927303128776,1.7463984730268365,0.01798327914676604
radio_humble_hockey_wrist_resource_segment_candy_awesome,0.6,5,0.0364293063194038,2.213208108641355,-0.01101067920058445
winter_evolve_weekend_veteran_actual_use_cage_reward,0.2857142857142857,7,0.24363589604301453,0.9778399234466979,-0.029421976463269026
mosquito_merry_plate_sea_various_pioneer_enough_rescue,0.5,2,-0.4820664663484531,1.6429399748157305,0.019981416361739585
blur_venue_exile_retire_large_tank_basic_hollow,0.0,1,0.6922723607527062,0.20691699642221018,0.008462708155371201
midnight_perfect_image_legend_cannon_plunge_poet_tool,0.0,2,0.9153721306962442,3.1989720935307915,0.046242719069169956
unaware_report_truck_pelican_clarify_hill_view_vote,0.5714285714285714,7,-0.2581179178749378,1.9958839691735268,-0.0005138067891196878
twenty_monitor_cram_claw_fetch_kit_firm_nation,0.4,10,-0.04254178855932678,1.4666450633020034,0.000959108692755567
mind_fatigue_demand_outside_pledge_bird_priority_rate,0.0,1,0.0,0.0,0.0
swap_then_poet_effort_purity_view_summer_climb,1.0,1,-0.22270642823444953,0.5876497050457576,-0.32233997936704606
cotton_dirt_dry_dragon_identify_tennis_absent_turtle,0.5,4,0.0,2.905147241007914,-0.1805672931229102
tortoise_kiss_present_obscure_lazy_industry_material_settle,0.5,4,2.7755575615628914e-17,3.207247414586013,0.20654313549847172
congress_faith_toilet_sick_brisk_vibrant_mansion_winter,0.5,2,-0.6385753388637104,8.541626010822405,0.17809349908971772
clean_host_area_still_keep_brief_area_drill,1.0,1,-0.4898316765148481,1.9367648273386102,-0.001198879234143746
jeans_note_cricket_alone_student_ship_toilet_cycle,0.6,5,0.0751151004033627,2.794237556842938,0.04410880083591432
version_choose_pitch_laundry_crawl_host_answer_staff,0.0,1,0.0,0.9683824136693051,0.0
bench_climb_slogan_rabbit_because_love_shoulder_perfect,0.5,2,0.07692962160552552,0.9849330557797424,0.012495163993336444
embark_surround_game_trouble_stadium_attract_food_chuckle,0.0,2,0.0,1.4525736205039568,0.0
thought_art_income_pepper_concert_ivory_miss_north,0.6666666666666666,3,-0.1349121544840448,2.328531297369114,-0.095938338425684
trend_lunar_load_ripple_awesome_mutual_conduct_duck,0.0,2,0.0525928064552211,1.6429399748157305,0.0
estate_bitter_gift_expire_local_swap_regular_increase,0.6666666666666666,3,-0.2531159037095894,3.434858375319894,-0.11278402110235482
bronze_barely_globe_hip_giggle_loop_reveal_bundle,0.375,8,-0.20074290196394098,1.5518944581874532,-0.02369670521913439
toss_trap_notable_truth_occur_clip_library_recipe,0.75,4,-0.6569359836583526,1.6512152958709492,-0.12847825826381642
habit_plug_shiver_trim_street_leader_remind_exhaust,0.75,4,-1.0782422090775015,1.3573904433480701,0.10671727152218435
sing_divorce_public_penalty_real_topple_junk_fortune,0.46153846153846156,13,-0.28629615971676226,1.8329867410083902,-0.09045082828677056
marble_ankle_cereal_claw_merry_source_trim_deputy,0.5,2,0.0,0.8814745575686369,-0.003197027502118366
quarter_bean_disease_digital_guess_sport_off_embrace,0.2,5,0.17126093366301554,2.6419444733935196,0.010853063141315933
mouse_wrist_antenna_between_city_child_ginger_stick,0.5,2,-0.0770128215356948,1.7463984730268356,0.05457880072199903
clutch_silent_waste_country_bitter_flush_ethics_meadow,0.3333333333333333,9,0.0042086470835981755,1.337158106319564,-0.08512155773252236
behind_legal_goat_edit_topple_pill_truly_brain,0.2,5,0.02711261386319308,3.7692402273564176,0.03398022228586617
leopard_tunnel_better_purchase_yellow_execute_trophy_clap,0.0,2,0.7510183725243438,0.9683824136693042,0.0
dirt_forum_oxygen_tent_idle_stage_orphan_pilot,0.5,4,0.0,1.694669223921283,0.0
canyon_web_phone_path_candy_space_finger_jazz,0.4444444444444444,9,0.1926369942694385,2.885834384096655,-0.03845563021310324
route_stereo_eager_first_warm_million_gadget_talk,0.0,1,0.509660386566686,5.42956177339228,-0.23524396684592697
guitar_wage_trend_trim_mail_robust_almost_team,0.5,10,-0.03359724333037969,1.4558837489260448,-0.09128282435992423
frog_there_degree_junior_oven_wool_weird_fiction,0.375,16,0.1182074472047292,0.9032015215938037,-0.004567573700436301
merge_october_dizzy_miss_clap_danger_spice_bullet,0.0,3,0.6119893700483422,5.4405955347992405,-0.07543774687329452
swift_light_spend_exercise_fluid_fiscal_mirror_term,0.5,6,-0.0675288885590392,1.066324031176931,-0.041023822431369594
nature_share_album_oxygen_gravity_border_news_gym,0.5,4,0.0,3.0603349883245725,-0.08146057717884847
popular_web_abuse_next_erupt_mother_curve_scissors,0.0,1,0.0,0.9683824136693051,0.0
smoke_rate_price_any_green_indicate_dentist_satoshi,1.0,1,-0.6918358111536165,3.1120642374301246,-0.3640794436342992
toward_attitude_sick_vintage_stamp_valid_seed_letter,0.0,2,0.9541877095232909,4.9288199244471915,0.040651064217099936
scissors_arena_weapon_lumber_question_violin_such_pilot,0.6666666666666666,3,-0.4402304104298041,3.354852281772198,-0.06551938067818648
style_fine_dawn_achieve_artwork_sauce_sorry_oven,0.5,2,0.0,2.420956034173261,-0.02434781068468192
rapid_design_skin_exotic_slow_first_scheme_between,0.6666666666666666,3,-0.4402060523274552,3.2279413788976825,-0.002459248523783042
card_spider_true_knee_garlic_wall_spell_deliver,0.6666666666666666,6,-0.0022001715988583617,2.939633407078283,0.016327994613354335
edit_tackle_husband_effort_derive_cash_minor_deny,0.5,2,-0.3461361803763531,0.9683824136693051,0.009697457489044436
utility_athlete_diary_circle_under_enforce_crane_scissors,0.0,1,0.0,0.9683824136693033,0.0
friend_wild_much_spin_buddy_shop_burst_nothing,0.4444444444444444,9,0.08771408633348188,1.5100505639545716,-0.059686402520592
