v_gene,nt_col,aho_aa_pos,region,consensus_codon,n_valid,n_R_obs,n_S_obs,dN_obs,dS_obs,e_dN_frac,e_dS_frac,s5f_weight,omega
IGHV3-23,H1,1,FR1,GAG,141468,6937,4685,0.049035824356038114,0.03311702999971725,0.875,0.125,0.6007651815035656,0.21152614727854854
IGHV3-23,H4,2,FR1,GTG,141468,8094,4952,0.057214352362371705,0.03500438261656346,0.6666666666666666,0.3333333333333333,0.6347108400377233,0.8172455573505656
IGHV3-23,H7,3,FR1,CAG,141468,12856,16829,0.0908756750643255,0.11895976475245285,0.875,0.125,2.1050765243095713,0.10913134640034636
IGHV3-23,H10,4,FR1,CTG,141468,7109,32902,0.05025164701557949,0.23257556479203778,0.5555555555555556,0.4444444444444444,2.4506195025470903,0.17285271412072212
IGHV3-23,H13,5,FR1,TTG,141468,3717,5558,0.026274493171600646,0.03928803687052902,0.75,0.25,0.5885892536219848,0.22292191435768263
IGHV3-23,H16,6,FR1,GAG,141467,8475,6927,0.05990796440159189,0.04896548311620378,0.875,0.125,0.7137633724717759,0.1747819092990163
IGHV3-23,H19,7,FR1,TCT,141467,1277,8091,0.009026840181809185,0.05719355043932507,0.6666666666666666,0.3333333333333333,0.6053748285113313,0.0789148436534421
IGHV3-23,H25,9,FR1,GGG,141467,237,1319,0.001675302367336552,0.00932372920893212,0.6666666666666666,0.3333333333333333,0.3055043667639592,0.08984078847611826
IGHV3-23,H28,10,FR1,GGA,141467,322,3146,0.002276149207942488,0.022238401888779714,0.625,0.375,0.4322504752688081,0.06141131595677051
IGHV3-23,H31,11,FR1,GGC,141467,17742,3409,0.1254144076003591,0.024097492701478082,0.6666666666666666,0.3333333333333333,0.8211142557916857,2.602229392783808
IGHV3-23,H34,12,FR1,TTG,141467,6787,8568,0.047975853025794005,0.060565361533078385,0.75,0.25,0.6838295492789116,0.26404450669156554
IGHV3-23,H37,13,FR1,GTA,141467,12618,18529,0.08919394629136124,0.13097754246573406,0.6666666666666666,0.3333333333333333,0.7622088942134256,0.34049328080306546
IGHV3-23,H40,14,FR1,CAG,141463,5922,2538,0.041862536493641446,0.01794108706870348,0.875,0.125,0.24543970046572014,0.3333333333333333
IGHV3-23,H43,15,FR1,CCT,141465,4716,31046,0.033336867776481816,0.21946064397554166,0.6666666666666666,0.3333333333333333,1.9124329693472253,0.07595181343812407
IGHV3-23,H46,16,FR1,GGG,141464,412,1178,0.002912401741785896,0.008327206921902391,0.6666666666666666,0.3333333333333333,0.2717762135445229,0.17487266553480474
IGHV3-23,H49,17,FR1,GGG,141463,5065,1480,0.03580441528880343,0.010462099630292019,0.6666666666666666,0.3333333333333333,0.19636240273659855,1.7111486486486487
IGHV3-23,H52,18,FR1,TCC,141464,1001,2001,0.0070760052027370925,0.014144941469207714,0.6666666666666666,0.3333333333333333,0.41795784838257327,0.2501249375312344
IGHV3-23,H55,19,FR1,CTG,141463,1622,5442,0.011465895675901118,0.03846942310003323,0.5555555555555556,0.4444444444444444,0.6289659635544201,0.23844174935685405
IGHV3-23,H58,20,FR1,AGA,141462,4297,2343,0.03037564858407205,0.016562751834414895,0.75,0.25,0.6709686863860952,0.6113245127329635
IGHV3-23,H61,21,FR1,CTC,141460,2837,2689,0.020055139261982186,0.01900890711155097,0.6666666666666666,0.3333333333333333,0.43185266952684104,0.5275195239866122
IGHV3-23,H64,22,FR1,TCC,141460,2107,4448,0.014894669871341722,0.031443517602149015,0.6666666666666666,0.3333333333333333,0.7638459176589949,0.23684802158273385
IGHV3-23,H67,23,FR1,TGT,141461,86,2818,0.0006079414114137466,0.019920684853069043,0.875,0.125,0.6720091806444749,0.004359728277400386
IGHV3-23,H70,24,FR1,GCA,141445,22849,2963,0.16153982113188872,0.02094807168864223,0.6666666666666666,0.3333333333333333,0.32437795410857895,3.8557205534930814
IGHV3-23,H73,25,FR1,GCC,141431,12450,1529,0.08802879142479371,0.010810925468956593,0.6666666666666666,0.3333333333333333,0.9872727688299467,4.0712884238064095
IGHV3-23,H115,39,FR2,TAT,141341,28644,4142,0.2026588180358141,0.029305014114800375,0.8571428571428571,0.14285714285714285,1.1125014410685132,1.1525832930951232
IGHV3-23,H118,40,FR2,GCC,141349,31337,295,0.22169948142540805,0.0020870328053258246,0.6666666666666666,0.3333333333333333,0.8973178462299866,53.11355932203391
IGHV3-23,H121,41,FR2,ATG,141403,9879,0,0.06986414715387934,0.0,1.0,0.0,0.19709554669075924,
IGHV3-23,H124,42,FR2,AGC,141392,56116,14189,0.3968824261627249,0.10035221228923843,0.8888888888888888,0.1111111111111111,1.5879584411384597,0.49436182958629926
IGHV3-23,H127,43,FR2,TGG,141392,106,0,0.0007496888084191468,0.0,1.0,0.0,0.0,
IGHV3-23,H130,44,FR2,GTC,141380,3050,561,0.021573065497241476,0.003968029424246711,0.6666666666666666,0.3333333333333333,0.2851444185752991,2.7183600713012477
IGHV3-23,H133,45,FR2,CGC,141377,151,2681,0.0010680662342530964,0.018963480622732128,0.6666666666666666,0.3333333333333333,0.8466764940974673,0.028161133905259234
IGHV3-23,H136,46,FR2,CAG,141377,2887,808,0.020420577604560855,0.0057152153462019985,0.875,0.125,0.22035364112787412,0.5104314002828855
IGHV3-23,H139,47,FR2,GCT,141375,10919,3036,0.07723430592396109,0.021474801061007957,0.6666666666666666,0.3333333333333333,0.2571225054699811,1.7982542819499339
IGHV3-23,H142,48,FR2,CCA,141372,1557,6114,0.011013496307613954,0.043247602071131486,0.6666666666666666,0.3333333333333333,0.886511778582091,0.1273307163886163
IGHV3-23,H145,49,FR2,GGG,141376,2188,5204,0.015476459936622906,0.03680964237211408,0.6666666666666666,0.3333333333333333,1.0128370991948805,0.2102229054573405
IGHV3-23,H193,65,FR3,GGT,140956,22988,13050,0.16308635318822895,0.09258208235193961,0.6666666666666666,0.3333333333333333,1.153518485971717,0.8807662835249042
IGHV3-23,H196,66,FR3,GGT,140934,70735,11739,0.501901599330183,0.08329430797394526,0.6666666666666666,0.3333333333333333,1.7627818451070218,3.012820512820513
IGHV3-23,H199,67,FR3,AGC,140987,84477,11606,0.5991829033882556,0.08231964649222978,0.8888888888888888,0.1111111111111111,1.2848602162019904,0.909841892124763
IGHV3-23,H202,68,FR3,ACA,141220,20614,8192,0.14597082566208752,0.05800878062597366,0.6666666666666666,0.3333333333333333,1.1211252830009373,1.2581787109375
IGHV3-23,H205,69,FR3,TAC,141317,39023,10636,0.2761380442551144,0.07526341487577574,0.8571428571428571,0.14285714285714285,1.679360306546074,0.6114924156951235
IGHV3-23,H208,70,FR3,TAC,141378,11909,10978,0.08423517096012109,0.07764998797549831,0.8571428571428571,0.14285714285714285,1.413520312644162,0.18080099593125643
IGHV3-23,H211,71,FR3,GCA,141385,15004,6199,0.10612158291190721,0.04384482087915974,0.6666666666666666,0.3333333333333333,1.3674372563944346,1.210195192773028
IGHV3-23,H214,72,FR3,GAC,141397,10804,2030,0.07640897614517989,0.01435674024201362,0.8888888888888888,0.1111111111111111,0.49296793162165464,0.6652709359605912
IGHV3-23,H217,73,FR3,TCC,141393,4167,4038,0.02947104877893531,0.028558698096794042,0.6666666666666666,0.3333333333333333,0.9297369212551664,0.5159732540861812
IGHV3-23,H220,74,FR3,GTG,141400,4202,2317,0.02971711456859972,0.016386138613861387,0.6666666666666666,0.3333333333333333,0.6853225246326781,0.9067760034527406
IGHV3-23,H223,75,FR3,AAG,141399,18917,273,0.133784538787403,0.0019307067235270405,0.875,0.125,0.2765697205770885,9.899005756148613
IGHV3-23,H226,76,FR3,GGC,141401,1125,2053,0.007956096491538249,0.014518992086336023,0.6666666666666666,0.3333333333333333,0.44309091105505094,0.2739892839746712
IGHV3-23,H229,77,FR3,CGG,141404,926,22251,0.006548612486209725,0.1573576419337501,0.5555555555555556,0.4444444444444444,1.4919544300137655,0.03329288571300166
IGHV3-23,H232,78,FR3,TTC,141413,4270,1673,0.030195243718752873,0.011830595489806453,0.8888888888888888,0.1111111111111111,0.3035643948012537,0.3190376569037657
IGHV3-23,H235,79,FR3,ACC,141415,11040,1205,0.0780680974436941,0.008521019693809001,0.6666666666666666,0.3333333333333333,0.5583444636077554,4.58091286307054
IGHV3-23,H238,80,FR3,ATC,141414,14012,4828,0.09908495622781337,0.03414089128374843,0.7777777777777778,0.2222222222222222,0.9073255344264464,0.8292105574624214
IGHV3-23,H241,81,FR3,TCC,141429,2924,2070,0.0206746848241874,0.014636319283880959,0.6666666666666666,0.3333333333333333,0.8815366136937866,0.7062801932367149
IGHV3-23,H244,82,FR3,AGA,141439,8224,3715,0.058145207474600356,0.026265740000989826,0.75,0.25,1.0809176809520256,0.737909376401974
IGHV3-23,H247,83,FR3,GAC,141437,1557,1499,0.011008434850852324,0.010598358279658082,0.8888888888888888,0.1111111111111111,0.17704693806179214,0.12983655770513677
IGHV3-23,H250,84,FR3,AAT,141408,16826,10402,0.11898902466621407,0.0735601946141661,0.8888888888888888,0.1111111111111111,0.9434815010981986,0.20219669294366463
IGHV3-23,H253,85,FR3,TCC,141409,7580,4787,0.05360337743707968,0.03385215933922169,0.6666666666666666,0.3333333333333333,0.7096307691411985,0.7917275955713391
IGHV3-23,H256,86,FR3,AAG,141360,22295,2104,0.157717883418223,0.01488398415393322,0.875,0.125,0.5057640313189151,1.5137832699619773
IGHV3-23,H259,87,FR3,AAC,141368,18730,7781,0.1324910870918454,0.055040744722992474,0.8888888888888888,0.1111111111111111,1.629489667474064,0.3008932013879964
IGHV3-23,H262,88,FR3,ACG,141404,12399,40851,0.08768493111934599,0.28889564651636446,0.6666666666666666,0.3333333333333333,2.61733779925298,0.15175883087317324
IGHV3-23,H265,89,FR3,CTG,141430,21119,24507,0.14932475429541114,0.17328006787810224,0.5555555555555556,0.4444444444444444,1.904804380512833,0.6894030277063695
IGHV3-23,H268,90,FR3,TAT,141428,30440,2316,0.2152331928613853,0.016375823740701984,0.8571428571428571,0.14285714285714285,0.6415974948648201,2.19055843408175
IGHV3-23,H271,91,FR3,CTG,141440,3676,23420,0.025989819004524888,0.16558257918552036,0.5555555555555556,0.4444444444444444,2.098469419942864,0.12556789069171648
IGHV3-23,H274,92,FR3,CAA,141440,12355,7895,0.08735152714932126,0.055818721719457016,0.875,0.125,1.98571518078705,0.22355921469284354
IGHV3-23,H277,93,FR3,ATG,141437,11425,0,0.08077801423955543,0.0,1.0,0.0,1.3642590597323545,
IGHV3-23,H280,94,FR3,AAC,141452,26759,5495,0.18917371263750246,0.03884710007635099,0.8888888888888888,0.1111111111111111,0.9960975619474636,0.6087124658780709
IGHV3-23,H283,95,FR3,AGC,141461,17530,5102,0.12392108072189507,0.036066477686429475,0.8888888888888888,0.1111111111111111,0.8920817460724421,0.42948843590748725
IGHV3-23,H286,96,FR3,CTG,141464,1606,4496,0.011352711643951819,0.03178193745405192,0.5555555555555556,0.4444444444444444,1.018902845805064,0.28576512455516007
IGHV3-23,H289,97,FR3,AGA,141460,9877,5094,0.06982185776898063,0.03601017955605825,0.75,0.25,0.6159824435303038,0.6463159272346551
IGHV3-23,H292,98,FR3,GCC,141460,33045,196,0.23359960412837552,0.0013855506857062068,0.6666666666666666,0.3333333333333333,0.3183661317218087,84.2984693877551
IGHV3-23,H295,99,FR3,GAG,141437,20784,9831,0.14694881820174352,0.06950797881742402,0.875,0.125,1.1886878770463047,0.3020183966171149
IGHV3-23,H298,100,FR3,GAC,141438,501,1192,0.003542188096551139,0.00842772098021748,0.8888888888888888,0.1111111111111111,0.2276380640658998,0.05253775167785235
IGHV3-23,H301,101,FR3,ACG,141463,4663,1475,0.03296268282165655,0.0104267546991086,0.6666666666666666,0.3333333333333333,0.3005798017784466,1.580677966101695
IGHV3-23,H304,102,FR3,GCC,141463,1353,450,0.009564338378233178,0.003181043806507709,0.6666666666666666,0.3333333333333333,0.2609036710393596,1.5033333333333334
IGHV3-23,H307,103,FR3,GTA,141463,44076,25739,0.31157263736807506,0.18194863674600426,0.6666666666666666,0.3333333333333333,5.757868269860768,0.8562104199852364
IGHV3-23,H310,104,FR3,TAT,141464,1899,6038,0.01342390997002771,0.04268223717694961,0.8571428571428571,0.14285714285714285,1.0108823720549156,0.05241801921165949
IGHV3-23,H313,105,FR3,TAC,141467,14952,13306,0.10569249365576425,0.09405727130708928,0.8571428571428571,0.14285714285714285,2.7456568003467035,0.1872839320607245
IGHV3-23,H316,106,FR3,TGT,141467,12,2651,0.00008482543632083808,0.018739352640545145,0.875,0.125,0.4528032287099792,0.0006466562483159994
IGHV3-23,H319,107,FR3,GCG,141467,13437,4695,0.09498328232025843,0.033187951960527894,0.6666666666666666,0.3333333333333333,0.6107289702616664,1.4309904153354633
IGHV3-23,H322,108,FR3,AAA,141467,18497,9643,0.13075134130221183,0.06816430687015346,0.875,0.125,1.8974565902754919,0.27402556999155575
IGHV3-23,H76,26,CDR1,TCT,141418,1963,5419,0.01388083553720177,0.038319025866579925,0.6666666666666666,0.3333333333333333,0.7818966506958093,0.1811219782247647
IGHV3-23,H79,27,CDR1,GGA,141402,4721,5063,0.03338708080508055,0.035805717033705324,0.625,0.375,1.1894442632544764,0.5594706695634999
IGHV3-23,H85,29,CDR1,TTC,141377,6805,2522,0.0481337134045849,0.017838828097922577,0.8888888888888888,0.1111111111111111,0.5806165228514444,0.33728191911181593
IGHV3-23,H88,30,CDR1,ACC,141348,26333,10398,0.1862990633047514,0.07356312080821802,0.6666666666666666,0.3333333333333333,1.3159849148763998,1.2662531256010772
IGHV3-23,H91,31,CDR1,TTT,141327,8435,8155,0.059684278304924045,0.05770305744832905,0.8888888888888888,0.1111111111111111,0.8452587148501042,0.12929184549356224
IGHV3-23,H94,32,CDR1,AGC,141271,39178,17420,0.277325141040978,0.12330910094782369,0.8888888888888888,0.1111111111111111,1.2948510988669473,0.28112801377726754
IGHV3-23,H97,33,CDR1,AGC,141349,77022,12671,0.5449065787518836,0.08964336500435094,0.8888888888888888,0.1111111111111111,2.158418664037679,0.7598255859837424
IGHV3-23,H148,50,CDR2,AAG,141378,11289,279,0.0798497644612316,0.001973432924500276,0.875,0.125,0.44186352535710793,5.780337941628264
IGHV3-23,H151,51,CDR2,GGG,141377,1229,12797,0.008693068886735466,0.09051684503137003,0.6666666666666666,0.3333333333333333,2.098631283458776,0.048019066968820814
IGHV3-23,H154,52,CDR2,CTG,141379,2861,4599,0.020236385884749502,0.032529583601524976,0.5555555555555556,0.4444444444444444,0.5980846966957567,0.4976734072624483
IGHV3-23,H157,53,CDR2,GAG,141380,6823,6497,0.048260008487763476,0.04595416607723865,0.875,0.125,0.8840286104259253,0.150025286395919
IGHV3-23,H160,54,CDR2,TGG,141380,3369,0,0.023829395954166076,0.0,1.0,0.0,0.0029991285693718363,
IGHV3-23,H163,55,CDR2,GTC,141374,5069,1547,0.035855249197164964,0.010942606136913436,0.6666666666666666,0.3333333333333333,0.33067442796767565,1.6383322559793145
IGHV3-23,H166,56,CDR2,TCA,141328,8199,12890,0.05801398165968527,0.09120627193478999,0.5714285714285714,0.42857142857142855,2.488091721052364,0.47705585725368505
IGHV3-23,H169,57,CDR2,GCT,141294,99017,7245,0.7007870114796099,0.051276062677820713,0.6666666666666666,0.3333333333333333,1.1697318590613741,6.833471359558316
IGHV3-23,H172,58,CDR2,ATT,141263,20711,15467,0.1466130550816562,0.10949080792564224,0.7777777777777778,0.2222222222222222,1.4261632630408616,0.38258411918462354
IGHV3-23,H175,59,CDR2,AGT,141010,41249,4997,0.2925253528118573,0.03543720303524573,0.8888888888888888,0.1111111111111111,0.9672062387843551,1.0318441064638781
IGHV3-23,H178,60,CDR2,GGT,140864,53381,17958,0.37895416855974556,0.1274846660608814,0.6666666666666666,0.3333333333333333,1.4449905771712916,1.4862735271188328
IGHV3-23,H181,61,CDR2,AGT,134788,47420,4030,0.3518117339822536,0.029898804047838085,0.8888888888888888,0.1111111111111111,0.9421458665967667,1.4708436724565759
IGHV5-51,H1,1,FR1,GAG,123102,4531,2623,0.036806875599096685,0.02130753359003103,0.875,0.125,0.6007651815035656,0.24677305157671153
IGHV5-51,H4,2,FR1,GTG,123102,4782,2028,0.03884583516108593,0.016474143393283618,0.6666666666666666,0.3333333333333333,0.6347108400377233,1.178994082840237
IGHV5-51,H7,3,FR1,CAG,123102,6773,6588,0.05501941479423567,0.05351659599356631,0.875,0.125,2.1050765243095713,0.14686876572122473
IGHV5-51,H10,4,FR1,CTG,123102,1967,6862,0.015978619356306154,0.05574239248753066,0.5555555555555556,0.4444444444444444,2.4506195025470903,0.2293208976974643
IGHV5-51,H13,5,FR1,GTG,123102,4958,3240,0.040275543857938946,0.026319637373885072,0.6666666666666666,0.3333333333333333,0.5885892536219848,0.7651234567901234
IGHV5-51,H16,6,FR1,CAG,123102,66,1068,0.0005361407613198811,0.008675732319539893,0.875,0.125,0.7137633724717759,0.008828250401284111
IGHV5-51,H19,7,FR1,TCT,123102,771,2039,0.006263098893600429,0.016563500186836933,0.6666666666666666,0.3333333333333333,0.6053748285113313,0.1890632663070132
IGHV5-51,H25,9,FR1,GGA,123098,2709,4780,0.022006856325854196,0.03883085021690036,0.625,0.375,0.3055043667639592,0.34004184100418405
IGHV5-51,H28,10,FR1,GCA,123098,11060,2339,0.089847113681782,0.019001121058018815,0.6666666666666666,0.3333333333333333,0.4322504752688081,2.364258230012826
IGHV5-51,H31,11,FR1,GAG,123096,3268,5591,0.02654838500032495,0.04541983492558654,0.875,0.125,0.8211142557916857,0.08350154585175154
IGHV5-51,H34,12,FR1,GTG,123096,6644,2629,0.05397413400922857,0.021357314616234482,0.6666666666666666,0.3333333333333333,0.6838295492789116,1.2635983263598325
IGHV5-51,H37,13,FR1,AAA,123095,8858,6168,0.07196068077501117,0.05010764044031033,0.875,0.125,0.7622088942134256,0.20516027422642208
IGHV5-51,H40,14,FR1,AAG,123097,9079,702,0.07375484374111473,0.005702819727531947,0.875,0.125,0.24543970046572014,1.8475783475783474
IGHV5-51,H43,15,FR1,CCC,123096,7695,737,0.06251218561123026,0.005987196984467408,0.6666666666666666,0.3333333333333333,1.9124329693472253,5.220488466757123
IGHV5-51,H46,16,FR1,GGG,123090,567,5173,0.004606385571533024,0.04202615972052969,0.6666666666666666,0.3333333333333333,0.2717762135445229,0.05480378890392422
IGHV5-51,H49,17,FR1,GAG,123091,4261,1700,0.03461666571885841,0.013810920375981996,0.875,0.125,0.19636240273659855,0.3580672268907564
IGHV5-51,H52,18,FR1,TCT,123090,2267,2025,0.018417418149321636,0.016451377041189374,0.6666666666666666,0.3333333333333333,0.41795784838257327,0.5597530864197532
IGHV5-51,H55,19,FR1,CTG,123090,832,5257,0.006759281826305955,0.04270858721260866,0.5555555555555556,0.4444444444444444,0.6289659635544201,0.12661213619935324
IGHV5-51,H58,20,FR1,AAG,123089,16599,4230,0.13485364248633103,0.034365377897293825,0.875,0.125,0.6709686863860952,0.5605876393110436
IGHV5-51,H61,21,FR1,ATC,123077,1877,3909,0.015250615468365333,0.031760605149621784,0.7777777777777778,0.2222222222222222,0.43185266952684104,0.1371925592953989
IGHV5-51,H64,22,FR1,TCC,123075,1189,4568,0.009660775949624213,0.03711557993093642,0.6666666666666666,0.3333333333333333,0.7638459176589949,0.1301444833625219
IGHV5-51,H67,23,FR1,TGT,123069,24,3171,0.00019501255393315946,0.02576603368841869,0.875,0.125,0.6720091806444749,0.0010812271928639006
IGHV5-51,H70,24,FR1,AAG,122538,26037,1546,0.21248102629388435,0.012616494475183208,0.875,0.125,0.32437795410857895,2.4059323600073923
IGHV5-51,H73,25,FR1,GGT,122499,34532,7304,0.2818961787443163,0.059624976530420655,0.6666666666666666,0.3333333333333333,0.9872727688299467,2.363910186199343
IGHV5-51,H115,39,FR2,TAC,122422,25392,12774,0.20741370015193347,0.10434399045923118,0.8571428571428571,0.14285714285714285,1.1125014410685132,0.3312979489588226
IGHV5-51,H118,40,FR2,TGG,122481,3066,0,0.02503245401327553,0.0,1.0,0.0,0.8973178462299866,
IGHV5-51,H121,41,FR2,ATC,122474,6047,1557,0.04937374463151363,0.01271290233029051,0.7777777777777778,0.2222222222222222,0.19709554669075924,1.1096430865216993
IGHV5-51,H124,42,FR2,GGC,122502,36188,3233,0.29540742191964214,0.02639140585459829,0.6666666666666666,0.3333333333333333,1.5879584411384597,5.596659449427777
IGHV5-51,H127,43,FR2,TGG,122502,8,0,0.00006530505624397969,0.0,1.0,0.0,0.0,
IGHV5-51,H130,44,FR2,GTG,122419,2569,1126,0.020985304568735246,0.009197918623743046,0.6666666666666666,0.3333333333333333,0.2851444185752991,1.1407637655417409
IGHV5-51,H133,45,FR2,CGC,122419,329,1334,0.002687491320791707,0.01089700128248066,0.6666666666666666,0.3333333333333333,0.8466764940974673,0.12331334332833585
IGHV5-51,H136,46,FR2,CAG,122415,2366,1555,0.019327696769186782,0.012702691663603317,0.875,0.125,0.22035364112787412,0.21736334405144692
IGHV5-51,H139,47,FR2,ATG,122413,18231,0,0.14893026067492832,0.0,1.0,0.0,0.2571225054699811,
IGHV5-51,H142,48,FR2,CCC,122418,2222,188,0.018150925517489258,0.001535721870966688,0.6666666666666666,0.3333333333333333,0.886511778582091,5.909574468085106
IGHV5-51,H145,49,FR2,GGG,122416,1385,6572,0.011313880538491701,0.05368579270683571,0.6666666666666666,0.3333333333333333,1.0128370991948805,0.10537127206329884
IGHV5-51,H193,65,FR3,GAC,122409,7714,1105,0.06301824212271974,0.009027114019394,0.8888888888888888,0.1111111111111111,1.153518485971717,0.8726244343891403
IGHV5-51,H196,66,FR3,TCT,122416,4240,5357,0.03463599529473271,0.04376061952685924,0.6666666666666666,0.3333333333333333,1.7627818451070218,0.39574388650364006
IGHV5-51,H199,67,FR3,GAT,122411,23590,9836,0.19271143933143264,0.08035225592471265,0.8888888888888888,0.1111111111111111,1.2848602162019904,0.2997915819438796
IGHV5-51,H202,68,FR3,ACC,122422,20653,5515,0.16870333763539233,0.04504909248337717,0.6666666666666666,0.3333333333333333,1.1211252830009373,1.872438803263826
IGHV5-51,H205,69,FR3,AGA,122425,24232,3519,0.19793342862977334,0.02874412905860731,0.75,0.25,1.679360306546074,2.295349057497395
IGHV5-51,H208,70,FR3,TAC,122426,3048,15237,0.024896672275497037,0.12445885677878882,0.8571428571428571,0.14285714285714285,1.413520312644162,0.033339896305046926
IGHV5-51,H211,71,FR3,AGC,122415,12973,19909,0.10597557488869828,0.16263529796185108,0.8888888888888888,0.1111111111111111,1.3674372563944346,0.0814518559445477
IGHV5-51,H214,72,FR3,CCG,122416,1995,1575,0.016296889295516925,0.012865965233302835,0.6666666666666666,0.3333333333333333,0.49296793162165464,0.6333333333333334
IGHV5-51,H217,73,FR3,TCC,122408,4450,6441,0.03635383308280504,0.05261910986210051,0.6666666666666666,0.3333333333333333,0.9297369212551664,0.3454432541530818
IGHV5-51,H220,74,FR3,TTC,122428,4674,3561,0.03817754108537263,0.029086483484170287,0.8888888888888888,0.1111111111111111,0.6853225246326781,0.16406908171861836
IGHV5-51,H223,75,FR3,CAA,122432,16517,3257,0.13490754051228437,0.026602522216414008,0.875,0.125,0.2765697205770885,0.7244615991929472
IGHV5-51,H226,76,FR3,GGC,122458,1123,2388,0.009170491107155107,0.019500563458491892,0.6666666666666666,0.3333333333333333,0.44309091105505094,0.23513400335008375
IGHV5-51,H229,77,FR3,CAG,122992,10117,4344,0.08225738259398985,0.03531937036555223,0.875,0.125,1.4919544300137655,0.33270849776374634
IGHV5-51,H232,78,FR3,GTC,123063,2697,611,0.021915604202725432,0.004964936658459488,0.6666666666666666,0.3333333333333333,0.3035643948012537,2.207037643207856
IGHV5-51,H235,79,FR3,ACC,123065,8635,1200,0.07016617234794621,0.00975094462276033,0.6666666666666666,0.3333333333333333,0.5583444636077554,3.597916666666667
IGHV5-51,H238,80,FR3,ATC,123079,18132,5536,0.14732001397476419,0.04497924097530854,0.7777777777777778,0.2222222222222222,0.9073255344264464,0.9357968620974402
IGHV5-51,H241,81,FR3,TCA,123079,1069,6890,0.008685478432551451,0.05598030533234752,0.5714285714285714,0.42857142857142855,0.8815366136937866,0.11636429608127721
IGHV5-51,H244,82,FR3,GCC,123081,27031,141,0.21961960010074666,0.0011455870524288883,0.6666666666666666,0.3333333333333333,1.0809176809520256,95.85460992907801
IGHV5-51,H247,83,FR3,GAC,123081,1327,490,0.010781517862220815,0.003981118125462094,0.8888888888888888,0.1111111111111111,0.17704693806179214,0.3385204081632653
IGHV5-51,H250,84,FR3,AAG,123043,20259,1192,0.1646497565891599,0.009687670164088977,0.875,0.125,0.9434815010981986,2.427972195589645
IGHV5-51,H253,85,FR3,TCC,123027,2622,2019,0.02131239484015704,0.016411031724743348,0.6666666666666666,0.3333333333333333,0.7096307691411985,0.649331352154532
IGHV5-51,H256,86,FR3,ATC,123031,22346,2433,0.18162902032820996,0.01977550373483106,0.7777777777777778,0.2222222222222222,0.5057640313189151,2.6241559509130403
IGHV5-51,H259,87,FR3,AGC,123083,48775,13813,0.3962773088078776,0.1122250838864831,0.8888888888888888,0.1111111111111111,1.629489667474064,0.4413867371316876
IGHV5-51,H262,88,FR3,ACC,123088,5743,2257,0.04665767580917717,0.018336474717275446,0.6666666666666666,0.3333333333333333,2.61733779925298,1.2722640673460344
IGHV5-51,H265,89,FR3,GCC,123088,7308,551,0.059372156505914465,0.0044764721175094245,0.6666666666666666,0.3333333333333333,1.904804380512833,6.63157894736842
IGHV5-51,H268,90,FR3,TAC,123086,7284,6178,0.05917813561249858,0.050192548299562906,0.8571428571428571,0.14285714285714285,0.6415974948648201,0.19650372288766593
IGHV5-51,H271,91,FR3,CTG,123089,2459,21499,0.019977414716180975,0.1746622362680662,0.5555555555555556,0.4444444444444444,2.098469419942864,0.09150193032234055
IGHV5-51,H274,92,FR3,CAG,123088,8749,3377,0.07107922786949175,0.027435655790978813,0.875,0.125,1.98571518078705,0.3701087186429206
IGHV5-51,H277,93,FR3,TGG,123068,1913,0,0.015544251958266975,0.0,1.0,0.0,1.3642590597323545,
IGHV5-51,H280,94,FR3,AGC,123043,28215,5118,0.22931007859041147,0.04159521468104646,0.8888888888888888,0.1111111111111111,0.9960975619474636,0.689111957796014
IGHV5-51,H283,95,FR3,AGC,123072,9659,6702,0.07848251430057203,0.05445592823712948,0.8888888888888888,0.1111111111111111,0.8920817460724421,0.1801514473291555
IGHV5-51,H286,96,FR3,CTG,123094,828,3815,0.006726566688871919,0.030992574780249242,0.5555555555555556,0.4444444444444444,1.018902845805064,0.17363040629095675
IGHV5-51,H289,97,FR3,AAG,123101,20722,291,0.16833331979431523,0.002363912559605527,0.875,0.125,0.6159824435303038,10.172803141875308
IGHV5-51,H292,98,FR3,GCC,123100,6175,667,0.050162469536961816,0.005418359057676686,0.6666666666666666,0.3333333333333333,0.3183661317218087,4.628935532233883
IGHV5-51,H295,99,FR3,TCG,123100,2028,3467,0.016474411047928513,0.02816409423233144,0.625,0.375,1.1886878770463047,0.3509662532448803
IGHV5-51,H298,100,FR3,GAC,123102,277,364,0.002250166528569804,0.0029568975321278288,0.8888888888888888,0.1111111111111111,0.2276380640658998,0.0951236263736264
IGHV5-51,H301,101,FR3,ACC,123102,14244,2095,0.11570892430667251,0.017018407499471984,0.6666666666666666,0.3333333333333333,0.3005798017784466,3.399522673031026
IGHV5-51,H304,102,FR3,GCC,123102,4595,680,0.0373267696706796,0.005523874510568472,0.6666666666666666,0.3333333333333333,0.2609036710393596,3.378676470588235
IGHV5-51,H307,103,FR3,ATG,123102,42573,0,0.34583516108592877,0.0,1.0,0.0,5.757868269860768,
IGHV5-51,H310,104,FR3,TAT,123102,1436,6146,0.011665123231141656,0.049926077561696806,0.8571428571428571,0.14285714285714285,1.0108823720549156,0.03894131684564487
IGHV5-51,H313,105,FR3,TAC,123102,10903,14802,0.08856882910107065,0.12024175074328605,0.8571428571428571,0.14285714285714285,2.7456568003467035,0.12276494167454848
IGHV5-51,H316,106,FR3,TGT,123102,5,2109,0.00004061672434241523,0.017132134327630746,0.875,0.125,0.4528032287099792,0.00033868454921086495
IGHV5-51,H319,107,FR3,GCG,123102,11445,3384,0.09297168201978846,0.02748939903494663,0.6666666666666666,0.3333333333333333,0.6107289702616664,1.69104609929078
IGHV5-51,H322,108,FR3,AGA,123102,3719,9983,0.03021071956588845,0.08109535182206626,0.75,0.25,1.8974565902754919,0.12417776887375204
IGHV5-51,H76,26,CDR1,TCT,122498,5626,4103,0.04592728044539503,0.033494424398765696,0.6666666666666666,0.3333333333333333,0.7818966506958093,0.6855959054350476
IGHV5-51,H79,27,CDR1,GGA,122477,4194,3868,0.03424316402263282,0.03158143978053022,0.625,0.375,1.1894442632544764,0.6505687693898656
IGHV5-51,H85,29,CDR1,TAC,122448,8868,4486,0.07242257938063504,0.0366359597543447,0.8571428571428571,0.14285714285714285,0.5806165228514444,0.32946946054391435
IGHV5-51,H88,30,CDR1,AGC,122441,53444,16527,0.43648777778685244,0.13497929615079915,0.8888888888888888,0.1111111111111111,1.3159849148763998,0.4042173413202638
IGHV5-51,H91,31,CDR1,TTT,122464,2347,8644,0.019164815782597336,0.07058400836164097,0.8888888888888888,0.1111111111111111,0.8452587148501042,0.03393972697825081
IGHV5-51,H94,32,CDR1,ACC,122465,49923,3477,0.4076511656391622,0.028391785408075777,0.6666666666666666,0.3333333333333333,1.2948510988669473,7.179033649698015
IGHV5-51,H97,33,CDR1,AGC,122437,82869,11385,0.676829716507265,0.0929865971887583,0.8888888888888888,0.1111111111111111,2.158418664037679,0.9098484848484849
IGHV5-51,H148,50,CDR2,AAA,122418,9826,3361,0.08026597395807807,0.027455112810207648,0.875,0.125,0.44186352535710793,0.41764780890041237
IGHV5-51,H151,51,CDR2,GGC,122416,1523,1617,0.012441184158933473,0.013209057639524246,0.6666666666666666,0.3333333333333333,2.098631283458776,0.4709338280766852
IGHV5-51,H154,52,CDR2,CTG,122416,2396,3466,0.0195726048882499,0.028313292380081036,0.5555555555555556,0.4444444444444444,0.5980846966957567,0.5530294287362953
IGHV5-51,H157,53,CDR2,GAG,122416,2138,4766,0.017465037250032674,0.038932819239315124,0.875,0.125,0.8840286104259253,0.06408488699718241
IGHV5-51,H160,54,CDR2,TGG,122420,7394,0,0.06039862767521647,0.0,1.0,0.0,0.0029991285693718363,
IGHV5-51,H163,55,CDR2,ATG,122415,9676,0,0.07904260098844096,0.0,1.0,0.0,0.33067442796767565,
IGHV5-51,H166,56,CDR2,GGG,122416,4524,24972,0.036955953470134625,0.203992942099072,0.6666666666666666,0.3333333333333333,2.488091721052364,0.09058145122537244
IGHV5-51,H169,57,CDR2,ATC,122416,26262,2175,0.21453078029015815,0.017767285322180106,0.7777777777777778,0.2222222222222222,1.1697318590613741,3.449852216748768
IGHV5-51,H172,58,CDR2,ATC,122416,10803,5551,0.08824826820023526,0.04534537968892955,0.7777777777777778,0.2222222222222222,1.4261632630408616,0.5560388089662094
IGHV5-51,H175,59,CDR2,TAT,122414,24823,2783,0.2027790938944892,0.022734327772967144,0.8571428571428571,0.14285714285714285,0.9672062387843551,1.486585219786801
IGHV5-51,H178,60,CDR2,CCT,122391,6397,5841,0.05226691505094329,0.047724097360100005,0.6666666666666666,0.3333333333333333,1.4449905771712916,0.5475945899674715
IGHV5-51,H181,61,CDR2,GGT,122151,35721,4266,0.2924331360365449,0.034923987523638775,0.6666666666666666,0.3333333333333333,0.9421458665967667,4.186708860759493
IGHV3-74,H1,1,FR1,GAG,105178,4859,2650,0.046197874080130825,0.025195383064899504,0.875,0.125,0.6007651815035656,0.2619407008086253
IGHV3-74,H4,2,FR1,GTG,105178,6475,2839,0.06156230390385822,0.02699233680047158,0.6666666666666666,0.3333333333333333,0.6347108400377233,1.1403663261711872
IGHV3-74,H7,3,FR1,CAG,105178,8788,9867,0.08355359485824032,0.09381239422692958,0.875,0.125,2.1050765243095713,0.1272350837568229
IGHV3-74,H10,4,FR1,CTG,105178,2888,10511,0.027458213694879156,0.0999353476962863,0.5555555555555556,0.4444444444444444,2.4506195025470903,0.2198078203786509
IGHV3-74,H13,5,FR1,GTG,105178,3603,928,0.03425621327654072,0.008823137918576128,0.6666666666666666,0.3333333333333333,0.5885892536219848,1.9412715517241381
IGHV3-74,H16,6,FR1,GAG,105178,2899,1607,0.027562798303827796,0.015278860598223963,0.875,0.125,0.7137633724717759,0.25771179660414256
IGHV3-74,H19,7,FR1,TCC,105178,700,1336,0.00665538420582251,0.012702276141398391,0.6666666666666666,0.3333333333333333,0.6053748285113313,0.2619760479041916
IGHV3-74,H25,9,FR1,GGG,105178,119,832,0.0011314153149898267,0.007910399513206184,0.6666666666666666,0.3333333333333333,0.3055043667639592,0.07151442307692307
IGHV3-74,H28,10,FR1,GGA,105178,68,1011,0.0006465230371370439,0.009612276331552226,0.625,0.375,0.4322504752688081,0.04035608308605341
IGHV3-74,H31,11,FR1,GGC,105178,10053,3111,0.09558082488733385,0.029578428949019756,0.6666666666666666,0.3333333333333333,0.8211142557916857,1.6157184185149471
IGHV3-74,H34,12,FR1,TTA,105178,5786,5121,0.05501150430698435,0.04868888931145297,0.7142857142857143,0.2857142857142857,0.6838295492789116,0.4519429798867408
IGHV3-74,H37,13,FR1,GTT,105177,5763,1593,0.05479334835562908,0.015145896916626258,0.6666666666666666,0.3333333333333333,0.7622088942134256,1.8088512241054613
IGHV3-74,H40,14,FR1,CAG,105178,3401,1385,0.0323356595485748,0.013168153035805968,0.875,0.125,0.24543970046572014,0.3507993811242909
IGHV3-74,H43,15,FR1,CCT,105178,2251,23850,0.021401814067580672,0.22675844758409552,0.6666666666666666,0.3333333333333333,1.9124329693472253,0.04719077568134172
IGHV3-74,H46,16,FR1,GGG,105178,200,935,0.0019015383445207172,0.008889691760634354,0.6666666666666666,0.3333333333333333,0.2717762135445229,0.106951871657754
IGHV3-74,H49,17,FR1,GGG,105177,3067,550,0.029160367761012388,0.00522928016581572,0.6666666666666666,0.3333333333333333,0.19636240273659855,2.7881818181818185
IGHV3-74,H52,18,FR1,TCC,105176,818,1441,0.007777439720088233,0.013700844299079638,0.6666666666666666,0.3333333333333333,0.41795784838257327,0.28383067314365024
IGHV3-74,H55,19,FR1,CTG,105176,943,3427,0.008965923784893892,0.03258347912071195,0.5555555555555556,0.4444444444444444,0.6289659635544201,0.22013422818791945
IGHV3-74,H58,20,FR1,AGA,105176,2695,1427,0.02562371643721001,0.013567734083821404,0.75,0.25,0.6709686863860952,0.6295258117262322
IGHV3-74,H61,21,FR1,CTC,105176,1563,3735,0.014860804746329961,0.03551190385639309,0.6666666666666666,0.3333333333333333,0.43185266952684104,0.20923694779116467
IGHV3-74,H64,22,FR1,TCC,105176,1141,3264,0.010848482543546057,0.03103369590020537,0.6666666666666666,0.3333333333333333,0.7638459176589949,0.1747855392156863
IGHV3-74,H67,23,FR1,TGT,105176,30,2396,0.00028523617555335816,0.022780862554194873,0.875,0.125,0.6720091806444749,0.0017886954447889339
IGHV3-74,H70,24,FR1,GCA,105176,16449,1815,0.1563949950559063,0.01725678862097817,0.6666666666666666,0.3333333333333333,0.32437795410857895,4.531404958677686
IGHV3-74,H73,25,FR1,GCC,105176,7594,999,0.0722027839050734,0.009498364645926828,0.6666666666666666,0.3333333333333333,0.9872727688299467,3.8008008008008005
IGHV3-74,H115,39,FR2,TAC,105118,24939,5799,0.23724766452938603,0.05516657470652029,0.8571428571428571,0.14285714285714285,1.1125014410685132,0.7167615106052769
IGHV3-74,H118,40,FR2,TGG,105132,6088,0,0.05790815355933493,0.0,1.0,0.0,0.8973178462299866,
IGHV3-74,H121,41,FR2,ATG,105140,6660,0,0.06334411261175575,0.0,1.0,0.0,0.19709554669075924,
IGHV3-74,H124,42,FR2,CAC,105140,10504,2108,0.09990488871980217,0.020049457865702874,0.8888888888888888,0.1111111111111111,1.5879584411384597,0.6228652751423149
IGHV3-74,H127,43,FR2,TGG,105140,26,0,0.0002472893285143618,0.0,1.0,0.0,0.0,
IGHV3-74,H130,44,FR2,GTC,105126,2477,575,0.02356220154861785,0.005469626923881818,0.6666666666666666,0.3333333333333333,0.2851444185752991,2.1539130434782607
IGHV3-74,H133,45,FR2,CGC,105126,83,1580,0.0007895287559690277,0.015029583547362214,0.6666666666666666,0.3333333333333333,0.8466764940974673,0.026265822784810124
IGHV3-74,H136,46,FR2,CAA,105126,2307,4837,0.021945094458078875,0.04601145292315888,0.875,0.125,0.22035364112787412,0.06813550311586283
IGHV3-74,H139,47,FR2,GCT,105125,28949,2263,0.2753769322235434,0.021526753864447086,0.6666666666666666,0.3333333333333333,0.2571225054699811,6.396155545735749
IGHV3-74,H142,48,FR2,CCA,105126,986,3934,0.00937922112512604,0.037421760554001864,0.6666666666666666,0.3333333333333333,0.886511778582091,0.12531774275546517
IGHV3-74,H145,49,FR2,GGG,105120,1863,4057,0.017722602739726027,0.038593987823439875,0.6666666666666666,0.3333333333333333,1.0128370991948805,0.22960315504067047
IGHV3-74,H193,65,FR3,GGG,105087,8426,14925,0.0801811832101021,0.14202517913728624,0.6666666666666666,0.3333333333333333,1.153518485971717,0.28227805695142383
IGHV3-74,H196,66,FR3,AGT,105035,34955,4437,0.3327938306278859,0.04224306183653068,0.8888888888888888,0.1111111111111111,1.7627818451070218,0.9847588460671622
IGHV3-74,H199,67,FR3,AGC,105088,60588,13466,0.576545371498173,0.12814022533495736,0.8888888888888888,0.1111111111111111,1.2848602162019904,0.562416456260211
IGHV3-74,H202,68,FR3,ACA,105057,20847,3992,0.19843513521231332,0.037998419905384696,0.6666666666666666,0.3333333333333333,1.1211252830009373,2.6110971943887775
IGHV3-74,H205,69,FR3,AGC,105090,80336,9137,0.7644495194595109,0.08694452374155485,0.8888888888888888,0.1111111111111111,1.679360306546074,1.0990478275145015
IGHV3-74,H208,70,FR3,TAC,105115,4614,8877,0.04389478190553204,0.0844503638871712,0.8571428571428571,0.14285714285714285,1.413520312644162,0.08662836543877436
IGHV3-74,H211,71,FR3,GCG,105118,4137,1312,0.03935577160904888,0.01248121159078369,0.6666666666666666,0.3333333333333333,1.3674372563944346,1.5766006097560976
IGHV3-74,H214,72,FR3,GAC,105118,5512,1063,0.05243630967103636,0.01011244506174014,0.8888888888888888,0.1111111111111111,0.49296793162165464,0.6481655691439322
IGHV3-74,H217,73,FR3,TCC,105118,5754,2521,0.054738484369946154,0.02398257196674214,0.6666666666666666,0.3333333333333333,0.9297369212551664,1.1412138040460131
IGHV3-74,H220,74,FR3,GTG,105122,1802,1482,0.017141987405110252,0.014097905290995225,0.6666666666666666,0.3333333333333333,0.6853225246326781,0.607962213225371
IGHV3-74,H223,75,FR3,AAG,105120,13337,110,0.1268740487062405,0.0010464231354642313,0.875,0.125,0.2765697205770885,17.320779220779222
IGHV3-74,H226,76,FR3,GGC,105131,779,1534,0.007409803007676137,0.014591319401508594,0.6666666666666666,0.3333333333333333,0.44309091105505094,0.25391134289439377
IGHV3-74,H229,77,FR3,CGA,105133,200,5483,0.001902352258567719,0.052152987168634014,0.5,0.5,1.4919544300137655,0.03647638154295094
IGHV3-74,H232,78,FR3,TTC,105147,2143,1401,0.020380990422931705,0.013324203258295529,0.8888888888888888,0.1111111111111111,0.3035643948012537,0.19120271234832262
IGHV3-74,H235,79,FR3,ACC,105148,5811,998,0.055264959866093505,0.009491383573629551,0.6666666666666666,0.3333333333333333,0.5583444636077554,2.9113226452905807
IGHV3-74,H238,80,FR3,ATC,105149,11077,2540,0.10534574746312375,0.024156197396076044,0.7777777777777778,0.2222222222222222,0.9073255344264464,1.2460067491563551
IGHV3-74,H241,81,FR3,TCC,105167,1729,1483,0.016440518413570797,0.014101381612102656,0.6666666666666666,0.3333333333333333,0.8815366136937866,0.5829399865138234
IGHV3-74,H244,82,FR3,AGA,105167,2531,2344,0.02406648473380433,0.02228836041724115,0.75,0.25,1.0809176809520256,0.35992605233219566
IGHV3-74,H247,83,FR3,GAC,105161,461,430,0.0043837544336778845,0.004088968343777636,0.8888888888888888,0.1111111111111111,0.17704693806179214,0.13401162790697677
IGHV3-74,H250,84,FR3,AAC,105157,5206,1919,0.04950692773662238,0.01824890401970387,0.8888888888888888,0.1111111111111111,0.9434815010981986,0.33910891089108913
IGHV3-74,H253,85,FR3,GCC,105165,7302,387,0.06943374696904864,0.003679931536157467,0.6666666666666666,0.3333333333333333,0.7096307691411985,9.434108527131782
IGHV3-74,H256,86,FR3,AAG,105160,13115,1219,0.1247147204260175,0.011591860022822366,0.875,0.125,0.5057640313189151,1.5369741005508026
IGHV3-74,H259,87,FR3,AAC,105160,10540,5201,0.100228223659186,0.04945796880943325,0.8888888888888888,0.1111111111111111,1.629489667474064,0.2533166698711786
IGHV3-74,H262,88,FR3,ACG,105160,6093,23753,0.05794028147584633,0.225874857360213,0.6666666666666666,0.3333333333333333,2.61733779925298,0.12825748326527175
IGHV3-74,H265,89,FR3,CTG,105167,16866,17029,0.16037350119334012,0.16192341704146737,0.5555555555555556,0.4444444444444444,1.904804380512833,0.7923424746021492
IGHV3-74,H268,90,FR3,TAT,105167,16819,1525,0.1599265929426531,0.014500746431865509,0.8571428571428571,0.14285714285714285,0.6415974948648201,1.838142076502732
IGHV3-74,H271,91,FR3,CTG,105167,983,16485,0.009347038519687734,0.15675069175691994,0.5555555555555556,0.4444444444444444,2.098469419942864,0.047703973309068844
IGHV3-74,H274,92,FR3,CAA,105167,6741,6680,0.06409805357193797,0.06351802371466335,0.875,0.125,1.98571518078705,0.1441616766467066
IGHV3-74,H277,93,FR3,ATG,105167,5420,0,0.05153707912177775,0.0,1.0,0.0,1.3642590597323545,
IGHV3-74,H280,94,FR3,AAC,105177,15508,4126,0.14744668511176398,0.03922910902573756,0.8888888888888888,0.1111111111111111,0.9960975619474636,0.46982549684924874
IGHV3-74,H283,95,FR3,AGT,105177,8675,1640,0.08248000988809341,0.015592762676250512,0.8888888888888888,0.1111111111111111,0.8920817460724421,0.6612042682926829
IGHV3-74,H286,96,FR3,CTG,105177,1355,4313,0.012883044772146001,0.04100706428211491,0.5555555555555556,0.4444444444444444,1.018902845805064,0.25133317876188266
IGHV3-74,H289,97,FR3,AGA,105177,9871,3796,0.09385131730321268,0.03609154092624813,0.75,0.25,0.6159824435303038,0.8667896030909731
IGHV3-74,H292,98,FR3,GCC,105176,29027,138,0.27598501559291094,0.0013120864075454475,0.6666666666666666,0.3333333333333333,0.3183661317218087,105.17028985507248
IGHV3-74,H295,99,FR3,GAG,105177,11545,6031,0.1097673445715318,0.05734143396369929,0.875,0.125,1.1886878770463047,0.2734680342042305
IGHV3-74,H298,100,FR3,GAC,105178,252,2003,0.002395938314096104,0.019043906520374982,0.8888888888888888,0.1111111111111111,0.2276380640658998,0.015726410384423368
IGHV3-74,H301,101,FR3,ACG,105178,4249,940,0.04039818212934264,0.008937230219247371,0.6666666666666666,0.3333333333333333,0.3005798017784466,2.2601063829787233
IGHV3-74,H304,102,FR3,GCT,105178,4779,2497,0.04543725874232254,0.023740706231341155,0.6666666666666666,0.3333333333333333,0.2609036710393596,0.9569483380056069
IGHV3-74,H307,103,FR3,GTG,105178,17017,30239,0.16179239004354523,0.28750308999980984,0.6666666666666666,0.3333333333333333,5.757868269860768,0.2813750454710804
IGHV3-74,H310,104,FR3,TAT,105178,871,4335,0.008281199490387723,0.04121584361748655,0.8571428571428571,0.14285714285714285,1.0108823720549156,0.03348712033833141
IGHV3-74,H313,105,FR3,TAC,105178,10057,18420,0.09561885565422426,0.17513168153035805,0.8571428571428571,0.14285714285714285,2.7456568003467035,0.09099710459645315
IGHV3-74,H316,106,FR3,TGT,105178,7,2523,0.00006655384205822511,0.023987906216128847,0.875,0.125,0.4528032287099792,0.00039635354736424893
IGHV3-74,H319,107,FR3,GCA,105178,30680,3775,0.29169598204947805,0.03589153625282854,0.6666666666666666,0.3333333333333333,0.6107289702616664,4.063576158940398
IGHV3-74,H322,108,FR3,AGA,105178,3466,9566,0.03295365951054403,0.0909505790184259,0.75,0.25,1.8974565902754919,0.12077496689664784
IGHV3-74,H76,26,CDR1,TCT,105173,747,4262,0.00710258336265011,0.04052370855637854,0.6666666666666666,0.3333333333333333,0.7818966506958093,0.0876349131862975
IGHV3-74,H79,27,CDR1,GGA,105171,2879,9029,0.027374466345285297,0.08585066225480407,0.625,0.375,1.1894442632544764,0.19131686787019603
IGHV3-74,H85,29,CDR1,TTC,105080,3745,2107,0.03563951275218881,0.0200513894175866,0.8888888888888888,0.1111111111111111,0.5806165228514444,0.22217607973421927
IGHV3-74,H88,30,CDR1,ACC,105127,19550,5954,0.1859655464343128,0.05663625900101782,0.6666666666666666,0.3333333333333333,1.3159849148763998,1.6417534430634866
IGHV3-74,H91,31,CDR1,TTC,105138,10742,2897,0.10217048070155414,0.027554262017538855,0.8888888888888888,0.1111111111111111,0.8452587148501042,0.46349672074559883
IGHV3-74,H94,32,CDR1,AGT,105077,19681,5389,0.1873007413610971,0.05128619964407054,0.8888888888888888,0.1111111111111111,1.2948510988669473,0.45650862868806824
IGHV3-74,H97,33,CDR1,AGC,105139,57929,14818,0.5509753754553496,0.14093723546923598,0.8888888888888888,0.1111111111111111,2.158418664037679,0.48867087326224856
IGHV3-74,H148,50,CDR2,AAG,105119,10003,278,0.09515882000399548,0.0026446218095682035,0.875,0.125,0.44186352535710793,5.140287769784173
IGHV3-74,H151,51,CDR2,GGG,105122,1421,9535,0.013517627137992047,0.09070413424402123,0.6666666666666666,0.3333333333333333,2.098631283458776,0.07451494493969586
IGHV3-74,H154,52,CDR2,CTG,105122,4004,3548,0.038089077452864294,0.033751260440250376,0.5555555555555556,0.4444444444444444,0.5980846966957567,0.9028184892897407
IGHV3-74,H157,53,CDR2,GTG,105121,16423,7214,0.1562294879234406,0.06862567897946176,0.6666666666666666,0.3333333333333333,0.8840286104259253,1.1382728028832825
IGHV3-74,H160,54,CDR2,TGG,105121,2267,0,0.02156562437571941,0.0,1.0,0.0,0.0029991285693718363,
IGHV3-74,H163,55,CDR2,GTC,105121,4473,1799,0.0425509650783383,0.017113611932915402,0.6666666666666666,0.3333333333333333,0.33067442796767565,1.2431906614785992
IGHV3-74,H166,56,CDR2,TCA,105116,8215,4592,0.07815175615510483,0.04368507173027893,0.5714285714285714,0.42857142857142855,2.488091721052364,1.3417356271777006
IGHV3-74,H169,57,CDR2,CGT,105114,18202,11485,0.1731643739178416,0.10926232471411991,0.6666666666666666,0.3333333333333333,1.1697318590613741,0.7924249020461472
IGHV3-74,H172,58,CDR2,ATT,105091,13171,7804,0.12532947635858446,0.07425945133265456,0.7777777777777778,0.2222222222222222,1.4261632630408616,0.4822069268506992
IGHV3-74,H175,59,CDR2,AAT,105067,42809,5586,0.40744477333511,0.053166074980726584,0.8888888888888888,0.1111111111111111,0.9672062387843551,0.957952918009309
IGHV3-74,H178,60,CDR2,AGT,105067,57836,2204,0.5504677967392235,0.020977090808722055,0.8888888888888888,0.1111111111111111,1.4449905771712916,3.2801724137931028
IGHV3-74,H181,61,CDR2,GAT,103695,8822,3612,0.08507642605718695,0.03483292347750615,0.8888888888888888,0.1111111111111111,0.9421458665967667,0.30530177187153934
IGHV1-18,H1,1,FR1,CAG,94241,1870,2480,0.01984274360416379,0.026315510234399042,0.875,0.125,0.6007651815035656,0.10771889400921658
IGHV1-18,H4,2,FR1,GTT,94241,11146,1340,0.11827124075508537,0.014218864400844643,0.6666666666666666,0.3333333333333333,0.6347108400377233,4.158955223880597
IGHV1-18,H7,3,FR1,CAG,94241,12004,13122,0.12737555840876053,0.139238760199913,0.875,0.125,2.1050765243095713,0.1306856533193982
IGHV1-18,H10,4,FR1,CTG,94238,3058,17167,0.03244975487595238,0.1821664296780492,0.5555555555555556,0.4444444444444444,2.4506195025470903,0.14250597075784935
IGHV1-18,H13,5,FR1,GTG,94239,6323,3444,0.0670953639151519,0.03654537930156305,0.6666666666666666,0.3333333333333333,0.5885892536219848,0.9179732868757259
IGHV1-18,H16,6,FR1,CAG,94241,225,5544,0.0023874958882015257,0.058827898685285596,0.875,0.125,0.7137633724717759,0.005797773654916512
IGHV1-18,H19,7,FR1,TCT,94241,459,2145,0.004870491611931113,0.02276079413418788,0.6666666666666666,0.3333333333333333,0.6053748285113313,0.106993006993007
IGHV1-18,H25,9,FR1,GGA,94237,2872,3456,0.03047635217589694,0.036673493426148965,0.625,0.375,0.3055043667639592,0.4986111111111111
IGHV1-18,H28,10,FR1,GCT,94237,30041,1617,0.3187813703746936,0.017158865413797127,0.6666666666666666,0.3333333333333333,0.4322504752688081,9.289115646258505
IGHV1-18,H31,11,FR1,GAG,94236,3254,7411,0.03453032811239866,0.07864298145082559,0.875,0.125,0.8211142557916857,0.06272529251884265
IGHV1-18,H34,12,FR1,GTG,94225,7075,1961,0.07508622976916954,0.020811886442027062,0.6666666666666666,0.3333333333333333,0.6838295492789116,1.8039265680775116
IGHV1-18,H37,13,FR1,AAG,94220,7278,627,0.07724474633835704,0.006654638081086818,0.875,0.125,0.7622088942134256,1.6582365003417636
IGHV1-18,H40,14,FR1,AAG,94222,13673,1056,0.14511472904417227,0.011207573602767931,0.875,0.125,0.24543970046572014,1.849702380952381
IGHV1-18,H43,15,FR1,CCT,94220,2885,2904,0.03061982593929102,0.030821481638717896,0.6666666666666666,0.3333333333333333,1.9124329693472253,0.496728650137741
IGHV1-18,H46,16,FR1,GGG,94221,122,351,0.0012948281168741575,0.003725284172318273,0.6666666666666666,0.3333333333333333,0.2717762135445229,0.1737891737891738
IGHV1-18,H49,17,FR1,GCC,94224,1751,426,0.01858337578536254,0.004521141110545084,0.6666666666666666,0.3333333333333333,0.19636240273659855,2.0551643192488265
IGHV1-18,H52,18,FR1,TCA,94224,934,5802,0.009912548819833588,0.06157666836474784,0.5714285714285714,0.42857142857142855,0.41795784838257327,0.12073422957600827
IGHV1-18,H55,19,FR1,GTG,94223,2012,1695,0.02135359731700328,0.017989238296381986,0.6666666666666666,0.3333333333333333,0.6289659635544201,0.5935103244837759
IGHV1-18,H58,20,FR1,AAG,94222,12523,5124,0.13290951157903674,0.05438220373161257,0.875,0.125,0.6709686863860952,0.34914129586260734
IGHV1-18,H61,21,FR1,GTC,94210,2761,963,0.029306867636132047,0.010221844814775501,0.6666666666666666,0.3333333333333333,0.43185266952684104,1.433541017653167
IGHV1-18,H64,22,FR1,TCC,94210,1224,1696,0.012992251353359517,0.018002335208576584,0.6666666666666666,0.3333333333333333,0.7638459176589949,0.36084905660377364
IGHV1-18,H67,23,FR1,TGC,94209,19,7082,0.00020167924508274155,0.07517328493031451,0.875,0.125,0.6720091806444749,0.00038326542139024484
IGHV1-18,H70,24,FR1,AAG,94206,11115,648,0.11798611553404242,0.006878542767976562,0.875,0.125,0.32437795410857895,2.450396825396825
IGHV1-18,H73,25,FR1,GCT,94206,16909,11353,0.17948962911067234,0.1205124938963548,0.6666666666666666,0.3333333333333333,0.9872727688299467,0.7446930326785871
IGHV1-18,H115,39,FR2,TAT,94186,20001,47,0.2123564011636549,0.0004990125921049837,0.8571428571428571,0.14285714285714285,1.1125014410685132,70.92553191489361
IGHV1-18,H118,40,FR2,GGT,94175,17232,12884,0.18297849747809927,0.13680913193522698,0.6666666666666666,0.3333333333333333,0.8973178462299866,0.66873641726172
IGHV1-18,H121,41,FR2,ATC,94176,22896,5191,0.24311926605504589,0.05512020047570506,0.7777777777777778,0.2222222222222222,0.19709554669075924,1.260203098769849
IGHV1-18,H124,42,FR2,AGC,94175,36328,14428,0.3857499336341917,0.15320414122644013,0.8888888888888888,0.1111111111111111,1.5879584411384597,0.3147352370390907
IGHV1-18,H127,43,FR2,TGG,94176,104,0,0.0011043153244988107,0.0,1.0,0.0,0.0,
IGHV1-18,H130,44,FR2,GTG,94083,5736,1640,0.06096744364019004,0.01743141694036117,0.6666666666666666,0.3333333333333333,0.2851444185752991,1.748780487804878
IGHV1-18,H133,45,FR2,CGA,94077,15,8208,0.00015944385981695846,0.08724768009183967,0.5,0.5,0.8466764940974673,0.0018274853801169592
IGHV1-18,H136,46,FR2,CAG,94077,1682,635,0.017878971480808276,0.0067497900655845745,0.875,0.125,0.22035364112787412,0.3784026996625422
IGHV1-18,H139,47,FR2,GCC,94086,2105,380,0.02237314797100525,0.004038858066024701,0.6666666666666666,0.3333333333333333,0.2571225054699811,2.7697368421052633
IGHV1-18,H142,48,FR2,CCT,94086,730,4491,0.007758858916310609,0.04773292519609719,0.6666666666666666,0.3333333333333333,0.886511778582091,0.08127365842796705
IGHV1-18,H145,49,FR2,GGA,94090,341,3814,0.0036241896056966733,0.04053565734934637,0.625,0.375,1.0128370991948805,0.05364446775039329
IGHV1-18,H193,65,FR3,AAT,94002,20796,5053,0.2212293355460522,0.05375417544307568,0.8888888888888888,0.1111111111111111,1.153518485971717,0.5144468632495547
IGHV1-18,H196,66,FR3,GGT,94028,13438,15552,0.14291487641978984,0.16539754115795294,0.6666666666666666,0.3333333333333333,1.7627818451070218,0.43203446502057613
IGHV1-18,H199,67,FR3,AAC,94059,37559,4222,0.399313197035903,0.04488672003742332,0.8888888888888888,0.1111111111111111,1.2848602162019904,1.1120026054002843
IGHV1-18,H202,68,FR3,ACA,94073,11716,3555,0.12454157941173344,0.037789801537104165,0.6666666666666666,0.3333333333333333,1.1211252830009373,1.6478199718706048
IGHV1-18,H205,69,FR3,AAC,94066,41956,7115,0.4460272574575298,0.07563838156188209,0.8888888888888888,0.1111111111111111,1.679360306546074,0.7371047083626141
IGHV1-18,H208,70,FR3,TAT,94086,12898,3937,0.13708734561996472,0.041844695278787494,0.8571428571428571,0.14285714285714285,1.413520312644162,0.5460164253661841
IGHV1-18,H211,71,FR3,GCA,94090,16735,4310,0.17786162185141885,0.04580720586672335,0.6666666666666666,0.3333333333333333,1.3674372563944346,1.9414153132250578
IGHV1-18,H214,72,FR3,CAG,94094,14076,2852,0.14959508576529854,0.030310115416498397,0.875,0.125,0.49296793162165464,0.7050691244239631
IGHV1-18,H217,73,FR3,AAG,94168,31360,11074,0.33302183331917423,0.1175983348908334,0.875,0.125,0.9297369212551664,0.404551201011378
IGHV1-18,H220,74,FR3,CTC,94195,56265,2004,0.597324698763204,0.02127501459737778,0.6666666666666666,0.3333333333333333,0.6853225246326781,14.038173652694612
IGHV1-18,H223,75,FR3,CAG,94202,8093,2853,0.08591112715228975,0.030285981189359035,0.875,0.125,0.2765697205770885,0.4052375945120425
IGHV1-18,H226,76,FR3,GGC,94217,12884,2527,0.13674814523918188,0.02682106201640893,0.6666666666666666,0.3333333333333333,0.44309091105505094,2.5492679066086263
IGHV1-18,H229,77,FR3,AGA,94220,309,3030,0.003279558480152834,0.032158777329654,0.75,0.25,1.4919544300137655,0.033993399339934
IGHV1-18,H232,78,FR3,GTC,94221,14290,765,0.15166470319780093,0.008119209093514185,0.6666666666666666,0.3333333333333333,0.3035643948012537,9.339869281045752
IGHV1-18,H235,79,FR3,ACC,94223,10767,4101,0.11427146238179638,0.04352440486929943,0.6666666666666666,0.3333333333333333,0.5583444636077554,1.3127286027798097
IGHV1-18,H238,80,FR3,ATG,94223,20228,0,0.2146821901234306,0.0,1.0,0.0,0.9073255344264464,
IGHV1-18,H241,81,FR3,ACC,94223,2729,4782,0.028963204313171943,0.05075193954766883,0.6666666666666666,0.3333333333333333,0.8815366136937866,0.2853408615641991
IGHV1-18,H244,82,FR3,ACA,94189,15634,4970,0.165985412309293,0.05276624658930448,0.6666666666666666,0.3333333333333333,1.0809176809520256,1.5728370221327965
IGHV1-18,H247,83,FR3,GAC,94192,3838,2212,0.04074656021742823,0.02348394768133175,0.8888888888888888,0.1111111111111111,0.17704693806179214,0.21688517179023506
IGHV1-18,H250,84,FR3,ACA,94151,9964,5115,0.10582999649499208,0.05432762264872386,0.6666666666666666,0.3333333333333333,0.9434815010981986,0.973998044965787
IGHV1-18,H253,85,FR3,TCC,94158,6352,5353,0.06746107606363771,0.056851250026551114,0.6666666666666666,0.3333333333333333,0.7096307691411985,0.5933121614048198
IGHV1-18,H256,86,FR3,ACG,94223,4373,4010,0.04641117349267164,0.0425586109548624,0.6666666666666666,0.3333333333333333,0.5057640313189151,0.5452618453865337
IGHV1-18,H259,87,FR3,AGC,94183,33260,5011,0.3531422868245862,0.053204930826157584,0.8888888888888888,0.1111111111111111,1.629489667474064,0.8296747156256237
IGHV1-18,H262,88,FR3,ACA,94224,2051,8549,0.021767277975887248,0.09073059942265241,0.6666666666666666,0.3333333333333333,2.61733779925298,0.11995555035676687
IGHV1-18,H265,89,FR3,GCC,94226,15082,2855,0.16006197864708255,0.030299492709018744,0.6666666666666666,0.3333333333333333,1.904804380512833,2.641330998248687
IGHV1-18,H268,90,FR3,TAC,94239,6524,6186,0.06922823883954626,0.06564161334479356,0.8571428571428571,0.14285714285714285,0.6415974948648201,0.1757732514279556
IGHV1-18,H271,91,FR3,ATG,94241,6932,0,0.0735560955422799,0.0,1.0,0.0,2.098469419942864,
IGHV1-18,H274,92,FR3,GAG,94241,7476,21169,0.07932853004530936,0.224626224254836,0.875,0.125,1.98571518078705,0.05045113137134489
IGHV1-18,H277,93,FR3,CTG,94241,5392,16069,0.05721501257414501,0.17050965078893476,0.5555555555555556,0.4444444444444444,1.3642590597323545,0.2684423423984068
IGHV1-18,H280,94,FR3,AGG,94241,13036,2535,0.1383262062159782,0.026899120340403856,0.7777777777777778,0.2222222222222222,0.9960975619474636,1.4692589461820231
IGHV1-18,H283,95,FR3,AGC,94241,13745,3938,0.14584947103702212,0.041786483589944926,0.8888888888888888,0.1111111111111111,0.8920817460724421,0.43629380396140177
IGHV1-18,H286,96,FR3,CTG,94241,184,9195,0.0019524410819070255,0.09756899863116902,0.5555555555555556,0.4444444444444444,1.018902845805064,0.01600870038064165
IGHV1-18,H289,97,FR3,AGA,94241,22418,3777,0.23787947920756358,0.04007809764327628,0.75,0.25,0.6159824435303038,1.9784661547965756
IGHV1-18,H292,98,FR3,TCT,94241,10881,3846,0.11545930115342579,0.040810263048991414,0.6666666666666666,0.3333333333333333,0.3183661317218087,1.4145865834633384
IGHV1-18,H295,99,FR3,GAC,94241,2666,343,0.02828917350197897,0.0036396048429027704,0.8888888888888888,0.1111111111111111,1.1886878770463047,0.9715743440233237
IGHV1-18,H298,100,FR3,GAC,94241,114,681,0.0012096645833554397,0.007226154221623285,0.8888888888888888,0.1111111111111111,0.2276380640658998,0.02092511013215859
IGHV1-18,H301,101,FR3,ACG,94241,2163,975,0.022951793805244,0.010345815515539945,0.6666666666666666,0.3333333333333333,0.3005798017784466,1.1092307692307692
IGHV1-18,H304,102,FR3,GCC,94241,822,339,0.008722318311562907,0.0035971604715569656,0.6666666666666666,0.3333333333333333,0.2609036710393596,1.2123893805309733
IGHV1-18,H307,103,FR3,GTG,94241,14340,33916,0.15216307127471057,0.35988582464107977,0.6666666666666666,0.3333333333333333,5.757868269860768,0.21140464677438375
IGHV1-18,H310,104,FR3,TAT,94241,1378,4997,0.01462208592862979,0.053023630903746774,0.8571428571428571,0.14285714285714285,1.0108823720549156,0.045960909879260894
IGHV1-18,H313,105,FR3,TAC,94241,9463,12920,0.10041277151133796,0.13709531944694983,0.8571428571428571,0.14285714285714285,2.7456568003467035,0.1220717234262126
IGHV1-18,H316,106,FR3,TGT,94241,0,2042,0.0,0.021667851572033405,0.875,0.125,0.4528032287099792,0.0
IGHV1-18,H319,107,FR3,GCG,94241,8645,1835,0.09173289757112085,0.019471355354888,0.6666666666666666,0.3333333333333333,0.6107289702616664,2.3555858310626703
IGHV1-18,H322,108,FR3,AGA,94241,2045,9048,0.021699684850542758,0.09600916798421069,0.75,0.25,1.8974565902754919,0.07533893309755378
IGHV1-18,H76,26,CDR1,TCT,94205,3101,5752,0.032917573377209276,0.061058330237248555,0.6666666666666666,0.3333333333333333,0.7818966506958093,0.26955841446453405
IGHV1-18,H79,27,CDR1,GGT,94198,3388,6116,0.03596679335017729,0.0649270685152551,0.6666666666666666,0.3333333333333333,1.1894442632544764,0.27697841726618705
IGHV1-18,H85,29,CDR1,TAC,94186,8471,3882,0.08993905676002803,0.04121631665003291,0.8571428571428571,0.14285714285714285,0.5806165228514444,0.3636871028679375
IGHV1-18,H88,30,CDR1,ACC,94182,23530,8263,0.24983542502813702,0.08773438661315326,0.6666666666666666,0.3333333333333333,1.3159849148763998,1.4238170156117633
IGHV1-18,H91,31,CDR1,TTT,94181,4110,8052,0.04363937524553785,0.08549495121096612,0.8888888888888888,0.1111111111111111,0.8452587148501042,0.06380402384500744
IGHV1-18,H94,32,CDR1,ACC,94170,38494,4215,0.408771370924923,0.04475947754061803,0.6666666666666666,0.3333333333333333,1.2948510988669473,4.566310794780546
IGHV1-18,H97,33,CDR1,AGC,94174,56264,14078,0.5974472784420328,0.14948924331556482,0.8888888888888888,0.1111111111111111,2.158418664037679,0.4995738030970307
IGHV1-18,H148,50,CDR2,CAA,94094,4196,5696,0.04459370416817225,0.060535209471379685,0.875,0.125,0.44186352535710793,0.10523675762439808
IGHV1-18,H151,51,CDR2,GGG,94096,1244,13333,0.013220540724366604,0.14169571501445333,0.6666666666666666,0.3333333333333333,2.098631283458776,0.046651166279156976
IGHV1-18,H154,52,CDR2,CTT,94094,6067,2321,0.06447807511637299,0.024666822539162966,0.6666666666666666,0.3333333333333333,0.5980846966957567,1.3069797501077123
IGHV1-18,H157,53,CDR2,GAG,94093,1826,3055,0.019406332033201194,0.03246787752542697,0.875,0.125,0.8840286104259253,0.08538695347205984
IGHV1-18,H160,54,CDR2,TGG,94092,1354,0,0.01439017132168516,0.0,1.0,0.0,0.0029991285693718363,
IGHV1-18,H163,55,CDR2,ATG,94089,14350,0,0.15251517180541826,0.0,1.0,0.0,0.33067442796767565,
IGHV1-18,H166,56,CDR2,GGA,94078,3330,15581,0.03539616063266651,0.1656178915368099,0.625,0.375,2.488091721052364,0.12823310442205252
IGHV1-18,H169,57,CDR2,TGG,94064,4668,0,0.0496257866984181,0.0,1.0,0.0,1.1697318590613741,
IGHV1-18,H172,58,CDR2,ATC,94038,8233,1859,0.08754971394542632,0.019768604181288417,0.7777777777777778,0.2222222222222222,1.4261632630408616,1.2653500345808035
IGHV1-18,H175,59,CDR2,AGC,94013,16476,4273,0.17525235871634773,0.0454511610096476,0.8888888888888888,0.1111111111111111,0.9672062387843551,0.48197987362508776
IGHV1-18,H178,60,CDR2,GCT,93917,54107,2972,0.5761150803368932,0.031644963105721007,0.6666666666666666,0.3333333333333333,1.4449905771712916,9.102792732166892
IGHV1-18,H181,61,CDR2,TAC,93867,23750,7331,0.25301756740920667,0.07809986470218501,0.8571428571428571,0.14285714285714285,0.9421458665967667,0.5399445278043014
IGHV1-2,H1,1,FR1,CAG,79699,1227,1071,0.015395425287644763,0.01343806070339653,0.875,0.125,0.6007651815035656,0.1636654661864746
IGHV1-2,H4,2,FR1,GTG,79699,3903,2377,0.04897175623282601,0.029824715492038797,0.6666666666666666,0.3333333333333333,0.6347108400377233,0.8209928481278923
IGHV1-2,H7,3,FR1,CAG,79699,7945,9777,0.09968757449905269,0.12267406115509605,0.875,0.125,2.1050765243095713,0.11608877978930143
IGHV1-2,H10,4,FR1,CTG,79699,1992,8863,0.02499404007578514,0.11120591224482114,0.5555555555555556,0.4444444444444444,2.4506195025470903,0.17980367821279475
IGHV1-2,H13,5,FR1,GTG,79699,4348,3731,0.05455526418148283,0.046813636306603595,0.6666666666666666,0.3333333333333333,0.5885892536219848,0.5826856070758509
IGHV1-2,H16,6,FR1,CAG,79699,295,3701,0.003701426617648904,0.04643722004040201,0.875,0.125,0.7137633724717759,0.011386883853784693
IGHV1-2,H19,7,FR1,TCT,79698,375,1330,0.0047052623654294965,0.016687997189389948,0.6666666666666666,0.3333333333333333,0.6053748285113313,0.14097744360902256
IGHV1-2,H25,9,FR1,GGG,79698,858,1181,0.010765640292102687,0.01481843960952596,0.6666666666666666,0.3333333333333333,0.3055043667639592,0.36325148179508887
IGHV1-2,H28,10,FR1,GCT,79698,5740,840,0.07202188260684082,0.010539787698562071,0.6666666666666666,0.3333333333333333,0.4322504752688081,3.416666666666667
IGHV1-2,H31,11,FR1,GAG,79698,2284,4661,0.028658184647042586,0.058483274360711685,0.875,0.125,0.8211142557916857,0.07000337144083121
IGHV1-2,H34,12,FR1,GTG,79697,3497,1250,0.04387869054042185,0.015684404682735863,0.6666666666666666,0.3333333333333333,0.6838295492789116,1.3988
IGHV1-2,H37,13,FR1,AAG,79696,7278,433,0.09132202369002208,0.005433145954627585,0.875,0.125,0.7622088942134256,2.401187726822831
IGHV1-2,H40,14,FR1,AAG,79696,11228,601,0.1408853643846617,0.007541156394298334,0.875,0.125,0.24543970046572014,2.6688851913477536
IGHV1-2,H43,15,FR1,CCT,79696,1508,1470,0.018921903232282673,0.018445091347119053,0.6666666666666666,0.3333333333333333,1.9124329693472253,0.5129251700680271
IGHV1-2,H46,16,FR1,GGG,79695,310,329,0.0038898299767864985,0.004128238910847607,0.6666666666666666,0.3333333333333333,0.2717762135445229,0.4711246200607902
IGHV1-2,H49,17,FR1,GCC,79697,2078,206,0.026073754344580098,0.00258478989171487,0.6666666666666666,0.3333333333333333,0.19636240273659855,5.043689320388349
IGHV1-2,H52,18,FR1,TCA,79697,400,1579,0.005019009498475476,0.019812539995231943,0.5714285714285714,0.42857142857142855,0.41795784838257327,0.18999366687777072
IGHV1-2,H55,19,FR1,GTG,79698,3793,1260,0.04759216040553088,0.015809681547843107,0.6666666666666666,0.3333333333333333,0.6289659635544201,1.5051587301587301
IGHV1-2,H58,20,FR1,AAG,79698,9599,2965,0.12044216918868729,0.03720294110266255,0.875,0.125,0.6709686863860952,0.46249096603228135
IGHV1-2,H61,21,FR1,GTC,79699,1903,738,0.02387733848605378,0.009259840148558953,0.6666666666666666,0.3333333333333333,0.43185266952684104,1.2892953929539295
IGHV1-2,H64,22,FR1,TCC,79699,889,1171,0.011154468688440257,0.014692781590735142,0.6666666666666666,0.3333333333333333,0.7638459176589949,0.37959009393680615
IGHV1-2,H67,23,FR1,TGC,79699,16,5286,0.00020075534197417784,0.06632454610471901,0.875,0.125,0.6720091806444749,0.00043240905896978535
IGHV1-2,H70,24,FR1,AAG,79698,10855,432,0.13620166127129915,0.00542046224497478,0.875,0.125,0.32437795410857895,3.5896164021164014
IGHV1-2,H73,25,FR1,GCT,79693,9629,6952,0.12082617042902137,0.08723476340456501,0.6666666666666666,0.3333333333333333,0.9872727688299467,0.6925345224395858
IGHV1-2,H115,39,FR2,TAC,79669,14243,5965,0.17877719062621597,0.07487228407536181,0.8571428571428571,0.14285714285714285,1.1125014410685132,0.3979603241128807
IGHV1-2,H118,40,FR2,TAT,79685,14447,3739,0.18130137416075798,0.04692225638451403,0.8571428571428571,0.14285714285714285,0.8973178462299866,0.6439778907016136
IGHV1-2,H121,41,FR2,ATG,79686,54897,0,0.688916497251713,0.0,1.0,0.0,0.19709554669075924,
IGHV1-2,H124,42,FR2,CAC,79692,6483,2422,0.08135070019575365,0.030392009235556895,0.8888888888888888,0.1111111111111111,1.5879584411384597,0.3345891824938067
IGHV1-2,H127,43,FR2,TGG,79691,218,0,0.002735566124154547,0.0,1.0,0.0,0.0,
IGHV1-2,H130,44,FR2,GTG,79637,5064,1764,0.06358853296834387,0.022150507929731156,0.6666666666666666,0.3333333333333333,0.2851444185752991,1.435374149659864
IGHV1-2,H133,45,FR2,CGA,79634,40,6208,0.000502298013411357,0.0779566516814426,0.5,0.5,0.8466764940974673,0.0064432989690721655
IGHV1-2,H136,46,FR2,CAG,79634,1662,317,0.020870482457241882,0.003980711756285004,0.875,0.125,0.22035364112787412,0.7489860297431276
IGHV1-2,H139,47,FR2,GCC,79633,2012,235,0.02526590734996798,0.002951037886303417,0.6666666666666666,0.3333333333333333,0.2571225054699811,4.280851063829787
IGHV1-2,H142,48,FR2,CCT,79633,861,2307,0.010812100511094647,0.02897040171788078,0.6666666666666666,0.3333333333333333,0.886511778582091,0.18660598179453838
IGHV1-2,H145,49,FR2,GGA,79632,555,3392,0.00696955997588909,0.04259594133011854,0.625,0.375,1.0128370991948805,0.09817216981132076
IGHV1-2,H193,65,FR3,AGT,79561,22022,2014,0.2767939065622604,0.02531391008157263,0.8888888888888888,0.1111111111111111,1.153518485971717,1.3668073485600796
IGHV1-2,H196,66,FR3,GGT,79496,5000,5216,0.06289624635201771,0.06561336419442487,0.6666666666666666,0.3333333333333333,1.7627818451070218,0.47929447852760737
IGHV1-2,H199,67,FR3,GGC,79609,33771,496,0.4242108304337449,0.006230451330879674,0.6666666666666666,0.3333333333333333,1.2848602162019904,34.04334677419355
IGHV1-2,H202,68,FR3,ACA,79627,6652,3269,0.08353950293242242,0.04105391387343489,0.6666666666666666,0.3333333333333333,1.1211252830009373,1.0174365249311716
IGHV1-2,H205,69,FR3,AAC,79632,32833,5341,0.4123091219610207,0.06707102672292546,0.8888888888888888,0.1111111111111111,1.679360306546074,0.7684188354240779
IGHV1-2,H208,70,FR3,TAT,79626,14010,2056,0.17594755481877777,0.02582071182779494,0.8571428571428571,0.14285714285714285,1.413520312644162,1.1357003891050583
IGHV1-2,H211,71,FR3,GCA,79538,10529,3545,0.13237697704241996,0.04456989112122507,0.6666666666666666,0.3333333333333333,1.3674372563944346,1.485049365303244
IGHV1-2,H214,72,FR3,CAG,79621,8716,1336,0.10946860752816467,0.01677949284736439,0.875,0.125,0.49296793162165464,0.9319931565440547
IGHV1-2,H217,73,FR3,AAG,79634,18732,6802,0.23522615968053848,0.08541577718060125,0.875,0.125,0.9297369212551664,0.3934137018523963
IGHV1-2,H220,74,FR3,TTT,79646,1740,1110,0.02184667152148256,0.013936669763704392,0.8888888888888888,0.1111111111111111,0.6853225246326781,0.19594594594594594
IGHV1-2,H223,75,FR3,CAG,79660,6597,1234,0.08281446146121015,0.01549083605322621,0.875,0.125,0.2765697205770885,0.7637184533456819
IGHV1-2,H226,76,FR3,GGC,79686,6429,1506,0.08067916572547248,0.018899179278668774,0.6666666666666666,0.3333333333333333,0.44309091105505094,2.1344621513944224
IGHV1-2,H229,77,FR3,AGG,79685,3510,2955,0.04404844073539562,0.03708351634561084,0.7777777777777778,0.2222222222222222,1.4919544300137655,0.3393763596809282
IGHV1-2,H232,78,FR3,GTC,79687,3864,701,0.0484897160139044,0.008796917941445907,0.6666666666666666,0.3333333333333333,0.3035643948012537,2.756062767475036
IGHV1-2,H235,79,FR3,ACC,79687,5888,1617,0.0738890910688067,0.02029189202755782,0.6666666666666666,0.3333333333333333,0.5583444636077554,1.8206555349412492
IGHV1-2,H238,80,FR3,ATG,79687,12274,0,0.15402763311456072,0.0,1.0,0.0,0.9073255344264464,
IGHV1-2,H241,81,FR3,ACC,79638,2442,2531,0.030663753484517442,0.03178131042969437,0.6666666666666666,0.3333333333333333,0.8815366136937866,0.48241801659423145
IGHV1-2,H244,82,FR3,AGG,79623,10100,3149,0.12684777011667484,0.0395488740690504,0.7777777777777778,0.2222222222222222,1.0809176809520256,0.9163906909222881
IGHV1-2,H247,83,FR3,GAC,79600,1667,392,0.020942211055276383,0.00492462311557789,0.8888888888888888,0.1111111111111111,0.17704693806179214,0.5315688775510204
IGHV1-2,H250,84,FR3,ACG,79660,5752,2738,0.07220687923675621,0.03437107707757971,0.6666666666666666,0.3333333333333333,0.9434815010981986,1.0504017531044558
IGHV1-2,H253,85,FR3,TCC,79652,2290,1512,0.028750062773062822,0.018982574197760258,0.6666666666666666,0.3333333333333333,0.7096307691411985,0.7572751322751321
IGHV1-2,H256,86,FR3,ATC,79680,11150,3023,0.13993473895582328,0.03793925702811245,0.7777777777777778,0.2222222222222222,0.5057640313189151,1.0538254335806436
IGHV1-2,H259,87,FR3,AGC,79692,25665,5934,0.3220524017467249,0.07446167745821412,0.8888888888888888,0.1111111111111111,1.629489667474064,0.5406344792719919
IGHV1-2,H262,88,FR3,ACA,79687,2713,4570,0.03404570381618081,0.05734937944708673,0.6666666666666666,0.3333333333333333,2.61733779925298,0.29682713347921225
IGHV1-2,H265,89,FR3,GCC,79688,15065,763,0.18904979419736975,0.009574841883345045,0.6666666666666666,0.3333333333333333,1.904804380512833,9.87221494102228
IGHV1-2,H268,90,FR3,TAC,79696,4760,3837,0.059726962457337884,0.04814545272033728,0.8571428571428571,0.14285714285714285,0.6415974948648201,0.206758752497611
IGHV1-2,H271,91,FR3,ATG,79697,7642,0,0.09588817646837397,0.0,1.0,0.0,2.098469419942864,
IGHV1-2,H274,92,FR3,GAG,79697,9113,15845,0.11434558389901753,0.1988155137583598,0.875,0.125,1.98571518078705,0.08216201595816616
IGHV1-2,H277,93,FR3,CTG,79649,6084,12911,0.07638513980087634,0.1620987080817085,0.5555555555555556,0.4444444444444444,1.3642590597323545,0.37698086902641154
IGHV1-2,H280,94,FR3,AGC,79637,21626,6469,0.2715571907530419,0.08123108605296533,0.8888888888888888,0.1111111111111111,0.9960975619474636,0.41787756994898745
IGHV1-2,H283,95,FR3,AGG,79615,29326,7377,0.3683476731771651,0.09265841863970357,0.7777777777777778,0.2222222222222222,0.8920817460724421,1.135808206975348
IGHV1-2,H286,96,FR3,CTG,79676,706,7956,0.008860886590692304,0.09985441036196596,0.5555555555555556,0.4444444444444444,1.018902845805064,0.07099044746103568
IGHV1-2,H289,97,FR3,AGA,79674,31860,1936,0.39987950899917163,0.024299018500389086,0.75,0.25,0.6159824435303038,5.485537190082645
IGHV1-2,H292,98,FR3,TCT,79697,8472,2992,0.10630262117771058,0.03754219104859656,0.6666666666666666,0.3333333333333333,0.3183661317218087,1.4157754010695187
IGHV1-2,H295,99,FR3,GAC,79698,3114,248,0.03907249868252654,0.0031117468443373738,0.8888888888888888,0.1111111111111111,1.1886878770463047,1.5695564516129032
IGHV1-2,H298,100,FR3,GAC,79698,336,357,0.0042159150794248285,0.00447940977188888,0.8888888888888888,0.1111111111111111,0.2276380640658998,0.11764705882352942
IGHV1-2,H301,101,FR3,ACG,79699,4302,804,0.05397809257330707,0.010087955934202437,0.6666666666666666,0.3333333333333333,0.3005798017784466,2.6753731343283578
IGHV1-2,H304,102,FR3,GCC,79699,910,190,0.011417960074781365,0.002383969685943362,0.6666666666666666,0.3333333333333333,0.2609036710393596,2.3947368421052633
IGHV1-2,H307,103,FR3,GTG,79699,16279,30116,0.20425601324985257,0.3778717424308963,0.6666666666666666,0.3333333333333333,5.757868269860768,0.27027161641652275
IGHV1-2,H310,104,FR3,TAT,79699,1967,3672,0.02468035985395049,0.046073350983073816,0.8571428571428571,0.14285714285714285,1.0108823720549156,0.08927923021060276
IGHV1-2,H313,105,FR3,TAC,79699,9312,9999,0.1168396090289715,0.12545954152498776,0.8571428571428571,0.14285714285714285,2.7456568003467035,0.15521552155215523
IGHV1-2,H316,106,FR3,TGT,79699,1,1226,0.000012547208873386115,0.015382878078771377,0.875,0.125,0.4528032287099792,0.00011652295502213937
IGHV1-2,H319,107,FR3,GCG,79699,6775,1849,0.08500734011719092,0.023199789206890926,0.6666666666666666,0.3333333333333333,0.6107289702616664,1.832071389940508
IGHV1-2,H322,108,FR3,AGA,79699,3406,9212,0.04273579342275311,0.1155848881416329,0.75,0.25,1.8974565902754919,0.12324504269793025
IGHV1-2,H76,26,CDR1,TCT,79685,1711,2357,0.021472046181841,0.02957896718328418,0.6666666666666666,0.3333333333333333,0.7818966506958093,0.36296139159949087
IGHV1-2,H79,27,CDR1,GGA,79653,2185,2499,0.027431484062119444,0.03137358291589771,0.625,0.375,1.1894442632544764,0.524609843937575
IGHV1-2,H85,29,CDR1,TAC,79683,3861,2688,0.048454500960054214,0.03373366966605173,0.8571428571428571,0.14285714285714285,0.5806165228514444,0.23939732142857142
IGHV1-2,H88,30,CDR1,ACC,79681,15042,3270,0.18877775128324192,0.04103864158331346,0.6666666666666666,0.3333333333333333,1.3159849148763998,2.3000000000000003
IGHV1-2,H91,31,CDR1,TTC,79667,2996,1712,0.03760653721114138,0.02148944983493793,0.8888888888888888,0.1111111111111111,0.8452587148501042,0.21875000000000006
IGHV1-2,H94,32,CDR1,ACC,79670,16857,875,0.21158528931843856,0.010982804066775449,0.6666666666666666,0.3333333333333333,1.2948510988669473,9.632571428571428
IGHV1-2,H97,33,CDR1,GGC,79681,36424,1048,0.4571227770735809,0.013152445375936546,0.6666666666666666,0.3333333333333333,2.158418664037679,17.37786259541985
IGHV1-2,H148,50,CDR2,CAA,79633,3513,3922,0.04411487699822938,0.04925093868120001,0.875,0.125,0.44186352535710793,0.1279594958840242
IGHV1-2,H151,51,CDR2,GGG,79633,1171,12801,0.014704958999409792,0.16074994035136186,0.6666666666666666,0.3333333333333333,2.098631283458776,0.04573861417076791
IGHV1-2,H154,52,CDR2,CTT,79634,4593,1539,0.05767636938995906,0.01932591606600196,0.6666666666666666,0.3333333333333333,0.5980846966957567,1.4922027290448343
IGHV1-2,H157,53,CDR2,GAG,79634,1870,1590,0.023482432126980937,0.019966346033101438,0.875,0.125,0.8840286104259253,0.1680143755615454
IGHV1-2,H160,54,CDR2,TGG,79635,2119,0,0.026608903120487224,0.0,1.0,0.0,0.0029991285693718363,
IGHV1-2,H163,55,CDR2,ATG,79634,8194,0,0.10289574804731648,0.0,1.0,0.0,0.33067442796767565,
IGHV1-2,H166,56,CDR2,GGA,79634,1576,10658,0.019790541728407465,0.13383730567345606,0.625,0.375,2.488091721052364,0.08872208669544004
IGHV1-2,H169,57,CDR2,TGG,79634,4504,1192,0.05655875631011879,0.014968480799658438,1.0,0.0,1.1697318590613741,
IGHV1-2,H172,58,CDR2,ATC,79633,8292,1351,0.10412768575841674,0.01696532844423794,0.7777777777777778,0.2222222222222222,1.4261632630408616,1.7536216559162527
IGHV1-2,H175,59,CDR2,AAC,79607,12554,3505,0.1576996997751454,0.04402879143793888,0.8888888888888888,0.1111111111111111,0.9672062387843551,0.4477175463623394
IGHV1-2,H178,60,CDR2,CCT,79573,6432,4169,0.08083143779925352,0.05239214306360197,0.6666666666666666,0.3333333333333333,1.4449905771712916,0.7714080115135525
IGHV1-2,H181,61,CDR2,AAC,79599,25966,5447,0.32621012826794304,0.06843050792095379,0.8888888888888888,0.1111111111111111,0.9421458665967667,0.5958784652102074
IGHV4-39,H1,1,FR1,CAG,78020,1721,4865,0.02205844655216611,0.062355806203537555,0.875,0.125,0.6007651815035656,0.05053589781236235
IGHV4-39,H4,2,FR1,CTG,78020,9172,6694,0.11755960010253781,0.08579851320174314,0.5555555555555556,0.4444444444444444,0.6347108400377233,1.0961458022109352
IGHV4-39,H7,3,FR1,CAG,78020,6851,4936,0.08781081773904127,0.063265829274545,0.875,0.125,2.1050765243095713,0.1982808520490854
IGHV4-39,H10,4,FR1,CTG,78020,2176,8341,0.02789028454242502,0.10690848500384517,0.5555555555555556,0.4444444444444444,2.4506195025470903,0.20870399232705908
IGHV4-39,H13,5,FR1,CAG,78020,4135,2309,0.05299923096641887,0.02959497564726993,0.875,0.125,0.5885892536219848,0.25583121945183446
IGHV4-39,H16,6,FR1,GAG,78020,2093,403,0.026826454755190975,0.005165342219943604,0.875,0.125,0.7137633724717759,0.7419354838709676
IGHV4-39,H19,7,FR1,TCG,78020,633,99,0.008113304280953602,0.0012689054088695206,0.625,0.375,0.6053748285113313,3.836363636363637
IGHV4-39,H25,9,FR1,GGC,78020,327,1082,0.004191233017175083,0.013868238913099205,0.6666666666666666,0.3333333333333333,0.3055043667639592,0.1511090573012939
IGHV4-39,H28,10,FR1,CCA,78020,279,2488,0.003576006152268649,0.03188925916431684,0.6666666666666666,0.3333333333333333,0.4322504752688081,0.05606913183279743
IGHV4-39,H31,11,FR1,GGA,78020,4388,3699,0.05624198923352986,0.04741092027685209,0.625,0.375,0.8211142557916857,0.7117599351175993
IGHV4-39,H34,12,FR1,CTG,78020,1726,2064,0.022122532683927196,0.026454755190976672,0.5555555555555556,0.4444444444444444,0.6838295492789116,0.6689922480620154
IGHV4-39,H37,13,FR1,GTG,78020,2868,1036,0.036759805178159445,0.013278646500897206,0.6666666666666666,0.3333333333333333,0.7622088942134256,1.3841698841698842
IGHV4-39,H40,14,FR1,AAG,78019,6164,425,0.07900639587792717,0.00544739102013612,0.875,0.125,0.24543970046572014,2.0719327731092436
IGHV4-39,H43,15,FR1,CCT,78006,3291,3923,0.042189062379816934,0.05029100325615978,0.6666666666666666,0.3333333333333333,1.9124329693472253,0.41944940096864647
IGHV4-39,H46,16,FR1,TCG,78006,1413,495,0.018113991231443735,0.006345665718021691,0.625,0.375,0.2717762135445229,1.7127272727272727
IGHV4-39,H49,17,FR1,GAG,78006,1730,370,0.022177781196318233,0.0047432248801374255,0.875,0.125,0.19636240273659855,0.667953667953668
IGHV4-39,H52,18,FR1,ACC,78019,799,1071,0.010241095117855908,0.013727425370743025,0.6666666666666666,0.3333333333333333,0.41795784838257327,0.373015873015873
IGHV4-39,H55,19,FR1,CTG,78017,508,963,0.00651140136124178,0.012343463604086289,0.5555555555555556,0.4444444444444444,0.6289659635544201,0.4220145379023883
IGHV4-39,H58,20,FR1,TCC,78013,1344,2144,0.017227897914450157,0.02748259905400382,0.6666666666666666,0.3333333333333333,0.6709686863860952,0.31343283582089554
IGHV4-39,H61,21,FR1,CTC,78015,783,820,0.010036531436262257,0.010510799205281036,0.6666666666666666,0.3333333333333333,0.43185266952684104,0.4774390243902438
IGHV4-39,H64,22,FR1,ACC,78014,6489,4228,0.08317737841925808,0.05419540082549286,0.6666666666666666,0.3333333333333333,0.7638459176589949,0.7673841059602651
IGHV4-39,H67,23,FR1,TGC,78013,74,1620,0.0009485598554087139,0.02076576980759617,0.875,0.125,0.6720091806444749,0.006525573192239858
IGHV4-39,H70,24,FR1,ACT,78005,18556,942,0.23788218703929234,0.012076148964809947,0.6666666666666666,0.3333333333333333,0.32437795410857895,9.849256900212314
IGHV4-39,H73,25,FR1,GTC,77998,1665,2933,0.0213467011974666,0.03760352829559732,0.6666666666666666,0.3333333333333333,0.9872727688299467,0.28383907262188884
IGHV4-39,H115,39,FR2,TAC,77940,18486,6848,0.2371824480369515,0.08786245830125737,0.8571428571428571,0.14285714285714285,1.1125014410685132,0.4499123831775701
IGHV4-39,H118,40,FR2,TAC,77942,14177,3966,0.18189166303148496,0.05088399065972133,0.8571428571428571,0.14285714285714285,0.8973178462299866,0.5957723987224744
IGHV4-39,H121,41,FR2,TGG,77974,779,0,0.009990509657065176,0.0,1.0,0.0,0.19709554669075924,
IGHV4-39,H124,42,FR2,GGC,77983,14576,1051,0.18691253221856047,0.013477296333816344,0.6666666666666666,0.3333333333333333,1.5879584411384597,6.934348239771648
IGHV4-39,H127,43,FR2,TGG,77983,364,0,0.0046676839824064216,0.0,1.0,0.0,0.0,
IGHV4-39,H130,44,FR2,ATC,77983,9748,1976,0.1250016029134555,0.025338855904492006,0.7777777777777778,0.2222222222222222,0.2851444185752991,1.4094852515905147
IGHV4-39,H133,45,FR2,CGC,77983,79,2473,0.0010130413038739211,0.03171203980354693,0.6666666666666666,0.3333333333333333,0.8466764940974673,0.01597250303275374
IGHV4-39,H136,46,FR2,CAG,77984,1368,408,0.017542059909725072,0.00523184242921625,0.875,0.125,0.22035364112787412,0.47899159663865537
IGHV4-39,H139,47,FR2,CCC,77984,11796,233,0.15126179729175215,0.002987792367665162,0.6666666666666666,0.3333333333333333,0.2571225054699811,25.313304721030043
IGHV4-39,H142,48,FR2,CCA,77975,306,8289,0.003924334722667522,0.10630330234049375,0.6666666666666666,0.3333333333333333,0.886511778582091,0.018458197611292075
IGHV4-39,H145,49,FR2,GGG,77962,1559,3382,0.019996921577178625,0.04338010825786922,0.6666666666666666,0.3333333333333333,1.0128370991948805,0.23048492016558247
IGHV4-39,H193,65,FR3,AGT,77943,24168,1661,0.31007274546784186,0.021310444812234583,0.8888888888888888,0.1111111111111111,1.153518485971717,1.818783865141481
IGHV4-39,H196,66,FR3,GGG,77912,2840,7139,0.03645138104528186,0.09162901735291097,0.6666666666666666,0.3333333333333333,1.7627818451070218,0.19890741000140078
IGHV4-39,H199,67,FR3,AGC,77909,39737,4140,0.510043769012566,0.05313891848181853,0.8888888888888888,0.1111111111111111,1.2848602162019904,1.1997886473429953
IGHV4-39,H202,68,FR3,ACC,77975,10831,5427,0.1389034947098429,0.0695992305226034,0.6666666666666666,0.3333333333333333,1.1211252830009373,0.9978809655426569
IGHV4-39,H205,69,FR3,TAC,77942,17486,4570,0.22434630879371842,0.05863334274203895,0.8571428571428571,0.14285714285714285,1.679360306546074,0.6377097009482131
IGHV4-39,H208,70,FR3,TAC,77977,7857,4085,0.10076048065455198,0.05238724239198738,0.8571428571428571,0.14285714285714285,1.413520312644162,0.320563035495716
IGHV4-39,H211,71,FR3,AAC,77978,10917,8181,0.14000102593039063,0.10491420657108415,0.8888888888888888,0.1111111111111111,1.3674372563944346,0.16680418041804182
IGHV4-39,H214,72,FR3,CCG,77980,5712,1237,0.0732495511669659,0.01586304180559118,0.6666666666666666,0.3333333333333333,0.49296793162165464,2.308811641067098
IGHV4-39,H217,73,FR3,TCC,77984,2134,2106,0.027364587607714402,0.027005539597866227,0.6666666666666666,0.3333333333333333,0.9297369212551664,0.5066476733143399
IGHV4-39,H220,74,FR3,CTC,77985,2098,2209,0.026902609476181318,0.028325960120536002,0.6666666666666666,0.3333333333333333,0.6853225246326781,0.4748755092802173
IGHV4-39,H223,75,FR3,AAG,77977,18275,715,0.23436397912204882,0.009169370455390692,0.875,0.125,0.2765697205770885,3.6513486513486515
IGHV4-39,H226,76,FR3,AGT,77978,6032,1706,0.07735515145297392,0.021877965580035394,0.8888888888888888,0.1111111111111111,0.44309091105505094,0.4419695193434936
IGHV4-39,H229,77,FR3,CGA,77983,446,4782,0.0057191952092122645,0.06132105715348217,0.5,0.5,1.4919544300137655,0.09326641572563782
IGHV4-39,H232,78,FR3,GTC,77981,11235,780,0.14407355637911798,0.010002436490940101,0.6666666666666666,0.3333333333333333,0.3035643948012537,7.201923076923076
IGHV4-39,H235,79,FR3,ACC,77980,9878,1230,0.12667350602718647,0.015773275198768914,0.6666666666666666,0.3333333333333333,0.5583444636077554,4.015447154471545
IGHV4-39,H238,80,FR3,ATA,77983,17686,8495,0.22679301899131862,0.10893399843555647,0.7777777777777778,0.2222222222222222,0.9073255344264464,0.5948372992516606
IGHV4-39,H241,81,FR3,TCC,77984,3800,6176,0.048727944193680754,0.0791957324579401,0.6666666666666666,0.3333333333333333,0.8815366136937866,0.3076424870466321
IGHV4-39,H244,82,FR3,GTA,77988,20672,16486,0.2650664204749449,0.21139149612760938,0.6666666666666666,0.3333333333333333,1.0809176809520256,0.6269562052650736
IGHV4-39,H247,83,FR3,GAC,78007,2362,542,0.03027933390593152,0.006948094401784455,0.8888888888888888,0.1111111111111111,0.17704693806179214,0.5447416974169742
IGHV4-39,H250,84,FR3,ACG,78009,8023,2922,0.10284710738504532,0.03745721647502211,0.6666666666666666,0.3333333333333333,0.9434815010981986,1.372861054072553
IGHV4-39,H253,85,FR3,TCC,77995,3575,4215,0.04583627155586897,0.05404192576447208,0.6666666666666666,0.3333333333333333,0.7096307691411985,0.4240806642941875
IGHV4-39,H256,86,FR3,AAG,77978,14897,1260,0.1910410628638847,0.016158403652312192,0.875,0.125,0.5057640313189151,1.6890022675736962
IGHV4-39,H259,87,FR3,AAC,77995,9634,7933,0.12352073850887878,0.1017116481825758,0.8888888888888888,0.1111111111111111,1.629489667474064,0.15180259674776253
IGHV4-39,H262,88,FR3,CAG,78006,9771,7529,0.12525959541573725,0.09651821654744507,0.875,0.125,2.61733779925298,0.18539741570688575
IGHV4-39,H265,89,FR3,TTC,78013,7493,2820,0.09604809454834451,0.036147821516926665,0.8888888888888888,0.1111111111111111,1.904804380512833,0.33213652482269507
IGHV4-39,H268,90,FR3,TCC,78020,2678,1891,0.03432453217123815,0.024237375032043065,0.6666666666666666,0.3333333333333333,0.6415974948648201,0.708090957165521
IGHV4-39,H271,91,FR3,CTG,78020,976,3845,0.012509612919764162,0.04928223532427583,0.5555555555555556,0.4444444444444444,2.098469419942864,0.2030689206762028
IGHV4-39,H274,92,FR3,AAG,78020,33429,5874,0.4284670597282748,0.07528838759292489,0.875,0.125,1.98571518078705,0.8130016051364366
IGHV4-39,H277,93,FR3,CTG,78020,7489,10237,0.09598820815175596,0.13120994616764933,0.5555555555555556,0.4444444444444444,1.3642590597323545,0.5852495848393083
IGHV4-39,H280,94,FR3,AGC,78019,38686,4674,0.49585357412937875,0.05990848383086171,0.8888888888888888,0.1111111111111111,0.9960975619474636,1.0346063329054345
IGHV4-39,H283,95,FR3,TCT,78019,2037,2856,0.026109024724746535,0.03660646765531473,0.6666666666666666,0.3333333333333333,0.8920817460724421,0.35661764705882354
IGHV4-39,H286,96,FR3,GTG,78019,5238,1431,0.06713749214934824,0.01834168599956421,0.6666666666666666,0.3333333333333333,1.018902845805064,1.830188679245283
IGHV4-39,H289,97,FR3,ACC,78017,3185,1368,0.04082443569991156,0.017534639886178652,0.6666666666666666,0.3333333333333333,0.6159824435303038,1.164108187134503
IGHV4-39,H292,98,FR3,GCC,78016,2028,182,0.025994667760459392,0.0023328547990155864,0.6666666666666666,0.3333333333333333,0.3183661317218087,5.571428571428571
IGHV4-39,H295,99,FR3,GCA,78020,4367,4790,0.0559728274801333,0.06139451422712125,0.6666666666666666,0.3333333333333333,1.1886878770463047,0.45584551148225466
IGHV4-39,H298,100,FR3,GAC,78020,275,1123,0.0035247372468597796,0.014393745193540117,0.8888888888888888,0.1111111111111111,0.2276380640658998,0.0306099732858415
IGHV4-39,H301,101,FR3,ACG,78020,2825,891,0.0362086644450141,0.011420148679825685,0.6666666666666666,0.3333333333333333,0.3005798017784466,1.585297418630752
IGHV4-39,H304,102,FR3,GCT,78020,2503,2084,0.0320815175596001,0.02671109971802102,0.6666666666666666,0.3333333333333333,0.2609036710393596,0.6005278310940498
IGHV4-39,H307,103,FR3,GTG,78020,12546,29973,0.16080492181491926,0.3841707254550115,0.6666666666666666,0.3333333333333333,5.757868269860768,0.20928835952357122
IGHV4-39,H310,104,FR3,TAT,78020,3635,3153,0.04659061779031018,0.0404127146885414,0.8571428571428571,0.14285714285714285,1.0108823720549156,0.1921450470451422
IGHV4-39,H313,105,FR3,TAC,78020,9146,9377,0.11722635221738016,0.12018713150474238,0.8571428571428571,0.14285714285714285,2.7456568003467035,0.16256087590202978
IGHV4-39,H316,106,FR3,TGT,78020,0,1407,0.0,0.018033837477569852,0.875,0.125,0.4528032287099792,0.0
IGHV4-39,H319,107,FR3,GCG,78020,9606,1647,0.12312227633940015,0.021109971802102025,0.6666666666666666,0.3333333333333333,0.6107289702616664,2.9162112932604733
IGHV4-39,H322,108,FR3,AGA,78020,2639,6743,0.033824660343501664,0.08642655729300179,0.75,0.25,1.8974565902754919,0.1304562756438776
IGHV4-39,H76,26,CDR1,TCT,78000,1371,3336,0.017576923076923077,0.04276923076923077,0.6666666666666666,0.3333333333333333,0.7818966506958093,0.20548561151079137
IGHV4-39,H79,27,CDR1,GGT,77992,3763,3322,0.04824853831162171,0.04259411221663761,0.6666666666666666,0.3333333333333333,1.1894442632544764,0.5663756773028296
IGHV4-39,H85,29,CDR1,GGC,77984,19698,1462,0.2525902749281904,0.01874743537135823,0.6666666666666666,0.3333333333333333,0.5806165228514444,6.736662106703146
IGHV4-39,H88,30,CDR1,TCC,77972,3187,826,0.04087364695018725,0.010593546401272252,0.6666666666666666,0.3333333333333333,1.3159849148763998,1.9291767554479418
IGHV4-39,H91,31,CDR1,ATC,77974,12103,2687,0.15521840613537846,0.03446020468361249,0.7777777777777778,0.2222222222222222,0.8452587148501042,1.2869371045775957
IGHV4-39,H94,32,CDR1,AGC,77991,22129,8341,0.2837378671898039,0.10694823761716095,0.8888888888888888,0.1111111111111111,1.2948510988669473,0.33162990049154784
IGHV4-39,H97,33,CDR1,AGT,77981,22211,3325,0.2848257908977828,0.042638591451763894,0.8888888888888888,0.1111111111111111,2.158418664037679,0.8350000000000001
IGHV4-39,H100,34,CDR1,AGT,75697,33459,2916,0.442012232981492,0.038522002192953486,0.8888888888888888,0.1111111111111111,0.8178357375146844,1.4342849794238681
IGHV4-39,H112,38,CDR1,AGT,77366,42946,2879,0.5551017242716438,0.03721272910580875,0.8888888888888888,0.1111111111111111,0.9200031724633807,1.8646231330323029
IGHV4-39,H148,50,CDR2,AAG,77974,7243,246,0.09288993767153153,0.0031548977864416343,0.875,0.125,0.44186352535710793,4.206155632984901
IGHV4-39,H151,51,CDR2,GGG,77974,2910,20934,0.03732013235180958,0.2684741067535332,0.6666666666666666,0.3333333333333333,2.098631283458776,0.06950415591860133
IGHV4-39,H154,52,CDR2,CTG,77983,1606,2600,0.02059423207622174,0.033340599874331585,0.5555555555555556,0.4444444444444444,0.5980846966957567,0.4941538461538461
IGHV4-39,H157,53,CDR2,GAG,77983,2461,4680,0.03155816011181924,0.06001307977379685,0.875,0.125,0.8840286104259253,0.07512210012210012
IGHV4-39,H160,54,CDR2,TGG,77982,2496,0,0.03200738631991998,0.0,1.0,0.0,0.0029991285693718363,
IGHV4-39,H163,55,CDR2,ATT,77982,5787,2124,0.07420943294606448,0.027237054704931908,0.7777777777777778,0.2222222222222222,0.33067442796767565,0.7784503631961259
IGHV4-39,H166,56,CDR2,GGG,77976,7603,10720,0.09750436031599466,0.13747819842002668,0.6666666666666666,0.3333333333333333,2.488091721052364,0.35461753731343276
IGHV4-39,H169,57,CDR2,AGT,77936,24109,3855,0.30934356394990764,0.04946366249230138,0.8888888888888888,0.1111111111111111,1.1697318590613741,0.7817444876783398
IGHV4-39,H172,58,CDR2,ATC,77922,24186,7505,0.3103873103873104,0.09631426298092964,0.7777777777777778,0.2222222222222222,1.4261632630408616,0.9207575901779766
IGHV4-39,H175,59,CDR2,TAT,77922,28685,2995,0.36812453479120144,0.038435871769205106,0.8571428571428571,0.14285714285714285,0.9672062387843551,1.5962715637173064
IGHV4-39,H178,60,CDR2,TAT,77896,16365,5067,0.2100878093868748,0.06504826948752182,0.8571428571428571,0.14285714285714285,1.4449905771712916,0.5382869548056048
IGHV3-7,H1,1,FR1,GAG,76497,3672,3149,0.04800188242676184,0.04116501300704603,0.875,0.125,0.6007651815035656,0.16658349589438823
IGHV3-7,H4,2,FR1,GTG,76497,5441,2213,0.0711269722995673,0.028929239055126343,0.6666666666666666,0.3333333333333333,0.6347108400377233,1.2293267058291912
IGHV3-7,H7,3,FR1,CAG,76497,6606,8721,0.08635632769912546,0.11400447076355935,0.875,0.125,2.1050765243095713,0.10821170573492556
IGHV3-7,H10,4,FR1,CTG,76496,4202,10367,0.05493097678309977,0.13552342606149342,0.5555555555555556,0.4444444444444444,2.4506195025470903,0.32425967010707046
IGHV3-7,H13,5,FR1,GTG,76495,3002,1416,0.03924439505850055,0.018511013791751095,0.6666666666666666,0.3333333333333333,0.5885892536219848,1.0600282485875705
IGHV3-7,H16,6,FR1,GAG,76497,2784,3470,0.036393584062120087,0.0453612559969672,0.875,0.125,0.7137633724717759,0.11461506792918899
IGHV3-7,H19,7,FR1,TCT,76497,890,3176,0.011634443180778331,0.04151796802488986,0.6666666666666666,0.3333333333333333,0.6053748285113313,0.14011335012594459
IGHV3-7,H25,9,FR1,GGG,76497,276,295,0.003607984626848112,0.0038563603801456264,0.6666666666666666,0.3333333333333333,0.3055043667639592,0.4677966101694916
IGHV3-7,H28,10,FR1,GGA,76497,79,964,0.0010327202373949305,0.01260180137783181,0.625,0.375,0.4322504752688081,0.0491701244813278
IGHV3-7,H31,11,FR1,GGC,76496,9383,1691,0.12266000836645054,0.022105731018615352,0.6666666666666666,0.3333333333333333,0.8211142557916857,2.774393849793022
IGHV3-7,H34,12,FR1,TTG,76493,2268,2885,0.02964977187455061,0.037715869425960544,0.75,0.25,0.6838295492789116,0.26204506065857885
IGHV3-7,H37,13,FR1,GTC,76496,1195,454,0.015621731855260406,0.005934950847103116,0.6666666666666666,0.3333333333333333,0.7622088942134256,1.316079295154185
IGHV3-7,H40,14,FR1,CAG,76496,2126,866,0.027792302865509308,0.011320853377954403,0.875,0.125,0.24543970046572014,0.350709336852524
IGHV3-7,H43,15,FR1,CCT,76496,1918,17064,0.02507320644216691,0.22307048734574356,0.6666666666666666,0.3333333333333333,1.9124329693472253,0.056200187529301456
IGHV3-7,H46,16,FR1,GGG,76495,293,657,0.0038303157069089484,0.008588796653376038,0.6666666666666666,0.3333333333333333,0.2717762135445229,0.22298325722983256
IGHV3-7,H49,17,FR1,GGG,76495,2899,1028,0.037897901823648605,0.013438786848813647,0.6666666666666666,0.3333333333333333,0.19636240273659855,1.4100194552529184
IGHV3-7,H52,18,FR1,TCC,76495,806,1010,0.01053663638146284,0.01320347735146088,0.6666666666666666,0.3333333333333333,0.41795784838257327,0.39900990099009903
IGHV3-7,H55,19,FR1,CTG,76495,790,3071,0.010327472383815936,0.040146414798352834,0.5555555555555556,0.4444444444444444,0.6289659635544201,0.20579615760338651
IGHV3-7,H58,20,FR1,AGA,76495,2574,947,0.03364925812144585,0.012379894110726191,0.75,0.25,0.6709686863860952,0.9060190073917636
IGHV3-7,H61,21,FR1,CTC,76495,1413,1427,0.0184717955421923,0.018654814040133343,0.6666666666666666,0.3333333333333333,0.43185266952684104,0.4950946040644709
IGHV3-7,H64,22,FR1,TCC,76495,865,2540,0.011307928622785802,0.033204784626446174,0.6666666666666666,0.3333333333333333,0.7638459176589949,0.17027559055118108
IGHV3-7,H67,23,FR1,TGT,76495,17,1849,0.00022223674749983658,0.024171514478070463,0.875,0.125,0.6720091806444749,0.0013134512864096423
IGHV3-7,H70,24,FR1,GCA,76493,15791,1253,0.2064371903311414,0.016380583844273332,0.6666666666666666,0.3333333333333333,0.32437795410857895,6.301276935355147
IGHV3-7,H73,25,FR1,GCC,76494,10017,707,0.13095144717232723,0.009242554971631761,0.6666666666666666,0.3333333333333333,0.9872727688299467,7.084158415841584
IGHV3-7,H115,39,FR2,TAT,76461,20688,3271,0.27056930984423433,0.04277997933587058,0.8571428571428571,0.14285714285714285,1.1125014410685132,1.054111892387649
IGHV3-7,H118,40,FR2,TGG,76450,5218,0,0.06825376062786134,0.0,1.0,0.0,0.8973178462299866,
IGHV3-7,H121,41,FR2,ATG,76467,2630,0,0.034393921560934786,0.0,1.0,0.0,0.19709554669075924,
IGHV3-7,H124,42,FR2,AGC,76465,35654,11060,0.46627868959654745,0.14464133917478586,0.8888888888888888,0.1111111111111111,1.5879584411384597,0.40296112115732363
IGHV3-7,H127,43,FR2,TGG,76463,21,0,0.0002746426376155788,0.0,1.0,0.0,0.0,
IGHV3-7,H130,44,FR2,GTC,76411,3881,595,0.05079111646228946,0.007786836973734148,0.6666666666666666,0.3333333333333333,0.2851444185752991,3.261344537815126
IGHV3-7,H133,45,FR2,CGC,76410,32,1771,0.00041879335165554245,0.02317759455568643,0.6666666666666666,0.3333333333333333,0.8466764940974673,0.009034443817052512
IGHV3-7,H136,46,FR2,CAG,76410,1598,402,0.02091349299829865,0.005261091480172752,0.875,0.125,0.22035364112787412,0.5678749111584932
IGHV3-7,H139,47,FR2,GCT,76410,6572,1324,0.08600968459625703,0.017327574924748068,0.6666666666666666,0.3333333333333333,0.2571225054699811,2.4818731117824773
IGHV3-7,H142,48,FR2,CCA,76410,514,2140,0.006726868210967151,0.0280068053919644,0.6666666666666666,0.3333333333333333,0.886511778582091,0.12009345794392526
IGHV3-7,H145,49,FR2,GGG,76405,1230,3358,0.016098422878083895,0.04395000327203717,0.6666666666666666,0.3333333333333333,1.0128370991948805,0.18314472900536033
IGHV3-7,H193,65,FR3,GGA,76407,4814,4729,0.06300469852238669,0.06189223500464617,0.625,0.375,1.153518485971717,0.610784521040389
IGHV3-7,H196,66,FR3,AGT,76407,15028,921,0.19668354993652415,0.012053869409870823,0.8888888888888888,0.1111111111111111,1.7627818451070218,2.0396308360477744
IGHV3-7,H199,67,FR3,GAG,76403,24173,2925,0.31638809994371947,0.038283837022106464,0.875,0.125,1.2848602162019904,1.1806105006105005
IGHV3-7,H202,68,FR3,AAA,76411,25106,6272,0.32856525892868826,0.0820824226878329,0.875,0.125,1.1211252830009373,0.571838556851312
IGHV3-7,H205,69,FR3,TAC,76410,28019,6056,0.36669284125114515,0.0792566418008114,0.8571428571428571,0.14285714285714285,1.679360306546074,0.7711085424922942
IGHV3-7,H208,70,FR3,TAT,76410,5929,2068,0.07759455568642848,0.027064520350739432,0.8571428571428571,0.14285714285714285,1.413520312644162,0.4778368794326241
IGHV3-7,H211,71,FR3,GTG,76410,12847,1549,0.16813244339746106,0.0202722156785761,0.6666666666666666,0.3333333333333333,1.3674372563944346,4.1468689477081995
IGHV3-7,H214,72,FR3,GAC,76415,5853,1158,0.07659490937643133,0.015154092782830596,0.8888888888888888,0.1111111111111111,0.49296793162165464,0.6318005181347149
IGHV3-7,H217,73,FR3,TCT,76405,1591,1651,0.020823244552058112,0.021608533472940252,0.6666666666666666,0.3333333333333333,0.9297369212551664,0.4818291944276197
IGHV3-7,H220,74,FR3,GTG,76400,3929,1398,0.051426701570680626,0.01829842931937173,0.6666666666666666,0.3333333333333333,0.6853225246326781,1.4052217453505007
IGHV3-7,H223,75,FR3,AAG,76400,11537,105,0.15100785340314135,0.00137434554973822,0.875,0.125,0.2765697205770885,15.69659863945578
IGHV3-7,H226,76,FR3,GGC,76469,632,847,0.008264787037884634,0.011076383894127032,0.6666666666666666,0.3333333333333333,0.44309091105505094,0.3730814639905549
IGHV3-7,H229,77,FR3,CGA,76468,159,4319,0.0020793011455772347,0.056481142438667156,0.5,0.5,1.4919544300137655,0.036814077332715904
IGHV3-7,H232,78,FR3,TTC,76470,1437,775,0.01879168301294625,0.010134693343794953,0.8888888888888888,0.1111111111111111,0.3035643948012537,0.23177419354838705
IGHV3-7,H235,79,FR3,ACC,76470,6152,1100,0.0804498496142278,0.014384726036354125,0.6666666666666666,0.3333333333333333,0.5583444636077554,2.796363636363637
IGHV3-7,H238,80,FR3,ATC,76470,5905,3079,0.07721982476788283,0.04026415587812214,0.7777777777777778,0.2222222222222222,0.9073255344264464,0.5479515612675729
IGHV3-7,H241,81,FR3,TCC,76487,2098,1099,0.027429497823159493,0.01436845477009165,0.6666666666666666,0.3333333333333333,0.8815366136937866,0.9545040946314833
IGHV3-7,H244,82,FR3,AGA,76488,2058,1476,0.02690618136178224,0.0192971446501412,0.75,0.25,1.0809176809520256,0.46476964769647694
IGHV3-7,H247,83,FR3,GAC,76487,643,374,0.008406657340463084,0.004889719821669042,0.8888888888888888,0.1111111111111111,0.17704693806179214,0.21490641711229944
IGHV3-7,H250,84,FR3,AAC,76482,3362,2013,0.0439580554901807,0.026319918412175413,0.8888888888888888,0.1111111111111111,0.9434815010981986,0.2087680079483358
IGHV3-7,H253,85,FR3,GCC,76481,8062,474,0.10541180162393274,0.006197617708973471,0.6666666666666666,0.3333333333333333,0.7096307691411985,8.504219409282701
IGHV3-7,H256,86,FR3,AAG,76478,13997,1838,0.18301995345066555,0.024033055257721175,0.875,0.125,0.5057640313189151,1.087906109124825
IGHV3-7,H259,87,FR3,AAC,76482,10435,9294,0.13643733165973693,0.12151878873460423,0.8888888888888888,0.1111111111111111,1.629489667474064,0.14034592210027974
IGHV3-7,H262,88,FR3,TCA,76484,4075,6480,0.05327911720098321,0.08472360232205428,0.5714285714285714,0.42857142857142855,2.61733779925298,0.47164351851851855
IGHV3-7,H265,89,FR3,CTG,76489,9808,11119,0.1282275882806678,0.14536730771744957,0.5555555555555556,0.4444444444444444,1.904804380512833,0.7056749707707526
IGHV3-7,H268,90,FR3,TAT,76489,16400,788,0.2144099151511982,0.010302134947508793,0.8571428571428571,0.14285714285714285,0.6415974948648201,3.468697123519458
IGHV3-7,H271,91,FR3,CTG,76489,683,11573,0.008929388539528559,0.1513028017100498,0.5555555555555556,0.4444444444444444,2.098469419942864,0.04721334139808173
IGHV3-7,H274,92,FR3,CAA,76489,5396,3847,0.07054609159486985,0.0502948136333329,0.875,0.125,1.98571518078705,0.20037877381261834
IGHV3-7,H277,93,FR3,ATG,76489,4975,0,0.06504203218763482,0.0,1.0,0.0,1.3642590597323545,
IGHV3-7,H280,94,FR3,AAC,76488,13185,2678,0.1723799811735174,0.03501202803054074,0.8888888888888888,0.1111111111111111,0.9960975619474636,0.6154312920089618
IGHV3-7,H283,95,FR3,AGC,76490,8284,3189,0.10830173878938423,0.0416917244084194,0.8888888888888888,0.1111111111111111,0.8920817460724421,0.3247099404201944
IGHV3-7,H286,96,FR3,CTG,76485,1072,2540,0.01401582009544355,0.03320912597241289,0.5555555555555556,0.4444444444444444,1.018902845805064,0.33763779527559046
IGHV3-7,H289,97,FR3,AGA,76496,5227,2446,0.0683303702154361,0.03197552813218992,0.75,0.25,0.6159824435303038,0.7123194330880349
IGHV3-7,H292,98,FR3,GCC,76497,22481,68,0.29388080578323333,0.0008889237486437376,0.6666666666666666,0.3333333333333333,0.3183661317218087,165.3014705882353
IGHV3-7,H295,99,FR3,GAG,76497,9481,5222,0.12393950089545995,0.06826411493261174,0.875,0.125,1.1886878770463047,0.25936969962247636
IGHV3-7,H298,100,FR3,GAC,76497,147,1107,0.0019216439860386683,0.014471155731597317,0.8888888888888888,0.1111111111111111,0.2276380640658998,0.01659891598915989
IGHV3-7,H301,101,FR3,ACG,76497,2903,688,0.037949200622246625,0.008993816750983699,0.6666666666666666,0.3333333333333333,0.3005798017784466,2.109738372093023
IGHV3-7,H304,102,FR3,GCT,76497,2365,857,0.030916245081506463,0.011203053714524753,0.6666666666666666,0.3333333333333333,0.2609036710393596,1.379813302217036
IGHV3-7,H307,103,FR3,GTG,76497,12339,23537,0.16130044315463352,0.30768526870334784,0.6666666666666666,0.3333333333333333,5.757868269860768,0.2621192165526618
IGHV3-7,H310,104,FR3,TAT,76496,1220,3759,0.01594854632921983,0.0491398243045388,0.8571428571428571,0.14285714285714285,1.0108823720549156,0.05409240046111555
IGHV3-7,H313,105,FR3,TAC,76497,7871,9931,0.10289292390551263,0.12982208452619057,0.8571428571428571,0.14285714285714285,2.7456568003467035,0.13209478736615984
IGHV3-7,H316,106,FR3,TGT,76497,3,1544,0.00003921722420487078,0.02018379805744016,0.875,0.125,0.4528032287099792,0.00027757216876387865
IGHV3-7,H319,107,FR3,GCG,76497,13846,1090,0.18100056211354693,0.014248924794436383,0.6666666666666666,0.3333333333333333,0.6107289702616664,6.351376146788991
IGHV3-7,H322,108,FR3,AGA,76497,3977,6126,0.05198896688759036,0.08008157182634613,0.75,0.25,1.8974565902754919,0.21640004353030795
IGHV3-7,H76,26,CDR1,TCT,76494,989,2564,0.012929118623682904,0.033518968808011085,0.6666666666666666,0.3333333333333333,0.7818966506958093,0.19286271450858034
IGHV3-7,H79,27,CDR1,GGA,76480,2985,3016,0.03902981171548117,0.039435146443514646,0.625,0.375,1.1894442632544764,0.5938328912466844
IGHV3-7,H85,29,CDR1,TTC,76475,3166,1589,0.04139915004903563,0.020778032036613273,0.8888888888888888,0.1111111111111111,0.5806165228514444,0.2490560100692259
IGHV3-7,H88,30,CDR1,ACC,76462,17381,8257,0.2273155292825194,0.10798828176087469,0.6666666666666666,0.3333333333333333,1.3159849148763998,1.052500908320213
IGHV3-7,H91,31,CDR1,TTT,76471,7524,5074,0.09839023943717226,0.0663519504125747,0.8888888888888888,0.1111111111111111,0.8452587148501042,0.18535672053606622
IGHV3-7,H94,32,CDR1,AGT,76447,18659,3761,0.24407759624314884,0.049197483223671304,0.8888888888888888,0.1111111111111111,1.2948510988669473,0.6201475671363998
IGHV3-7,H97,33,CDR1,AGC,76447,49010,13439,0.641097753999503,0.1757949952254503,0.8888888888888888,0.1111111111111111,2.158418664037679,0.4558560904829228
IGHV3-7,H148,50,CDR2,AAG,76409,5012,153,0.06559436715570155,0.0020023819183604026,0.875,0.125,0.44186352535710793,4.679738562091503
IGHV3-7,H151,51,CDR2,GGG,76409,1035,5635,0.013545524741849783,0.07374785692784881,0.6666666666666666,0.3333333333333333,2.098631283458776,0.09183673469387756
IGHV3-7,H154,52,CDR2,CTG,76409,2481,1488,0.03246999698988339,0.019474145715818816,0.5555555555555556,0.4444444444444444,0.5980846966957567,1.3338709677419354
IGHV3-7,H157,53,CDR2,GAG,76409,2183,1753,0.02856993286131215,0.022942323548273108,0.875,0.125,0.8840286104259253,0.17789911172683565
IGHV3-7,H160,54,CDR2,TGG,76411,2047,0,0.02678933661383832,0.0,1.0,0.0,0.0029991285693718363,
IGHV3-7,H163,55,CDR2,GTG,76411,2379,351,0.031134260773972335,0.004593579458454934,0.6666666666666666,0.3333333333333333,0.33067442796767565,3.3888888888888893
IGHV3-7,H166,56,CDR2,GCC,76411,1834,288,0.02400177984845114,0.003769090837706613,0.6666666666666666,0.3333333333333333,2.488091721052364,3.1840277777777777
IGHV3-7,H169,57,CDR2,AAC,76413,16498,5199,0.21590567050109274,0.06803816104589533,0.8888888888888888,0.1111111111111111,1.1697318590613741,0.3966628197730333
IGHV3-7,H172,58,CDR2,ATA,76414,5377,4599,0.07036668673279765,0.06018530635747376,0.7777777777777778,0.2222222222222222,1.4261632630408616,0.33404777436088595
IGHV3-7,H175,59,CDR2,AAG,76403,27305,6888,0.35738125466277504,0.09015352800282711,0.875,0.125,0.9672062387843551,0.5663057906089266
IGHV3-7,H178,60,CDR2,CAA,76392,35662,2907,0.4668289873285161,0.03805372290292177,0.875,0.125,1.4449905771712916,1.752518551280161
IGHV3-7,H181,61,CDR2,GAT,76233,5336,2323,0.06999593351960437,0.030472367609827765,0.8888888888888888,0.1111111111111111,0.9421458665967667,0.2871287128712871
IGHV1-3,H1,1,FR1,CAG,54263,908,1128,0.0167333173617382,0.020787645356873007,0.875,0.125,0.6007651815035656,0.1149949341438703
IGHV1-3,H4,2,FR1,GTC,54263,2361,256,0.04351031089324217,0.004717763485247775,0.6666666666666666,0.3333333333333333,0.6347108400377233,4.611328125
IGHV1-3,H7,3,FR1,CAG,54262,7794,9006,0.1436364306512845,0.16597250377796616,0.875,0.125,2.1050765243095713,0.12363186447130486
IGHV1-3,H10,4,FR1,CTT,54262,5091,556,0.09382256459400685,0.01024658140134901,0.6666666666666666,0.3333333333333333,2.4506195025470903,4.578237410071942
IGHV1-3,H13,5,FR1,GTG,54262,2088,1537,0.0384799675647783,0.02832553167962847,0.6666666666666666,0.3333333333333333,0.5885892536219848,0.6792452830188679
IGHV1-3,H16,6,FR1,CAG,54262,214,2066,0.003943828093324979,0.0380745272935019,0.875,0.125,0.7137633724717759,0.014797400082976074
IGHV1-3,H19,7,FR1,TCT,54262,434,959,0.007998230806088975,0.017673510007003058,0.6666666666666666,0.3333333333333333,0.6053748285113313,0.22627737226277372
IGHV1-3,H25,9,FR1,GGG,54261,612,269,0.011278819041300382,0.004957520134166344,0.6666666666666666,0.3333333333333333,0.3055043667639592,1.137546468401487
IGHV1-3,H28,10,FR1,GCT,54260,3977,562,0.07329524511610763,0.010357537781054183,0.6666666666666666,0.3333333333333333,0.4322504752688081,3.538256227758007
IGHV1-3,H31,11,FR1,GAG,54261,1280,2619,0.023589686883765504,0.048266710897329576,0.875,0.125,0.8211142557916857,0.06981945126275023
IGHV1-3,H34,12,FR1,GTG,54254,2150,889,0.0396284144947838,0.01638588859807572,0.6666666666666666,0.3333333333333333,0.6838295492789116,1.2092238470191228
IGHV1-3,H37,13,FR1,AAG,54253,5418,335,0.09986544522883527,0.006174773745230678,0.875,0.125,0.7622088942134256,2.31044776119403
IGHV1-3,H40,14,FR1,AAG,54253,8177,443,0.15071977586492913,0.008165447072051316,0.875,0.125,0.24543970046572014,2.63689132537891
IGHV1-3,H43,15,FR1,CCT,54253,741,1212,0.01365823088124159,0.02233977844543159,0.6666666666666666,0.3333333333333333,1.9124329693472253,0.3056930693069307
IGHV1-3,H46,16,FR1,GGG,54254,67,124,0.0012349319865816346,0.002285545766210786,0.6666666666666666,0.3333333333333333,0.2717762135445229,0.2701612903225807
IGHV1-3,H49,17,FR1,GCC,54254,1250,121,0.023039775869060346,0.0022302503041250416,0.6666666666666666,0.3333333333333333,0.19636240273659855,5.1652892561983474
IGHV1-3,H52,18,FR1,TCA,54254,438,1885,0.008073137464518746,0.034743982010543004,0.5714285714285714,0.42857142857142855,0.41795784838257327,0.1742705570291777
IGHV1-3,H55,19,FR1,GTG,54254,1563,1289,0.028808935746673058,0.023758616876175028,0.6666666666666666,0.3333333333333333,0.6289659635544201,0.6062839410395655
IGHV1-3,H58,20,FR1,AAG,54251,8102,4048,0.14934286925586626,0.07461613610809018,0.875,0.125,0.6709686863860952,0.2859260304912479
IGHV1-3,H61,21,FR1,GTT,54251,9773,2544,0.18014414480839064,0.04689314482682347,0.6666666666666666,0.3333333333333333,0.43185266952684104,1.9207940251572326
IGHV1-3,H64,22,FR1,TCC,54250,481,1479,0.008866359447004608,0.02726267281105991,0.6666666666666666,0.3333333333333333,0.7638459176589949,0.16260987153482082
IGHV1-3,H67,23,FR1,TGC,54250,16,1920,0.00029493087557603686,0.035391705069124424,0.875,0.125,0.6720091806444749,0.0011904761904761904
IGHV1-3,H70,24,FR1,AAG,54250,7107,154,0.13100460829493088,0.002838709677419355,0.875,0.125,0.32437795410857895,6.592764378478664
IGHV1-3,H73,25,FR1,GCT,54251,7495,6500,0.13815413540764226,0.11981345965972977,0.6666666666666666,0.3333333333333333,0.9872727688299467,0.5765384615384616
IGHV1-3,H115,39,FR2,TAT,54215,12849,1954,0.23700083002858988,0.036041685880291434,0.8571428571428571,0.14285714285714285,1.1125014410685132,1.095957011258956
IGHV1-3,H118,40,FR2,GCT,54220,20110,3754,0.37089634821099227,0.06923644411656216,0.6666666666666666,0.3333333333333333,0.8973178462299866,2.678476291955248
IGHV1-3,H121,41,FR2,ATG,54234,34876,0,0.6430652358299221,0.0,1.0,0.0,0.19709554669075924,
IGHV1-3,H124,42,FR2,CAT,54235,6840,4691,0.12611782059555637,0.08649396146399926,0.8888888888888888,0.1111111111111111,1.5879584411384597,0.18226390961415476
IGHV1-3,H127,43,FR2,TGG,54235,54,0,0.000995667004701761,0.0,1.0,0.0,0.0,
IGHV1-3,H130,44,FR2,GTG,54049,4595,743,0.08501544894447631,0.013746785324427835,0.6666666666666666,0.3333333333333333,0.2851444185752991,3.092193808882907
IGHV1-3,H133,45,FR2,CGC,54040,197,802,0.0036454478164322725,0.014840858623242043,0.6666666666666666,0.3333333333333333,0.8466764940974673,0.12281795511221943
IGHV1-3,H136,46,FR2,CAG,54040,896,234,0.016580310880829015,0.004330125832716507,0.875,0.125,0.22035364112787412,0.547008547008547
IGHV1-3,H139,47,FR2,GCC,54045,1500,391,0.027754648903691368,0.0072347118142288835,0.6666666666666666,0.3333333333333333,0.2571225054699811,1.9181585677749358
IGHV1-3,H142,48,FR2,CCC,54047,384,99,0.007104927192998686,0.0018317390419449737,0.6666666666666666,0.3333333333333333,0.886511778582091,1.9393939393939392
IGHV1-3,H145,49,FR2,GGA,54047,256,1697,0.004736618128665791,0.03139859751697596,0.625,0.375,1.0128370991948805,0.09051266941661758
IGHV1-3,H193,65,FR3,AAT,53984,14648,2549,0.27133965619442796,0.047217694131594545,0.8888888888888888,0.1111111111111111,1.153518485971717,0.7183209101608474
IGHV1-3,H196,66,FR3,GGT,54003,5388,8561,0.09977223487584023,0.15852822991315296,0.6666666666666666,0.3333333333333333,1.7627818451070218,0.3146828641513842
IGHV1-3,H199,67,FR3,AAC,54036,24410,3283,0.4517358797838478,0.06075579243467318,0.8888888888888888,0.1111111111111111,1.2848602162019904,0.9294090770636613
IGHV1-3,H202,68,FR3,ACA,54047,5483,2842,0.1014487390604474,0.05258386219401632,0.6666666666666666,0.3333333333333333,1.1211252830009373,0.9646375791695988
IGHV1-3,H205,69,FR3,AAA,54035,17590,4547,0.3255297492366059,0.08414916257980938,0.875,0.125,1.679360306546074,0.5526406735995476
IGHV1-3,H208,70,FR3,TAT,54047,6114,3376,0.11312376265102596,0.06246415157178012,0.8571428571428571,0.14285714285714285,1.413520312644162,0.30183649289099523
IGHV1-3,H211,71,FR3,TCA,54048,2136,2680,0.03952042628774423,0.04958555358200118,0.5714285714285714,0.42857142857142855,1.3674372563944346,0.5977611940298508
IGHV1-3,H214,72,FR3,CAG,54047,8504,1188,0.15734453346161675,0.021980868503339687,0.875,0.125,0.49296793162165464,1.0226070226070227
IGHV1-3,H217,73,FR3,AAG,54203,16792,3526,0.30979835064479827,0.06505174990314189,0.875,0.125,0.9297369212551664,0.6803338465278341
IGHV1-3,H220,74,FR3,TTC,54239,5439,4396,0.10027839746308007,0.08104869190066188,0.8888888888888888,0.1111111111111111,0.6853225246326781,0.1546576433121019
IGHV1-3,H223,75,FR3,CAG,54242,3727,1156,0.06871059326720991,0.02131189852881531,0.875,0.125,0.2765697205770885,0.46057834898665345
IGHV1-3,H226,76,FR3,GGC,54251,10282,1336,0.18952646034174486,0.02462627417006138,0.6666666666666666,0.3333333333333333,0.44309091105505094,3.8480538922155687
IGHV1-3,H229,77,FR3,AGA,54252,587,1594,0.010819877608198776,0.029381405293814052,0.75,0.25,1.4919544300137655,0.12275198661647847
IGHV1-3,H232,78,FR3,GTC,54254,7284,429,0.13425738194418846,0.00790725107826151,0.6666666666666666,0.3333333333333333,0.3035643948012537,8.48951048951049
IGHV1-3,H235,79,FR3,ACC,54254,5380,1918,0.09916319534043573,0.035352232093486195,0.6666666666666666,0.3333333333333333,0.5583444636077554,1.4025026068821689
IGHV1-3,H238,80,FR3,ATT,54254,12608,4124,0.23238839532569028,0.0760128285472039,0.7777777777777778,0.2222222222222222,0.9073255344264464,0.873493141194402
IGHV1-3,H241,81,FR3,ACC,54256,8424,3552,0.15526393394278973,0.06546741374225892,0.6666666666666666,0.3333333333333333,0.8815366136937866,1.1858108108108107
IGHV1-3,H244,82,FR3,AGG,54256,10253,3371,0.18897449130050134,0.062131377174874665,0.7777777777777778,0.2222222222222222,1.0809176809520256,0.8690087723015637
IGHV1-3,H247,83,FR3,GAC,54254,1221,348,0.022505253068898147,0.0064142736019464006,0.8888888888888888,0.1111111111111111,0.17704693806179214,0.4385775862068966
IGHV1-3,H250,84,FR3,ACA,54220,4342,3257,0.0800811508668388,0.060070084839542605,0.6666666666666666,0.3333333333333333,0.9434815010981986,0.6665643229966226
IGHV1-3,H253,85,FR3,TCC,54213,3298,817,0.06083411727814362,0.015070186117720841,0.6666666666666666,0.3333333333333333,0.7096307691411985,2.0183598531211753
IGHV1-3,H256,86,FR3,GCG,54224,1199,779,0.022111979935084097,0.014366332251401593,0.6666666666666666,0.3333333333333333,0.5057640313189151,0.7695763799743262
IGHV1-3,H259,87,FR3,AGC,54189,19395,2831,0.3579139677794386,0.05224307516285593,0.8888888888888888,0.1111111111111111,1.629489667474064,0.8563670081243376
IGHV1-3,H262,88,FR3,ACA,54174,3802,4608,0.07018126776682541,0.085059253516447,0.6666666666666666,0.3333333333333333,2.61733779925298,0.41254340277777785
IGHV1-3,H265,89,FR3,GCC,54213,15140,1499,0.2792688100640068,0.02765019460277055,0.6666666666666666,0.3333333333333333,1.904804380512833,5.050033355570381
IGHV1-3,H268,90,FR3,TAC,54254,4081,3290,0.07522026025730821,0.06064069008736683,0.8571428571428571,0.14285714285714285,0.6415974948648201,0.20673758865248226
IGHV1-3,H271,91,FR3,ATG,54262,5176,0,0.09538903836939294,0.0,1.0,0.0,2.098469419942864,
IGHV1-3,H274,92,FR3,GAG,54262,6473,9943,0.11929158527146069,0.18324057351369283,0.875,0.125,1.98571518078705,0.0930015373342337
IGHV1-3,H277,93,FR3,CTG,54262,4773,7832,0.0879621097637389,0.1443367365743983,0.5555555555555556,0.4444444444444444,1.3642590597323545,0.48753830439223694
IGHV1-3,H280,94,FR3,AGC,54237,12202,2521,0.2249755701827166,0.04648118443129229,0.8888888888888888,0.1111111111111111,0.9960975619474636,0.6050178500595002
IGHV1-3,H283,95,FR3,AGC,54262,7247,2611,0.13355571117909404,0.04811838855921271,0.8888888888888888,0.1111111111111111,0.8920817460724421,0.34694561470700885
IGHV1-3,H286,96,FR3,CTG,54262,605,4739,0.011149607460100991,0.08733552025358446,0.5555555555555556,0.4444444444444444,1.018902845805064,0.10213125131884362
IGHV1-3,H289,97,FR3,AGA,54248,17236,1411,0.31772599911517474,0.026010175490340657,0.75,0.25,0.6159824435303038,4.07181667847862
IGHV1-3,H292,98,FR3,TCT,54248,7364,1450,0.13574693997935408,0.0267290960035393,0.6666666666666666,0.3333333333333333,0.3183661317218087,2.5393103448275864
IGHV1-3,H295,99,FR3,GAA,54261,3688,3740,0.06796778533384935,0.06892611636350233,0.875,0.125,1.1886878770463047,0.14087089381207027
IGHV1-3,H298,100,FR3,GAC,54262,91,902,0.0016770483948251077,0.016623051122332387,0.8888888888888888,0.1111111111111111,0.2276380640658998,0.012610864745011087
IGHV1-3,H301,101,FR3,ACG,54262,1916,639,0.03531016180752645,0.011776196970255427,0.6666666666666666,0.3333333333333333,0.3005798017784466,1.4992175273865416
IGHV1-3,H304,102,FR3,GCT,54262,2790,1600,0.051417198039143415,0.02948656518373816,0.6666666666666666,0.3333333333333333,0.2609036710393596,0.871875
IGHV1-3,H307,103,FR3,GTG,54262,9004,21351,0.1659356455714865,0.3934797832737459,0.6666666666666666,0.3333333333333333,5.757868269860768,0.21085663434967916
IGHV1-3,H310,104,FR3,TAT,54262,1503,2850,0.027698942169474033,0.0525229442335336,0.8571428571428571,0.14285714285714285,1.0108823720549156,0.08789473684210526
IGHV1-3,H313,105,FR3,TAC,54262,5565,6448,0.10255795952968928,0.11883085769046478,0.8571428571428571,0.14285714285714285,2.7456568003467035,0.14384305210918114
IGHV1-3,H316,106,FR3,TGT,54262,0,1170,0.0,0.02156205079060853,0.875,0.125,0.4528032287099792,0.0
IGHV1-3,H319,107,FR3,GCG,54262,4868,1442,0.08971287457152335,0.026574766871844017,0.6666666666666666,0.3333333333333333,0.6107289702616664,1.6879334257975034
IGHV1-3,H322,108,FR3,AGA,54262,1943,6560,0.03580774759500203,0.12089491725332645,0.75,0.25,1.8974565902754919,0.09872967479674798
IGHV1-3,H76,26,CDR1,TCT,54248,1171,1949,0.021586049255272084,0.03592759180061938,0.6666666666666666,0.3333333333333333,0.7818966506958093,0.30041046690610573
IGHV1-3,H79,27,CDR1,GGA,54245,1045,2300,0.01926444833625219,0.04240022121854549,0.625,0.375,1.1894442632544764,0.27260869565217394
IGHV1-3,H85,29,CDR1,TAC,54205,4340,1792,0.0800664145374043,0.033059680841250806,0.8571428571428571,0.14285714285714285,0.5806165228514444,0.4036458333333333
IGHV1-3,H88,30,CDR1,ACC,54231,14240,3073,0.2625804429201011,0.05666500709926057,0.6666666666666666,0.3333333333333333,1.3159849148763998,2.316954116498536
IGHV1-3,H91,31,CDR1,TTC,54227,3030,836,0.05587622402124403,0.015416674350415844,0.8888888888888888,0.1111111111111111,0.8452587148501042,0.45305023923444976
IGHV1-3,H94,32,CDR1,ACT,54222,17522,4454,0.3231529637416547,0.08214377927778392,0.6666666666666666,0.3333333333333333,1.2948510988669473,1.9669959586888193
IGHV1-3,H97,33,CDR1,AGC,54203,36285,10172,0.6694278914451229,0.18766488939726583,0.8888888888888888,0.1111111111111111,2.158418664037679,0.4458931380259536
IGHV1-3,H148,50,CDR2,CAA,54047,2307,4547,0.04268507040168742,0.0841304790275131,0.875,0.125,0.44186352535710793,0.07248107072166891
IGHV1-3,H151,51,CDR2,AGG,54047,14012,2975,0.25925583288619164,0.05504468333117472,0.7777777777777778,0.2222222222222222,2.098631283458776,1.345690276110444
IGHV1-3,H154,52,CDR2,CTT,54047,7781,904,0.14396728773104892,0.016726182766851075,0.6666666666666666,0.3333333333333333,0.5980846966957567,4.303650442477876
IGHV1-3,H157,53,CDR2,GAG,54047,873,1174,0.01615260791533295,0.021721834699428275,0.875,0.125,0.8840286104259253,0.106230226332441
IGHV1-3,H160,54,CDR2,TGG,54047,1117,0,0.020667197069217533,0.0,1.0,0.0,0.0029991285693718363,
IGHV1-3,H163,55,CDR2,ATG,54046,5923,0,0.1095918291825482,0.0,1.0,0.0,0.33067442796767565,
IGHV1-3,H166,56,CDR2,GGA,54046,1642,9806,0.030381526847500277,0.1814380342671058,0.625,0.375,2.488091721052364,0.10046910055068324
IGHV1-3,H169,57,CDR2,TGG,54046,3681,0,0.0681086481885801,0.0,1.0,0.0,1.1697318590613741,
IGHV1-3,H172,58,CDR2,ATC,54040,5542,698,0.10255366395262769,0.012916358253145818,0.7777777777777778,0.2222222222222222,1.4261632630408616,2.2685223086369217
IGHV1-3,H175,59,CDR2,AAC,53932,12727,1354,0.23598234814210486,0.02510568864496032,0.8888888888888888,0.1111111111111111,0.9672062387843551,1.1749446085672084
IGHV1-3,H178,60,CDR2,GCT,53920,18511,1361,0.34330489614243326,0.025241097922848666,0.6666666666666666,0.3333333333333333,1.4449905771712916,6.8005143277002205
IGHV1-3,H181,61,CDR2,GGC,53875,13746,704,0.2551461716937355,0.013067285382830626,0.6666666666666666,0.3333333333333333,0.9421458665967667,9.762784090909092
IGHV3-21,H1,1,FR1,GAG,53732,2168,1348,0.04034839574182982,0.025087471153130352,0.875,0.125,0.6007651815035656,0.22975837219160658
IGHV3-21,H4,2,FR1,GTG,53732,2865,1560,0.05332018164222437,0.029032978485818508,0.6666666666666666,0.3333333333333333,0.6347108400377233,0.9182692307692308
IGHV3-21,H7,3,FR1,CAG,53732,4366,5541,0.08125511799300231,0.10312290627558997,0.875,0.125,2.1050765243095713,0.1125634877665197
IGHV3-21,H10,4,FR1,CTG,53732,1451,5642,0.027004392168540163,0.10500260552371027,0.5555555555555556,0.4444444444444444,2.4506195025470903,0.20574264445232185
IGHV3-21,H13,5,FR1,GTG,53732,1434,548,0.02668800714657932,0.010198764237325988,0.6666666666666666,0.3333333333333333,0.5885892536219848,1.3083941605839418
IGHV3-21,H16,6,FR1,GAG,53732,1308,2208,0.02434303580734013,0.04109283108762004,0.875,0.125,0.7137633724717759,0.08462732919254658
IGHV3-21,H19,7,FR1,TCT,53732,300,1819,0.005583265093426636,0.03385319734981017,0.6666666666666666,0.3333333333333333,0.6053748285113313,0.08246289169873557
IGHV3-21,H25,9,FR1,GGG,53732,31,261,0.000576937392987419,0.004857440631281173,0.6666666666666666,0.3333333333333333,0.3055043667639592,0.05938697318007662
IGHV3-21,H28,10,FR1,GGA,53732,28,795,0.0005211047420531526,0.014795652497580586,0.625,0.375,0.4322504752688081,0.02113207547169811
IGHV3-21,H31,11,FR1,GGC,53732,1057,223,0.019671704012506515,0.004150227052780466,0.6666666666666666,0.3333333333333333,0.8211142557916857,2.3699551569506725
IGHV3-21,H34,12,FR1,CTG,53732,889,590,0.016545075560187597,0.010980421350405717,0.5555555555555556,0.4444444444444444,0.6838295492789116,1.2054237288135592
IGHV3-21,H37,13,FR1,GTC,53732,435,190,0.008095734385468623,0.003536067892503536,0.6666666666666666,0.3333333333333333,0.7622088942134256,1.1447368421052633
IGHV3-21,H40,14,FR1,AAG,53732,4141,233,0.07706766917293233,0.00433633588922802,0.875,0.125,0.24543970046572014,2.5389331698344573
IGHV3-21,H43,15,FR1,CCT,53732,1078,8504,0.020062532569046377,0.15826695451500036,0.6666666666666666,0.3333333333333333,1.9124329693472253,0.06338193791157103
IGHV3-21,H46,16,FR1,GGG,53731,105,387,0.001954179151700136,0.007202546016266215,0.6666666666666666,0.3333333333333333,0.2717762135445229,0.1356589147286822
IGHV3-21,H49,17,FR1,GGG,53731,2470,387,0.04596973813999367,0.007202546016266215,0.6666666666666666,0.3333333333333333,0.19636240273659855,3.1912144702842378
IGHV3-21,H52,18,FR1,TCC,53731,232,466,0.00431780536375649,0.008672833187545364,0.6666666666666666,0.3333333333333333,0.41795784838257327,0.24892703862660945
IGHV3-21,H55,19,FR1,CTG,53731,314,2177,0.005843926225084216,0.04051664774524948,0.5555555555555556,0.4444444444444444,0.6289659635544201,0.11538814882866329
IGHV3-21,H58,20,FR1,AGA,53731,1285,591,0.023915430570806424,0.010999236939569336,0.75,0.25,0.6709686863860952,0.724760293288212
IGHV3-21,H61,21,FR1,CTC,53731,838,624,0.015596210753568703,0.011613407530103665,0.6666666666666666,0.3333333333333333,0.43185266952684104,0.671474358974359
IGHV3-21,H64,22,FR1,TCC,53731,588,1237,0.01094340324952076,0.02302209153002922,0.6666666666666666,0.3333333333333333,0.7638459176589949,0.23767178658043656
IGHV3-21,H67,23,FR1,TGT,53731,5,840,0.00009305615008095885,0.015633433213601087,0.875,0.125,0.6720091806444749,0.0008503401360544217
IGHV3-21,H70,24,FR1,GCA,53730,6689,1053,0.1244928345430858,0.019597989949748745,0.6666666666666666,0.3333333333333333,0.32437795410857895,3.1761633428300096
IGHV3-21,H73,25,FR1,GCC,53729,4525,502,0.08421895065979267,0.009343185244467606,0.6666666666666666,0.3333333333333333,0.9872727688299467,4.506972111553785
IGHV3-21,H115,39,FR2,TAT,53656,6070,2770,0.1131280751453705,0.05162516773520203,0.8571428571428571,0.14285714285714285,1.1125014410685132,0.365222623345367
IGHV3-21,H118,40,FR2,AGC,53663,20041,3124,0.3734602985297132,0.058215157557348636,0.8888888888888888,0.1111111111111111,0.8973178462299866,0.8018966069142125
IGHV3-21,H121,41,FR2,ATG,53661,4872,0,0.09079219544920893,0.0,1.0,0.0,0.19709554669075924,
IGHV3-21,H124,42,FR2,AAC,53658,8546,3692,0.1592679563159268,0.06880614260688062,0.8888888888888888,0.1111111111111111,1.5879584411384597,0.28934182015167936
IGHV3-21,H127,43,FR2,TGG,53656,15,0,0.00027955867004622034,0.0,1.0,0.0,0.0,
IGHV3-21,H130,44,FR2,GTC,53645,1107,186,0.02063566035977258,0.003467238326032249,0.6666666666666666,0.3333333333333333,0.2851444185752991,2.9758064516129035
IGHV3-21,H133,45,FR2,CGC,53645,16,996,0.0002982570603038494,0.018566502003914624,0.6666666666666666,0.3333333333333333,0.8466764940974673,0.008032128514056224
IGHV3-21,H136,46,FR2,CAG,53645,931,167,0.017354832696430237,0.0031130580669214277,0.875,0.125,0.22035364112787412,0.7964071856287427
IGHV3-21,H139,47,FR2,GCT,53645,2586,711,0.048205797371609654,0.013253798117252307,0.6666666666666666,0.3333333333333333,0.2571225054699811,1.8185654008438816
IGHV3-21,H142,48,FR2,CCA,53644,190,1757,0.0035418686153157854,0.03275296398478861,0.6666666666666666,0.3333333333333333,0.886511778582091,0.05406943653955606
IGHV3-21,H145,49,FR2,GGG,53645,387,12674,0.007214092646099357,0.2362568738931867,0.6666666666666666,0.3333333333333333,1.0128370991948805,0.015267476724001893
IGHV3-21,H193,65,FR3,AGT,53646,22918,2613,0.4272079931402155,0.04870819818812214,0.8888888888888888,0.1111111111111111,1.153518485971717,1.0963451970914657
IGHV3-21,H196,66,FR3,AGT,53622,24930,1481,0.46492111446794226,0.027619260751184215,0.8888888888888888,0.1111111111111111,1.7627818451070218,2.1041525995948684
IGHV3-21,H199,67,FR3,TAC,53473,11888,1646,0.22231780524750808,0.030781889925756926,0.8571428571428571,0.14285714285714285,1.2848602162019904,1.2037262049412716
IGHV3-21,H202,68,FR3,ATA,53512,8894,4300,0.16620571086859023,0.08035580804305577,0.7777777777777778,0.2222222222222222,1.1211252830009373,0.5909634551495017
IGHV3-21,H205,69,FR3,TAC,53558,9928,5908,0.18536913252922066,0.11031031778632511,0.8571428571428571,0.14285714285714285,1.679360306546074,0.28007221846084407
IGHV3-21,H208,70,FR3,TAC,53638,13626,6239,0.2540363175360752,0.11631679033521011,0.8571428571428571,0.14285714285714285,1.413520312644162,0.364000641128386
IGHV3-21,H211,71,FR3,GCA,53646,5172,2285,0.09640979756179398,0.04259404242627596,0.6666666666666666,0.3333333333333333,1.3674372563944346,1.1317286652078773
IGHV3-21,H214,72,FR3,GAC,53698,2725,761,0.05074676896718686,0.014171849975790532,0.8888888888888888,0.1111111111111111,0.49296793162165464,0.4476018396846255
IGHV3-21,H217,73,FR3,TCA,53708,745,2797,0.013871304088776347,0.05207790273329858,0.5714285714285714,0.42857142857142855,0.9297369212551664,0.199767608151591
IGHV3-21,H220,74,FR3,GTG,53711,5767,802,0.10737092960473646,0.014931764443037739,0.6666666666666666,0.3333333333333333,0.6853225246326781,3.5953865336658355
IGHV3-21,H223,75,FR3,AAG,53711,6678,133,0.12433207350449628,0.002476215300404014,0.875,0.125,0.2765697205770885,7.172932330827067
IGHV3-21,H226,76,FR3,GGC,53713,330,535,0.006143764079459349,0.009960344795487125,0.6666666666666666,0.3333333333333333,0.44309091105505094,0.308411214953271
IGHV3-21,H229,77,FR3,CGA,53713,59,3281,0.0010984305475397018,0.06108390892335189,0.5,0.5,1.4919544300137655,0.017982322462663822
IGHV3-21,H232,78,FR3,TTC,53714,1137,847,0.021167665785456306,0.015768700897345198,0.8888888888888888,0.1111111111111111,0.3035643948012537,0.1677981109799292
IGHV3-21,H235,79,FR3,ACC,53714,2668,302,0.049670476970622185,0.005622370331757083,0.6666666666666666,0.3333333333333333,0.5583444636077554,4.417218543046357
IGHV3-21,H238,80,FR3,ATC,53714,4664,1107,0.08683024909706967,0.020609152176341364,0.7777777777777778,0.2222222222222222,0.9073255344264464,1.203768228158472
IGHV3-21,H241,81,FR3,TCC,53717,558,403,0.010387772958281364,0.007502280469869874,0.6666666666666666,0.3333333333333333,0.8815366136937866,0.6923076923076924
IGHV3-21,H244,82,FR3,AGA,53720,1021,1024,0.01900595681310499,0.01906180193596426,0.75,0.25,1.0809176809520256,0.3323567708333333
IGHV3-21,H247,83,FR3,GAC,53721,512,197,0.009530723553172875,0.003667094804638782,0.8888888888888888,0.1111111111111111,0.17704693806179214,0.32487309644670054
IGHV3-21,H250,84,FR3,AAC,53712,14127,963,0.26301385165326185,0.017928954423592495,0.8888888888888888,0.1111111111111111,0.9434815010981986,1.8337227414330217
IGHV3-21,H253,85,FR3,GCC,53712,3313,192,0.061680816204944894,0.0035746201966041107,0.6666666666666666,0.3333333333333333,0.7096307691411985,8.627604166666666
IGHV3-21,H256,86,FR3,AAG,53710,7425,828,0.13824241295848072,0.015416123626885124,0.875,0.125,0.5057640313189151,1.281055900621118
IGHV3-21,H259,87,FR3,AAC,53711,5416,50,0.10083595539088827,0.0009309080076706819,0.8888888888888888,0.1111111111111111,1.629489667474064,13.540000000000001
IGHV3-21,H262,88,FR3,TCA,53719,2080,3858,0.03872000595692399,0.07181816489510229,0.5714285714285714,0.42857142857142855,2.61733779925298,0.4043545878693624
IGHV3-21,H265,89,FR3,CTG,53722,4393,5201,0.08177283049774767,0.09681322363277614,0.5555555555555556,0.4444444444444444,1.904804380512833,0.6757162084214574
IGHV3-21,H268,90,FR3,TAT,53722,9746,546,0.18141543501731133,0.010163433974907859,0.8571428571428571,0.14285714285714285,0.6415974948648201,2.9749694749694746
IGHV3-21,H271,91,FR3,CTG,53722,396,4900,0.0073712817839991064,0.09121030490301925,0.5555555555555556,0.4444444444444444,2.098469419942864,0.06465306122448979
IGHV3-21,H274,92,FR3,CAA,53721,3375,2640,0.06282459373429385,0.04914279332104764,0.875,0.125,1.98571518078705,0.18262987012987011
IGHV3-21,H277,93,FR3,ATG,53721,2995,0,0.055751009847173356,0.0,1.0,0.0,1.3642590597323545,
IGHV3-21,H280,94,FR3,AAC,53730,7927,1233,0.14753396612693095,0.022948073701842545,0.8888888888888888,0.1111111111111111,0.9960975619474636,0.8036293592862936
IGHV3-21,H283,95,FR3,AGC,53731,4102,1146,0.07634326552641864,0.02132846959855577,0.8888888888888888,0.1111111111111111,0.8920817460724421,0.44742582897033156
IGHV3-21,H286,96,FR3,CTG,53731,426,1120,0.007928383986897694,0.020844577618134782,0.5555555555555556,0.4444444444444444,1.018902845805064,0.30428571428571427
IGHV3-21,H289,97,FR3,AGA,53731,3145,1727,0.058532318400923114,0.032141594237963186,0.75,0.25,0.6159824435303038,0.6070256707199382
IGHV3-21,H292,98,FR3,GCC,53731,9426,85,0.17542945413262362,0.0015819545513763005,0.6666666666666666,0.3333333333333333,0.3183661317218087,55.4470588235294
IGHV3-21,H295,99,FR3,GAG,53731,4010,2694,0.074631032364929,0.05013865366362063,0.875,0.125,1.1886878770463047,0.2126418496128964
IGHV3-21,H298,100,FR3,GAC,53731,85,728,0.0015819545513763005,0.013548975451787609,0.8888888888888888,0.1111111111111111,0.2276380640658998,0.01459478021978022
IGHV3-21,H301,101,FR3,ACG,53731,1202,252,0.02237069847946251,0.004690029964080326,0.6666666666666666,0.3333333333333333,0.3005798017784466,2.384920634920635
IGHV3-21,H304,102,FR3,GCT,53731,1373,1195,0.0255532188122313,0.022240419869349166,0.6666666666666666,0.3333333333333333,0.2609036710393596,0.5744769874476986
IGHV3-21,H307,103,FR3,GTG,53732,5783,15373,0.10762674011762079,0.2861051142708256,0.6666666666666666,0.3333333333333333,5.757868269860768,0.18808950757822157
IGHV3-21,H310,104,FR3,TAT,53732,303,1981,0.005639097744360902,0.03686816050026055,0.8571428571428571,0.14285714285714285,1.0108823720549156,0.025492175668854113
IGHV3-21,H313,105,FR3,TAC,53732,3892,4027,0.07243355914538822,0.07494602843743021,0.8571428571428571,0.14285714285714285,2.7456568003467035,0.16107938084595647
IGHV3-21,H316,106,FR3,TGT,53732,4,793,0.00007444353457902182,0.014758430730291074,0.875,0.125,0.4528032287099792,0.0007205908845253108
IGHV3-21,H319,107,FR3,GCG,53732,5189,839,0.09657187523263605,0.015614531377949825,0.6666666666666666,0.3333333333333333,0.6107289702616664,3.092371871275328
IGHV3-21,H322,108,FR3,AGA,53732,1485,3901,0.027637162212461847,0.07260105709819102,0.75,0.25,1.8974565902754919,0.12689054088695206
IGHV3-21,H76,26,CDR1,TCT,53729,650,1157,0.012097749818533753,0.02153399467699008,0.6666666666666666,0.3333333333333333,0.7818966506958093,0.2808988764044944
IGHV3-21,H79,27,CDR1,GGA,53728,1712,1682,0.03186420488385944,0.03130583680762358,0.625,0.375,1.1894442632544764,0.6107015457788347
IGHV3-21,H85,29,CDR1,TTC,53725,1292,809,0.02404839460214053,0.015058166589111214,0.8888888888888888,0.1111111111111111,0.5806165228514444,0.1996291718170581
IGHV3-21,H88,30,CDR1,ACC,53723,10388,2186,0.19336224708225527,0.04069020717383616,0.6666666666666666,0.3333333333333333,1.3159849148763998,2.3760292772186644
IGHV3-21,H91,31,CDR1,TTC,53716,2984,1403,0.05555141857174771,0.02611884727083178,0.8888888888888888,0.1111111111111111,0.8452587148501042,0.26585887384176765
IGHV3-21,H94,32,CDR1,AGT,53650,9497,2090,0.17701770736253494,0.03895619757688723,0.8888888888888888,0.1111111111111111,1.2948510988669473,0.5680023923444977
IGHV3-21,H97,33,CDR1,AGC,53659,34565,9428,0.6441603458879219,0.17570211893624554,0.8888888888888888,0.1111111111111111,2.158418664037679,0.4582758803563853
IGHV3-21,H148,50,CDR2,AAG,53644,2820,62,0.05256878681679219,0.0011557676534188354,0.875,0.125,0.44186352535710793,6.497695852534562
IGHV3-21,H151,51,CDR2,GGG,53644,353,4339,0.006580419058981433,0.08088509432555364,0.6666666666666666,0.3333333333333333,2.098631283458776,0.04067757547822079
IGHV3-21,H154,52,CDR2,CTG,53644,619,866,0.011539035120423534,0.016143464320334054,0.5555555555555556,0.4444444444444444,0.5980846966957567,0.571824480369515
IGHV3-21,H157,53,CDR2,GAG,53645,901,1455,0.016795600708360517,0.027122751421381302,0.875,0.125,0.8840286104259253,0.0884634266077565
IGHV3-21,H160,54,CDR2,TGG,53647,363,0,0.006766454787779373,0.0,1.0,0.0,0.0029991285693718363,
IGHV3-21,H163,55,CDR2,GTC,53647,1819,1288,0.033906835424161647,0.024008798255261244,0.6666666666666666,0.3333333333333333,0.33067442796767565,0.7061335403726708
IGHV3-21,H166,56,CDR2,TCA,53646,3528,4437,0.06576445587741864,0.08270886925399844,0.5714285714285714,0.42857142857142855,2.488091721052364,0.5963488843813387
IGHV3-21,H169,57,CDR2,TCC,53645,5822,3821,0.10852828781806319,0.07122751421381303,0.6666666666666666,0.3333333333333333,1.1697318590613741,0.7618424496205182
IGHV3-21,H172,58,CDR2,ATT,53645,2702,4784,0.05036816105881257,0.08917886103085096,0.7777777777777778,0.2222222222222222,1.4261632630408616,0.16137123745819398
IGHV3-21,H175,59,CDR2,AGT,53588,9538,2399,0.17798760916623124,0.044767485257893556,0.8888888888888888,0.1111111111111111,0.9672062387843551,0.4969779074614423
IGHV3-21,H178,60,CDR2,AGT,53642,16194,13130,0.30189030983184817,0.24477088848290518,0.8888888888888888,0.1111111111111111,1.4449905771712916,0.15416984006092915
IGHV3-21,H181,61,CDR2,AGT,52509,17801,1677,0.3390085509150812,0.03193738216305776,0.8888888888888888,0.1111111111111111,0.9421458665967667,1.3268485390578415
IGHV3-48,H1,1,FR1,GAG,50513,2362,1869,0.04676023993823372,0.03700037614079544,0.875,0.125,0.6007651815035656,0.18053963158297026
IGHV3-48,H4,2,FR1,GTG,50513,3864,1644,0.07649515966186922,0.032546077247441255,0.6666666666666666,0.3333333333333333,0.6347108400377233,1.1751824817518246
IGHV3-48,H7,3,FR1,CAG,50513,5046,5962,0.09989507651495655,0.1180290222319007,0.875,0.125,2.1050765243095713,0.12090861168351943
IGHV3-48,H10,4,FR1,CTG,50513,1552,5557,0.030724763922158654,0.11001128422386316,0.5555555555555556,0.4444444444444444,2.4506195025470903,0.22342990822386177
IGHV3-48,H13,5,FR1,GTG,50513,1914,615,0.037891235919466276,0.012175083641834776,0.6666666666666666,0.3333333333333333,0.5885892536219848,1.5560975609756098
IGHV3-48,H16,6,FR1,GAG,50513,1468,2255,0.029061825668639758,0.044641973353394176,0.875,0.125,0.7137633724717759,0.09299968324358568
IGHV3-48,H19,7,FR1,TCT,50513,485,2526,0.00960148872567458,0.05000692890938966,0.6666666666666666,0.3333333333333333,0.6053748285113313,0.09600158353127476
IGHV3-48,H25,9,FR1,GGG,50513,61,294,0.001207609922198246,0.005820283887316136,0.6666666666666666,0.3333333333333333,0.3055043667639592,0.10374149659863946
IGHV3-48,H28,10,FR1,GGA,50513,49,820,0.0009700473145526894,0.0162334448557797,0.625,0.375,0.4322504752688081,0.03585365853658536
IGHV3-48,H31,11,FR1,GGC,50513,5574,1380,0.11034783125136104,0.027319699879239007,0.6666666666666666,0.3333333333333333,0.8211142557916857,2.0195652173913046
IGHV3-48,H34,12,FR1,TTG,50512,2469,2768,0.048879474184352234,0.05479885967690846,0.75,0.25,0.6838295492789116,0.2973265895953757
IGHV3-48,H37,13,FR1,GTA,50513,3686,6604,0.0729713143151268,0.13073862174093798,0.6666666666666666,0.3333333333333333,0.7622088942134256,0.27907328891580857
IGHV3-48,H40,14,FR1,CAG,50513,2131,949,0.04218715974105676,0.018787242887969433,0.875,0.125,0.24543970046572014,0.32078880024085504
IGHV3-48,H43,15,FR1,CCT,50513,1905,5798,0.037713063963732106,0.11478233326074476,0.6666666666666666,0.3333333333333333,1.9124329693472253,0.1642807864780959
IGHV3-48,H46,16,FR1,GGA,50513,115,1340,0.0022766416566032508,0.026527824520420486,0.625,0.375,0.2717762135445229,0.05149253731343285
IGHV3-48,H49,17,FR1,GGG,50513,1478,367,0.029259794508344386,0.007265456417159939,0.6666666666666666,0.3333333333333333,0.19636240273659855,2.0136239782016347
IGHV3-48,H52,18,FR1,TCC,50513,339,648,0.006711143665986974,0.012828380812860056,0.6666666666666666,0.3333333333333333,0.41795784838257327,0.2615740740740741
IGHV3-48,H55,19,FR1,CTG,50513,449,1932,0.00888880090273791,0.03824757983093461,0.5555555555555556,0.4444444444444444,0.6289659635544201,0.18592132505175982
IGHV3-48,H58,20,FR1,AGA,50513,1395,684,0.027616653138795952,0.013541068635796726,0.75,0.25,0.6709686863860952,0.6798245614035087
IGHV3-48,H61,21,FR1,CTC,50513,690,965,0.013659849939619504,0.019103993031496843,0.6666666666666666,0.3333333333333333,0.43185266952684104,0.35751295336787564
IGHV3-48,H64,22,FR1,TCC,50513,683,1630,0.013521271751826262,0.03226892087185477,0.6666666666666666,0.3333333333333333,0.7638459176589949,0.20950920245398777
IGHV3-48,H67,23,FR1,TGT,50513,9,871,0.00017817195573416745,0.017243085938273315,0.875,0.125,0.6720091806444749,0.0014761358044940135
IGHV3-48,H70,24,FR1,GCA,50505,9664,808,0.19134739134739134,0.015998415998415998,0.6666666666666666,0.3333333333333333,0.32437795410857895,5.98019801980198
IGHV3-48,H73,25,FR1,GCC,50504,5601,569,0.11090210676382069,0.01126643434183431,0.6666666666666666,0.3333333333333333,0.9872727688299467,4.921792618629174
IGHV3-48,H115,39,FR2,TAT,50493,8945,1922,0.1771532687699285,0.03806468223318084,0.8571428571428571,0.14285714285714285,1.1125014410685132,0.7756677072493929
IGHV3-48,H118,40,FR2,GAA,50477,12209,4810,0.241872536006498,0.09529092457951147,0.875,0.125,0.8973178462299866,0.3626076626076626
IGHV3-48,H121,41,FR2,ATG,50482,4239,0,0.0839705241472208,0.0,1.0,0.0,0.19709554669075924,
IGHV3-48,H124,42,FR2,AAC,50480,8549,5960,0.1693541996830428,0.11806656101426308,0.8888888888888888,0.1111111111111111,1.5879584411384597,0.17929949664429531
IGHV3-48,H127,43,FR2,TGG,50480,11,0,0.0002179080824088748,0.0,1.0,0.0,0.0,
IGHV3-48,H130,44,FR2,GTC,50470,1447,426,0.02867049732514365,0.008440657816524668,0.6666666666666666,0.3333333333333333,0.2851444185752991,1.6983568075117372
IGHV3-48,H133,45,FR2,CGC,50469,14,1311,0.00027739800669718045,0.025976341912857397,0.6666666666666666,0.3333333333333333,0.8466764940974673,0.005339435545385201
IGHV3-48,H136,46,FR2,CAG,50466,807,145,0.015990964213529902,0.0028732215749217296,0.875,0.125,0.22035364112787412,0.7950738916256158
IGHV3-48,H139,47,FR2,GCT,50466,2629,894,0.05209447945151191,0.01771489715848294,0.6666666666666666,0.3333333333333333,0.2571225054699811,1.470357941834452
IGHV3-48,H142,48,FR2,CCA,50466,303,1905,0.006004042325526097,0.03774818689810962,0.6666666666666666,0.3333333333333333,0.886511778582091,0.07952755905511812
IGHV3-48,H145,49,FR2,GGG,50466,620,1548,0.012285499147941189,0.03067411722744026,0.6666666666666666,0.3333333333333333,1.0128370991948805,0.20025839793281652
IGHV3-48,H193,65,FR3,GGT,50407,13633,5501,0.2704584680699109,0.10913166822068364,0.6666666666666666,0.3333333333333333,1.153518485971717,1.2391383384839119
IGHV3-48,H196,66,FR3,AGT,50386,28717,2086,0.5699400627158338,0.04140038899694359,0.8888888888888888,0.1111111111111111,1.7627818451070218,1.7208173537871523
IGHV3-48,H199,67,FR3,ACC,50285,20802,1921,0.41368201252858705,0.038202247191011236,0.6666666666666666,0.3333333333333333,1.2848602162019904,5.414367516918272
IGHV3-48,H202,68,FR3,ATA,50341,15961,4010,0.3170576667130172,0.07965674102620131,0.7777777777777778,0.2222222222222222,1.1211252830009373,1.1372283576772355
IGHV3-48,H205,69,FR3,TAC,50430,14511,4651,0.28774538964901847,0.09222684909775927,0.8571428571428571,0.14285714285714285,1.679360306546074,0.5199956998494948
IGHV3-48,H208,70,FR3,TAC,50460,2677,5958,0.053051922314704715,0.11807372175980975,0.8571428571428571,0.14285714285714285,1.413520312644162,0.07488530826899407
IGHV3-48,H211,71,FR3,GCA,50465,4297,2345,0.08514812246111166,0.046467849004260375,0.6666666666666666,0.3333333333333333,1.3674372563944346,0.9162046908315565
IGHV3-48,H214,72,FR3,GAC,50478,3043,556,0.06028368794326241,0.01101469947303776,0.8888888888888888,0.1111111111111111,0.49296793162165464,0.6841276978417266
IGHV3-48,H217,73,FR3,TCT,50492,1054,1013,0.02087459399508833,0.02006258417174998,0.6666666666666666,0.3333333333333333,0.9297369212551664,0.5202369200394867
IGHV3-48,H220,74,FR3,GTG,50482,1507,1009,0.029852224555287032,0.019987322213858405,0.6666666666666666,0.3333333333333333,0.6853225246326781,0.7467789890981169
IGHV3-48,H223,75,FR3,AAG,50491,7345,70,0.14547147016299936,0.0013863856924996535,0.875,0.125,0.2765697205770885,14.989795918367347
IGHV3-48,H226,76,FR3,GGC,50496,247,601,0.0048914765525982255,0.011901932826362484,0.6666666666666666,0.3333333333333333,0.44309091105505094,0.20549084858569053
IGHV3-48,H229,77,FR3,CGA,50496,56,3128,0.001108998732572877,0.06194550063371356,0.5,0.5,1.4919544300137655,0.017902813299232736
IGHV3-48,H232,78,FR3,TTC,50498,895,585,0.0177234741969979,0.011584617212562874,0.8888888888888888,0.1111111111111111,0.3035643948012537,0.19123931623931625
IGHV3-48,H235,79,FR3,ACC,50498,2666,617,0.05279417006614123,0.012218305675472297,0.6666666666666666,0.3333333333333333,0.5583444636077554,2.1604538087520258
IGHV3-48,H238,80,FR3,ATC,50498,6554,1309,0.12978731830963602,0.02592181868588855,0.7777777777777778,0.2222222222222222,0.9073255344264464,1.4305358507039179
IGHV3-48,H241,81,FR3,TCC,50499,1065,575,0.02108952652527773,0.011386364086417553,0.6666666666666666,0.3333333333333333,0.8815366136937866,0.9260869565217391
IGHV3-48,H244,82,FR3,AGA,50500,1676,1066,0.03318811881188119,0.02110891089108911,0.75,0.25,1.0809176809520256,0.5240775484677924
IGHV3-48,H247,83,FR3,GAC,50500,448,189,0.00887128712871287,0.0037425742574257424,0.8888888888888888,0.1111111111111111,0.17704693806179214,0.2962962962962963
IGHV3-48,H250,84,FR3,AAC,50494,4418,545,0.08749554402503268,0.010793361587515348,0.8888888888888888,0.1111111111111111,0.9434815010981986,1.013302752293578
IGHV3-48,H253,85,FR3,GCC,50495,4143,165,0.08204772749777206,0.003267650262402218,0.6666666666666666,0.3333333333333333,0.7096307691411985,12.554545454545456
IGHV3-48,H256,86,FR3,AAG,50487,8604,1137,0.17042010814665162,0.02252064887990968,0.875,0.125,0.5057640313189151,1.0810403316999624
IGHV3-48,H259,87,FR3,AAC,50485,6205,5030,0.12290779439437456,0.09963355452114489,0.8888888888888888,0.1111111111111111,1.629489667474064,0.15419980119284293
IGHV3-48,H262,88,FR3,TCA,50493,2563,4218,0.05075951121937694,0.08353633176876002,0.5714285714285714,0.42857142857142855,2.61733779925298,0.4557254623044097
IGHV3-48,H265,89,FR3,CTG,50500,4654,6490,0.09215841584158416,0.12851485148514852,0.5555555555555556,0.4444444444444444,1.904804380512833,0.5736825885978427
IGHV3-48,H268,90,FR3,TAT,50502,10325,598,0.20444734861985664,0.011841115203358283,0.8571428571428571,0.14285714285714285,0.6415974948648201,2.8776477146042367
IGHV3-48,H271,91,FR3,CTG,50502,379,6107,0.007504653281058176,0.12092590392459704,0.5555555555555556,0.4444444444444444,2.098469419942864,0.04964794498116915
IGHV3-48,H274,92,FR3,CAA,50502,3359,2905,0.06651221733792721,0.05752247435745119,0.875,0.125,1.98571518078705,0.1651831817064175
IGHV3-48,H277,93,FR3,ATG,50504,2584,0,0.051164264216695704,0.0,1.0,0.0,1.3642590597323545,
IGHV3-48,H280,94,FR3,AAC,50510,8517,1702,0.1686200752326272,0.033696297762819245,0.8888888888888888,0.1111111111111111,0.9960975619474636,0.6255141010575793
IGHV3-48,H283,95,FR3,AGC,50512,4686,1576,0.09277003484320558,0.031200506810262908,0.8888888888888888,0.1111111111111111,0.8920817460724421,0.37166878172588835
IGHV3-48,H286,96,FR3,CTG,50513,288,1319,0.0057015025834933585,0.02611208995704076,0.5555555555555556,0.4444444444444444,1.018902845805064,0.17467778620166793
IGHV3-48,H289,97,FR3,AGA,50513,3721,1729,0.07366420525409301,0.03422881238493061,0.75,0.25,0.6159824435303038,0.7173703489492963
IGHV3-48,H292,98,FR3,GCC,50513,10646,51,0.21075762674954962,0.0010096410824936156,0.6666666666666666,0.3333333333333333,0.3183661317218087,104.37254901960783
IGHV3-48,H295,99,FR3,GAG,50513,4981,2432,0.09860827905687644,0.04814602181616614,0.875,0.125,1.1886878770463047,0.2925869360902255
IGHV3-48,H298,100,FR3,GAC,50513,106,610,0.002098469700869083,0.01207609922198246,0.8888888888888888,0.1111111111111111,0.2276380640658998,0.021721311475409833
IGHV3-48,H301,101,FR3,ACG,50513,1364,639,0.027002949735711598,0.012650208857125889,0.6666666666666666,0.3333333333333333,0.3005798017784466,1.0672926447574336
IGHV3-48,H304,102,FR3,GCT,50513,1638,1441,0.03242729594361848,0.028527309801437254,0.6666666666666666,0.3333333333333333,0.2609036710393596,0.5683553088133241
IGHV3-48,H307,103,FR3,GTT,50513,8926,9961,0.17670698632035317,0.19719676122978244,0.6666666666666666,0.3333333333333333,5.757868269860768,0.44804738480072287
IGHV3-48,H310,104,FR3,TAT,50511,149,2057,0.0029498525073746312,0.04072380273603769,0.8571428571428571,0.14285714285714285,1.0108823720549156,0.012072597634094961
IGHV3-48,H313,105,FR3,TAC,50512,4012,4240,0.07942667089008552,0.08394044979410833,0.8571428571428571,0.14285714285714285,2.7456568003467035,0.15770440251572326
IGHV3-48,H316,106,FR3,TGT,50513,9,795,0.00017817195573416745,0.015738522756518124,0.875,0.125,0.4528032287099792,0.0016172506738544477
IGHV3-48,H319,107,FR3,GCG,50513,7368,834,0.14586344109437174,0.016510601231366183,0.6666666666666666,0.3333333333333333,0.6107289702616664,4.41726618705036
IGHV3-48,H322,108,FR3,AGA,50513,1478,4480,0.029259794508344386,0.08869004018767446,0.75,0.25,1.8974565902754919,0.1099702380952381
IGHV3-48,H76,26,CDR1,TCT,50503,714,1485,0.01413777399362414,0.029404193810268698,0.6666666666666666,0.3333333333333333,0.7818966506958093,0.2404040404040404
IGHV3-48,H79,27,CDR1,GGA,50501,1735,1914,0.034355755331577593,0.03790023959921586,0.625,0.375,1.1894442632544764,0.5438871473354232
IGHV3-48,H85,29,CDR1,TTC,50504,1631,1038,0.03229447172501188,0.020552827498811974,0.8888888888888888,0.1111111111111111,0.5806165228514444,0.19641136801541428
IGHV3-48,H88,30,CDR1,ACC,50505,12212,3559,0.2417978417978418,0.07046827046827046,0.6666666666666666,0.3333333333333333,1.3159849148763998,1.7156504636133747
IGHV3-48,H91,31,CDR1,TTC,50503,4154,1966,0.08225253945310179,0.038928380492247984,0.8888888888888888,0.1111111111111111,0.8452587148501042,0.2641149542217701
IGHV3-48,H94,32,CDR1,AGT,50486,9603,2568,0.19021114764489166,0.05086558649922751,0.8888888888888888,0.1111111111111111,1.2948510988669473,0.46743574766355145
IGHV3-48,H97,33,CDR1,AGT,50494,24562,6480,0.4864340317661504,0.1283320790588981,0.8888888888888888,0.1111111111111111,2.158418664037679,0.473804012345679
IGHV3-48,H148,50,CDR2,AAG,50466,3617,89,0.07167201680339239,0.0017635635873657512,0.875,0.125,0.44186352535710793,5.80577849117175
IGHV3-48,H151,51,CDR2,GGG,50466,366,4755,0.007252407561526572,0.09422185233622637,0.6666666666666666,0.3333333333333333,2.098631283458776,0.038485804416403785
IGHV3-48,H154,52,CDR2,CTG,50466,902,1403,0.017873419728133794,0.027800895652518528,0.5555555555555556,0.4444444444444444,0.5980846966957567,0.5143264433357092
IGHV3-48,H157,53,CDR2,GAG,50466,1378,2584,0.02730551262235961,0.051202789997225856,0.875,0.125,0.8840286104259253,0.07618310482087572
IGHV3-48,H160,54,CDR2,TGG,50465,902,0,0.017873773902704844,0.0,1.0,0.0,0.0029991285693718363,
IGHV3-48,H163,55,CDR2,GTT,50463,15020,3085,0.2976438182430692,0.06113390008521095,0.6666666666666666,0.3333333333333333,0.33067442796767565,2.434359805510535
IGHV3-48,H166,56,CDR2,TCA,50464,4318,2758,0.08556594800253646,0.05465282181357007,0.5714285714285714,0.42857142857142855,2.488091721052364,1.1742204496011603
IGHV3-48,H169,57,CDR2,TAC,50463,7487,6188,0.14836612963953788,0.12262449715633236,0.8571428571428571,0.14285714285714285,1.1697318590613741,0.2016537384184443
IGHV3-48,H172,58,CDR2,ATT,50455,2755,5880,0.054603111683678526,0.1165394906352195,0.7777777777777778,0.2222222222222222,1.4261632630408616,0.13386783284742468
IGHV3-48,H175,59,CDR2,AGT,50349,13885,3021,0.2757750898726886,0.060001191682059224,0.8888888888888888,0.1111111111111111,0.9672062387843551,0.5745200264812976
IGHV3-48,H178,60,CDR2,AGT,50371,23118,2020,0.45895455718568223,0.04010243989597189,0.8888888888888888,0.1111111111111111,1.4449905771712916,1.430569306930693
IGHV3-48,H181,61,CDR2,AGT,48120,17019,1841,0.3536783042394015,0.03825852036575229,0.8888888888888888,0.1111111111111111,0.9421458665967667,1.1555540467137426
IGHV1-69,H1,1,FR1,CAG,46060,1252,1092,0.027181936604429007,0.02370820668693009,0.875,0.125,0.6007651815035656,0.1637885923600209
IGHV1-69,H4,2,FR1,GTG,46060,3586,1852,0.07785497177594441,0.040208423795049936,0.6666666666666666,0.3333333333333333,0.6347108400377233,0.9681425485961123
IGHV1-69,H7,3,FR1,CAG,46060,5175,4439,0.11235345201910552,0.0963742943986105,0.875,0.125,2.1050765243095713,0.1665433012583272
IGHV1-69,H10,4,FR1,CTG,46060,1311,4201,0.028462874511506732,0.09120712114633087,0.5555555555555556,0.4444444444444444,2.4506195025470903,0.24965484408474173
IGHV1-69,H13,5,FR1,GTG,46060,3309,2221,0.07184107685627443,0.048219713417281804,0.6666666666666666,0.3333333333333333,0.5885892536219848,0.744934714092751
IGHV1-69,H16,6,FR1,CAG,46059,108,3828,0.0023448186022275775,0.08311079267895526,0.875,0.125,0.7137633724717759,0.004030452306314375
IGHV1-69,H19,7,FR1,TCT,46059,202,1452,0.004385679237499728,0.03152478342994854,0.6666666666666666,0.3333333333333333,0.6053748285113313,0.06955922865013774
IGHV1-69,H25,9,FR1,GGG,46058,546,245,0.011854618090234052,0.005319379912284511,0.6666666666666666,0.3333333333333333,0.3055043667639592,1.114285714285714
IGHV1-69,H28,10,FR1,GCT,46057,4597,937,0.09981110363245543,0.020344355906811124,0.6666666666666666,0.3333333333333333,0.4322504752688081,2.453041622198506
IGHV1-69,H31,11,FR1,GAG,46059,1038,2739,0.022536312121409496,0.059467205106493844,0.875,0.125,0.8211142557916857,0.054138632451885466
IGHV1-69,H34,12,FR1,GTG,46058,2752,560,0.05975074905553867,0.01215858265665031,0.6666666666666666,0.3333333333333333,0.6838295492789116,2.4571428571428573
IGHV1-69,H37,13,FR1,AAG,46059,4569,254,0.09919885364423892,0.0055146659719056,0.875,0.125,0.7622088942134256,2.5697412823397077
IGHV1-69,H40,14,FR1,AAG,46058,6188,591,0.13435233835598592,0.012831647053714881,0.875,0.125,0.24543970046572014,1.4957698815566836
IGHV1-69,H43,15,FR1,CCT,46058,1273,1873,0.02763906378913544,0.040666116635546486,0.6666666666666666,0.3333333333333333,1.9124329693472253,0.33982915109450085
IGHV1-69,H46,16,FR1,GGG,46058,335,778,0.007273437839246168,0.016891745190846325,0.6666666666666666,0.3333333333333333,0.2717762135445229,0.2152956298200514
IGHV1-69,H49,17,FR1,TCC,46058,414,3334,0.008988666464023623,0.07238699031655739,0.6666666666666666,0.3333333333333333,0.19636240273659855,0.0620875824835033
IGHV1-69,H52,18,FR1,TCG,46058,581,911,0.012614529506274697,0.01977940857180077,0.625,0.375,0.41795784838257327,0.38265642151481893
IGHV1-69,H55,19,FR1,GTG,46056,1259,1057,0.027336286260204967,0.022950321347924265,0.6666666666666666,0.3333333333333333,0.6289659635544201,0.5955534531693472
IGHV1-69,H58,20,FR1,AAG,46056,6725,2356,0.14601789126281048,0.05115511551155116,0.875,0.125,0.6709686863860952,0.40777346592287167
IGHV1-69,H61,21,FR1,GTC,46056,1824,493,0.039603960396039604,0.010704359909675177,0.6666666666666666,0.3333333333333333,0.43185266952684104,1.849898580121704
IGHV1-69,H64,22,FR1,TCC,46056,769,1827,0.016697064443286433,0.039669098488796246,0.6666666666666666,0.3333333333333333,0.7638459176589949,0.2104542966611932
IGHV1-69,H67,23,FR1,TGC,46056,8,3272,0.00017370158068438424,0.07104394649991315,0.875,0.125,0.6720091806444749,0.000349283967865875
IGHV1-69,H70,24,FR1,AAG,46053,6236,493,0.13540920244066618,0.010705057216685123,0.875,0.125,0.32437795410857895,1.807012460156476
IGHV1-69,H73,25,FR1,GCT,46049,9539,6500,0.20714890659949184,0.14115398814306498,0.6666666666666666,0.3333333333333333,0.9872727688299467,0.7337692307692307
IGHV1-69,H115,39,FR2,TAT,45949,15434,1842,0.3358941435069316,0.04008792356743346,0.8571428571428571,0.14285714285714285,1.1125014410685132,1.3964893231994207
IGHV1-69,H118,40,FR2,GCT,45970,19209,4203,0.41785947356971936,0.09142919295192517,0.6666666666666666,0.3333333333333333,0.8973178462299866,2.2851534618129903
IGHV1-69,H121,41,FR2,ATC,45985,13214,3348,0.2873545721430901,0.07280634989670545,0.7777777777777778,0.2222222222222222,0.19709554669075924,1.1276668373442564
IGHV1-69,H124,42,FR2,AGC,45992,17611,5749,0.3829144198991129,0.125,0.8888888888888888,0.1111111111111111,1.5879584411384597,0.3829144198991129
IGHV1-69,H127,43,FR2,TGG,46035,54,0,0.0011730205278592375,0.0,1.0,0.0,0.0,
IGHV1-69,H130,44,FR2,GTG,45995,2665,1093,0.05794108055223394,0.02376345254919013,0.6666666666666666,0.3333333333333333,0.2851444185752991,1.2191216834400733
IGHV1-69,H133,45,FR2,CGA,45992,26,4857,0.0005653157070794921,0.10560532266481128,0.5,0.5,0.8466764940974673,0.005353098620547663
IGHV1-69,H136,46,FR2,CAG,45992,1093,193,0.02376500260914942,0.004196381979474691,0.875,0.125,0.22035364112787412,0.8090303478904516
IGHV1-69,H139,47,FR2,GCC,45992,1451,184,0.031548965037397805,0.004000695773177944,0.6666666666666666,0.3333333333333333,0.2571225054699811,3.9429347826086953
IGHV1-69,H142,48,FR2,CCT,45987,504,2704,0.010959619022767304,0.058799225868180136,0.6666666666666666,0.3333333333333333,0.886511778582091,0.09319526627218935
IGHV1-69,H145,49,FR2,GGA,45988,399,2084,0.008676176393841871,0.04531616943550491,0.625,0.375,1.0128370991948805,0.11487523992322457
IGHV1-69,H193,65,FR3,TTT,45931,13702,2170,0.29831704077855914,0.04724478021379896,0.8888888888888888,0.1111111111111111,1.153518485971717,0.7892857142857144
IGHV1-69,H196,66,FR3,GGT,45934,13882,13220,0.30221622327687553,0.28780424086733136,0.6666666666666666,0.3333333333333333,1.7627818451070218,0.5250378214826021
IGHV1-69,H199,67,FR3,ACA,45955,15164,2568,0.32997497551953,0.05588075291045588,0.6666666666666666,0.3333333333333333,1.2848602162019904,2.9524922118380066
IGHV1-69,H202,68,FR3,GCA,45976,29658,2128,0.6450756916652166,0.04628501827040195,0.6666666666666666,0.3333333333333333,1.1211252830009373,6.968515037593985
IGHV1-69,H205,69,FR3,AAC,45995,19165,3298,0.4166757256223503,0.07170344602674204,0.8888888888888888,0.1111111111111111,1.679360306546074,0.7263872043662826
IGHV1-69,H208,70,FR3,TAC,45997,4907,4051,0.1066808704915538,0.08807096114964019,0.8571428571428571,0.14285714285714285,1.413520312644162,0.20188430840121782
IGHV1-69,H211,71,FR3,GCA,45999,3437,3380,0.07471901563077459,0.07347985825778822,0.6666666666666666,0.3333333333333333,1.3674372563944346,0.5084319526627218
IGHV1-69,H214,72,FR3,CAG,45976,6630,657,0.14420567252479555,0.014290064381416391,0.875,0.125,0.49296793162165464,1.441617742987606
IGHV1-69,H217,73,FR3,AAG,45995,11938,4191,0.2595499510816393,0.09111859984780954,0.875,0.125,0.9297369212551664,0.40692640692640697
IGHV1-69,H220,74,FR3,TTC,46016,2501,4826,0.05435066063977747,0.10487656467315716,0.8888888888888888,0.1111111111111111,0.6853225246326781,0.06477932034811439
IGHV1-69,H223,75,FR3,CAG,46023,5560,805,0.12080916063707277,0.017491254372813594,0.875,0.125,0.2765697205770885,0.9866903283052352
IGHV1-69,H226,76,FR3,GGC,46046,6876,1342,0.14932893193762758,0.029144768275203056,0.6666666666666666,0.3333333333333333,0.44309091105505094,2.561847988077496
IGHV1-69,H229,77,FR3,AGA,46051,736,1940,0.015982280515081104,0.042127206792469216,0.75,0.25,1.4919544300137655,0.12646048109965638
IGHV1-69,H232,78,FR3,GTC,46052,8197,558,0.17799444106662035,0.012116737600972814,0.6666666666666666,0.3333333333333333,0.3035643948012537,7.344982078853047
IGHV1-69,H235,79,FR3,ACG,46052,4802,14271,0.10427343003561192,0.30988882133240686,0.6666666666666666,0.3333333333333333,0.5583444636077554,0.16824329058930698
IGHV1-69,H238,80,FR3,ATT,46054,6928,5645,0.15043210144612845,0.12257350067312285,0.7777777777777778,0.2222222222222222,0.9073255344264464,0.350651651271669
IGHV1-69,H241,81,FR3,ACC,46052,7307,1942,0.15866846173890384,0.042169721184747676,0.6666666666666666,0.3333333333333333,0.8815366136937866,1.881307929969104
IGHV1-69,H244,82,FR3,GCG,46053,1460,583,0.031702603522028965,0.012659327296810198,0.6666666666666666,0.3333333333333333,1.0809176809520256,1.2521440823327614
IGHV1-69,H247,83,FR3,GAC,46015,1176,61,0.025556883624904922,0.001325654677822449,0.8888888888888888,0.1111111111111111,0.17704693806179214,2.4098360655737703
IGHV1-69,H250,84,FR3,GAA,45951,11579,5617,0.25198581097255773,0.12223890666144371,0.875,0.125,0.9434815010981986,0.29448866959993897
IGHV1-69,H253,85,FR3,TCC,45887,4725,7056,0.10297034018349424,0.15376904134068473,0.6666666666666666,0.3333333333333333,0.7096307691411985,0.3348214285714286
IGHV1-69,H256,86,FR3,ACG,45930,5400,2224,0.11757021554539517,0.04842151099499238,0.6666666666666666,0.3333333333333333,0.5057640313189151,1.2140287769784173
IGHV1-69,H259,87,FR3,AGC,46012,20491,2832,0.44534034599669653,0.06154916108841172,0.8888888888888888,0.1111111111111111,1.629489667474064,0.904440324858757
IGHV1-69,H262,88,FR3,ACA,46003,2101,4116,0.04567093450427146,0.08947242571136665,0.6666666666666666,0.3333333333333333,2.61733779925298,0.25522351797862003
IGHV1-69,H265,89,FR3,GCC,45999,15942,1179,0.3465727515815561,0.02563099197808648,0.6666666666666666,0.3333333333333333,1.904804380512833,6.760814249363868
IGHV1-69,H268,90,FR3,TAC,46031,5020,3026,0.10905693988833612,0.06573830679324803,0.8571428571428571,0.14285714285714285,0.6415974948648201,0.276492619519718
IGHV1-69,H271,91,FR3,ATG,46049,5419,0,0.11767899411496449,0.0,1.0,0.0,2.098469419942864,
IGHV1-69,H274,92,FR3,GAG,46054,5332,9758,0.11577713119381595,0.21188170408650714,0.875,0.125,1.98571518078705,0.07806049248967879
IGHV1-69,H277,93,FR3,CTG,46054,4907,8718,0.10654883397750467,0.1892995179571807,0.5555555555555556,0.4444444444444444,1.3642590597323545,0.4502867630190411
IGHV1-69,H280,94,FR3,AGC,46048,15113,3332,0.32820100764419735,0.07235927727588604,0.8888888888888888,0.1111111111111111,0.9960975619474636,0.5669642857142857
IGHV1-69,H283,95,FR3,AGC,46054,8861,3204,0.19240456854996307,0.06957050419073262,0.8888888888888888,0.1111111111111111,0.8920817460724421,0.3457006866416979
IGHV1-69,H286,96,FR3,CTG,46059,217,4483,0.004711348487809114,0.09733168327579843,0.5555555555555556,0.4444444444444444,1.018902845805064,0.03872406870399285
IGHV1-69,H289,97,FR3,AGA,46059,13223,1842,0.28708829978940054,0.03999218393799257,0.75,0.25,0.6159824435303038,2.392870068765834
IGHV1-69,H292,98,FR3,TCT,46059,6739,2022,0.14631233852233005,0.04390021494170521,0.6666666666666666,0.3333333333333333,0.3183661317218087,1.6664193867457961
IGHV1-69,H295,99,FR3,GAG,46059,12230,6050,0.2655289954189192,0.13135326429145228,0.875,0.125,1.1886878770463047,0.2887839433293979
IGHV1-69,H298,100,FR3,GAC,46060,43,466,0.0009335649153278333,0.010117238384715588,0.8888888888888888,0.1111111111111111,0.2276380640658998,0.011534334763948498
IGHV1-69,H301,101,FR3,ACG,46060,1734,625,0.037646547980894486,0.013569257490230134,0.6666666666666666,0.3333333333333333,0.3005798017784466,1.3872
IGHV1-69,H304,102,FR3,GCC,46060,944,150,0.020495006513243597,0.003256621797655232,0.6666666666666666,0.3333333333333333,0.2609036710393596,3.146666666666667
IGHV1-69,H307,103,FR3,GTG,46060,9548,17754,0.2072948328267477,0.3854537559704733,0.6666666666666666,0.3333333333333333,5.757868269860768,0.2688971499380421
IGHV1-69,H310,104,FR3,TAT,46060,978,3333,0.021233174120712114,0.07236213634389926,0.8571428571428571,0.14285714285714285,1.0108823720549156,0.0489048904890489
IGHV1-69,H313,105,FR3,TAC,46060,6413,7518,0.13923143725575338,0.16322188449848024,0.8571428571428571,0.14285714285714285,2.7456568003467035,0.1421699033430877
IGHV1-69,H316,106,FR3,TGT,46060,0,1348,0.0,0.029266174554928356,0.875,0.125,0.4528032287099792,0.0
IGHV1-69,H319,107,FR3,GCG,46060,2943,1614,0.06389491966999566,0.0350412505427703,0.6666666666666666,0.3333333333333333,0.6107289702616664,0.9117100371747214
IGHV1-69,H322,108,FR3,AGA,46060,2401,6023,0.052127659574468084,0.13076422058184975,0.75,0.25,1.8974565902754919,0.13287951740550116
IGHV1-69,H76,26,CDR1,TCT,46049,2565,2100,0.055701535321071034,0.04560359616929792,0.6666666666666666,0.3333333333333333,0.7818966506958093,0.6107142857142858
IGHV1-69,H79,27,CDR1,GGA,46041,1480,2211,0.03214526183184553,0.04802241480419626,0.625,0.375,1.1894442632544764,0.40162822252374497
IGHV1-69,H85,29,CDR1,GGC,45996,8623,1026,0.18747282372380206,0.022306287503261153,0.6666666666666666,0.3333333333333333,0.5806165228514444,4.20224171539961
IGHV1-69,H88,30,CDR1,ACC,45975,11655,1964,0.2535073409461664,0.04271886895051658,0.6666666666666666,0.3333333333333333,1.3159849148763998,2.9671588594704685
IGHV1-69,H91,31,CDR1,TTC,46006,4529,1202,0.09844368125896623,0.02612702690953354,0.8888888888888888,0.1111111111111111,0.8452587148501042,0.4709858569051581
IGHV1-69,H94,32,CDR1,AGC,45979,17923,3997,0.38980839078709845,0.08693099023467235,0.8888888888888888,0.1111111111111111,1.2948510988669473,0.5605141356017012
IGHV1-69,H97,33,CDR1,AGC,45992,27097,6985,0.5891676813358845,0.15187423899808664,0.8888888888888888,0.1111111111111111,2.158418664037679,0.48491410164638504
IGHV1-69,H148,50,CDR2,CAA,45989,3022,3499,0.06571136576137772,0.07608341125051643,0.875,0.125,0.44186352535710793,0.12338219083003306
IGHV1-69,H151,51,CDR2,GGG,45989,859,8853,0.018678379612516036,0.19250255495879448,0.6666666666666666,0.3333333333333333,2.098631283458776,0.048514627809781996
IGHV1-69,H154,52,CDR2,CTT,45989,2819,1439,0.06129726673769815,0.031290091108743395,0.6666666666666666,0.3333333333333333,0.5980846966957567,0.9794996525364837
IGHV1-69,H157,53,CDR2,GAG,45989,1341,1426,0.02915914675248429,0.031007414816586577,0.875,0.125,0.8840286104259253,0.13434181526748146
IGHV1-69,H160,54,CDR2,TGG,45989,604,0,0.01313357542020918,0.0,1.0,0.0,0.0029991285693718363,
IGHV1-69,H163,55,CDR2,ATG,45988,6636,0,0.14429851265547533,0.0,1.0,0.0,0.33067442796767565,
IGHV1-69,H166,56,CDR2,GGA,45981,749,5482,0.01628933690002392,0.11922315739109632,0.625,0.375,2.488091721052364,0.0819773805180591
IGHV1-69,H169,57,CDR2,GGG,45972,6328,7041,0.13764900374140782,0.15315844427042546,0.6666666666666666,0.3333333333333333,1.1697318590613741,0.44936798750177537
IGHV1-69,H172,58,CDR2,ATC,45834,6505,863,0.14192520836060565,0.018828817035388575,0.7777777777777778,0.2222222222222222,1.4261632630408616,2.153616950835954
IGHV1-69,H175,59,CDR2,ATC,45933,10361,1859,0.225567674656565,0.04047199181416411,0.7777777777777778,0.2222222222222222,0.9672062387843551,1.592407592407592
IGHV1-69,H178,60,CDR2,CCT,45917,2247,6233,0.04893612387568874,0.1357449310712808,0.6666666666666666,0.3333333333333333,1.4449905771712916,0.1802502807636772
IGHV1-69,H181,61,CDR2,ATC,45950,25510,3890,0.5551686615886834,0.08465723612622415,0.7777777777777778,0.2222222222222222,0.9421458665967667,1.8736687477047376
IGHV3-53,H1,1,FR1,GAG,43545,3163,1579,0.07263750143529682,0.03626133884487312,0.875,0.125,0.6007651815035656,0.28616665158780424
IGHV3-53,H4,2,FR1,GTG,43545,3192,1278,0.07330347915949018,0.02934894936272821,0.6666666666666666,0.3333333333333333,0.6347108400377233,1.2488262910798122
IGHV3-53,H7,3,FR1,CAG,43545,3734,5646,0.08575037317717304,0.12965897347571478,0.875,0.125,2.1050765243095713,0.09447902434087344
IGHV3-53,H10,4,FR1,CTG,43544,3121,6350,0.07167462796252067,0.14582950578724968,0.5555555555555556,0.4444444444444444,2.4506195025470903,0.3931968503937007
IGHV3-53,H13,5,FR1,GTG,43545,1746,843,0.04009645194626249,0.019359283499827764,0.6666666666666666,0.3333333333333333,0.5885892536219848,1.0355871886120998
IGHV3-53,H16,6,FR1,GAG,43545,1499,1793,0.03442415891606384,0.041175795154437936,0.875,0.125,0.7137633724717759,0.11943271452473905
IGHV3-53,H19,7,FR1,TCT,43544,534,1387,0.01226345765203013,0.03185283850817564,0.6666666666666666,0.3333333333333333,0.6053748285113313,0.19250180245133378
IGHV3-53,H25,9,FR1,GGA,43544,63,1554,0.0014468124196215322,0.035688039683997794,0.625,0.375,0.3055043667639592,0.024324324324324322
IGHV3-53,H28,10,FR1,GGA,43544,22,1025,0.0005052360830424398,0.02353940841447731,0.625,0.375,0.4322504752688081,0.012878048780487806
IGHV3-53,H31,11,FR1,GGC,43544,3656,1570,0.08396105089105273,0.03605548410802866,0.6666666666666666,0.3333333333333333,0.8211142557916857,1.1643312101910828
IGHV3-53,H34,12,FR1,TTG,43543,1607,2364,0.0369060468961716,0.054291160462071976,0.75,0.25,0.6838295492789116,0.22659334461364916
IGHV3-53,H37,13,FR1,ATC,43544,3605,712,0.08278982178945435,0.01635127686937351,0.7777777777777778,0.2222222222222222,0.7622088942134256,1.446629213483146
IGHV3-53,H40,14,FR1,CAG,43544,1678,456,0.038535733970237004,0.010472166084879662,0.875,0.125,0.24543970046572014,0.5256892230576442
IGHV3-53,H43,15,FR1,CCT,43544,1274,10378,0.02925776226345765,0.23833363953702003,0.6666666666666666,0.3333333333333333,1.9124329693472253,0.06137984197340528
IGHV3-53,H46,16,FR1,GGG,43544,68,414,0.0015616388021311776,0.009507624471798641,0.6666666666666666,0.3333333333333333,0.2717762135445229,0.08212560386473429
IGHV3-53,H49,17,FR1,GGG,43544,1140,484,0.026180415212199156,0.011115193826933677,0.6666666666666666,0.3333333333333333,0.19636240273659855,1.177685950413223
IGHV3-53,H52,18,FR1,TCC,43544,301,1489,0.006912548227080654,0.034195296711372405,0.6666666666666666,0.3333333333333333,0.41795784838257327,0.10107454667562121
IGHV3-53,H55,19,FR1,CTG,43544,515,1754,0.011827117398493478,0.04028109498438361,0.5555555555555556,0.4444444444444444,0.6289659635544201,0.2348916761687571
IGHV3-53,H58,20,FR1,AGA,43544,1650,1026,0.037892706228182985,0.02356237369097924,0.75,0.25,0.6709686863860952,0.5360623781676414
IGHV3-53,H61,21,FR1,CTC,43544,685,742,0.01573121440382142,0.01704023516443138,0.6666666666666666,0.3333333333333333,0.43185266952684104,0.46159029649595684
IGHV3-53,H64,22,FR1,TCC,43544,467,1932,0.010724784126400882,0.04436891420172699,0.6666666666666666,0.3333333333333333,0.7638459176589949,0.12085921325051759
IGHV3-53,H67,23,FR1,TGT,43544,8,793,0.00018372221201543268,0.018211464266029764,0.875,0.125,0.6720091806444749,0.0014411817690506215
IGHV3-53,H70,24,FR1,GCA,43544,6212,1350,0.14266029762998347,0.031003123277604263,0.6666666666666666,0.3333333333333333,0.32437795410857895,2.3007407407407405
IGHV3-53,H73,25,FR1,GCC,43541,5782,476,0.1327943777129602,0.010932224799614157,0.6666666666666666,0.3333333333333333,0.9872727688299467,6.073529411764706
IGHV3-53,H115,39,FR2,AAC,43497,14947,2861,0.3436328942225901,0.06577465112536497,0.8888888888888888,0.1111111111111111,1.1125014410685132,0.6530496329954562
IGHV3-53,H118,40,FR2,TAC,43509,6987,2039,0.16058746466248364,0.04686386724585718,0.8571428571428571,0.14285714285714285,0.8973178462299866,0.5711132908288377
IGHV3-53,H121,41,FR2,ATG,43513,4126,0,0.09482223703261095,0.0,1.0,0.0,0.19709554669075924,
IGHV3-53,H124,42,FR2,AGC,43510,17447,6101,0.40098827855665364,0.1402206389335785,0.8888888888888888,0.1111111111111111,1.5879584411384597,0.3574618914931978
IGHV3-53,H127,43,FR2,TGG,43508,3,0,0.00006895283625999817,0.0,1.0,0.0,0.0,
IGHV3-53,H130,44,FR2,GTC,43499,1282,198,0.029471941883721466,0.00455182877767305,0.6666666666666666,0.3333333333333333,0.2851444185752991,3.237373737373737
IGHV3-53,H133,45,FR2,CGC,43499,7,1302,0.00016092323961470377,0.029931722568334904,0.6666666666666666,0.3333333333333333,0.8466764940974673,0.0026881720430107525
IGHV3-53,H136,46,FR2,CAG,43499,752,172,0.017287753741465323,0.003954113887675578,0.875,0.125,0.22035364112787412,0.6245847176079735
IGHV3-53,H139,47,FR2,GCT,43499,2844,849,0.06538081335203108,0.019517690061840502,0.6666666666666666,0.3333333333333333,0.2571225054699811,1.674911660777385
IGHV3-53,H142,48,FR2,CCA,43497,290,1872,0.00666712646849208,0.04303745085867991,0.6666666666666666,0.3333333333333333,0.886511778582091,0.07745726495726495
IGHV3-53,H145,49,FR2,GGG,43499,623,1875,0.014322168325708637,0.043104439182509946,0.6666666666666666,0.3333333333333333,1.0128370991948805,0.16613333333333333
IGHV3-53,H193,65,FR3,GGT,43429,14164,2505,0.32614151834027955,0.057680351838633175,0.6666666666666666,0.3333333333333333,1.153518485971717,2.827145708582834
IGHV3-53,H196,66,FR3,GGT,43401,5159,7897,0.1188682288426534,0.18195433284947352,0.6666666666666666,0.3333333333333333,1.7627818451070218,0.3266430289983538
IGHV3-53,H199,67,FR3,AGC,43464,27261,5219,0.6272087244616235,0.12007638505429781,0.8888888888888888,0.1111111111111111,1.2848602162019904,0.6529268059015139
IGHV3-53,H202,68,FR3,ACA,43490,5864,2556,0.13483559438951484,0.05877213152448839,0.6666666666666666,0.3333333333333333,1.1211252830009373,1.1471048513302036
IGHV3-53,H205,69,FR3,TAC,43488,13352,3749,0.3070272259013981,0.08620768947755703,0.8571428571428571,0.14285714285714285,1.679360306546074,0.5935805103583178
IGHV3-53,H208,70,FR3,TAC,43499,2671,3287,0.06140371043012483,0.07556495551621877,0.8571428571428571,0.14285714285714285,1.413520312644162,0.13543251191562722
IGHV3-53,H211,71,FR3,GCA,43500,5749,1875,0.13216091954022988,0.04310344827586207,0.6666666666666666,0.3333333333333333,1.3674372563944346,1.5330666666666666
IGHV3-53,H214,72,FR3,GAC,43501,3558,708,0.08179122319027149,0.016275487919817935,0.8888888888888888,0.1111111111111111,0.49296793162165464,0.6281779661016949
IGHV3-53,H217,73,FR3,TCC,43503,1399,1129,0.03215870169873342,0.025952233179320966,0.6666666666666666,0.3333333333333333,0.9297369212551664,0.6195748449955714
IGHV3-53,H220,74,FR3,GTG,43502,992,914,0.02280354926210289,0.02101052825157464,0.6666666666666666,0.3333333333333333,0.6853225246326781,0.5426695842450765
IGHV3-53,H223,75,FR3,AAG,43503,6645,77,0.15274808633887318,0.0017699928740546628,0.875,0.125,0.2765697205770885,12.328385899814473
IGHV3-53,H226,76,FR3,GGC,43507,493,623,0.011331509871974624,0.014319534787505458,0.6666666666666666,0.3333333333333333,0.44309091105505094,0.3956661316211878
IGHV3-53,H229,77,FR3,CGA,43508,40,3526,0.0009193711501333088,0.08104256688425117,0.5,0.5,1.4919544300137655,0.011344299489506523
IGHV3-53,H232,78,FR3,TTC,43509,897,755,0.020616424188099013,0.017352731618745548,0.8888888888888888,0.1111111111111111,0.3035643948012537,0.14850993377483443
IGHV3-53,H235,79,FR3,ACC,43508,3520,454,0.08090466121173118,0.010434862554013056,0.6666666666666666,0.3333333333333333,0.5583444636077554,3.8766519823788546
IGHV3-53,H238,80,FR3,ATC,43509,5530,981,0.12710014020087798,0.02254705922912501,0.7777777777777778,0.2222222222222222,0.9073255344264464,1.6106014271151885
IGHV3-53,H241,81,FR3,TCC,43523,813,1140,0.018679778507915357,0.026193047354272452,0.6666666666666666,0.3333333333333333,0.8815366136937866,0.3565789473684211
IGHV3-53,H244,82,FR3,AGA,43522,3302,1180,0.07586967510684252,0.027112724599053353,0.75,0.25,1.0809176809520256,0.9327683615819209
IGHV3-53,H247,83,FR3,GAC,43526,1292,256,0.029683407618434958,0.005881542066810642,0.8888888888888888,0.1111111111111111,0.17704693806179214,0.630859375
IGHV3-53,H250,84,FR3,AAT,43513,14248,2777,0.3274423735435387,0.06382000781375681,0.8888888888888888,0.1111111111111111,0.9434815010981986,0.6413395750810226
IGHV3-53,H253,85,FR3,TCC,43507,2731,2506,0.06277150803319007,0.057599926448617465,0.6666666666666666,0.3333333333333333,0.7096307691411985,0.5448922585794095
IGHV3-53,H256,86,FR3,AAG,43429,8745,609,0.20136314444265352,0.014022887932026986,0.875,0.125,0.5057640313189151,2.0513722730471495
IGHV3-53,H259,87,FR3,AAC,43505,1583,3271,0.03638662222733019,0.07518676014251235,0.8888888888888888,0.1111111111111111,1.629489667474064,0.06049373280342403
IGHV3-53,H262,88,FR3,ACG,43518,4789,14434,0.11004641757433706,0.33167884553518084,0.6666666666666666,0.3333333333333333,2.61733779925298,0.1658930303450187
IGHV3-53,H265,89,FR3,CTG,43527,11243,8457,0.25829944632067453,0.19429319732579778,0.5555555555555556,0.4444444444444444,1.904804380512833,1.0635449923140592
IGHV3-53,H268,90,FR3,TAT,43531,10778,486,0.24759366887964898,0.011164457513036687,0.8571428571428571,0.14285714285714285,0.6415974948648201,3.6961591220850476
IGHV3-53,H271,91,FR3,CTT,43530,471,1928,0.01082012405237767,0.04429129336090053,0.6666666666666666,0.3333333333333333,2.098469419942864,0.12214730290456433
IGHV3-53,H274,92,FR3,CAA,43531,2921,2846,0.06710160575222256,0.06537869564218603,0.875,0.125,1.98571518078705,0.14662182511796004
IGHV3-53,H277,93,FR3,ATG,43531,1954,0,0.04488755140015162,0.0,1.0,0.0,1.3642590597323545,
IGHV3-53,H280,94,FR3,AAC,43533,6882,2142,0.15808696850665013,0.049204052098408106,0.8888888888888888,0.1111111111111111,0.9960975619474636,0.4016106442577031
IGHV3-53,H283,95,FR3,AGC,43543,6732,2368,0.1546057919757481,0.05438302367774384,0.8888888888888888,0.1111111111111111,0.8920817460724421,0.35536317567567566
IGHV3-53,H286,96,FR3,CTG,43545,611,2101,0.014031461706280859,0.04824893788035366,0.5555555555555556,0.4444444444444444,1.018902845805064,0.23265111851499284
IGHV3-53,H289,97,FR3,AGA,43545,3013,1564,0.06919278906877942,0.03591686760822138,0.75,0.25,0.6159824435303038,0.642156862745098
IGHV3-53,H292,98,FR3,GCC,43545,14253,47,0.32731656906648293,0.0010793432081754506,0.6666666666666666,0.3333333333333333,0.3183661317218087,151.6276595744681
IGHV3-53,H295,99,FR3,GAG,43545,6386,3279,0.1466528878172006,0.07530141233207027,0.875,0.125,1.1886878770463047,0.27822071188951336
IGHV3-53,H298,100,FR3,GAC,43545,60,562,0.0013778849466069584,0.012906188999885177,0.8888888888888888,0.1111111111111111,0.2276380640658998,0.013345195729537365
IGHV3-53,H301,101,FR3,ACG,43545,1210,507,0.027787346423240326,0.011643127798828798,0.6666666666666666,0.3333333333333333,0.3005798017784466,1.1932938856015778
IGHV3-53,H304,102,FR3,GCC,43545,741,81,0.017016879090595936,0.0018601446779193938,0.6666666666666666,0.3333333333333333,0.2609036710393596,4.5740740740740735
IGHV3-53,H307,103,FR3,GTG,43545,8180,13147,0.18785164772074864,0.3019175565506947,0.6666666666666666,0.3333333333333333,5.757868269860768,0.31109758880352933
IGHV3-53,H310,104,FR3,TAT,43544,177,1871,0.0040648539408414475,0.04296803233510931,0.8571428571428571,0.14285714285714285,1.0108823720549156,0.015766969535008016
IGHV3-53,H313,105,FR3,TAC,43545,3895,6919,0.08944769778390171,0.1588930990928924,0.8571428571428571,0.14285714285714285,2.7456568003467035,0.09382377029435854
IGHV3-53,H316,106,FR3,TGT,43545,5,1003,0.00011482374555057986,0.02303364335744632,0.875,0.125,0.4528032287099792,0.0007121492664862555
IGHV3-53,H319,107,FR3,GCG,43545,4373,884,0.10042484785853714,0.02030083821334252,0.6666666666666666,0.3333333333333333,0.6107289702616664,2.47341628959276
IGHV3-53,H322,108,FR3,AGA,43545,1713,3886,0.03933861522562866,0.08924101504191066,0.75,0.25,1.8974565902754919,0.14693772516726714
IGHV3-53,H76,26,CDR1,TCT,43537,723,1652,0.016606564531318188,0.0379447366607713,0.6666666666666666,0.3333333333333333,0.7818966506958093,0.21882566585956412
IGHV3-53,H79,27,CDR1,GGG,43531,1532,10018,0.0351933105143461,0.23013484643127885,0.6666666666666666,0.3333333333333333,1.1894442632544764,0.07646236773807147
IGHV3-53,H85,29,CDR1,TTC,43529,5299,801,0.12173493533046935,0.018401525419835054,0.8888888888888888,0.1111111111111111,0.5806165228514444,0.8269350811485642
IGHV3-53,H88,30,CDR1,ACC,43525,15988,874,0.36732912119471567,0.020080413555427914,0.6666666666666666,0.3333333333333333,1.3159849148763998,9.146453089244853
IGHV3-53,H91,31,CDR1,GTC,43518,2183,346,0.05016315088009559,0.00795073303001057,0.6666666666666666,0.3333333333333333,0.8452587148501042,3.154624277456647
IGHV3-53,H94,32,CDR1,AGT,43508,8942,2493,0.2055254206123012,0.057299806932058474,0.8888888888888888,0.1111111111111111,1.2948510988669473,0.4483553951062976
IGHV3-53,H97,33,CDR1,AGC,43510,21552,2800,0.4953344058837049,0.06435302229372558,0.8888888888888888,0.1111111111111111,2.158418664037679,0.9621428571428573
IGHV3-53,H148,50,CDR2,AAG,43499,3303,66,0.07593278006390952,0.00151727625922435,0.875,0.125,0.44186352535710793,7.14935064935065
IGHV3-53,H151,51,CDR2,GGG,43499,577,5733,0.013264672751097726,0.1317961332444424,0.6666666666666666,0.3333333333333333,2.098631283458776,0.05032269317983603
IGHV3-53,H154,52,CDR2,CTG,43499,705,1551,0.016207269132623738,0.035655992091772226,0.5555555555555556,0.4444444444444444,0.5980846966957567,0.36363636363636354
IGHV3-53,H157,53,CDR2,GAG,43499,1670,2119,0.03839168716522219,0.048713763534793904,0.875,0.125,0.8840286104259253,0.11258679970336412
IGHV3-53,H160,54,CDR2,TGG,43499,1505,0,0.03459849651716131,0.0,1.0,0.0,0.0029991285693718363,
IGHV3-53,H163,55,CDR2,GTC,43497,2137,349,0.04912982504540543,0.008023541853461158,0.6666666666666666,0.3333333333333333,0.33067442796767565,3.0616045845272213
IGHV3-53,H166,56,CDR2,TCA,43496,2170,3503,0.04988964502482987,0.08053614125436821,0.5714285714285714,0.42857142857142855,2.488091721052364,0.4646017699115045
IGHV3-53,H169,57,CDR2,GTT,43483,17745,3670,0.4080905181335234,0.08440080031276591,0.6666666666666666,0.3333333333333333,1.1697318590613741,2.4175749318801087
IGHV3-53,H172,58,CDR2,ATT,43495,9436,3049,0.216944476376595,0.07010001149557421,0.7777777777777778,0.2222222222222222,1.4261632630408616,0.8842243358478188
IGHV3-53,H175,59,CDR2,TAT,43490,6768,2616,0.15562198206484248,0.060151759025063235,0.8571428571428571,0.14285714285714285,0.9672062387843551,0.4311926605504587
IGHV3-53,H178,60,CDR2,AGC,43449,15496,6262,0.35664802412023294,0.1441229947754839,0.8888888888888888,0.1111111111111111,1.4449905771712916,0.3093260938997126
IGHV1-46,H1,1,FR1,CAG,42729,683,675,0.01598446020267266,0.01579723372884926,0.875,0.125,0.6007651815035656,0.14455026455026454
IGHV1-46,H4,2,FR1,GTG,42729,2188,1232,0.05120644059069952,0.02883287696880339,0.6666666666666666,0.3333333333333333,0.6347108400377233,0.8879870129870129
IGHV1-46,H7,3,FR1,CAG,42729,4044,4811,0.094642982517728,0.11259332069554635,0.875,0.125,2.1050765243095713,0.1200819550435015
IGHV1-46,H10,4,FR1,CTG,42730,1039,6327,0.024315469225368595,0.14806927217411656,0.5555555555555556,0.4444444444444444,2.4506195025470903,0.13137347874189978
IGHV1-46,H13,5,FR1,GTG,42730,2555,1469,0.059794055698572435,0.034378656681488415,0.6666666666666666,0.3333333333333333,0.5885892536219848,0.869639210347175
IGHV1-46,H16,6,FR1,CAG,42730,185,1547,0.0043295108822841094,0.0362040720805055,0.875,0.125,0.7137633724717759,0.0170837565795549
IGHV1-46,H19,7,FR1,TCT,42729,234,892,0.00547637435933441,0.020875751831308947,0.6666666666666666,0.3333333333333333,0.6053748285113313,0.13116591928251123
IGHV1-46,H25,9,FR1,GGG,42729,615,108,0.01439303517517377,0.0025275573966158814,0.6666666666666666,0.3333333333333333,0.3055043667639592,2.8472222222222228
IGHV1-46,H28,10,FR1,GCT,42730,3132,783,0.07329744909899367,0.01832436227474842,0.6666666666666666,0.3333333333333333,0.4322504752688081,2.0
IGHV1-46,H31,11,FR1,GAG,42730,1275,1866,0.029838520945471566,0.043669553007254856,0.875,0.125,0.8211142557916857,0.09761139182361046
IGHV1-46,H34,12,FR1,GTG,42728,1891,392,0.044256693503089306,0.009174311926605505,0.6666666666666666,0.3333333333333333,0.6838295492789116,2.411989795918367
IGHV1-46,H37,13,FR1,AAG,42725,4736,198,0.11084844938560562,0.004634289057928613,0.875,0.125,0.7622088942134256,3.417027417027417
IGHV1-46,H40,14,FR1,AAG,42714,6524,413,0.15273680760406425,0.009668960996394626,0.875,0.125,0.24543970046572014,2.2566585956416465
IGHV1-46,H43,15,FR1,CCT,42714,732,978,0.01713723837617643,0.02289647422390785,0.6666666666666666,0.3333333333333333,1.9124329693472253,0.37423312883435583
IGHV1-46,H46,16,FR1,GGG,42724,126,138,0.0029491620634772026,0.003230034640951222,0.6666666666666666,0.3333333333333333,0.2717762135445229,0.45652173913043476
IGHV1-46,H49,17,FR1,GCC,42728,900,95,0.02106347126006366,0.002223366410784497,0.6666666666666666,0.3333333333333333,0.19636240273659855,4.736842105263158
IGHV1-46,H52,18,FR1,TCA,42728,379,1279,0.008870061786182363,0.029933533046246023,0.5714285714285714,0.42857142857142855,0.41795784838257327,0.22224394057857702
IGHV1-46,H55,19,FR1,GTG,42728,1456,1119,0.03407601572739188,0.026188915933345814,0.6666666666666666,0.3333333333333333,0.6289659635544201,0.6505808757819483
IGHV1-46,H58,20,FR1,AAG,42728,7730,3969,0.1809118142669912,0.09288990825688073,0.875,0.125,0.6709686863860952,0.2782276931936796
IGHV1-46,H61,21,FR1,GTT,42728,10093,2035,0.23621512825313612,0.047626848904699495,0.6666666666666666,0.3333333333333333,0.43185266952684104,2.47985257985258
IGHV1-46,H64,22,FR1,TCC,42728,1355,1206,0.03171222617487362,0.028225051488485302,0.6666666666666666,0.3333333333333333,0.7638459176589949,0.5617744610281924
IGHV1-46,H67,23,FR1,TGC,42727,27,2013,0.0006319189271420881,0.04711306667914902,0.875,0.125,0.6720091806444749,0.0019161166702150307
IGHV1-46,H70,24,FR1,AAG,42727,5674,143,0.13279659231867438,0.0033468298733821704,0.875,0.125,0.32437795410857895,5.668331668331669
IGHV1-46,H73,25,FR1,GCA,42711,5504,3796,0.1288661000678982,0.08887640186368852,0.6666666666666666,0.3333333333333333,0.9872727688299467,0.7249736564805057
IGHV1-46,H115,39,FR2,TAC,42660,10903,3584,0.25557899671823725,0.08401312705110174,0.8571428571428571,0.14285714285714285,1.1125014410685132,0.5070219494047619
IGHV1-46,H118,40,FR2,TAT,42689,10861,2794,0.2544215137389023,0.06545011595492985,0.8571428571428571,0.14285714285714285,0.8973178462299866,0.6478764018134097
IGHV1-46,H121,41,FR2,ATG,42706,24259,0,0.568046644499602,0.0,1.0,0.0,0.19709554669075924,
IGHV1-46,H124,42,FR2,CAC,42706,4580,1918,0.10724488362291013,0.04491172200627547,0.8888888888888888,0.1111111111111111,1.5879584411384597,0.2984880083420229
IGHV1-46,H127,43,FR2,TGG,42707,165,0,0.0038635352518322525,0.0,1.0,0.0,0.0,
IGHV1-46,H130,44,FR2,GTG,42686,2622,1215,0.06142529166471443,0.028463664901841355,0.6666666666666666,0.3333333333333333,0.2851444185752991,1.0790123456790124
IGHV1-46,H133,45,FR2,CGA,42684,14,3615,0.0003279917533502015,0.08469215631149846,0.5,0.5,0.8466764940974673,0.0038727524204702625
IGHV1-46,H136,46,FR2,CAG,42684,1842,115,0.043154343547933655,0.0026942179739480837,0.875,0.125,0.22035364112787412,2.288198757763975
IGHV1-46,H139,47,FR2,GCC,42685,892,134,0.020897270703994376,0.0031392760923040883,0.6666666666666666,0.3333333333333333,0.2571225054699811,3.3283582089552235
IGHV1-46,H142,48,FR2,CCT,42685,368,1603,0.008621295537073914,0.03755417594002577,0.6666666666666666,0.3333333333333333,0.886511778582091,0.11478477854023707
IGHV1-46,H145,49,FR2,GGA,42686,265,1571,0.0062081244436114884,0.03680363585250433,0.625,0.375,1.0128370991948805,0.10120942075111393
IGHV1-46,H193,65,FR3,GGT,42463,15475,2499,0.36443491981254267,0.05885123519299155,0.6666666666666666,0.3333333333333333,1.153518485971717,3.0962384953981585
IGHV1-46,H196,66,FR3,GGT,42661,8743,7662,0.20494128126391786,0.17960197838775463,0.6666666666666666,0.3333333333333333,1.7627818451070218,0.5705429391803707
IGHV1-46,H199,67,FR3,AGC,42626,21688,3688,0.5087974475672125,0.08651996434101253,0.8888888888888888,0.1111111111111111,1.2848602162019904,0.7350867678958785
IGHV1-46,H202,68,FR3,ACA,42663,6742,2563,0.15802920563485925,0.06007547523615311,0.6666666666666666,0.3333333333333333,1.1211252830009373,1.3152555598907532
IGHV1-46,H205,69,FR3,AGC,42658,29601,2848,0.6939143888602373,0.06676356134839889,0.8888888888888888,0.1111111111111111,1.679360306546074,1.2992011938202246
IGHV1-46,H208,70,FR3,TAC,42667,5575,2040,0.13066304169498677,0.04781212646776197,0.8571428571428571,0.14285714285714285,1.413520312644162,0.4554738562091504
IGHV1-46,H211,71,FR3,GCA,42688,5338,1842,0.12504685157421289,0.043150299850074965,0.6666666666666666,0.3333333333333333,1.3674372563944346,1.4489685124864278
IGHV1-46,H214,72,FR3,CAG,42686,6134,477,0.1437005107060863,0.01117462399850068,0.875,0.125,0.49296793162165464,1.837076969152441
IGHV1-46,H217,73,FR3,AAG,42687,11666,2416,0.27329163445545485,0.05659802750251833,0.875,0.125,0.9297369212551664,0.6898060548722801
IGHV1-46,H220,74,FR3,TTC,42694,1302,3974,0.030496088443340983,0.09308099498758608,0.8888888888888888,0.1111111111111111,0.6853225246326781,0.0409536990437846
IGHV1-46,H223,75,FR3,CAG,42705,4743,830,0.11106427818756585,0.01943566327127971,0.875,0.125,0.2765697205770885,0.8163511187607573
IGHV1-46,H226,76,FR3,GGC,42716,3572,970,0.08362206199082312,0.022708118737709525,0.6666666666666666,0.3333333333333333,0.44309091105505094,1.8412371134020618
IGHV1-46,H229,77,FR3,AGA,42719,626,1623,0.014653901074463354,0.03799246237037384,0.75,0.25,1.4919544300137655,0.128568494557404
IGHV1-46,H232,78,FR3,GTC,42719,6503,417,0.15222734614574313,0.00976146445375594,0.6666666666666666,0.3333333333333333,0.3035643948012537,7.7973621103117505
IGHV1-46,H235,79,FR3,ACC,42722,6180,1408,0.1446561490566921,0.03295725855531108,0.6666666666666666,0.3333333333333333,0.5583444636077554,2.194602272727273
IGHV1-46,H238,80,FR3,ATG,42722,8847,0,0.20708300173212865,0.0,1.0,0.0,0.9073255344264464,
IGHV1-46,H241,81,FR3,ACC,42724,1693,1575,0.039626439471959554,0.03686452579346503,0.6666666666666666,0.3333333333333333,0.8815366136937866,0.5374603174603175
IGHV1-46,H244,82,FR3,AGG,42716,9125,3140,0.21362018915628805,0.07350875550145144,0.7777777777777778,0.2222222222222222,1.0809176809520256,0.8303002729754322
IGHV1-46,H247,83,FR3,GAC,42716,905,236,0.0211864406779661,0.0055248618784530384,0.8888888888888888,0.1111111111111111,0.17704693806179214,0.4793432203389831
IGHV1-46,H250,84,FR3,ACG,42700,3066,860,0.0718032786885246,0.020140515222482436,0.6666666666666666,0.3333333333333333,0.9434815010981986,1.782558139534884
IGHV1-46,H253,85,FR3,TCC,42700,1471,1662,0.034449648711943795,0.03892271662763466,0.6666666666666666,0.3333333333333333,0.7096307691411985,0.4425391095066185
IGHV1-46,H256,86,FR3,ACG,42720,2516,1888,0.05889513108614232,0.044194756554307116,0.6666666666666666,0.3333333333333333,0.5057640313189151,0.6663135593220337
IGHV1-46,H259,87,FR3,AGC,42722,12042,2512,0.28186882636580685,0.05879874537708909,0.8888888888888888,0.1111111111111111,1.629489667474064,0.5992237261146498
IGHV1-46,H262,88,FR3,ACA,42723,1671,3504,0.03911242188048592,0.08201671230952882,0.6666666666666666,0.3333333333333333,2.61733779925298,0.2384417808219178
IGHV1-46,H265,89,FR3,GTC,42718,6382,5849,0.1493983800739735,0.13692120417622547,0.6666666666666666,0.3333333333333333,1.904804380512833,0.5455633441613951
IGHV1-46,H268,90,FR3,TAC,42722,4367,3516,0.10221899723795702,0.08229951781283648,0.8571428571428571,0.14285714285714285,0.6415974948648201,0.20700606750094802
IGHV1-46,H271,91,FR3,ATG,42731,3758,0,0.08794551964615853,0.0,1.0,0.0,2.098469419942864,
IGHV1-46,H274,92,FR3,GAG,42728,7094,8113,0.1660269612432129,0.18987549148099606,0.875,0.125,1.98571518078705,0.12491415893363388
IGHV1-46,H277,93,FR3,CTG,42730,3950,7100,0.0924409080271472,0.16615960683360637,0.5555555555555556,0.4444444444444444,1.3642590597323545,0.4450704225352112
IGHV1-46,H280,94,FR3,AGC,42719,9985,2804,0.23373674477398815,0.06563824059551956,0.8888888888888888,0.1111111111111111,0.9960975619474636,0.44512303851640506
IGHV1-46,H283,95,FR3,AGC,42729,5636,1958,0.13190105080858433,0.04582367946827681,0.8888888888888888,0.1111111111111111,0.8920817460724421,0.359805924412666
IGHV1-46,H286,96,FR3,CTG,42730,203,3206,0.004750760589749591,0.07502925345190732,0.5555555555555556,0.4444444444444444,1.018902845805064,0.05065502183406114
IGHV1-46,H289,97,FR3,AGA,42731,11444,1528,0.2678149352928787,0.03575858276192928,0.75,0.25,0.6159824435303038,2.496509598603839
IGHV1-46,H292,98,FR3,TCT,42731,4483,1174,0.10491212468699539,0.027474199059231003,0.6666666666666666,0.3333333333333333,0.3183661317218087,1.9092844974446337
IGHV1-46,H295,99,FR3,GAG,42731,9601,4756,0.22468465516837893,0.11130092906788983,0.875,0.125,1.1886878770463047,0.2883876006247747
IGHV1-46,H298,100,FR3,GAC,42731,124,473,0.0029018745173293396,0.011069247150780464,0.8888888888888888,0.1111111111111111,0.2276380640658998,0.03276955602536998
IGHV1-46,H301,101,FR3,ACG,42731,1445,477,0.03381619901242658,0.011162856006178185,0.6666666666666666,0.3333333333333333,0.3005798017784466,1.5146750524109016
IGHV1-46,H304,102,FR3,GCC,42731,554,113,0.012964826472584307,0.0026444501649856077,0.6666666666666666,0.3333333333333333,0.2609036710393596,2.4513274336283186
IGHV1-46,H307,103,FR3,GTG,42731,8320,13781,0.1947064192272589,0.32250590905899695,0.6666666666666666,0.3333333333333333,5.757868269860768,0.3018648864378492
IGHV1-46,H310,104,FR3,TAT,42731,1249,2211,0.029229365097938265,0.05174229482109007,0.8571428571428571,0.14285714285714285,1.0108823720549156,0.09415045982210161
IGHV1-46,H313,105,FR3,TAC,42731,4728,6052,0.11064566708010577,0.1416301982167513,0.8571428571428571,0.14285714285714285,2.7456568003467035,0.1302048909451421
IGHV1-46,H316,106,FR3,TGT,42731,0,1220,0.0,0.02855070089630479,0.875,0.125,0.4528032287099792,0.0
IGHV1-46,H319,107,FR3,GCG,42731,4323,951,0.10116777047108656,0.022255505370808077,0.6666666666666666,0.3333333333333333,0.6107289702616664,2.272870662460568
IGHV1-46,H322,108,FR3,AGA,42731,1258,4577,0.029439985022583135,0.10711193278884182,0.75,0.25,1.8974565902754919,0.09161750782900006
IGHV1-46,H76,26,CDR1,TCT,42714,1538,2016,0.036006929812239546,0.0471976401179941,0.6666666666666666,0.3333333333333333,0.7818966506958093,0.38144841269841273
IGHV1-46,H79,27,CDR1,GGA,42708,1020,2312,0.02388311323405451,0.05413505666385689,0.625,0.375,1.1894442632544764,0.2647058823529412
IGHV1-46,H85,29,CDR1,TAC,42676,3832,2065,0.08979285781235355,0.04838785265723123,0.8571428571428571,0.14285714285714285,0.5806165228514444,0.30928167877320417
IGHV1-46,H88,30,CDR1,ACC,42672,9905,3327,0.2321194225721785,0.077966816647919,0.6666666666666666,0.3333333333333333,1.3159849148763998,1.4885782987676588
IGHV1-46,H91,31,CDR1,TTC,42678,2755,751,0.0645531655653967,0.017596888326538263,0.8888888888888888,0.1111111111111111,0.8452587148501042,0.458555259653795
IGHV1-46,H94,32,CDR1,ACC,42686,10177,1998,0.23841540551937404,0.046806915616361335,0.6666666666666666,0.3333333333333333,1.2948510988669473,2.546796796796797
IGHV1-46,H97,33,CDR1,AGC,42684,24716,5309,0.5790460125573985,0.12437915846687284,0.8888888888888888,0.1111111111111111,2.158418664037679,0.5819363345262761
IGHV1-46,H148,50,CDR2,CAA,42686,2097,2870,0.049126177200955815,0.06723515906854706,0.875,0.125,0.44186352535710793,0.10438028870084619
IGHV1-46,H151,51,CDR2,GGG,42685,718,6274,0.016820897270703995,0.14698371793370035,0.6666666666666666,0.3333333333333333,2.098631283458776,0.05722027414727448
IGHV1-46,H154,52,CDR2,CTT,42686,2891,1221,0.0677271236470974,0.028604226209998595,0.6666666666666666,0.3333333333333333,0.5980846966957567,1.1838656838656838
IGHV1-46,H157,53,CDR2,GAG,42686,1177,1241,0.027573443283512158,0.029072763903856064,0.875,0.125,0.8840286104259253,0.1354898123633015
IGHV1-46,H160,54,CDR2,TGG,42686,552,0,0.012931640350466195,0.0,1.0,0.0,0.0029991285693718363,
IGHV1-46,H163,55,CDR2,ATG,42685,6431,0,0.15066182499707156,0.0,1.0,0.0,0.33067442796767565,
IGHV1-46,H166,56,CDR2,GGA,42686,1524,4835,0.03570257227193928,0.11326898749004358,0.625,0.375,2.488091721052364,0.18912099276111688
IGHV1-46,H169,57,CDR2,ATA,42674,19027,1911,0.44586867882082765,0.04478136570276984,0.7777777777777778,0.2222222222222222,1.1697318590613741,2.844733497794722
IGHV1-46,H172,58,CDR2,ATC,42675,5336,1584,0.12503807850029292,0.03711775043936731,0.7777777777777778,0.2222222222222222,1.4261632630408616,0.9624819624819624
IGHV1-46,H175,59,CDR2,AAC,42662,9093,2780,0.2131404997421593,0.0651633772443861,0.8888888888888888,0.1111111111111111,0.9672062387843551,0.40885791366906477
IGHV1-46,H178,60,CDR2,CCT,42624,3051,5855,0.07157939189189189,0.13736392642642642,0.6666666666666666,0.3333333333333333,1.4449905771712916,0.26054654141759176
IGHV1-46,H181,61,CDR2,AGT,42630,15430,1324,0.3619516772226132,0.03105794041754633,0.8888888888888888,0.1111111111111111,0.9421458665967667,1.4567598187311177
IGHV3-30,H1,1,FR1,CAG,42156,879,859,0.0208511243951039,0.020376696081222126,0.875,0.125,0.6007651815035656,0.14618326958257108
IGHV3-30,H4,2,FR1,GTG,42157,3241,1635,0.07687928457907346,0.03878359465806391,0.6666666666666666,0.3333333333333333,0.6347108400377233,0.9911314984709478
IGHV3-30,H7,3,FR1,CAG,42157,5300,5278,0.1257205209099319,0.1251986621438907,0.875,0.125,2.1050765243095713,0.1434526065067937
IGHV3-30,H10,4,FR1,CTG,42157,1344,5203,0.03188082643451858,0.12341959816875014,0.5555555555555556,0.4444444444444444,2.4506195025470903,0.20665000960984045
IGHV3-30,H13,5,FR1,GTG,42157,1729,598,0.04101335484024005,0.01418507009512062,0.6666666666666666,0.3333333333333333,0.5885892536219848,1.4456521739130435
IGHV3-30,H16,6,FR1,GAG,42156,1488,1304,0.03529746655280387,0.030932726065091565,0.875,0.125,0.7137633724717759,0.16301489921121823
IGHV3-30,H19,7,FR1,TCT,42157,270,3069,0.006404630310505966,0.07279929786275115,0.6666666666666666,0.3333333333333333,0.6053748285113313,0.04398826979472141
IGHV3-30,H25,9,FR1,GGG,42157,70,296,0.0016604597101311763,0.007021372488554689,0.6666666666666666,0.3333333333333333,0.3055043667639592,0.11824324324324324
IGHV3-30,H28,10,FR1,GGA,42157,70,938,0.0016604597101311763,0.022250160115757762,0.625,0.375,0.4322504752688081,0.04477611940298507
IGHV3-30,H31,11,FR1,GGC,42157,1825,514,0.04329055672841996,0.012192518442963209,0.6666666666666666,0.3333333333333333,0.8211142557916857,1.7752918287937745
IGHV3-30,H34,12,FR1,GTG,42155,1322,874,0.03136045546198553,0.02073300913296169,0.6666666666666666,0.3333333333333333,0.6838295492789116,0.7562929061784897
IGHV3-30,H37,13,FR1,GTC,42157,784,330,0.018597148753469173,0.007827881490618402,0.6666666666666666,0.3333333333333333,0.7622088942134256,1.1878787878787878
IGHV3-30,H40,14,FR1,CAG,42157,1312,407,0.03112175913845862,0.009654387171762696,0.875,0.125,0.24543970046572014,0.46051246051246053
IGHV3-30,H43,15,FR1,CCT,42157,902,1428,0.0213962094076903,0.033873378086675995,0.6666666666666666,0.3333333333333333,1.9124329693472253,0.31582633053221293
IGHV3-30,H46,16,FR1,GGG,42155,476,535,0.01129166172458783,0.01269125845095481,0.6666666666666666,0.3333333333333333,0.2717762135445229,0.44485981308411215
IGHV3-30,H49,17,FR1,AGG,42155,8720,204,0.2068556517613569,0.004839283596251928,0.7777777777777778,0.2222222222222222,0.19636240273659855,12.212885154061624
IGHV3-30,H52,18,FR1,TCC,42155,423,707,0.01003439686869885,0.016771438737990748,0.6666666666666666,0.3333333333333333,0.41795784838257327,0.29915134370579916
IGHV3-30,H55,19,FR1,CTG,42155,613,1564,0.014541572767168782,0.037101174237931446,0.5555555555555556,0.4444444444444444,0.6289659635544201,0.3135549872122762
IGHV3-30,H58,20,FR1,AGA,42155,1875,921,0.044478709524374334,0.02184794211837267,0.75,0.25,0.6709686863860952,0.6786102062975027
IGHV3-30,H61,21,FR1,CTC,42155,992,787,0.023532202585695647,0.01866919701103072,0.6666666666666666,0.3333333333333333,0.43185266952684104,0.6302414231257942
IGHV3-30,H64,22,FR1,TCC,42155,655,1620,0.015537895860514767,0.03842960502905942,0.6666666666666666,0.3333333333333333,0.7638459176589949,0.2021604938271605
IGHV3-30,H67,23,FR1,TGT,42155,17,719,0.00040327363302099397,0.017056102478946743,0.875,0.125,0.6720091806444749,0.0033777071329227104
IGHV3-30,H70,24,FR1,GCA,42154,6914,1463,0.164017649570622,0.03470607771504484,0.6666666666666666,0.3333333333333333,0.32437795410857895,2.362952836637047
IGHV3-30,H73,25,FR1,GCC,42153,3932,818,0.09327924465637084,0.019405499015491188,0.6666666666666666,0.3333333333333333,0.9872727688299467,2.4034229828850853
IGHV3-30,H115,39,FR2,TAT,42072,10005,1528,0.23780661722760982,0.036318691766495534,0.8571428571428571,0.14285714285714285,1.1125014410685132,1.0912958115183244
IGHV3-30,H118,40,FR2,GGC,42055,10861,2549,0.25825704434668884,0.06061110450600404,0.6666666666666666,0.3333333333333333,0.8973178462299866,2.130443311102393
IGHV3-30,H121,41,FR2,ATG,42085,8216,0,0.1952239515266722,0.0,1.0,0.0,0.19709554669075924,
IGHV3-30,H124,42,FR2,CAC,42084,3996,1151,0.0949529512403764,0.027350061781199506,0.8888888888888888,0.1111111111111111,1.5879584411384597,0.4339704604691572
IGHV3-30,H127,43,FR2,TGG,42084,46,0,0.0010930519912555842,0.0,1.0,0.0,0.0,
IGHV3-30,H130,44,FR2,GTC,42075,1215,235,0.028877005347593583,0.00558526440879382,0.6666666666666666,0.3333333333333333,0.2851444185752991,2.5851063829787235
IGHV3-30,H133,45,FR2,CGC,42075,45,709,0.0010695187165775401,0.01685086155674391,0.6666666666666666,0.3333333333333333,0.8466764940974673,0.03173483779971791
IGHV3-30,H136,46,FR2,CAG,42075,722,142,0.017159833630421867,0.0033749257278669043,0.875,0.125,0.22035364112787412,0.7263581488933601
IGHV3-30,H139,47,FR2,GCT,42075,3166,1553,0.0752465834818776,0.03691027926322044,0.6666666666666666,0.3333333333333333,0.2571225054699811,1.0193174500965871
IGHV3-30,H142,48,FR2,CCA,42075,226,1780,0.005371360665478313,0.04230540701128936,0.6666666666666666,0.3333333333333333,0.886511778582091,0.06348314606741574
IGHV3-30,H145,49,FR2,GGC,42074,904,349,0.021485953320340354,0.008294908969910158,0.6666666666666666,0.3333333333333333,1.0128370991948805,1.2951289398280805
IGHV3-30,H193,65,FR3,GGA,42036,3513,2827,0.08357122466457323,0.0672518793415168,0.625,0.375,1.153518485971717,0.7455960382030421
IGHV3-30,H196,66,FR3,AGT,42055,19503,706,0.46374985138509095,0.016787540126025444,0.8888888888888888,0.1111111111111111,1.7627818451070218,3.453080736543909
IGHV3-30,H199,67,FR3,AAT,42052,21306,1229,0.5066584229049748,0.029225720536478646,0.8888888888888888,0.1111111111111111,1.2848602162019904,2.1670056956875507
IGHV3-30,H202,68,FR3,AAA,42057,15475,2567,0.36795301614475595,0.06103621275887486,0.875,0.125,1.1211252830009373,0.8612054093160443
IGHV3-30,H205,69,FR3,TAC,41959,13277,6548,0.316427941562001,0.15605710336280654,0.8571428571428571,0.14285714285714285,1.679360306546074,0.3379403380166972
IGHV3-30,H208,70,FR3,TAT,42064,3710,2449,0.08819893495625714,0.058220806390262454,0.8571428571428571,0.14285714285714285,1.413520312644162,0.2524840070777188
IGHV3-30,H211,71,FR3,GCA,42075,9292,1742,0.22084373143196673,0.041402257872846106,0.6666666666666666,0.3333333333333333,1.3674372563944346,2.667049368541906
IGHV3-30,H214,72,FR3,GAC,42128,3691,1144,0.08761393847322446,0.027155336118496014,0.8888888888888888,0.1111111111111111,0.49296793162165464,0.40329982517482516
IGHV3-30,H217,73,FR3,TCC,42129,1451,1689,0.0344418334164115,0.04009114861496831,0.6666666666666666,0.3333333333333333,0.9297369212551664,0.42954410894020134
IGHV3-30,H220,74,FR3,GTG,42126,2035,738,0.048307458576651,0.017518871955561885,0.6666666666666666,0.3333333333333333,0.6853225246326781,1.3787262872628725
IGHV3-30,H223,75,FR3,AAG,42126,6192,73,0.14698760860276314,0.0017328965484498884,0.875,0.125,0.2765697205770885,12.117416829745597
IGHV3-30,H226,76,FR3,GGC,42131,399,597,0.009470461180603356,0.01417008853338397,0.6666666666666666,0.3333333333333333,0.44309091105505094,0.3341708542713568
IGHV3-30,H229,77,FR3,CGA,42133,200,3428,0.004746872997412954,0.08136140317565803,0.5,0.5,1.4919544300137655,0.05834305717619604
IGHV3-30,H232,78,FR3,TTC,42135,1833,495,0.04350302598789605,0.011747953008187968,0.8888888888888888,0.1111111111111111,0.3035643948012537,0.46287878787878783
IGHV3-30,H235,79,FR3,ACC,42135,4204,385,0.09977453423519639,0.009137296784146197,0.6666666666666666,0.3333333333333333,0.5583444636077554,5.459740259740259
IGHV3-30,H238,80,FR3,ATC,42136,4223,1283,0.10022308714638314,0.030449022213783938,0.7777777777777778,0.2222222222222222,0.9073255344264464,0.9404297962364991
IGHV3-30,H241,81,FR3,TCC,42143,705,741,0.01672875685167169,0.017582991244097478,0.6666666666666666,0.3333333333333333,0.8815366136937866,0.4757085020242915
IGHV3-30,H244,82,FR3,AGA,42144,2201,1031,0.052225702353834474,0.024463743356112375,0.75,0.25,1.0809176809520256,0.7116068541868736
IGHV3-30,H247,83,FR3,GAC,42135,501,175,0.011890352438590246,0.004153316720066453,0.8888888888888888,0.1111111111111111,0.17704693806179214,0.3578571428571428
IGHV3-30,H250,84,FR3,AAT,42127,5994,3509,0.1422840458613241,0.08329574856980083,0.8888888888888888,0.1111111111111111,0.9434815010981986,0.21352237104588206
IGHV3-30,H253,85,FR3,TCC,42134,2939,1306,0.06975364313855793,0.030996344994541226,0.6666666666666666,0.3333333333333333,0.7096307691411985,1.1251914241960184
IGHV3-30,H256,86,FR3,AAG,42116,7707,578,0.18299458638047297,0.013724000379903125,0.875,0.125,0.5057640313189151,1.9048442906574394
IGHV3-30,H259,87,FR3,AAC,42121,5874,2412,0.13945537855226608,0.05726359773034828,0.8888888888888888,0.1111111111111111,1.629489667474064,0.30441542288557216
IGHV3-30,H262,88,FR3,ACG,42131,3911,11454,0.09282950796325747,0.27186632171085423,0.6666666666666666,0.3333333333333333,2.61733779925298,0.1707263837960538
IGHV3-30,H265,89,FR3,CTG,42144,7195,7561,0.17072418375094914,0.1794086940015186,0.5555555555555556,0.4444444444444444,1.904804380512833,0.7612749636291496
IGHV3-30,H268,90,FR3,TAT,42149,10568,746,0.25072955467508123,0.017699115044247787,0.8571428571428571,0.14285714285714285,0.6415974948648201,2.361036639857015
IGHV3-30,H271,91,FR3,CTG,42150,1102,6977,0.026144721233689206,0.16552787663107948,0.5555555555555556,0.4444444444444444,2.098469419942864,0.12635803353877023
IGHV3-30,H274,92,FR3,CAA,42151,4235,2813,0.10047211216815734,0.06673625774002989,0.875,0.125,1.98571518078705,0.21507287593316743
IGHV3-30,H277,93,FR3,ATG,42153,3608,0,0.0855929589827533,0.0,1.0,0.0,1.3642590597323545,
IGHV3-30,H280,94,FR3,AAC,42153,8266,1777,0.19609517709297083,0.04215595568524186,0.8888888888888888,0.1111111111111111,0.9960975619474636,0.5814575126617895
IGHV3-30,H283,95,FR3,AGC,42153,4454,1989,0.1056627049083102,0.04718525371859654,0.8888888888888888,0.1111111111111111,0.8920817460724421,0.2799145299145299
IGHV3-30,H286,96,FR3,CTG,42155,741,1549,0.017577986004032736,0.03674534456173645,0.5555555555555556,0.4444444444444444,1.018902845805064,0.3826985151710781
IGHV3-30,H289,97,FR3,AGA,42154,5140,1518,0.1219338615552498,0.036010817478768324,0.75,0.25,0.6159824435303038,1.1286780851998244
IGHV3-30,H292,98,FR3,GCT,42153,23354,963,0.5540293692026664,0.022845349085474344,0.6666666666666666,0.3333333333333333,0.3183661317218087,12.12564901349948
IGHV3-30,H295,99,FR3,GAG,42153,6159,3472,0.14611059711052593,0.08236661684814842,0.875,0.125,1.1886878770463047,0.2534150757077024
IGHV3-30,H298,100,FR3,GAC,42156,196,892,0.00464939747604137,0.021159502799127053,0.8888888888888888,0.1111111111111111,0.2276380640658998,0.027466367713004484
IGHV3-30,H301,101,FR3,ACG,42156,2186,433,0.05185501470727773,0.010271372995540373,0.6666666666666666,0.3333333333333333,0.3005798017784466,2.5242494226327943
IGHV3-30,H304,102,FR3,GCT,42156,1883,1386,0.04466742575196888,0.032877882152006835,0.6666666666666666,0.3333333333333333,0.2609036710393596,0.6792929292929293
IGHV3-30,H307,103,FR3,GTG,42156,8609,13032,0.20421766771040895,0.30913748932536295,0.6666666666666666,0.3333333333333333,5.757868269860768,0.33030233271945975
IGHV3-30,H310,104,FR3,TAT,42152,1275,2407,0.030247675080660466,0.05710286581894097,0.8571428571428571,0.14285714285714285,1.0108823720549156,0.08828417116742834
IGHV3-30,H313,105,FR3,TAC,42156,5248,3977,0.12448998956257709,0.09434007021539045,0.8571428571428571,0.14285714285714285,2.7456568003467035,0.21993127147766323
IGHV3-30,H316,106,FR3,TGT,42156,4,889,0.0000948856627763545,0.021088338552044786,0.875,0.125,0.4528032287099792,0.0006427767957576731
IGHV3-30,H319,107,FR3,GCG,42157,4518,1610,0.10717081386246649,0.03819057333301706,0.6666666666666666,0.3333333333333333,0.6107289702616664,1.4031055900621117
IGHV3-30,H322,108,FR3,AGA,42157,2355,3337,0.05586260881941315,0.07915648646725336,0.75,0.25,1.8974565902754919,0.23524123464189395
IGHV3-30,H76,26,CDR1,TCT,42144,923,1609,0.021901100987091877,0.03817862566438876,0.6666666666666666,0.3333333333333333,0.7818966506958093,0.2868241143567433
IGHV3-30,H79,27,CDR1,GGA,42145,2047,1751,0.048570411673982676,0.041547039981017914,0.625,0.375,1.1894442632544764,0.7014277555682467
IGHV3-30,H85,29,CDR1,TTC,42111,2050,826,0.04868086723183966,0.019614827479755882,0.8888888888888888,0.1111111111111111,0.5806165228514444,0.31023002421307505
IGHV3-30,H88,30,CDR1,ACC,42106,11094,2209,0.2634778891369401,0.05246283190044174,0.6666666666666666,0.3333333333333333,1.3159849148763998,2.5110909913988224
IGHV3-30,H91,31,CDR1,TTC,42111,2505,1234,0.059485645080857734,0.029303507397117144,0.8888888888888888,0.1111111111111111,0.8452587148501042,0.2537479740680713
IGHV3-30,H94,32,CDR1,AGT,42091,11055,2320,0.262645221068637,0.05511867144995367,0.8888888888888888,0.1111111111111111,1.2948510988669473,0.5956357758620691
IGHV3-30,H97,33,CDR1,AGC,42094,24371,6507,0.5789661234380197,0.15458260084572623,0.8888888888888888,0.1111111111111111,2.158418664037679,0.46816889503611503
IGHV3-30,H148,50,CDR2,AAG,42074,2850,119,0.06773779531301992,0.0028283500499120596,0.875,0.125,0.44186352535710793,3.421368547418968
IGHV3-30,H151,51,CDR2,GGG,42074,326,4316,0.007748253077910348,0.10258116651613823,0.6666666666666666,0.3333333333333333,2.098631283458776,0.03776645041705283
IGHV3-30,H154,52,CDR2,CTG,42074,1277,1486,0.030351285829728573,0.03531872415268337,0.5555555555555556,0.4444444444444444,0.5980846966957567,0.6874831763122475
IGHV3-30,H157,53,CDR2,GAG,42074,2102,1793,0.04995959499928697,0.04261539192850692,0.875,0.125,0.8840286104259253,0.16747669508405705
IGHV3-30,H160,54,CDR2,TGG,42074,617,0,0.014664638494081856,0.0,1.0,0.0,0.0029991285693718363,
IGHV3-30,H163,55,CDR2,GTG,42074,2889,621,0.06866473356467177,0.014759709083994866,0.6666666666666666,0.3333333333333333,0.33067442796767565,2.3260869565217392
IGHV3-30,H166,56,CDR2,GCA,42072,3542,4971,0.08418900931736072,0.11815459212778094,0.6666666666666666,0.3333333333333333,2.488091721052364,0.3562663447998391
IGHV3-30,H169,57,CDR2,GTT,42067,16701,3052,0.3970095324125799,0.07255093065823567,0.6666666666666666,0.3333333333333333,1.1697318590613741,2.736074705111402
IGHV3-30,H172,58,CDR2,ATA,42060,7707,8699,0.18323823109843082,0.20682358535425582,0.7777777777777778,0.2222222222222222,1.4261632630408616,0.25313254397057133
IGHV3-30,H175,59,CDR2,TCA,42051,3266,3493,0.07766759411191172,0.08306580105110462,0.5714285714285714,0.42857142857142855,0.9672062387843551,0.7012596621815057
IGHV3-30,H178,60,CDR2,TAT,42033,16876,596,0.4014940641876621,0.014179335284181476,0.8571428571428571,0.14285714285714285,1.4449905771712916,4.71923937360179
IGHV3-30,H181,61,CDR2,GAT,41813,3627,1451,0.08674335732906034,0.03470212613302083,0.8888888888888888,0.1111111111111111,0.9421458665967667,0.3124569262577533
IGHV2-5,H1,1,FR1,CAG,39880,292,222,0.007321965897693079,0.005566700100300903,0.875,0.125,0.6007651815035656,0.18790218790218788
IGHV2-5,H4,2,FR1,ATC,39880,932,179,0.02337011033099298,0.004488465396188566,0.7777777777777778,0.2222222222222222,0.6347108400377233,1.487629688747007
IGHV2-5,H7,3,FR1,ACC,39880,636,315,0.015947843530591775,0.007898696088264795,0.6666666666666666,0.3333333333333333,2.1050765243095713,1.0095238095238095
IGHV2-5,H10,4,FR1,TTG,39880,322,1595,0.008074222668004012,0.039994984954864594,0.75,0.25,2.4506195025470903,0.06729362591431556
IGHV2-5,H13,5,FR1,AAG,39880,3049,352,0.0764543630892678,0.008826479438314945,0.875,0.125,0.5885892536219848,1.237418831168831
IGHV2-5,H16,6,FR1,GAG,39880,237,538,0.005942828485456369,0.013490471414242727,0.875,0.125,0.7137633724717759,0.06293149229952205
IGHV2-5,H19,7,FR1,TCT,39880,286,636,0.007171514543630892,0.015947843530591775,0.6666666666666666,0.3333333333333333,0.6053748285113313,0.22484276729559746
IGHV2-5,H25,9,FR1,GGT,39880,268,1164,0.006720160481444333,0.029187562688064193,0.6666666666666666,0.3333333333333333,0.3055043667639592,0.11512027491408937
IGHV2-5,H28,10,FR1,CCT,39880,286,3450,0.007171514543630892,0.08650952858575728,0.6666666666666666,0.3333333333333333,0.4322504752688081,0.041449275362318835
IGHV2-5,H31,11,FR1,ACG,39880,3561,3115,0.08929287863590772,0.07810932798395186,0.6666666666666666,0.3333333333333333,0.8211142557916857,0.571589085072231
IGHV2-5,H34,12,FR1,CTG,39880,2803,1524,0.07028585757271816,0.03821464393179538,0.5555555555555556,0.4444444444444444,0.6838295492789116,1.4713910761154858
IGHV2-5,H37,13,FR1,GTG,39880,1380,1054,0.03460381143430291,0.02642928786359077,0.6666666666666666,0.3333333333333333,0.7622088942134256,0.6546489563567364
IGHV2-5,H40,14,FR1,AAA,39880,3611,1489,0.09054663991975928,0.0373370110330993,0.875,0.125,0.24543970046572014,0.346445361220378
IGHV2-5,H43,15,FR1,CCC,39880,763,184,0.019132397191574724,0.004613841524573721,0.6666666666666666,0.3333333333333333,1.9124329693472253,2.0733695652173916
IGHV2-5,H46,16,FR1,ACA,39878,962,951,0.0241235769095742,0.02384773559356036,0.6666666666666666,0.3333333333333333,0.2717762135445229,0.5057833859095688
IGHV2-5,H49,17,FR1,CAG,39878,2414,235,0.06053463062340137,0.005892973569386629,0.875,0.125,0.19636240273659855,1.4674772036474164
IGHV2-5,H52,18,FR1,ACC,39879,685,253,0.01717696030492239,0.006344191178314401,0.6666666666666666,0.3333333333333333,0.41795784838257327,1.3537549407114626
IGHV2-5,H55,19,FR1,CTC,39877,170,316,0.004263109060360609,0.00792436742984678,0.6666666666666666,0.3333333333333333,0.6289659635544201,0.2689873417721519
IGHV2-5,H58,20,FR1,ACG,39877,1020,2591,0.025578654362163653,0.06497479750231963,0.6666666666666666,0.3333333333333333,0.6709686863860952,0.1968351987649556
IGHV2-5,H61,21,FR1,CTG,39877,382,897,0.009579456829751486,0.022494169571432153,0.5555555555555556,0.4444444444444444,0.43185266952684104,0.3406911928651059
IGHV2-5,H64,22,FR1,ACC,39876,337,1915,0.00845119871601966,0.04802387400942923,0.6666666666666666,0.3333333333333333,0.7638459176589949,0.08798955613577024
IGHV2-5,H67,23,FR1,TGC,39876,16,1157,0.0004012438559534557,0.029014946333634266,0.875,0.125,0.6720091806444749,0.0019755525373502903
IGHV2-5,H70,24,FR1,ACC,39875,5696,881,0.14284639498432603,0.022094043887147335,0.6666666666666666,0.3333333333333333,0.32437795410857895,3.232690124858116
IGHV2-5,H73,25,FR1,TTC,39869,3051,851,0.07652562141011814,0.021344904562441997,0.8888888888888888,0.1111111111111111,0.9872727688299467,0.4481492361927144
IGHV2-5,H115,39,FR2,GTG,39848,5982,451,0.15012045773940977,0.01131800843204176,0.6666666666666666,0.3333333333333333,1.1125014410685132,6.631929046563193
IGHV2-5,H118,40,FR2,GGT,39872,5561,823,0.13947130818619582,0.020641051364365972,0.6666666666666666,0.3333333333333333,0.8973178462299866,3.3784933171324423
IGHV2-5,H121,41,FR2,GTG,39871,614,568,0.015399663916129517,0.014245943166712648,0.6666666666666666,0.3333333333333333,0.19709554669075924,0.5404929577464789
IGHV2-5,H124,42,FR2,GGC,39870,5197,587,0.13034863305743666,0.01472284926009531,0.6666666666666666,0.3333333333333333,1.5879584411384597,4.426746166950596
IGHV2-5,H127,43,FR2,TGG,39870,49,0,0.0012289942312515676,0.0,1.0,0.0,0.0,
IGHV2-5,H130,44,FR2,ATC,39872,4690,525,0.11762640449438203,0.013167134831460673,0.7777777777777778,0.2222222222222222,0.2851444185752991,2.5523809523809526
IGHV2-5,H133,45,FR2,CGT,39872,6,1169,0.00015048154093097913,0.0293188202247191,0.6666666666666666,0.3333333333333333,0.8466764940974673,0.002566295979469632
IGHV2-5,H136,46,FR2,CAG,39872,1018,136,0.025531701444622794,0.0034109149277688606,0.875,0.125,0.22035364112787412,1.069327731092437
IGHV2-5,H139,47,FR2,CCC,39872,2748,131,0.06892054574638844,0.003285513643659711,0.6666666666666666,0.3333333333333333,0.2571225054699811,10.48854961832061
IGHV2-5,H142,48,FR2,CCA,39872,133,2989,0.0033356741573033707,0.07496488764044944,0.6666666666666666,0.3333333333333333,0.886511778582091,0.02224824355971897
IGHV2-5,H145,49,FR2,GGA,39872,780,2405,0.019562600321027288,0.0603180176565008,0.625,0.375,1.0128370991948805,0.1945945945945946
IGHV2-5,H193,65,FR3,GAT,39845,1783,616,0.0447484000501945,0.015459907140168152,0.8888888888888888,0.1111111111111111,1.153518485971717,0.36181006493506496
IGHV2-5,H196,66,FR3,GAT,39873,5338,1335,0.13387505329420912,0.03348130313746144,0.8888888888888888,0.1111111111111111,1.7627818451070218,0.499812734082397
IGHV2-5,H199,67,FR3,GAT,39871,5411,1005,0.1357126733716235,0.025206290286172908,0.8888888888888888,0.1111111111111111,1.2848602162019904,0.6730099502487562
IGHV2-5,H202,68,FR3,AAG,39857,7681,1884,0.19271395237975764,0.047268986627192214,0.875,0.125,1.1211252830009373,0.582423415225963
IGHV2-5,H205,69,FR3,CGC,39869,5739,3920,0.1439464245403697,0.09832200456495022,0.6666666666666666,0.3333333333333333,1.679360306546074,0.732015306122449
IGHV2-5,H208,70,FR3,TAC,39876,2020,2192,0.050657036814123785,0.05497040826562343,0.8571428571428571,0.14285714285714285,1.413520312644162,0.1535888077858881
IGHV2-5,H211,71,FR3,AGC,39868,7669,6750,0.19235978729808367,0.16930871877194742,0.8888888888888888,0.1111111111111111,1.3674372563944346,0.14201851851851852
IGHV2-5,H214,72,FR3,CCA,39868,2191,3021,0.05495635597471656,0.07577505769037825,0.6666666666666666,0.3333333333333333,0.49296793162165464,0.36262826878517046
IGHV2-5,H217,73,FR3,TCT,39865,1584,804,0.03973410259626239,0.020168067226890758,0.6666666666666666,0.3333333333333333,0.9297369212551664,0.9850746268656716
IGHV2-5,H220,74,FR3,CTG,39869,679,3287,0.01703077579071459,0.08244500739923248,0.5555555555555556,0.4444444444444444,0.6853225246326781,0.16525707331913597
IGHV2-5,H223,75,FR3,AAG,39872,12094,1122,0.30332062600321025,0.028140048154093097,0.875,0.125,0.2765697205770885,1.539852304558187
IGHV2-5,H226,76,FR3,AGC,39877,10838,1725,0.2717857411540487,0.0432580184066003,0.8888888888888888,0.1111111111111111,0.44309091105505094,0.7853623188405796
IGHV2-5,H229,77,FR3,AGG,39879,787,8430,0.019734697459815945,0.21138945309561424,0.7777777777777778,0.2222222222222222,1.4919544300137655,0.026673445178783253
IGHV2-5,H232,78,FR3,CTC,39879,2461,766,0.061711677825421904,0.019208104516161388,0.6666666666666666,0.3333333333333333,0.3035643948012537,1.6063968668407311
IGHV2-5,H235,79,FR3,ACC,39880,3796,376,0.09518555667001002,0.009428284854563691,0.6666666666666666,0.3333333333333333,0.5583444636077554,5.047872340425532
IGHV2-5,H238,80,FR3,ATC,39880,3149,734,0.07896188565697092,0.018405215646940823,0.7777777777777778,0.2222222222222222,0.9073255344264464,1.2257687816270921
IGHV2-5,H241,81,FR3,ACC,39877,4885,1409,0.12250169270506808,0.03533365097675352,0.6666666666666666,0.3333333333333333,0.8815366136937866,1.7334989354151877
IGHV2-5,H244,82,FR3,AAG,39880,3386,545,0.08490471414242728,0.013665997993981946,0.875,0.125,1.0809176809520256,0.8875491480996068
IGHV2-5,H247,83,FR3,GAC,39875,1285,161,0.03222570532915361,0.004037617554858934,0.8888888888888888,0.1111111111111111,0.17704693806179214,0.9976708074534162
IGHV2-5,H250,84,FR3,ACC,39878,2716,1657,0.06810772857214505,0.04155173278499423,0.6666666666666666,0.3333333333333333,0.9434815010981986,0.819553409776705
IGHV2-5,H253,85,FR3,TCC,39879,1394,873,0.03495574111687856,0.021891220943353645,0.6666666666666666,0.3333333333333333,0.7096307691411985,0.7983963344788088
IGHV2-5,H256,86,FR3,AAA,39864,5235,2245,0.13132149307645996,0.05631647601846277,0.875,0.125,0.5057640313189151,0.3331212217626472
IGHV2-5,H259,87,FR3,AAC,39865,3473,2495,0.08711902671516368,0.06258622852125925,0.8888888888888888,0.1111111111111111,1.629489667474064,0.17399799599198398
IGHV2-5,H262,88,FR3,CAG,39880,2731,1713,0.06848044132397192,0.04295386158475426,0.875,0.125,2.61733779925298,0.22775414894504215
IGHV2-5,H265,89,FR3,GTG,39880,479,2900,0.012011033099297894,0.07271815446339017,0.6666666666666666,0.3333333333333333,1.904804380512833,0.08258620689655173
IGHV2-5,H268,90,FR3,GTC,39880,2681,184,0.06722668004012036,0.004613841524573721,0.6666666666666666,0.3333333333333333,0.6415974948648201,7.285326086956523
IGHV2-5,H271,91,FR3,CTT,39880,822,7015,0.020611835506519557,0.1759027081243731,0.6666666666666666,0.3333333333333333,2.098469419942864,0.0585887384176764
IGHV2-5,H274,92,FR3,ACA,39880,5038,1498,0.12632898696088266,0.03756268806419258,0.6666666666666666,0.3333333333333333,1.98571518078705,1.6815754339118825
IGHV2-5,H277,93,FR3,ATG,39880,5221,0,0.13091775325977933,0.0,1.0,0.0,1.3642590597323545,
IGHV2-5,H280,94,FR3,ACC,39879,2875,1233,0.07209308157175456,0.0309185285488603,0.6666666666666666,0.3333333333333333,0.9960975619474636,1.1658556366585564
IGHV2-5,H283,95,FR3,AAC,39879,4119,1027,0.103287444519672,0.025752902530153714,0.8888888888888888,0.1111111111111111,0.8920817460724421,0.5013388510223954
IGHV2-5,H286,96,FR3,ATG,39880,5996,0,0.15035105315947844,0.0,1.0,0.0,1.018902845805064,
IGHV2-5,H289,97,FR3,GAC,39880,3353,313,0.08407723169508526,0.007848545636910733,0.8888888888888888,0.1111111111111111,0.6159824435303038,1.3390575079872202
IGHV2-5,H292,98,FR3,CCT,39880,1090,1615,0.027331995987963893,0.040496489468405214,0.6666666666666666,0.3333333333333333,0.3183661317218087,0.33746130030959753
IGHV2-5,H295,99,FR3,GTG,39880,6189,2356,0.15519057171514544,0.059077231695085254,0.6666666666666666,0.3333333333333333,1.1886878770463047,1.3134550084889645
IGHV2-5,H298,100,FR3,GAC,39880,59,286,0.0014794383149448346,0.007171514543630892,0.8888888888888888,0.1111111111111111,0.2276380640658998,0.025786713286713284
IGHV2-5,H301,101,FR3,ACA,39880,802,1614,0.020110330992978938,0.04047141424272818,0.6666666666666666,0.3333333333333333,0.3005798017784466,0.24845105328376707
IGHV2-5,H304,102,FR3,GCC,39880,5614,201,0.14077231695085254,0.00504012036108325,0.6666666666666666,0.3333333333333333,0.2609036710393596,13.965174129353233
IGHV2-5,H307,103,FR3,ACA,39880,880,2849,0.022066198595787363,0.07143931795386159,0.6666666666666666,0.3333333333333333,5.757868269860768,0.15444015444015444
IGHV2-5,H310,104,FR3,TAT,39880,362,1891,0.009077231695085257,0.047417251755265795,0.8571428571428571,0.14285714285714285,1.0108823720549156,0.0319055173629473
IGHV2-5,H313,105,FR3,TAC,39880,5488,4276,0.13761283851554665,0.10722166499498495,0.8571428571428571,0.14285714285714285,2.7456568003467035,0.21390707826629252
IGHV2-5,H316,106,FR3,TGT,39880,0,814,0.0,0.020411233701103308,0.875,0.125,0.4528032287099792,0.0
IGHV2-5,H319,107,FR3,GCA,39880,5577,2228,0.1398445336008024,0.055867602808425273,0.6666666666666666,0.3333333333333333,0.6107289702616664,1.2515709156193895
IGHV2-5,H322,108,FR3,CAC,39880,6689,648,0.16772818455366098,0.01624874623871615,0.8888888888888888,0.1111111111111111,1.8974565902754919,1.2903163580246915
IGHV2-5,H76,26,CDR1,TCT,39865,400,747,0.010033864291985451,0.01873824156528283,0.6666666666666666,0.3333333333333333,0.7818966506958093,0.2677376171352075
IGHV2-5,H79,27,CDR1,GGG,39861,576,6803,0.014450214495371415,0.1706680715486315,0.6666666666666666,0.3333333333333333,1.1894442632544764,0.04233426429516389
IGHV2-5,H85,29,CDR1,TTC,39850,1249,1744,0.03134253450439147,0.04376411543287328,0.8888888888888888,0.1111111111111111,0.5806165228514444,0.08952121559633026
IGHV2-5,H88,30,CDR1,TCA,39832,430,1665,0.010795340429805182,0.04180056236192006,0.5714285714285714,0.42857142857142855,1.3159849148763998,0.1936936936936937
IGHV2-5,H91,31,CDR1,CTC,39829,3187,767,0.0800170729870195,0.019257325064651384,0.6666666666666666,0.3333333333333333,0.8452587148501042,2.077574967405476
IGHV2-5,H94,32,CDR1,AGC,39694,14753,3971,0.37166826220587496,0.10004030835894594,0.8888888888888888,0.1111111111111111,1.2948510988669473,0.46439813648954925
IGHV2-5,H97,33,CDR1,ACT,39812,6597,2995,0.16570380789711645,0.07522857429920626,0.6666666666666666,0.3333333333333333,2.158418664037679,1.1013355592654426
IGHV2-5,H100,34,CDR1,AGT,39818,16791,753,0.421693706363956,0.01891104525591441,0.8888888888888888,0.1111111111111111,0.8178357375146844,2.7873505976095623
IGHV2-5,H112,38,CDR1,GGA,39849,5291,2284,0.1327762302692665,0.05731636929408517,0.625,0.375,0.9200031724633807,1.3899299474605957
IGHV2-5,H148,50,CDR2,AAG,39872,3078,44,0.0771970304975923,0.0011035313001605137,0.875,0.125,0.44186352535710793,9.993506493506494
IGHV2-5,H151,51,CDR2,GCC,39872,1053,82,0.026409510433386837,0.002056581059390048,0.6666666666666666,0.3333333333333333,2.098631283458776,6.420731707317073
IGHV2-5,H154,52,CDR2,CTG,39872,1571,1178,0.0394010834670947,0.02954454253611557,0.5555555555555556,0.4444444444444444,0.5980846966957567,1.066893039049236
IGHV2-5,H157,53,CDR2,GAG,39872,902,3137,0.02262239165329053,0.07867676565008026,0.875,0.125,0.8840286104259253,0.04107655175554443
IGHV2-5,H160,54,CDR2,TGG,39872,2449,0,0.06142154895666132,0.0,1.0,0.0,0.0029991285693718363,
IGHV2-5,H163,55,CDR2,CTT,39872,861,1356,0.021594101123595506,0.03400882825040128,0.6666666666666666,0.3333333333333333,0.33067442796767565,0.3174778761061947
IGHV2-5,H166,56,CDR2,GCA,39870,3339,3286,0.08374717832957111,0.08241785803862553,0.6666666666666666,0.3333333333333333,2.488091721052364,0.5080645161290323
IGHV2-5,H169,57,CDR2,CTC,39867,10031,679,0.25161160859859033,0.0170316301703163,0.6666666666666666,0.3333333333333333,1.1697318590613741,7.386597938144331
IGHV2-5,H172,58,CDR2,ATT,39867,4604,983,0.11548398424762335,0.02465698447337397,0.7777777777777778,0.2222222222222222,1.4261632630408616,1.3381775904665019
IGHV2-5,H175,59,CDR2,TAT,39867,4801,1904,0.12042541450322322,0.04775879800336118,0.8571428571428571,0.14285714285714285,0.9672062387843551,0.42025560224089636
IGHV2-5,H178,60,CDR2,TGG,39868,2788,0,0.06993077154610214,0.0,1.0,0.0,1.4449905771712916,
IGHV3-33,H1,1,FR1,CAG,33294,685,557,0.020574277647624196,0.0167297410944915,0.875,0.125,0.6007651815035656,0.17568607335214156
IGHV3-33,H4,2,FR1,GTG,33294,2806,1197,0.08427944975070584,0.035952423860154986,0.6666666666666666,0.3333333333333333,0.6347108400377233,1.172096908939014
IGHV3-33,H7,3,FR1,CAG,33294,3810,4586,0.11443503333934042,0.1377425361927074,0.875,0.125,2.1050765243095713,0.11868419413120676
IGHV3-33,H10,4,FR1,CTG,33293,1292,4595,0.03880695641726489,0.13801700057069052,0.5555555555555556,0.4444444444444444,2.4506195025470903,0.22494015233949946
IGHV3-33,H13,5,FR1,GTG,33294,1389,398,0.041719228689854025,0.011954105844896978,0.6666666666666666,0.3333333333333333,0.5885892536219848,1.7449748743718592
IGHV3-33,H16,6,FR1,GAG,33294,871,1030,0.026160869826395147,0.03093650507598967,0.875,0.125,0.7137633724717759,0.12080443828016643
IGHV3-33,H19,7,FR1,TCT,33294,267,2607,0.008019462966300234,0.07830239682825735,0.6666666666666666,0.3333333333333333,0.6053748285113313,0.051208285385500575
IGHV3-33,H25,9,FR1,GGG,33294,45,185,0.0013515948819607137,0.0055565567369496,0.6666666666666666,0.3333333333333333,0.3055043667639592,0.12162162162162163
IGHV3-33,H28,10,FR1,GGA,33294,39,543,0.0011713822310326185,0.01630924490899261,0.625,0.375,0.4322504752688081,0.0430939226519337
IGHV3-33,H31,11,FR1,GGC,33294,998,501,0.029975370937706493,0.015047756352495945,0.6666666666666666,0.3333333333333333,0.8211142557916857,0.9960079840319361
IGHV3-33,H34,12,FR1,GTG,33294,906,596,0.02721211029014237,0.01790112332552412,0.6666666666666666,0.3333333333333333,0.6838295492789116,0.7600671140939597
IGHV3-33,H37,13,FR1,GTC,33294,400,247,0.012014176728539676,0.007418754129873251,0.6666666666666666,0.3333333333333333,0.7622088942134256,0.8097165991902833
IGHV3-33,H40,14,FR1,CAG,33294,896,291,0.026911755871928875,0.008740313570012615,0.875,0.125,0.24543970046572014,0.43986254295532645
IGHV3-33,H43,15,FR1,CCT,33294,1000,1284,0.030035441821349193,0.03856550729861236,0.6666666666666666,0.3333333333333333,1.9124329693472253,0.3894080996884735
IGHV3-33,H46,16,FR1,GGG,33294,375,461,0.011263290683005947,0.013846338679641978,0.6666666666666666,0.3333333333333333,0.2717762135445229,0.40672451193058573
IGHV3-33,H49,17,FR1,AGG,33294,8011,206,0.24061392443082838,0.006187301015197933,0.7777777777777778,0.2222222222222222,0.19636240273659855,11.110957004160886
IGHV3-33,H52,18,FR1,TCC,33294,283,694,0.008500030035441822,0.02084459662401634,0.6666666666666666,0.3333333333333333,0.41795784838257327,0.2038904899135447
IGHV3-33,H55,19,FR1,CTG,33294,500,1641,0.015017720910674597,0.04928816002883402,0.5555555555555556,0.4444444444444444,0.6289659635544201,0.24375380865326018
IGHV3-33,H58,20,FR1,AGA,33294,1599,645,0.04802667147233736,0.01937285997477023,0.75,0.25,0.6709686863860952,0.8263565891472868
IGHV3-33,H61,21,FR1,CTC,33294,607,694,0.01823151318555896,0.02084459662401634,0.6666666666666666,0.3333333333333333,0.43185266952684104,0.43731988472622474
IGHV3-33,H64,22,FR1,TCC,33294,558,1418,0.01675977653631285,0.04259025650267315,0.6666666666666666,0.3333333333333333,0.7638459176589949,0.19675599435825103
IGHV3-33,H67,23,FR1,TGT,33294,16,792,0.0004805670691415871,0.02378806992250856,0.875,0.125,0.6720091806444749,0.002886002886002886
IGHV3-33,H70,24,FR1,GCA,33294,6631,848,0.1991650147173665,0.025470054664504114,0.6666666666666666,0.3333333333333333,0.32437795410857895,3.9097877358490565
IGHV3-33,H73,25,FR1,GCG,33293,3397,479,0.1020334604871895,0.014387408764605172,0.6666666666666666,0.3333333333333333,0.9872727688299467,3.5459290187891446
IGHV3-33,H115,39,FR2,TAT,33271,8029,1034,0.24132127077635177,0.03107811607706411,0.8571428571428571,0.14285714285714285,1.1125014410685132,1.2941650548033528
IGHV3-33,H118,40,FR2,GGC,33255,5449,561,0.1638550593895655,0.016869643662607126,0.6666666666666666,0.3333333333333333,0.8973178462299866,4.856506238859181
IGHV3-33,H121,41,FR2,ATG,33261,4559,0,0.13706743633685098,0.0,1.0,0.0,0.19709554669075924,
IGHV3-33,H124,42,FR2,CAC,33261,2479,924,0.07453173386248159,0.027780283214575627,0.8888888888888888,0.1111111111111111,1.5879584411384597,0.33536255411255417
IGHV3-33,H127,43,FR2,TGG,33261,11,0,0.0003307176573163765,0.0,1.0,0.0,0.0,
IGHV3-33,H130,44,FR2,GTC,33256,921,214,0.02769425066153476,0.0064349290353620395,0.6666666666666666,0.3333333333333333,0.2851444185752991,2.151869158878505
IGHV3-33,H133,45,FR2,CGC,33256,15,634,0.00045104642771229254,0.01906422901130623,0.6666666666666666,0.3333333333333333,0.8466764940974673,0.011829652996845427
IGHV3-33,H136,46,FR2,CAG,33256,390,162,0.011727207120519605,0.004871301419292759,0.875,0.125,0.22035364112787412,0.3439153439153439
IGHV3-33,H139,47,FR2,GCT,33253,2329,1198,0.07003879349231648,0.03602682464740024,0.6666666666666666,0.3333333333333333,0.2571225054699811,0.9720367278797996
IGHV3-33,H142,48,FR2,CCA,33253,156,1087,0.004691306047574655,0.03268877995970288,0.6666666666666666,0.3333333333333333,0.886511778582091,0.07175712971481142
IGHV3-33,H145,49,FR2,GGC,33252,550,435,0.016540358474678215,0.013081919884518225,0.6666666666666666,0.3333333333333333,1.0128370991948805,0.6321839080459769
IGHV3-33,H193,65,FR3,GGA,33241,1908,2127,0.0573989952167504,0.0639872446677296,0.625,0.375,1.153518485971717,0.5382228490832158
IGHV3-33,H196,66,FR3,AGT,33243,10603,1125,0.3189543663327618,0.03384171103691003,0.8888888888888888,0.1111111111111111,1.7627818451070218,1.178111111111111
IGHV3-33,H199,67,FR3,AAT,33243,16470,1351,0.49544264958036277,0.04064013476521373,0.8888888888888888,0.1111111111111111,1.2848602162019904,1.5238712065136937
IGHV3-33,H202,68,FR3,AAA,33244,11833,1995,0.35594392973168093,0.060010829021778365,0.875,0.125,1.1211252830009373,0.8473326172574294
IGHV3-33,H205,69,FR3,TAC,33218,9443,6260,0.28427358660966945,0.18845204407249083,0.8571428571428571,0.14285714285714285,1.679360306546074,0.25141107561235354
IGHV3-33,H208,70,FR3,TAT,33249,2062,1509,0.0620169027639929,0.04538482360371741,0.8571428571428571,0.14285714285714285,1.413520312644162,0.2277446432516015
IGHV3-33,H211,71,FR3,GCA,33250,8130,1322,0.24451127819548873,0.0397593984962406,0.6666666666666666,0.3333333333333333,1.3674372563944346,3.0748865355521944
IGHV3-33,H214,72,FR3,GAC,33273,3040,1004,0.09136537132209299,0.03017461605505966,0.8888888888888888,0.1111111111111111,0.49296793162165464,0.3784860557768925
IGHV3-33,H217,73,FR3,TCC,33274,1392,1828,0.04183446534832001,0.054937789264891505,0.6666666666666666,0.3333333333333333,0.9297369212551664,0.38074398249452956
IGHV3-33,H220,74,FR3,GTG,33271,1262,690,0.037930930840672054,0.020738781521445104,0.6666666666666666,0.3333333333333333,0.6853225246326781,0.9144927536231882
IGHV3-33,H223,75,FR3,AAG,33272,4159,74,0.125,0.002224092329886992,0.875,0.125,0.2765697205770885,8.02895752895753
IGHV3-33,H226,76,FR3,GGC,33277,306,475,0.009195540463383117,0.014274123268323467,0.6666666666666666,0.3333333333333333,0.44309091105505094,0.32210526315789473
IGHV3-33,H229,77,FR3,CGA,33280,57,2230,0.0017127403846153846,0.06700721153846154,0.5,0.5,1.4919544300137655,0.025560538116591928
IGHV3-33,H232,78,FR3,TTC,33280,1084,495,0.03257211538461539,0.014873798076923076,0.8888888888888888,0.1111111111111111,0.3035643948012537,0.2737373737373738
IGHV3-33,H235,79,FR3,ACC,33280,3045,472,0.09149639423076923,0.014182692307692308,0.6666666666666666,0.3333333333333333,0.5583444636077554,3.225635593220339
IGHV3-33,H238,80,FR3,ATC,33280,3810,1230,0.11448317307692307,0.036959134615384616,0.7777777777777778,0.2222222222222222,0.9073255344264464,0.8850174216027873
IGHV3-33,H241,81,FR3,TCC,33283,625,557,0.018778355316527957,0.016735270258089716,0.6666666666666666,0.3333333333333333,0.8815366136937866,0.5610412926391383
IGHV3-33,H244,82,FR3,AGA,33283,1775,702,0.0533305290989394,0.021091848691524202,0.75,0.25,1.0809176809520256,0.8428300094966761
IGHV3-33,H247,83,FR3,GAC,33285,273,129,0.008201892744479496,0.0038756196484903108,0.8888888888888888,0.1111111111111111,0.17704693806179214,0.26453488372093026
IGHV3-33,H250,84,FR3,AAT,33280,4750,3290,0.1427283653846154,0.09885817307692307,0.8888888888888888,0.1111111111111111,0.9434815010981986,0.1804711246200608
IGHV3-33,H253,85,FR3,TCC,33278,2390,1467,0.07181921990504236,0.04408317807560551,0.6666666666666666,0.3333333333333333,0.7096307691411985,0.8145875937286978
IGHV3-33,H256,86,FR3,AAG,33274,6151,419,0.1848590491074112,0.012592414497806095,0.875,0.125,0.5057640313189151,2.097170132969656
IGHV3-33,H259,87,FR3,AAC,33264,4062,2295,0.12211399711399712,0.0689935064935065,0.8888888888888888,0.1111111111111111,1.629489667474064,0.22124183006535947
IGHV3-33,H262,88,FR3,ACG,33274,3659,9659,0.1099657390154475,0.29028671034441306,0.6666666666666666,0.3333333333333333,2.61733779925298,0.18940884149497877
IGHV3-33,H265,89,FR3,CTG,33271,7483,6163,0.22491058278981696,0.18523639205313938,0.5555555555555556,0.4444444444444444,1.904804380512833,0.9713451241278597
IGHV3-33,H268,90,FR3,TAT,33285,7135,575,0.21436082319363076,0.017275048820790145,0.8571428571428571,0.14285714285714285,0.6415974948648201,2.0681159420289856
IGHV3-33,H271,91,FR3,CTG,33286,446,6022,0.013399026617797271,0.1809169020008412,0.5555555555555556,0.4444444444444444,2.098469419942864,0.0592494187977416
IGHV3-33,H274,92,FR3,CAA,33287,3588,1650,0.10778982786072641,0.04956890077207318,0.875,0.125,1.98571518078705,0.3106493506493507
IGHV3-33,H277,93,FR3,ATG,33289,2330,0,0.06999309081077834,0.0,1.0,0.0,1.3642590597323545,
IGHV3-33,H280,94,FR3,AAC,33290,6466,1454,0.19423250225292882,0.043676779813757886,0.8888888888888888,0.1111111111111111,0.9960975619474636,0.5558803301237965
IGHV3-33,H283,95,FR3,AGC,33293,3916,1812,0.11762232301084312,0.05442585528489472,0.8888888888888888,0.1111111111111111,0.8920817460724421,0.2701434878587196
IGHV3-33,H286,96,FR3,CTG,33293,544,1337,0.016339771123058903,0.0401585918961944,0.5555555555555556,0.4444444444444444,1.018902845805064,0.32550486163051606
IGHV3-33,H289,97,FR3,AGA,33293,2610,1024,0.07839485777791128,0.030757216231640284,0.75,0.25,0.6159824435303038,0.849609375
IGHV3-33,H292,98,FR3,GCC,33293,10704,97,0.3215090259213649,0.0029135253656924877,0.6666666666666666,0.3333333333333333,0.3183661317218087,55.17525773195877
IGHV3-33,H295,99,FR3,GAG,33293,4158,2457,0.12489111825308623,0.07379929714955095,0.875,0.125,1.1886878770463047,0.24175824175824173
IGHV3-33,H298,100,FR3,GAC,33293,42,619,0.001261526447000871,0.018592496921274744,0.8888888888888888,0.1111111111111111,0.2276380640658998,0.008481421647819062
IGHV3-33,H301,101,FR3,ACG,33294,925,394,0.027782783684748003,0.011833964077611581,0.6666666666666666,0.3333333333333333,0.3005798017784466,1.173857868020305
IGHV3-33,H304,102,FR3,GCT,33294,1444,1086,0.04337117799002823,0.03261848981798522,0.6666666666666666,0.3333333333333333,0.2609036710393596,0.6648250460405156
IGHV3-33,H307,103,FR3,GTG,33294,6065,11044,0.18216495464648286,0.33171141947498045,0.6666666666666666,0.3333333333333333,5.757868269860768,0.27458348424483886
IGHV3-33,H310,104,FR3,TAT,33291,314,1756,0.009431978612838305,0.052746988675618035,0.8571428571428571,0.14285714285714285,1.0108823720549156,0.02980258162490509
IGHV3-33,H313,105,FR3,TAC,33294,3600,4391,0.1081275905568571,0.1318856250375443,0.8571428571428571,0.14285714285714285,2.7456568003467035,0.13664313368253245
IGHV3-33,H316,106,FR3,TGT,33294,4,738,0.00012014176728539677,0.022166156064155704,0.875,0.125,0.4528032287099792,0.0007742934572202865
IGHV3-33,H319,107,FR3,GCG,33294,4244,551,0.12747041508980597,0.016549528443563406,0.6666666666666666,0.3333333333333333,0.6107289702616664,3.851179673321234
IGHV3-33,H322,108,FR3,AGA,33294,358,2382,0.010752688172043012,0.07154442241845378,0.75,0.25,1.8974565902754919,0.05009795689896445
IGHV3-33,H76,26,CDR1,TCT,33289,453,1104,0.013608098771365916,0.03316410826399111,0.6666666666666666,0.3333333333333333,0.7818966506958093,0.20516304347826084
IGHV3-33,H79,27,CDR1,GGA,33274,998,1949,0.02999338823105127,0.05857426218669231,0.625,0.375,1.1894442632544764,0.30723447922011293
IGHV3-33,H85,29,CDR1,TTC,33268,1258,1012,0.03781411566670675,0.030419622460021643,0.8888888888888888,0.1111111111111111,0.5806165228514444,0.15538537549407117
IGHV3-33,H88,30,CDR1,ACC,33273,10235,2196,0.30760676825053346,0.0659994590208277,0.6666666666666666,0.3333333333333333,1.3159849148763998,2.3303734061930785
IGHV3-33,H91,31,CDR1,TTC,33274,2239,1318,0.06728977580092564,0.039610506701929435,0.8888888888888888,0.1111111111111111,0.8452587148501042,0.21234825493171466
IGHV3-33,H94,32,CDR1,AGT,33264,9160,1880,0.2753727753727754,0.056517556517556515,0.8888888888888888,0.1111111111111111,1.2948510988669473,0.6090425531914895
IGHV3-33,H97,33,CDR1,AGC,33270,20202,5549,0.6072137060414788,0.1667868951006913,0.8888888888888888,0.1111111111111111,2.158418664037679,0.45508199675617234
IGHV3-33,H148,50,CDR2,AAG,33250,1553,84,0.04670676691729323,0.0025263157894736842,0.875,0.125,0.44186352535710793,2.641156462585034
IGHV3-33,H151,51,CDR2,GGG,33251,276,2967,0.00830050224053412,0.08923039908574178,0.6666666666666666,0.3333333333333333,2.098631283458776,0.046511627906976744
IGHV3-33,H154,52,CDR2,CTG,33253,755,755,0.022704718371274774,0.022704718371274774,0.5555555555555556,0.4444444444444444,0.5980846966957567,0.8
IGHV3-33,H157,53,CDR2,GAG,33253,1176,1267,0.035365230204793555,0.0381018253992121,0.875,0.125,0.8840286104259253,0.13259668508287292
IGHV3-33,H160,54,CDR2,TGG,33253,372,0,0.011186960574985716,0.0,1.0,0.0,0.0029991285693718363,
IGHV3-33,H163,55,CDR2,GTG,33253,1874,376,0.05635581752022374,0.011307250473641476,0.6666666666666666,0.3333333333333333,0.33067442796767565,2.492021276595745
IGHV3-33,H166,56,CDR2,GCA,33245,2503,3372,0.07528951722063468,0.10142878628365168,0.6666666666666666,0.3333333333333333,2.488091721052364,0.37114472123368913
IGHV3-33,H169,57,CDR2,GTT,33211,12981,2349,0.3908644726144952,0.07072957754960706,0.6666666666666666,0.3333333333333333,1.1697318590613741,2.7630906768837806
IGHV3-33,H172,58,CDR2,ATA,33207,4431,7160,0.13343572138404552,0.21561718914686662,0.7777777777777778,0.2222222222222222,1.4261632630408616,0.17681564245810052
IGHV3-33,H175,59,CDR2,TGG,33208,4310,0,0.12978800289086967,0.0,1.0,0.0,0.9672062387843551,
IGHV3-33,H178,60,CDR2,TAT,33213,13659,636,0.41125462921145334,0.019149128353355614,0.8571428571428571,0.14285714285714285,1.4449905771712916,3.5794025157232703
IGHV3-33,H181,61,CDR2,GAT,33176,2022,1532,0.06094767301663853,0.04617795997106342,0.8888888888888888,0.1111111111111111,0.9421458665967667,0.16498041775456918
IGHV1-8,H1,1,FR1,CAG,28217,343,195,0.012155792607293476,0.006910727575575008,0.875,0.125,0.6007651815035656,0.2512820512820513
IGHV1-8,H4,2,FR1,GTG,28217,1396,571,0.04947372151539852,0.02023602792642733,0.6666666666666666,0.3333333333333333,0.6347108400377233,1.2224168126094572
IGHV1-8,H7,3,FR1,CAG,28217,1848,2068,0.06549243363929547,0.07328915192968778,0.875,0.125,2.1050765243095713,0.1276595744680851
IGHV1-8,H10,4,FR1,CTG,28217,334,1777,0.011836835949959244,0.06297622000921431,0.5555555555555556,0.4444444444444444,2.4506195025470903,0.15036578503095102
IGHV1-8,H13,5,FR1,GTG,28217,894,586,0.03168302796186696,0.020767622355317716,0.6666666666666666,0.3333333333333333,0.5885892536219848,0.7627986348122866
IGHV1-8,H16,6,FR1,CAG,28217,21,1209,0.0007442322004465393,0.04284651096856505,0.875,0.125,0.7137633724717759,0.0024813895781637717
IGHV1-8,H19,7,FR1,TCT,28216,90,358,0.0031896796144031754,0.012687836688403743,0.6666666666666666,0.3333333333333333,0.6053748285113313,0.12569832402234635
IGHV1-8,H25,9,FR1,GGG,28216,296,65,0.010490501842925999,0.0023036574992911824,0.6666666666666666,0.3333333333333333,0.3055043667639592,2.276923076923077
IGHV1-8,H28,10,FR1,GCT,28216,1043,226,0.03696484264247236,0.008009639920612419,0.6666666666666666,0.3333333333333333,0.4322504752688081,2.307522123893805
IGHV1-8,H31,11,FR1,GAG,28216,353,1075,0.012510632265381344,0.038098950949815705,0.875,0.125,0.8211142557916857,0.04691029900332226
IGHV1-8,H34,12,FR1,GTG,28215,749,283,0.02654616338826865,0.010030125819599504,0.6666666666666666,0.3333333333333333,0.6838295492789116,1.3233215547703179
IGHV1-8,H37,13,FR1,AAG,28214,2201,53,0.0780109165662437,0.0018785000354433969,0.875,0.125,0.7622088942134256,5.932614555256064
IGHV1-8,H40,14,FR1,AAG,28215,3293,194,0.11671096934254829,0.006875775296827928,0.875,0.125,0.24543970046572014,2.4248895434462447
IGHV1-8,H43,15,FR1,CCT,28216,337,631,0.011943578111709669,0.02236319818542671,0.6666666666666666,0.3333333333333333,1.9124329693472253,0.2670364500792393
IGHV1-8,H46,16,FR1,GGG,28216,86,86,0.0030479160759852566,0.0030479160759852566,0.6666666666666666,0.3333333333333333,0.2717762135445229,0.5
IGHV1-8,H49,17,FR1,GCC,28216,527,85,0.018677346186560816,0.003012475191380777,0.6666666666666666,0.3333333333333333,0.19636240273659855,3.1
IGHV1-8,H52,18,FR1,TCA,28216,118,470,0.004182024383328608,0.016657215764105473,0.5714285714285714,0.42857142857142855,0.41795784838257327,0.18829787234042553
IGHV1-8,H55,19,FR1,GTG,28216,382,390,0.013538417918911257,0.013821944995747093,0.6666666666666666,0.3333333333333333,0.6289659635544201,0.48974358974358984
IGHV1-8,H58,20,FR1,AAG,28216,3403,631,0.12060533030904451,0.02236319818542671,0.875,0.125,0.6709686863860952,0.7704324201947021
IGHV1-8,H61,21,FR1,GTC,28216,508,117,0.018003969379075703,0.0041465834987241285,0.6666666666666666,0.3333333333333333,0.43185266952684104,2.1709401709401708
IGHV1-8,H64,22,FR1,TCC,28216,202,562,0.007159058690104905,0.019917777147717607,0.6666666666666666,0.3333333333333333,0.7638459176589949,0.1797153024911032
IGHV1-8,H67,23,FR1,TGC,28216,11,1656,0.00038984973064927703,0.05869010490501843,0.875,0.125,0.6720091806444749,0.0009489302967563837
IGHV1-8,H70,24,FR1,AAG,28216,2980,66,0.10561383612134959,0.002339098383895662,0.875,0.125,0.32437795410857895,6.45021645021645
IGHV1-8,H73,25,FR1,GCT,28214,3349,2770,0.11869993620188558,0.09817820939958885,0.6666666666666666,0.3333333333333333,0.9872727688299467,0.6045126353790614
IGHV1-8,H115,39,FR2,TAT,28202,5483,679,0.19441883554357847,0.0240763066449188,0.8571428571428571,0.14285714285714285,1.1125014410685132,1.3458517427589594
IGHV1-8,H118,40,FR2,GAT,28205,2113,2273,0.07491579507179578,0.08058854812976422,0.8888888888888888,0.1111111111111111,0.8973178462299866,0.11620105587329521
IGHV1-8,H121,41,FR2,ATC,28207,2602,1428,0.09224660545254725,0.05062573120147481,0.7777777777777778,0.2222222222222222,0.19709554669075924,0.5206082432973189
IGHV1-8,H124,42,FR2,AAC,28207,4546,2748,0.16116566809657176,0.0974226255893927,0.8888888888888888,0.1111111111111111,1.5879584411384597,0.20678675400291122
IGHV1-8,H127,43,FR2,TGG,28207,20,0,0.0007090438543623923,0.0,1.0,0.0,0.0,
IGHV1-8,H130,44,FR2,GTG,28181,832,345,0.02952343777722579,0.012242290905219829,0.6666666666666666,0.3333333333333333,0.2851444185752991,1.2057971014492754
IGHV1-8,H133,45,FR2,CGA,28179,58,2216,0.0020582703431633485,0.0786401220767238,0.5,0.5,0.8466764940974673,0.026173285198555957
IGHV1-8,H136,46,FR2,CAG,28179,516,126,0.01831150857021186,0.004471414883423826,0.875,0.125,0.22035364112787412,0.5850340136054423
IGHV1-8,H139,47,FR2,GCC,28180,1139,74,0.040418736692689854,0.0026259758694109295,0.6666666666666666,0.3333333333333333,0.2571225054699811,7.695945945945947
IGHV1-8,H142,48,FR2,ACT,28178,8872,277,0.31485556107601675,0.009830364113847682,0.6666666666666666,0.3333333333333333,0.886511778582091,16.014440433212997
IGHV1-8,H145,49,FR2,GGA,28180,111,1784,0.003938963804116394,0.06330731014904187,0.625,0.375,1.0128370991948805,0.03733183856502242
IGHV1-8,H193,65,FR3,AGT,28167,6245,800,0.2217133525047041,0.028402030745198283,0.8888888888888888,0.1111111111111111,1.153518485971717,0.9757812499999999
IGHV1-8,H196,66,FR3,GGT,28129,2514,4448,0.08937395570407765,0.158128621707135,0.6666666666666666,0.3333333333333333,1.7627818451070218,0.2825989208633094
IGHV1-8,H199,67,FR3,AAC,28171,9013,1523,0.31993894430442654,0.05406268858045508,0.8888888888888888,0.1111111111111111,1.2848602162019904,0.7397406434668418
IGHV1-8,H202,68,FR3,ACA,28176,3310,1409,0.11747586598523566,0.05000709823963657,0.6666666666666666,0.3333333333333333,1.1211252830009373,1.1745919091554295
IGHV1-8,H205,69,FR3,GGC,28176,4891,1204,0.17358745031232253,0.042731402612152185,0.6666666666666666,0.3333333333333333,1.679360306546074,2.031146179401993
IGHV1-8,H208,70,FR3,TAT,28172,4377,875,0.15536703109470396,0.03105920772398126,0.8571428571428571,0.14285714285714285,1.413520312644162,0.8337142857142856
IGHV1-8,H211,71,FR3,GCA,28177,2866,1182,0.10171416403449622,0.04194910742804415,0.6666666666666666,0.3333333333333333,1.3674372563944346,1.212351945854484
IGHV1-8,H214,72,FR3,CAG,28177,2863,591,0.101607694218689,0.020974553714022074,0.875,0.125,0.49296793162165464,0.6920473773265651
IGHV1-8,H217,73,FR3,AAG,28187,4972,2178,0.17639337283144713,0.0772696633199702,0.875,0.125,0.9297369212551664,0.3261183261183261
IGHV1-8,H220,74,FR3,TTC,28201,788,1359,0.02794227155065423,0.04818978050423744,0.8888888888888888,0.1111111111111111,0.6853225246326781,0.07247976453274467
IGHV1-8,H223,75,FR3,CAG,28201,1937,220,0.06868550760611326,0.007801141803482146,0.875,0.125,0.2765697205770885,1.257792207792208
IGHV1-8,H226,76,FR3,GGC,28205,1195,404,0.042368374401701825,0.014323701471370324,0.6666666666666666,0.3333333333333333,0.44309091105505094,1.478960396039604
IGHV1-8,H229,77,FR3,AGA,28205,131,933,0.0046445665662116645,0.0330792412692785,0.75,0.25,1.4919544300137655,0.046802429439085386
IGHV1-8,H232,78,FR3,GTC,28209,3751,251,0.13297174660569322,0.008897869474281258,0.6666666666666666,0.3333333333333333,0.3035643948012537,7.4721115537848615
IGHV1-8,H235,79,FR3,ACC,28211,2988,769,0.10591613200524617,0.02725887065329127,0.6666666666666666,0.3333333333333333,0.5583444636077554,1.9427828348504552
IGHV1-8,H238,80,FR3,ATG,28211,3664,0,0.12987841622062316,0.0,1.0,0.0,0.9073255344264464,
IGHV1-8,H241,81,FR3,ACC,28194,631,872,0.02238064836490033,0.030928566361637228,0.6666666666666666,0.3333333333333333,0.8815366136937866,0.36181192660550454
IGHV1-8,H244,82,FR3,AGG,28141,4280,1067,0.1520912547528517,0.03791620766852635,0.7777777777777778,0.2222222222222222,1.0809176809520256,1.1460704244209396
IGHV1-8,H247,83,FR3,AAC,28194,15363,686,0.5449031708874229,0.024331418032205433,0.8888888888888888,0.1111111111111111,0.17704693806179214,2.7993804664723037
IGHV1-8,H250,84,FR3,ACC,28212,3959,1506,0.1403303558769318,0.05338153977031051,0.6666666666666666,0.3333333333333333,0.9434815010981986,1.3144090305444884
IGHV1-8,H253,85,FR3,TCC,28210,1787,449,0.06334633108826657,0.015916341722793336,0.6666666666666666,0.3333333333333333,0.7096307691411985,1.989977728285078
IGHV1-8,H256,86,FR3,ATA,28210,6649,815,0.2356965615030131,0.02889046437433534,0.7777777777777778,0.2222222222222222,0.5057640313189151,2.330937773882559
IGHV1-8,H259,87,FR3,AGC,28214,9806,3063,0.3475579499539236,0.10856312468987028,0.8888888888888888,0.1111111111111111,1.629489667474064,0.4001795625204048
IGHV1-8,H262,88,FR3,ACA,28216,453,2013,0.01605472072582932,0.07134250070881769,0.6666666666666666,0.3333333333333333,2.61733779925298,0.11251862891207155
IGHV1-8,H265,89,FR3,GCC,28215,2405,399,0.08523834839624313,0.014141414141414142,0.6666666666666666,0.3333333333333333,1.904804380512833,3.013784461152882
IGHV1-8,H268,90,FR3,TAC,28215,1238,1160,0.04387737019315967,0.04111288321814638,0.8571428571428571,0.14285714285714285,0.6415974948648201,0.17787356321839082
IGHV1-8,H271,91,FR3,ATG,28215,2374,0,0.08413964203437888,0.0,1.0,0.0,2.098469419942864,
IGHV1-8,H274,92,FR3,GAG,28215,1307,5545,0.04632287790182527,0.19652667021088074,0.875,0.125,1.98571518078705,0.03367254927218859
IGHV1-8,H277,93,FR3,CTG,28215,1181,4363,0.04185716817295765,0.1546340598972178,0.5555555555555556,0.4444444444444444,1.3642590597323545,0.21654824661929867
IGHV1-8,H280,94,FR3,AGC,28212,5394,1648,0.19119523606975755,0.05841485892528002,0.8888888888888888,0.1111111111111111,0.9960975619474636,0.4091322815533981
IGHV1-8,H283,95,FR3,AGC,28217,4676,1111,0.16571570329942942,0.0393734273664812,0.8888888888888888,0.1111111111111111,0.8920817460724421,0.5261026102610261
IGHV1-8,H286,96,FR3,CTG,28217,78,1858,0.0027642910302300033,0.06584682992522238,0.5555555555555556,0.4444444444444444,1.018902845805064,0.03358449946178687
IGHV1-8,H289,97,FR3,AGA,28217,9916,677,0.35141935712513733,0.02399262855725272,0.75,0.25,0.6159824435303038,4.882323978335795
IGHV1-8,H292,98,FR3,TCT,28217,2634,820,0.09334798171315165,0.029060495446007726,0.6666666666666666,0.3333333333333333,0.3183661317218087,1.6060975609756099
IGHV1-8,H295,99,FR3,GAG,28217,5752,3447,0.2038487436651664,0.12216039975901052,0.875,0.125,1.1886878770463047,0.2383853454349538
IGHV1-8,H298,100,FR3,GAC,28217,32,373,0.001134068114966155,0.013218981465074246,0.8888888888888888,0.1111111111111111,0.2276380640658998,0.010723860589812331
IGHV1-8,H301,101,FR3,ACG,28217,606,472,0.021476414927171564,0.016727504695750788,0.6666666666666666,0.3333333333333333,0.3005798017784466,0.641949152542373
IGHV1-8,H304,102,FR3,GCC,28217,748,77,0.026508842187333875,0.0027288514016373107,0.6666666666666666,0.3333333333333333,0.2609036710393596,4.857142857142857
IGHV1-8,H307,103,FR3,GTG,28217,3819,9845,0.13534394159549207,0.3489031434950562,0.6666666666666666,0.3333333333333333,5.757868269860768,0.1939563230066023
IGHV1-8,H310,104,FR3,TAT,28217,128,1291,0.00453627245986462,0.04575256051316582,0.8571428571428571,0.14285714285714285,1.0108823720549156,0.016524657887942166
IGHV1-8,H313,105,FR3,TAC,28217,3335,3632,0.11819116135662898,0.1287167310486586,0.8571428571428571,0.14285714285714285,2.7456568003467035,0.153037812041116
IGHV1-8,H316,106,FR3,TGT,28217,3,400,0.00010631888577807705,0.014175851437076939,0.875,0.125,0.4528032287099792,0.0010714285714285715
IGHV1-8,H319,107,FR3,GCG,28217,3796,570,0.13452883013786016,0.020200588297834637,0.6666666666666666,0.3333333333333333,0.6107289702616664,3.329824561403509
IGHV1-8,H322,108,FR3,AGA,28217,733,2611,0.02597724775844349,0.09253287025551972,0.75,0.25,1.8974565902754919,0.09357845014681475
IGHV1-8,H76,26,CDR1,TCT,28214,404,1044,0.014319132345644007,0.037002906358545404,0.6666666666666666,0.3333333333333333,0.7818966506958093,0.19348659003831417
IGHV1-8,H79,27,CDR1,GGA,28192,498,849,0.017664585698070376,0.030114926220204313,0.625,0.375,1.1894442632544764,0.35194346289752654
IGHV1-8,H85,29,CDR1,TAC,28210,1534,692,0.054377880184331796,0.024530308401276145,0.8571428571428571,0.14285714285714285,0.5806165228514444,0.3694605009633911
IGHV1-8,H88,30,CDR1,ACC,28210,5020,1084,0.17795108117688763,0.03842609003899326,0.6666666666666666,0.3333333333333333,1.3159849148763998,2.31549815498155
IGHV1-8,H91,31,CDR1,TTC,28199,664,366,0.023546934288449946,0.012979183658995,0.8888888888888888,0.1111111111111111,0.8452587148501042,0.22677595628415304
IGHV1-8,H94,32,CDR1,ACC,28204,6910,1037,0.24500070911927385,0.03676783434973763,0.6666666666666666,0.3333333333333333,1.2948510988669473,3.331726133076181
IGHV1-8,H97,33,CDR1,AGT,28204,11540,68,0.4091618210182953,0.0024110055311303362,0.8888888888888888,0.1111111111111111,2.158418664037679,21.21323529411765
IGHV1-8,H148,50,CDR2,CAA,28180,1709,1336,0.0606458481192335,0.047409510290986515,0.875,0.125,0.44186352535710793,0.18274165953806673
IGHV1-8,H151,51,CDR2,GGG,28180,317,3545,0.011249112845990063,0.12579843860894252,0.6666666666666666,0.3333333333333333,2.098631283458776,0.04471086036671368
IGHV1-8,H154,52,CDR2,CTT,28180,1601,1106,0.05681334279630944,0.039247693399574166,0.6666666666666666,0.3333333333333333,0.5980846966957567,0.7237793851717903
IGHV1-8,H157,53,CDR2,GAG,28180,354,375,0.012562100780695529,0.013307310149041874,0.875,0.125,0.8840286104259253,0.13485714285714287
IGHV1-8,H160,54,CDR2,TGG,28180,574,0,0.02036905606813343,0.0,1.0,0.0,0.0029991285693718363,
IGHV1-8,H163,55,CDR2,ATG,28180,4104,0,0.14563520227111426,0.0,1.0,0.0,0.33067442796767565,
IGHV1-8,H166,56,CDR2,GGA,28180,487,3017,0.017281760113555714,0.10706174591909155,0.625,0.375,2.488091721052364,0.09685117666556183
IGHV1-8,H169,57,CDR2,TGG,28180,1581,0,0.05610361958836054,0.0,1.0,0.0,1.1697318590613741,
IGHV1-8,H172,58,CDR2,ATG,28180,3459,0,0.12274662881476224,0.0,1.0,0.0,1.4261632630408616,
IGHV1-8,H175,59,CDR2,AAC,28179,4829,1581,0.17136874977820363,0.056105610561056105,0.8888888888888888,0.1111111111111111,0.9672062387843551,0.3817994939911448
IGHV1-8,H178,60,CDR2,CCT,28169,1940,2981,0.06887003443501721,0.10582555291277645,0.6666666666666666,0.3333333333333333,1.4449905771712916,0.32539416303253943
IGHV1-8,H181,61,CDR2,AAC,28149,9357,3002,0.3324096770755622,0.1066467725318839,0.8888888888888888,0.1111111111111111,0.9421458665967667,0.3896152564956696
IGHV4-34,H1,1,FR1,CAG,27175,333,1847,0.012253909843606256,0.06796688132474701,0.875,0.125,0.6007651815035656,0.025756052285559595
IGHV4-34,H4,2,FR1,GTG,27175,897,888,0.03300827966881325,0.032677092916283346,0.6666666666666666,0.3333333333333333,0.6347108400377233,0.5050675675675675
IGHV4-34,H7,3,FR1,CAG,27175,2721,2561,0.10012879484820607,0.09424103035878564,0.875,0.125,2.1050765243095713,0.1517822279243599
IGHV4-34,H10,4,FR1,CTA,27176,993,4532,0.036539593759199296,0.16676479246393877,0.5555555555555556,0.4444444444444444,2.4506195025470903,0.17528684907325684
IGHV4-34,H13,5,FR1,CAG,27175,2123,3760,0.07812327506899724,0.13836246550137996,0.875,0.125,0.5885892536219848,0.08066109422492401
IGHV4-34,H16,6,FR1,CAG,27176,374,794,0.013762143067412422,0.029216956137768618,0.875,0.125,0.7137633724717759,0.06729039222741993
IGHV4-34,H19,7,FR1,TGG,27176,518,0,0.019060936120105974,0.0,1.0,0.0,0.6053748285113313,
IGHV4-34,H25,9,FR1,GGC,27176,59,80,0.002171033264645275,0.0029437739181630853,0.6666666666666666,0.3333333333333333,0.3055043667639592,0.3687499999999999
IGHV4-34,H28,10,FR1,GCA,27175,1127,667,0.041471941122355103,0.024544618215271388,0.6666666666666666,0.3333333333333333,0.4322504752688081,0.8448275862068966
IGHV4-34,H31,11,FR1,GGA,27174,540,1737,0.01987193640980349,0.06392139545153455,0.625,0.375,0.8211142557916857,0.18652849740932645
IGHV4-34,H34,12,FR1,CTG,27174,683,1905,0.025134319570177376,0.07010377566791787,0.5555555555555556,0.4444444444444444,0.6838295492789116,0.2868241469816273
IGHV4-34,H37,13,FR1,TTG,27175,823,811,0.0302851885924563,0.02984360625574977,0.75,0.25,0.7622088942134256,0.3382655158240855
IGHV4-34,H40,14,FR1,AAG,27175,1678,203,0.061747930082796686,0.007470101195952162,0.875,0.125,0.24543970046572014,1.1808585503166784
IGHV4-34,H43,15,FR1,CCT,27174,777,1516,0.0285935085007728,0.055788621476411275,0.6666666666666666,0.3333333333333333,1.9124329693472253,0.2562664907651715
IGHV4-34,H46,16,FR1,TCG,27174,349,138,0.012843158901891513,0.005078383749172003,0.625,0.375,0.2717762135445229,1.517391304347826
IGHV4-34,H49,17,FR1,GAG,27174,508,344,0.01869434017811143,0.01265915949068963,0.875,0.125,0.19636240273659855,0.21096345514950166
IGHV4-34,H52,18,FR1,ACC,27174,262,369,0.00964156914697873,0.01357915654669905,0.6666666666666666,0.3333333333333333,0.41795784838257327,0.3550135501355014
IGHV4-34,H55,19,FR1,CTG,27173,84,331,0.0030913038678099585,0.012181209288632098,0.5555555555555556,0.4444444444444444,0.6289659635544201,0.20302114803625376
IGHV4-34,H58,20,FR1,TCC,27173,283,867,0.010414749935597836,0.03190667206418136,0.6666666666666666,0.3333333333333333,0.6709686863860952,0.1632064590542099
IGHV4-34,H61,21,FR1,CTC,27173,1563,278,0.05752033268317815,0.010230743752990101,0.6666666666666666,0.3333333333333333,0.43185266952684104,2.8111510791366903
IGHV4-34,H64,22,FR1,ACC,27173,1616,1977,0.059470798218820155,0.07275604460309866,0.6666666666666666,0.3333333333333333,0.7638459176589949,0.40870005058168946
IGHV4-34,H67,23,FR1,TGC,27173,12,498,0.0004416148382585655,0.018327015787730466,0.875,0.125,0.6720091806444749,0.0034423407917383822
IGHV4-34,H70,24,FR1,GCT,27169,4932,468,0.18153042070006256,0.01722551437299864,0.6666666666666666,0.3333333333333333,0.32437795410857895,5.269230769230768
IGHV4-34,H73,25,FR1,GTC,27157,1248,1957,0.04595500239348971,0.07206245166991936,0.6666666666666666,0.3333333333333333,0.9872727688299467,0.31885539090444565
IGHV4-34,H115,39,FR2,TAC,27113,4434,3326,0.16353778630177407,0.12267178106443404,0.8571428571428571,0.14285714285714285,1.1125014410685132,0.2221888153938665
IGHV4-34,H118,40,FR2,TAC,27145,6722,1661,0.24763308159882114,0.06118990606004789,0.8571428571428571,0.14285714285714285,0.8973178462299866,0.6744932771422837
IGHV4-34,H121,41,FR2,TGG,27144,667,0,0.024572649572649572,0.0,1.0,0.0,0.19709554669075924,
IGHV4-34,H124,42,FR2,AGC,27140,9065,3577,0.33400884303610906,0.13179808400884305,0.8888888888888888,0.1111111111111111,1.5879584411384597,0.3167808219178082
IGHV4-34,H127,43,FR2,TGG,27148,264,0,0.009724473257698542,0.0,1.0,0.0,0.0,
IGHV4-34,H130,44,FR2,ATC,27148,3981,721,0.14664063651097686,0.026558125828790333,0.7777777777777778,0.2222222222222222,0.2851444185752991,1.5775708341589063
IGHV4-34,H133,45,FR2,CGC,27148,20,1352,0.0007367025195226168,0.049801090319728895,0.6666666666666666,0.3333333333333333,0.8466764940974673,0.007396449704142012
IGHV4-34,H136,46,FR2,CAG,27148,421,171,0.015507588035951083,0.006298806541918374,0.875,0.125,0.22035364112787412,0.35171261487050964
IGHV4-34,H139,47,FR2,CCC,27149,6082,106,0.22402298427198056,0.003904379535157833,0.6666666666666666,0.3333333333333333,0.2571225054699811,28.688679245283023
IGHV4-34,H142,48,FR2,CCA,27149,162,2241,0.005967070610335556,0.08254447677630852,0.6666666666666666,0.3333333333333333,0.886511778582091,0.03614457831325302
IGHV4-34,H145,49,FR2,GGG,27148,867,1746,0.03193605422130544,0.06431412995432445,0.6666666666666666,0.3333333333333333,1.0128370991948805,0.24828178694158073
IGHV4-34,H193,65,FR3,AGT,27118,8027,550,0.29600265506305773,0.020281731691127663,0.8888888888888888,0.1111111111111111,1.153518485971717,1.8243181818181822
IGHV4-34,H196,66,FR3,GGA,27143,1189,2016,0.043805032605091554,0.07427329329845632,0.625,0.375,1.7627818451070218,0.35386904761904764
IGHV4-34,H199,67,FR3,AGC,27142,11266,1331,0.415076265566281,0.049038390686021664,0.8888888888888888,0.1111111111111111,1.2848602162019904,1.0580390683696468
IGHV4-34,H202,68,FR3,ACC,27147,3712,622,0.13673702434891516,0.022912292334327917,0.6666666666666666,0.3333333333333333,1.1211252830009373,2.983922829581994
IGHV4-34,H205,69,FR3,AAC,27147,6360,1738,0.2342800309426456,0.06402180719784875,0.8888888888888888,0.1111111111111111,1.679360306546074,0.4574223245109321
IGHV4-34,H208,70,FR3,TAC,27151,2509,765,0.09240911936945233,0.028175757798976096,0.8571428571428571,0.14285714285714285,1.413520312644162,0.5466230936819173
IGHV4-34,H211,71,FR3,AAC,27160,3016,2505,0.11104565537555228,0.09223122238586157,0.8888888888888888,0.1111111111111111,1.3674372563944346,0.15049900199600796
IGHV4-34,H214,72,FR3,CCG,27151,1317,516,0.048506500681374534,0.019004824868328975,0.6666666666666666,0.3333333333333333,0.49296793162165464,1.2761627906976745
IGHV4-34,H217,73,FR3,TCC,27148,549,1029,0.02022248416089583,0.03790334462943863,0.6666666666666666,0.3333333333333333,0.9297369212551664,0.26676384839650147
IGHV4-34,H220,74,FR3,CTC,27158,551,737,0.02028868105162383,0.02713749171514839,0.6666666666666666,0.3333333333333333,0.6853225246326781,0.3738127544097693
IGHV4-34,H223,75,FR3,AAG,27156,4114,140,0.1514950655472087,0.005155398438650758,0.875,0.125,0.2765697205770885,4.197959183673469
IGHV4-34,H226,76,FR3,AGT,27156,2031,639,0.07479010163499779,0.023530711444984535,0.8888888888888888,0.1111111111111111,0.44309091105505094,0.39730046948356806
IGHV4-34,H229,77,FR3,CGA,27158,210,1781,0.007732528168495471,0.06557920318138302,0.5,0.5,1.4919544300137655,0.11791128579449746
IGHV4-34,H232,78,FR3,GTC,27158,2650,461,0.09757714117387142,0.016974740407982913,0.6666666666666666,0.3333333333333333,0.3035643948012537,2.874186550976139
IGHV4-34,H235,79,FR3,ACC,27158,3660,614,0.1347669195080639,0.02260843950217247,0.6666666666666666,0.3333333333333333,0.5583444636077554,2.980456026058632
IGHV4-34,H238,80,FR3,ATA,27158,6102,2889,0.22468517563885412,0.1063774946608734,0.7777777777777778,0.2222222222222222,0.9073255344264464,0.60347129506008
IGHV4-34,H241,81,FR3,TCA,27153,1013,2457,0.03730711155305123,0.09048723897911833,0.5714285714285714,0.42857142857142855,0.8815366136937866,0.30921855921855923
IGHV4-34,H244,82,FR3,GTA,27158,8855,4516,0.32605493777155903,0.16628617718535973,0.6666666666666666,0.3333333333333333,1.0809176809520256,0.9804030115146148
IGHV4-34,H247,83,FR3,GAC,27170,1060,219,0.03901361796098638,0.00806036069193964,0.8888888888888888,0.1111111111111111,0.17704693806179214,0.6050228310502282
IGHV4-34,H250,84,FR3,ACG,27164,5142,1040,0.18929465469003093,0.038285966720659696,0.6666666666666666,0.3333333333333333,0.9434815010981986,2.4721153846153845
IGHV4-34,H253,85,FR3,TCC,27165,1151,1101,0.04237069758880913,0.04053009387078962,0.6666666666666666,0.3333333333333333,0.7096307691411985,0.5227066303360582
IGHV4-34,H256,86,FR3,AAG,27166,3629,474,0.1335861002723993,0.017448280939409557,0.875,0.125,0.5057640313189151,1.0937311633514164
IGHV4-34,H259,87,FR3,AAC,27167,5170,4023,0.19030441344277985,0.1480840725880664,0.8888888888888888,0.1111111111111111,1.629489667474064,0.16063882674620927
IGHV4-34,H262,88,FR3,CAG,27168,2432,2346,0.0895170789163722,0.08635159010600707,0.875,0.125,2.61733779925298,0.14809402021678233
IGHV4-34,H265,89,FR3,TTC,27175,3387,1012,0.12463661453541858,0.037240110395584176,0.8888888888888888,0.1111111111111111,1.904804380512833,0.41835474308300397
IGHV4-34,H268,90,FR3,TCC,27175,900,878,0.03311867525298988,0.03230910763569457,0.6666666666666666,0.3333333333333333,0.6415974948648201,0.5125284738041003
IGHV4-34,H271,91,FR3,CTG,27175,227,1404,0.008353265869365226,0.05166513339466421,0.5555555555555556,0.4444444444444444,2.098469419942864,0.12934472934472935
IGHV4-34,H274,92,FR3,AAG,27175,11178,3119,0.4113339466421343,0.11477460901563938,0.875,0.125,1.98571518078705,0.5119772820959099
IGHV4-34,H277,93,FR3,CTG,27176,4550,4920,0.16742714159552546,0.18104209596702972,0.5555555555555556,0.4444444444444444,1.3642590597323545,0.7398373983739837
IGHV4-34,H280,94,FR3,AGC,27176,15689,1559,0.577310862525758,0.05736679423020312,0.8888888888888888,0.1111111111111111,0.9960975619474636,1.2579377806286083
IGHV4-34,H283,95,FR3,TCT,27176,711,922,0.02616279069767442,0.03392699440682956,0.6666666666666666,0.3333333333333333,0.8920817460724421,0.3855748373101952
IGHV4-34,H286,96,FR3,GTG,27176,1692,635,0.06226081836914925,0.02336620547541949,0.6666666666666666,0.3333333333333333,1.018902845805064,1.332283464566929
IGHV4-34,H289,97,FR3,ACC,27174,1072,638,0.039449473761683965,0.02347832486936042,0.6666666666666666,0.3333333333333333,0.6159824435303038,0.8401253918495298
IGHV4-34,H292,98,FR3,GCC,27176,657,86,0.024175743302914336,0.0031645569620253164,0.6666666666666666,0.3333333333333333,0.3183661317218087,3.8197674418604652
IGHV4-34,H295,99,FR3,GCG,27176,383,677,0.01409331763320577,0.024911686782455107,0.6666666666666666,0.3333333333333333,1.1886878770463047,0.28286558345642543
IGHV4-34,H298,100,FR3,GAC,27176,76,300,0.002796585222254931,0.011039152193111568,0.8888888888888888,0.1111111111111111,0.2276380640658998,0.03166666666666667
IGHV4-34,H301,101,FR3,ACG,27176,1344,175,0.04945540182513983,0.006439505445981749,0.6666666666666666,0.3333333333333333,0.3005798017784466,3.84
IGHV4-34,H304,102,FR3,GCT,27176,1413,861,0.05199440682955549,0.031682366794230206,0.6666666666666666,0.3333333333333333,0.2609036710393596,0.8205574912891984
IGHV4-34,H307,103,FR3,GTG,27175,3702,9332,0.13622815087396503,0.3434038638454462,0.6666666666666666,0.3333333333333333,5.757868269860768,0.198349764252036
IGHV4-34,H310,104,FR3,TAT,27176,358,1233,0.013173388283779806,0.04537091551368855,0.8571428571428571,0.14285714285714285,1.0108823720549156,0.04839145715058124
IGHV4-34,H313,105,FR3,TAC,27176,3954,3080,0.1454960259052105,0.11333529584927877,0.8571428571428571,0.14285714285714285,2.7456568003467035,0.213961038961039
IGHV4-34,H316,106,FR3,TGT,27176,0,514,0.0,0.01891374742419782,0.875,0.125,0.4528032287099792,0.0
IGHV4-34,H319,107,FR3,GCG,27176,1632,538,0.060052987930526935,0.01979687959964675,0.6666666666666666,0.3333333333333333,0.6107289702616664,1.516728624535316
IGHV4-34,H322,108,FR3,AGA,27176,470,2719,0.017294671769208125,0.10005151604356785,0.75,0.25,1.8974565902754919,0.05761922275346329
IGHV4-34,H76,26,CDR1,TAT,27153,5407,612,0.19913085110300888,0.022538945972820683,0.8571428571428571,0.14285714285714285,0.7818966506958093,1.4724945533769063
IGHV4-34,H79,27,CDR1,GGT,27147,1929,851,0.07105757542269864,0.03134784690757726,0.6666666666666666,0.3333333333333333,1.1894442632544764,1.1333725029377204
IGHV4-34,H85,29,CDR1,GGG,27155,3168,2248,0.11666359786411343,0.08278401767630271,0.6666666666666666,0.3333333333333333,0.5806165228514444,0.704626334519573
IGHV4-34,H88,30,CDR1,TCC,27144,2699,2008,0.09943265546713823,0.07397583259652225,0.6666666666666666,0.3333333333333333,1.3159849148763998,0.6720617529880477
IGHV4-34,H91,31,CDR1,TTC,27146,6057,665,0.22312679584469167,0.02449716348633316,0.8888888888888888,0.1111111111111111,0.8452587148501042,1.1385338345864662
IGHV4-34,H94,32,CDR1,AGT,27133,4359,2004,0.16065307927615818,0.07385840120886006,0.8888888888888888,0.1111111111111111,1.2948510988669473,0.27189371257485023
IGHV4-34,H97,33,CDR1,GGT,27117,9545,1628,0.3519932145886344,0.060036139690968764,0.6666666666666666,0.3333333333333333,2.158418664037679,2.9315110565110567
IGHV4-34,H148,50,CDR2,AAG,27148,3593,72,0.1323486076322381,0.0026521290702814205,0.875,0.125,0.44186352535710793,7.128968253968253
IGHV4-34,H151,51,CDR2,GGG,27149,583,4879,0.02147408744336808,0.1797119599248591,0.6666666666666666,0.3333333333333333,2.098631283458776,0.059745849559335935
IGHV4-34,H154,52,CDR2,CTG,27149,419,803,0.01543334929463332,0.029577516667280562,0.5555555555555556,0.4444444444444444,0.5980846966957567,0.4174346201743461
IGHV4-34,H157,53,CDR2,GAG,27149,1984,1129,0.07307819809201076,0.04158532542635088,0.875,0.125,0.8840286104259253,0.25104390737694543
IGHV4-34,H160,54,CDR2,TGG,27149,291,0,0.010718626837084239,0.0,1.0,0.0,0.0029991285693718363,
IGHV4-34,H163,55,CDR2,ATT,27149,1059,881,0.03900696158237872,0.03245055066484953,0.7777777777777778,0.2222222222222222,0.33067442796767565,0.343440895086752
IGHV4-34,H166,56,CDR2,GGG,27149,538,5250,0.01981656782938598,0.19337728829791154,0.6666666666666666,0.3333333333333333,2.488091721052364,0.051238095238095235
IGHV4-34,H169,57,CDR2,GAA,27149,2182,1814,0.08037128439353199,0.06681645732807838,0.875,0.125,1.1697318590613741,0.17183808473775397
IGHV4-34,H172,58,CDR2,ATC,27149,2986,745,0.10998563483001216,0.027441158053703636,0.7777777777777778,0.2222222222222222,1.4261632630408616,1.1451581975071907
IGHV4-34,H175,59,CDR2,AAT,27149,9175,571,0.3379498324063501,0.021032082212972855,0.8888888888888888,0.1111111111111111,0.9672062387843551,2.0085376532399297
IGHV4-34,H178,60,CDR2,CAT,27133,6606,1464,0.2434673644639369,0.05395643681126304,0.8888888888888888,0.1111111111111111,1.4449905771712916,0.5640368852459017
IGHV4-31,H1,1,FR1,CAG,25526,368,449,0.014416673195957063,0.01758990832876283,0.875,0.125,0.6007651815035656,0.11708558701877186
IGHV4-31,H4,2,FR1,GTG,25526,784,602,0.030713782026169395,0.0235837969129515,0.6666666666666666,0.3333333333333333,0.6347108400377233,0.6511627906976744
IGHV4-31,H7,3,FR1,CAG,25526,1633,1276,0.06397398730705947,0.0499882472772859,0.875,0.125,2.1050765243095713,0.18282579489476042
IGHV4-31,H10,4,FR1,CTG,25526,171,1662,0.006699051947034396,0.0651100838360887,0.5555555555555556,0.4444444444444444,2.4506195025470903,0.08231046931407941
IGHV4-31,H13,5,FR1,CAG,25526,1774,408,0.06949776698268433,0.015983702891169786,0.875,0.125,0.5885892536219848,0.6211484593837536
IGHV4-31,H16,6,FR1,GAG,25526,511,67,0.020018804356342554,0.0026247747394813133,0.875,0.125,0.7137633724717759,1.0895522388059702
IGHV4-31,H19,7,FR1,TCG,25526,136,31,0.005327900963723263,0.0012144480137898613,0.625,0.375,0.6053748285113313,2.6322580645161286
IGHV4-31,H25,9,FR1,GGC,25526,127,317,0.0049753192823004,0.01241871033456084,0.6666666666666666,0.3333333333333333,0.3055043667639592,0.20031545741324924
IGHV4-31,H28,10,FR1,CCA,25526,176,879,0.006894930658935987,0.034435477552299615,0.6666666666666666,0.3333333333333333,0.4322504752688081,0.1001137656427759
IGHV4-31,H31,11,FR1,GGA,25526,857,1008,0.03357361121993262,0.03948914831936065,0.625,0.375,0.8211142557916857,0.5101190476190476
IGHV4-31,H34,12,FR1,CTG,25526,531,588,0.020802319203948916,0.023035336519627046,0.5555555555555556,0.4444444444444444,0.6838295492789116,0.7224489795918367
IGHV4-31,H37,13,FR1,GTG,25526,876,287,0.034317950325158664,0.011243438063151296,0.6666666666666666,0.3333333333333333,0.7622088942134256,1.5261324041811848
IGHV4-31,H40,14,FR1,AAG,25520,2935,146,0.11500783699059561,0.005721003134796238,0.875,0.125,0.24543970046572014,2.871819960861057
IGHV4-31,H43,15,FR1,CCT,25520,994,1368,0.03894984326018809,0.05360501567398119,0.6666666666666666,0.3333333333333333,1.9124329693472253,0.3633040935672515
IGHV4-31,H46,16,FR1,TCA,25520,484,564,0.01896551724137931,0.022100313479623823,0.5714285714285714,0.42857142857142855,0.2717762135445229,0.6436170212765958
IGHV4-31,H49,17,FR1,CAG,25522,1399,102,0.054815453334378185,0.003996551994357809,0.875,0.125,0.19636240273659855,1.9593837535014007
IGHV4-31,H52,18,FR1,ACC,25522,451,261,0.017671028916229136,0.010226471279680276,0.6666666666666666,0.3333333333333333,0.41795784838257327,0.8639846743295019
IGHV4-31,H55,19,FR1,CTG,25522,199,552,0.00779719457722749,0.02162839902828932,0.5555555555555556,0.4444444444444444,0.6289659635544201,0.28840579710144926
IGHV4-31,H58,20,FR1,TCC,25520,531,909,0.020807210031347962,0.03561912225705329,0.6666666666666666,0.3333333333333333,0.6709686863860952,0.2920792079207921
IGHV4-31,H61,21,FR1,CTC,25520,274,354,0.010736677115987461,0.013871473354231974,0.6666666666666666,0.3333333333333333,0.43185266952684104,0.38700564971751417
IGHV4-31,H64,22,FR1,ACC,25520,1690,2023,0.06622257053291536,0.07927115987460814,0.6666666666666666,0.3333333333333333,0.7638459176589949,0.41769649036085027
IGHV4-31,H67,23,FR1,TGC,25519,22,476,0.0008621027469728437,0.01865276852541244,0.875,0.125,0.6720091806444749,0.006602641056422568
IGHV4-31,H70,24,FR1,ACT,25518,4767,748,0.18680931107453563,0.029312642056587505,0.6666666666666666,0.3333333333333333,0.32437795410857895,3.1864973262032095
IGHV4-31,H73,25,FR1,GTC,25518,556,1025,0.021788541421741515,0.04016772474331844,0.6666666666666666,0.3333333333333333,0.9872727688299467,0.2712195121951219
IGHV4-31,H115,39,FR2,TAC,25519,6045,2302,0.2368823229750382,0.09020729652415847,0.8571428571428571,0.14285714285714285,1.1125014410685132,0.4376629018245004
IGHV4-31,H118,40,FR2,TAC,25518,4157,1573,0.16290461634924366,0.06164276197194137,0.8571428571428571,0.14285714285714285,0.8973178462299866,0.4404534859080314
IGHV4-31,H121,41,FR2,TGG,25518,204,0,0.007994356924523865,0.0,1.0,0.0,0.19709554669075924,
IGHV4-31,H124,42,FR2,AGC,25518,8896,3216,0.34861666274786424,0.12602868563367034,0.8888888888888888,0.1111111111111111,1.5879584411384597,0.34577114427860695
IGHV4-31,H127,43,FR2,TGG,25518,117,0,0.004584998824359276,0.0,1.0,0.0,0.0,
IGHV4-31,H130,44,FR2,ATC,25518,2604,605,0.10204561486009875,0.023708754604592836,0.7777777777777778,0.2222222222222222,0.2851444185752991,1.2297520661157024
IGHV4-31,H133,45,FR2,CGC,25518,21,1050,0.0008229485069362803,0.041147425346814016,0.6666666666666666,0.3333333333333333,0.8466764940974673,0.009999999999999998
IGHV4-31,H136,46,FR2,CAG,25518,1037,1229,0.04063798103299632,0.048162081667842305,0.875,0.125,0.22035364112787412,0.12053934673950949
IGHV4-31,H139,47,FR2,CAC,25513,7744,142,0.3035315329439893,0.00556578998941716,0.8888888888888888,0.1111111111111111,0.2571225054699811,6.816901408450705
IGHV4-31,H142,48,FR2,CCA,25520,290,1583,0.011363636363636364,0.06202978056426332,0.6666666666666666,0.3333333333333333,0.886511778582091,0.0915982312065698
IGHV4-31,H145,49,FR2,GGG,25515,2036,679,0.07979619831471683,0.02661179698216735,0.6666666666666666,0.3333333333333333,1.0128370991948805,1.4992636229749634
IGHV4-31,H193,65,FR3,AGT,25467,7015,1187,0.2754545097577257,0.04660933757411552,0.8888888888888888,0.1111111111111111,1.153518485971717,0.738732097725358
IGHV4-31,H196,66,FR3,GGG,25468,968,1730,0.038008481231349145,0.06792838071305167,0.6666666666666666,0.3333333333333333,1.7627818451070218,0.27976878612716766
IGHV4-31,H199,67,FR3,AGC,25499,12135,1001,0.4759010157261069,0.03925644142907565,0.8888888888888888,0.1111111111111111,1.2848602162019904,1.51535964035964
IGHV4-31,H202,68,FR3,ACC,25511,4209,1456,0.16498765238524557,0.05707341930931755,0.6666666666666666,0.3333333333333333,1.1211252830009373,1.4453983516483515
IGHV4-31,H205,69,FR3,TAC,25482,7805,885,0.30629463935326895,0.03473039792794914,0.8571428571428571,0.14285714285714285,1.679360306546074,1.4698681732580037
IGHV4-31,H208,70,FR3,TAC,25516,2365,1414,0.09268694152688509,0.05541620943721586,0.8571428571428571,0.14285714285714285,1.413520312644162,0.2787600188590288
IGHV4-31,H211,71,FR3,AAC,25518,2961,2262,0.11603573947801551,0.08864331060427934,0.8888888888888888,0.1111111111111111,1.3674372563944346,0.16362732095490715
IGHV4-31,H214,72,FR3,CCG,25517,1208,415,0.047340988360700706,0.01626366735901556,0.6666666666666666,0.3333333333333333,0.49296793162165464,1.4554216867469878
IGHV4-31,H217,73,FR3,TCC,25519,837,569,0.03279909087346683,0.02229711195579764,0.6666666666666666,0.3333333333333333,0.9297369212551664,0.7355008787346222
IGHV4-31,H220,74,FR3,CTC,25520,492,782,0.019278996865203762,0.030642633228840126,0.6666666666666666,0.3333333333333333,0.6853225246326781,0.3145780051150895
IGHV4-31,H223,75,FR3,AAG,25516,7821,136,0.30651356011914094,0.005329989026493181,0.875,0.125,0.2765697205770885,8.215336134453782
IGHV4-31,H226,76,FR3,AGT,25519,2295,827,0.08993299110466711,0.03240722598847917,0.8888888888888888,0.1111111111111111,0.44309091105505094,0.3468863361547763
IGHV4-31,H229,77,FR3,CGA,25519,520,2712,0.020376974019358125,0.10627375680865238,0.5,0.5,1.4919544300137655,0.19174041297935102
IGHV4-31,H232,78,FR3,GTT,25519,8836,2915,0.34625181237509306,0.1142286139739018,0.6666666666666666,0.3333333333333333,0.3035643948012537,1.5156089193825042
IGHV4-31,H235,79,FR3,ACC,25519,8143,832,0.3190955758454485,0.032603158430973,0.6666666666666666,0.3333333333333333,0.5583444636077554,4.8936298076923075
IGHV4-31,H238,80,FR3,ATA,25519,5748,3887,0.22524393589090483,0.152317880794702,0.7777777777777778,0.2222222222222222,0.9073255344264464,0.42250725862766
IGHV4-31,H241,81,FR3,TCA,25512,1140,2978,0.044684854186265284,0.11672938225148949,0.5714285714285714,0.42857142857142855,0.8815366136937866,0.28710543989254533
IGHV4-31,H244,82,FR3,GTA,25513,10520,4312,0.41233880766667974,0.1690118762983577,0.6666666666666666,0.3333333333333333,1.0809176809520256,1.219851576994434
IGHV4-31,H247,83,FR3,GAC,25520,743,199,0.029114420062695923,0.007797805642633228,0.8888888888888888,0.1111111111111111,0.17704693806179214,0.4667085427135679
IGHV4-31,H250,84,FR3,ACG,25510,3106,1889,0.1217561740493924,0.07404939239513916,0.6666666666666666,0.3333333333333333,0.9434815010981986,0.8221281101111699
IGHV4-31,H253,85,FR3,TCT,25514,688,1255,0.02696558752057694,0.04918868072430822,0.6666666666666666,0.3333333333333333,0.7096307691411985,0.27410358565737053
IGHV4-31,H256,86,FR3,AAG,25426,5246,600,0.20632423503500355,0.023597891921654998,0.875,0.125,0.5057640313189151,1.2490476190476192
IGHV4-31,H259,87,FR3,AAC,25517,2858,2959,0.11200376219775052,0.115961907747776,0.8888888888888888,0.1111111111111111,1.629489667474064,0.12073335586346738
IGHV4-31,H262,88,FR3,CAG,25523,2849,2077,0.1116248089958077,0.08137758100536771,0.875,0.125,2.61733779925298,0.19595570534424653
IGHV4-31,H265,89,FR3,TTC,25523,1531,1274,0.059985111468087604,0.049915762253653566,0.8888888888888888,0.1111111111111111,1.904804380512833,0.15021585557299844
IGHV4-31,H268,90,FR3,TCC,25523,912,522,0.03573247658974259,0.020452141205971084,0.6666666666666666,0.3333333333333333,0.6415974948648201,0.8735632183908048
IGHV4-31,H271,91,FR3,CTG,25523,619,1337,0.024252634878345024,0.05238412412333973,0.5555555555555556,0.4444444444444444,2.098469419942864,0.37038145100972325
IGHV4-31,H274,92,FR3,AAG,25523,11508,2046,0.4508874348626729,0.08016299024409357,0.875,0.125,1.98571518078705,0.8035190615835777
IGHV4-31,H277,93,FR3,CTG,25523,2201,3766,0.08623594405046428,0.14755318732123968,0.5555555555555556,0.4444444444444444,1.3642590597323545,0.4675517790759425
IGHV4-31,H280,94,FR3,AGC,25522,12337,1724,0.48338688190580675,0.0675495650811065,0.8888888888888888,0.1111111111111111,0.9960975619474636,0.8945040603248259
IGHV4-31,H283,95,FR3,TCT,25524,527,1063,0.02064723397586585,0.041647077260617456,0.6666666666666666,0.3333333333333333,0.8920817460724421,0.24788334901222955
IGHV4-31,H286,96,FR3,GTG,25524,1332,830,0.05218617771509168,0.032518414041686254,0.6666666666666666,0.3333333333333333,1.018902845805064,0.802409638554217
IGHV4-31,H289,97,FR3,ACT,25526,724,2478,0.02836323748335031,0.09707748961842827,0.6666666666666666,0.3333333333333333,0.6159824435303038,0.1460855528652139
IGHV4-31,H292,98,FR3,GCC,25526,1314,48,0.051476925487737996,0.0018804356342552691,0.6666666666666666,0.3333333333333333,0.3183661317218087,13.687500000000002
IGHV4-31,H295,99,FR3,GCG,25526,121,528,0.004740264828018491,0.020684791976807962,0.6666666666666666,0.3333333333333333,1.1886878770463047,0.11458333333333333
IGHV4-31,H298,100,FR3,GAC,25526,29,69,0.001136096529029225,0.0027031262242419494,0.8888888888888888,0.1111111111111111,0.2276380640658998,0.05253623188405797
IGHV4-31,H301,101,FR3,ACG,25526,716,727,0.028049831544307766,0.028480764710491265,0.6666666666666666,0.3333333333333333,0.3005798017784466,0.4924346629986245
IGHV4-31,H304,102,FR3,GCC,25526,205,97,0.008031027187965212,0.0038000470108908563,0.6666666666666666,0.3333333333333333,0.2609036710393596,1.056701030927835
IGHV4-31,H307,103,FR3,GTG,25526,3542,7278,0.13876047951108675,0.2851210530439552,0.6666666666666666,0.3333333333333333,5.757868269860768,0.24333608134102777
IGHV4-31,H310,104,FR3,TAT,25526,459,1242,0.01798166575256601,0.048656272036355086,0.8571428571428571,0.14285714285714285,1.0108823720549156,0.06159420289855073
IGHV4-31,H313,105,FR3,TAC,25526,3184,3555,0.12473556373893285,0.13926976416203088,0.8571428571428571,0.14285714285714285,2.7456568003467035,0.14927332395686826
IGHV4-31,H316,106,FR3,TGT,25526,1,449,0.000039175742380318105,0.01758990832876283,0.875,0.125,0.4528032287099792,0.0003181673560292714
IGHV4-31,H319,107,FR3,GCG,25526,1212,416,0.04748099976494555,0.016297108830212334,0.6666666666666666,0.3333333333333333,0.6107289702616664,1.4567307692307692
IGHV4-31,H322,108,FR3,AGA,25526,438,2921,0.017158975162579332,0.11443234349290919,0.75,0.25,1.8974565902754919,0.049982882574460805
IGHV4-31,H76,26,CDR1,TCT,25518,470,1130,0.01841837134571675,0.044282467277999844,0.6666666666666666,0.3333333333333333,0.7818966506958093,0.20796460176991152
IGHV4-31,H79,27,CDR1,GGT,25518,879,1228,0.034446273218904304,0.04812289364370249,0.6666666666666666,0.3333333333333333,1.1894442632544764,0.3578990228013029
IGHV4-31,H85,29,CDR1,GGC,25519,8017,260,0.314158078294604,0.010188487009679063,0.6666666666666666,0.3333333333333333,0.5806165228514444,15.417307692307691
IGHV4-31,H88,30,CDR1,TCC,25518,1075,248,0.04212712595030958,0.009718629986676072,0.6666666666666666,0.3333333333333333,1.3159849148763998,2.167338709677419
IGHV4-31,H91,31,CDR1,ATC,25519,4053,738,0.1588228378854971,0.02891962851208903,0.7777777777777778,0.2222222222222222,0.8452587148501042,1.5691056910569106
IGHV4-31,H94,32,CDR1,AGC,25519,8274,2541,0.3242290058387868,0.09957286727536345,0.8888888888888888,0.1111111111111111,1.2948510988669473,0.40702479338842973
IGHV4-31,H97,33,CDR1,AGT,25519,5454,831,0.21372310827226773,0.032563971942474235,0.8888888888888888,0.1111111111111111,2.158418664037679,0.8203971119133574
IGHV4-31,H100,34,CDR1,GGT,24977,6786,1589,0.2716899547583777,0.06361852904672298,0.6666666666666666,0.3333333333333333,0.8178357375146844,2.1353052234109504
IGHV4-31,H112,38,CDR1,GGT,25461,9973,1324,0.3916971053768509,0.05200109972114214,0.6666666666666666,0.3333333333333333,0.9200031724633807,3.7662386706948636
IGHV4-31,H148,50,CDR2,AAG,25512,3158,75,0.1237848855440577,0.0029397930385700846,0.875,0.125,0.44186352535710793,6.015238095238095
IGHV4-31,H151,51,CDR2,GGC,25518,580,553,0.022729054001097263,0.021670977349322048,0.6666666666666666,0.3333333333333333,2.098631283458776,0.5244122965641953
IGHV4-31,H154,52,CDR2,CTG,25518,457,803,0.01790892703189905,0.03146798338427777,0.5555555555555556,0.4444444444444444,0.5980846966957567,0.4552926525529264
IGHV4-31,H157,53,CDR2,GAG,25518,404,1321,0.015831961752488438,0.051767379888706014,0.875,0.125,0.8840286104259253,0.04368984535525034
IGHV4-31,H160,54,CDR2,TGG,25518,798,0,0.03127204326357865,0.0,1.0,0.0,0.0029991285693718363,
IGHV4-31,H163,55,CDR2,ATT,25518,1955,777,0.07661258719335372,0.03044909475664237,0.7777777777777778,0.2222222222222222,0.33067442796767565,0.7188821474535761
IGHV4-31,H166,56,CDR2,GGG,25518,921,5838,0.03609217023277686,0.2287796849282859,0.6666666666666666,0.3333333333333333,2.488091721052364,0.078879753340185
IGHV4-31,H169,57,CDR2,TAC,25513,4945,650,0.19382275702582996,0.025477207698036294,0.8571428571428571,0.14285714285714285,1.1697318590613741,1.2679487179487179
IGHV4-31,H172,58,CDR2,ATC,25515,3420,1624,0.13403880070546736,0.06364883401920439,0.7777777777777778,0.2222222222222222,1.4261632630408616,0.6016889514426459
IGHV4-31,H175,59,CDR2,TAT,25503,8531,1134,0.33450966552954553,0.04446535701682155,0.8571428571428571,0.14285714285714285,0.9672062387843551,1.2538212815990595
IGHV4-31,H178,60,CDR2,TAC,25505,8631,1352,0.3384042344638306,0.053009213879631444,0.8571428571428571,0.14285714285714285,1.4449905771712916,1.0639792899408285
IGHV4-59,H1,1,FR1,CAG,25286,400,421,0.01581903029344301,0.01664952938384877,0.875,0.125,0.6007651815035656,0.1357312521208008
IGHV4-59,H4,2,FR1,GTG,25286,731,542,0.028909277861267103,0.02143478604761528,0.6666666666666666,0.3333333333333333,0.6347108400377233,0.6743542435424353
IGHV4-59,H7,3,FR1,CAG,25286,1942,1440,0.07680139207466583,0.05694850905639484,0.875,0.125,2.1050765243095713,0.19265873015873017
IGHV4-59,H10,4,FR1,CTG,25286,258,1362,0.010203274539270743,0.053863798149173456,0.5555555555555556,0.4444444444444444,2.4506195025470903,0.15154185022026428
IGHV4-59,H13,5,FR1,CAG,25283,1356,472,0.05363287584542974,0.01866867064826168,0.875,0.125,0.5885892536219848,0.410411622276029
IGHV4-59,H16,6,FR1,GAG,25283,680,159,0.026895542459360045,0.0062888106632915395,0.875,0.125,0.7137633724717759,0.6109613656783468
IGHV4-59,H19,7,FR1,TCG,25283,225,25,0.008899260372582367,0.0009888067080647074,0.625,0.375,0.6053748285113313,5.3999999999999995
IGHV4-59,H25,9,FR1,GGC,25283,121,297,0.004785824467033184,0.011747023691808725,0.6666666666666666,0.3333333333333333,0.3055043667639592,0.2037037037037037
IGHV4-59,H28,10,FR1,CCA,25283,128,810,0.005062690345291302,0.032037337341296525,0.6666666666666666,0.3333333333333333,0.4322504752688081,0.07901234567901234
IGHV4-59,H31,11,FR1,GGA,25283,919,1151,0.036348534588458645,0.04552466083929913,0.625,0.375,0.8211142557916857,0.47906168549087746
IGHV4-59,H34,12,FR1,CTG,25286,645,426,0.025508186348176858,0.016847267262516806,0.5555555555555556,0.4444444444444444,0.6838295492789116,1.211267605633803
IGHV4-59,H37,13,FR1,GTG,25285,815,301,0.03223254894206051,0.011904291081668975,0.6666666666666666,0.3333333333333333,0.7622088942134256,1.3538205980066444
IGHV4-59,H40,14,FR1,AAG,25285,1774,165,0.07016017401621515,0.0065256080680245205,0.875,0.125,0.24543970046572014,1.535930735930736
IGHV4-59,H43,15,FR1,CCT,25282,1104,1383,0.04366743137410015,0.054702950715924376,0.6666666666666666,0.3333333333333333,1.9124329693472253,0.39913232104121477
IGHV4-59,H46,16,FR1,TCG,25283,362,110,0.014317921132776966,0.004350749515484713,0.625,0.375,0.2717762135445229,1.9745454545454546
IGHV4-59,H49,17,FR1,GAG,25280,406,150,0.01606012658227848,0.005933544303797469,0.875,0.125,0.19636240273659855,0.38666666666666666
IGHV4-59,H52,18,FR1,ACC,25283,236,311,0.00933433532413084,0.012300755448324962,0.6666666666666666,0.3333333333333333,0.41795784838257327,0.37942122186495175
IGHV4-59,H55,19,FR1,CTG,25281,107,400,0.004232427514734386,0.01582215893358649,0.5555555555555556,0.4444444444444444,0.6289659635544201,0.21399999999999997
IGHV4-59,H58,20,FR1,TCC,25281,515,822,0.020371029626992603,0.03251453660852023,0.6666666666666666,0.3333333333333333,0.6709686863860952,0.3132603406326034
IGHV4-59,H61,21,FR1,CTC,25281,165,266,0.006526640560104427,0.010521735690835015,0.6666666666666666,0.3333333333333333,0.43185266952684104,0.3101503759398497
IGHV4-59,H64,22,FR1,ACC,25279,1828,2061,0.07231298706436172,0.08153012381818901,0.6666666666666666,0.3333333333333333,0.7638459176589949,0.4434740417273168
IGHV4-59,H67,23,FR1,TGC,25279,32,564,0.0012658728588947348,0.0223110091380197,0.875,0.125,0.6720091806444749,0.008105369807497468
IGHV4-59,H70,24,FR1,ACT,25279,5362,317,0.212112820918549,0.012540053008425965,0.6666666666666666,0.3333333333333333,0.32437795410857895,8.457413249211356
IGHV4-59,H73,25,FR1,GTC,25278,674,896,0.026663501859324312,0.035445842234353986,0.6666666666666666,0.3333333333333333,0.9872727688299467,0.3761160714285714
IGHV4-59,H115,39,FR2,TAC,25190,4965,2065,0.19710202461294166,0.08197697499007543,0.8571428571428571,0.14285714285714285,1.1125014410685132,0.40072639225181594
IGHV4-59,H118,40,FR2,TAC,25259,3333,2202,0.13195296725919475,0.08717684785620967,0.8571428571428571,0.14285714285714285,0.8973178462299866,0.2522706630336058
IGHV4-59,H121,41,FR2,TGG,25263,396,0,0.015675097969362308,0.0,1.0,0.0,0.19709554669075924,
IGHV4-59,H124,42,FR2,AGC,25271,7236,2827,0.28633611649717067,0.11186735784100352,0.8888888888888888,0.1111111111111111,1.5879584411384597,0.31995047753802625
IGHV4-59,H127,43,FR2,TGG,25271,49,0,0.0019389814411776343,0.0,1.0,0.0,0.0,
IGHV4-59,H130,44,FR2,ATC,25270,2734,936,0.10819153146022951,0.0370399683419074,0.7777777777777778,0.2222222222222222,0.2851444185752991,0.8345543345543345
IGHV4-59,H133,45,FR2,CGG,25270,14,1900,0.000554016620498615,0.07518796992481203,0.5555555555555556,0.4444444444444444,0.8466764940974673,0.005894736842105263
IGHV4-59,H136,46,FR2,CAG,25270,503,143,0.019905025722200237,0.005658884052235853,0.875,0.125,0.22035364112787412,0.5024975024975025
IGHV4-59,H139,47,FR2,CCC,25270,5166,134,0.20443213296398893,0.0053027305104867434,0.6666666666666666,0.3333333333333333,0.2571225054699811,19.276119402985074
IGHV4-59,H142,48,FR2,CCA,25270,91,2397,0.003601108033240997,0.09485555995251287,0.6666666666666666,0.3333333333333333,0.886511778582091,0.01898206090947017
IGHV4-59,H145,49,FR2,GGG,25269,651,1210,0.025762792354268076,0.04788475998258736,0.6666666666666666,0.3333333333333333,1.0128370991948805,0.26900826446280995
IGHV4-59,H193,65,FR3,AGT,25251,7967,778,0.3155122569403192,0.03081066096392222,0.8888888888888888,0.1111111111111111,1.153518485971717,1.2800449871465296
IGHV4-59,H196,66,FR3,GGG,25243,1258,1831,0.04983559798756091,0.07253496018698254,0.6666666666666666,0.3333333333333333,1.7627818451070218,0.3435281267067176
IGHV4-59,H199,67,FR3,AGC,25238,10501,1313,0.41607892859973056,0.05202472462160235,0.8888888888888888,0.1111111111111111,1.2848602162019904,0.9997143945163748
IGHV4-59,H202,68,FR3,ACC,25256,3378,648,0.1337503959455179,0.025657269559708585,0.6666666666666666,0.3333333333333333,1.1211252830009373,2.606481481481482
IGHV4-59,H205,69,FR3,AAC,25265,8999,1722,0.3561844448842272,0.06815753018009103,0.8888888888888888,0.1111111111111111,1.679360306546074,0.6532375145180023
IGHV4-59,H208,70,FR3,TAC,25267,1696,1100,0.06712312502473582,0.043535045711798,0.8571428571428571,0.14285714285714285,1.413520312644162,0.25696969696969696
IGHV4-59,H211,71,FR3,AAC,25269,2321,3100,0.09185167596659939,0.12267996359175275,0.8888888888888888,0.1111111111111111,1.3674372563944346,0.09358870967741935
IGHV4-59,H214,72,FR3,CCC,25269,833,981,0.03296529344255807,0.038822272349519175,0.6666666666666666,0.3333333333333333,0.49296793162165464,0.4245667686034658
IGHV4-59,H217,73,FR3,TCC,25268,621,561,0.024576539496596484,0.022201994617698274,0.6666666666666666,0.3333333333333333,0.9297369212551664,0.553475935828877
IGHV4-59,H220,74,FR3,CTC,25267,644,994,0.025487790398543556,0.03933985039775201,0.6666666666666666,0.3333333333333333,0.6853225246326781,0.323943661971831
IGHV4-59,H223,75,FR3,AAG,25267,6244,257,0.2471207503858788,0.01017136977084735,0.875,0.125,0.2765697205770885,3.4708171206225673
IGHV4-59,H226,76,FR3,AGT,25268,2036,609,0.08057622289061263,0.024101630520816843,0.8888888888888888,0.1111111111111111,0.44309091105505094,0.41789819376026266
IGHV4-59,H229,77,FR3,CGA,25268,64,1621,0.0025328478708247586,0.06415228747823334,0.5,0.5,1.4919544300137655,0.039481801357186916
IGHV4-59,H232,78,FR3,GTC,25268,3210,539,0.12703815102105429,0.021331328162102262,0.6666666666666666,0.3333333333333333,0.3035643948012537,2.97773654916512
IGHV4-59,H235,79,FR3,ACC,25271,3508,469,0.13881524276839063,0.018558822365557358,0.6666666666666666,0.3333333333333333,0.5583444636077554,3.739872068230277
IGHV4-59,H238,80,FR3,ATA,25271,5404,3059,0.2138419532270191,0.12104784139923232,0.7777777777777778,0.2222222222222222,0.9073255344264464,0.5047401111474338
IGHV4-59,H241,81,FR3,TCA,25273,879,3054,0.03478020021366676,0.12084042258536778,0.5714285714285714,0.42857142857142855,0.8815366136937866,0.2158644400785855
IGHV4-59,H244,82,FR3,GTA,25272,9336,4482,0.3694207027540361,0.17735042735042736,0.6666666666666666,0.3333333333333333,1.0809176809520256,1.0414993306559572
IGHV4-59,H247,83,FR3,GAC,25279,796,167,0.03148858736500653,0.006606273982356897,0.8888888888888888,0.1111111111111111,0.17704693806179214,0.5958083832335329
IGHV4-59,H250,84,FR3,ACG,25280,3543,838,0.1401503164556962,0.03314873417721519,0.6666666666666666,0.3333333333333333,0.9434815010981986,2.113961813842482
IGHV4-59,H253,85,FR3,TCC,25275,982,1220,0.038852621167161226,0.048269040553907024,0.6666666666666666,0.3333333333333333,0.7096307691411985,0.4024590163934426
IGHV4-59,H256,86,FR3,AAG,25268,3959,365,0.1566803862593003,0.014445148013297451,0.875,0.125,0.5057640313189151,1.5495107632093934
IGHV4-59,H259,87,FR3,AAC,25276,4260,2642,0.16853932584269662,0.10452603260009495,0.8888888888888888,0.1111111111111111,1.629489667474064,0.20155185465556394
IGHV4-59,H262,88,FR3,CAG,25279,2352,1813,0.093041655128763,0.07171960916175482,0.875,0.125,2.61733779925298,0.1853281853281853
IGHV4-59,H265,89,FR3,TTC,25281,3463,886,0.136980340967525,0.03504608203789407,0.8888888888888888,0.1111111111111111,1.904804380512833,0.4885722347629797
IGHV4-59,H268,90,FR3,TCC,25282,987,703,0.039039632940431925,0.02780634443477573,0.6666666666666666,0.3333333333333333,0.6415974948648201,0.7019914651493598
IGHV4-59,H271,91,FR3,CTG,25281,156,833,0.006170641984098731,0.03294964597919386,0.5555555555555556,0.4444444444444444,2.098469419942864,0.14981992797118848
IGHV4-59,H274,92,FR3,AAG,25282,9705,2389,0.3838699469978641,0.0944941064789178,0.875,0.125,1.98571518078705,0.580338456018657
IGHV4-59,H277,93,FR3,CTG,25284,2336,4047,0.09239044454991299,0.16006169909824394,0.5555555555555556,0.4444444444444444,1.3642590597323545,0.4617741536940944
IGHV4-59,H280,94,FR3,AGC,25284,13497,1675,0.5338158519221642,0.06624742920423983,0.8888888888888888,0.1111111111111111,0.9960975619474636,1.0072388059701494
IGHV4-59,H283,95,FR3,TCT,25284,681,922,0.026934029425723777,0.03646574909033381,0.6666666666666666,0.3333333333333333,0.8920817460724421,0.36930585683297174
IGHV4-59,H286,96,FR3,GTG,25284,1539,747,0.06086853345989559,0.02954437588989084,0.6666666666666666,0.3333333333333333,1.018902845805064,1.030120481927711
IGHV4-59,H289,97,FR3,ACC,25282,929,484,0.036745510639981015,0.01914405505893521,0.6666666666666666,0.3333333333333333,0.6159824435303038,0.9597107438016529
IGHV4-59,H292,98,FR3,GCT,25284,1945,908,0.07692611928492327,0.03591203923429837,0.6666666666666666,0.3333333333333333,0.3183661317218087,1.0710352422907488
IGHV4-59,H295,99,FR3,GCG,25284,482,929,0.01906343932922006,0.03674260401835153,0.6666666666666666,0.3333333333333333,1.1886878770463047,0.25941872981700753
IGHV4-59,H298,100,FR3,GAC,25284,12,134,0.00047460844803037496,0.005299794336339187,0.8888888888888888,0.1111111111111111,0.2276380640658998,0.011194029850746268
IGHV4-59,H301,101,FR3,ACG,25284,609,324,0.02408637873754153,0.012814428096820124,0.6666666666666666,0.3333333333333333,0.3005798017784466,0.9398148148148147
IGHV4-59,H304,102,FR3,GCC,25284,267,146,0.010560037968675842,0.005774402784369562,0.6666666666666666,0.3333333333333333,0.2609036710393596,0.9143835616438356
IGHV4-59,H307,103,FR3,GTG,25284,4209,7986,0.16646891314665402,0.31585192216421454,0.6666666666666666,0.3333333333333333,5.757868269860768,0.2635236664162284
IGHV4-59,H310,104,FR3,TAT,25284,113,1161,0.004469229552286031,0.04591836734693878,0.8571428571428571,0.14285714285714285,1.0108823720549156,0.01622164800459374
IGHV4-59,H313,105,FR3,TAC,25284,2915,3783,0.11529030216737858,0.1496203132415757,0.8571428571428571,0.14285714285714285,2.7456568003467035,0.12842541193056656
IGHV4-59,H316,106,FR3,TGT,25284,0,519,0.0,0.020526815377313715,0.875,0.125,0.4528032287099792,0.0
IGHV4-59,H319,107,FR3,GCG,25284,1293,676,0.0511390602752729,0.02673627590571112,0.6666666666666666,0.3333333333333333,0.6107289702616664,0.9563609467455622
IGHV4-59,H322,108,FR3,AGA,25286,925,2920,0.03658150755358697,0.11547892114213398,0.75,0.25,1.8974565902754919,0.10559360730593609
IGHV4-59,H76,26,CDR1,TCT,25272,533,1170,0.02109053497942387,0.046296296296296294,0.6666666666666666,0.3333333333333333,0.7818966506958093,0.2277777777777778
IGHV4-59,H79,27,CDR1,GGT,25246,1709,1137,0.06769389210171908,0.04503683751881486,0.6666666666666666,0.3333333333333333,1.1894442632544764,0.7515391380826736
IGHV4-59,H85,29,CDR1,GGC,25267,6599,577,0.2611706969565045,0.022836110341552224,0.6666666666666666,0.3333333333333333,0.5806165228514444,5.718370883882149
IGHV4-59,H88,30,CDR1,TCC,25268,1379,445,0.05457495646667722,0.0176112078518284,0.6666666666666666,0.3333333333333333,1.3159849148763998,1.5494382022471909
IGHV4-59,H91,31,CDR1,ATC,25267,5138,1420,0.2033482407883801,0.05619978628250287,0.7777777777777778,0.2222222222222222,0.8452587148501042,1.0338028169014084
IGHV4-59,H94,32,CDR1,AGT,25201,8939,897,0.35470814650212296,0.03559382564183961,0.8888888888888888,0.1111111111111111,1.2948510988669473,1.245680044593088
IGHV4-59,H97,33,CDR1,AGT,25201,14069,773,0.558271497162811,0.030673385976746955,0.8888888888888888,0.1111111111111111,2.158418664037679,2.2750646830530403
IGHV4-59,H148,50,CDR2,AAG,25270,2237,127,0.08852394143252869,0.005025722200237436,0.875,0.125,0.44186352535710793,2.516310461192351
IGHV4-59,H151,51,CDR2,GGA,25270,1622,1571,0.06418678274633953,0.062168579343094575,0.625,0.375,2.098631283458776,0.6194780394653087
IGHV4-59,H154,52,CDR2,CTG,25270,443,923,0.017530668777206174,0.03652552433715869,0.5555555555555556,0.4444444444444444,0.5980846966957567,0.38396533044420367
IGHV4-59,H157,53,CDR2,GAG,25271,625,2599,0.02473190613746983,0.10284515848205453,0.875,0.125,0.8840286104259253,0.03435387236849338
IGHV4-59,H160,54,CDR2,TGG,25271,1125,0,0.04451743104744569,0.0,1.0,0.0,0.0029991285693718363,
IGHV4-59,H163,55,CDR2,ATT,25271,1888,935,0.07471014206006886,0.03699893158165486,0.7777777777777778,0.2222222222222222,0.33067442796767565,0.5769289533995415
IGHV4-59,H166,56,CDR2,GGG,25271,1624,10563,0.0642633849076016,0.41798899924815003,0.6666666666666666,0.3333333333333333,2.488091721052364,0.07687210072895959
IGHV4-59,H169,57,CDR2,TAT,25246,5617,1543,0.22249069159470808,0.061118593044442684,0.8571428571428571,0.14285714285714285,1.1697318590613741,0.6067185137178657
IGHV4-59,H172,58,CDR2,ATC,25244,6288,1960,0.24908889241007764,0.07764221201077484,0.7777777777777778,0.2222222222222222,1.4261632630408616,0.9166180758017491
IGHV4-59,H175,59,CDR2,TAT,25216,9299,992,0.36877379441624364,0.03934010152284264,0.8571428571428571,0.14285714285714285,0.9672062387843551,1.5623319892473118
IGHV4-59,H178,60,CDR2,TAC,25256,8384,2154,0.33196072220462464,0.08528666455495723,0.8571428571428571,0.14285714285714285,1.4449905771712916,0.6487155679356238
IGHV7-4-1,H1,1,FR1,CAG,24853,238,250,0.009576308695127348,0.010059147788999316,0.875,0.125,0.6007651815035656,0.13599999999999998
IGHV7-4-1,H4,2,FR1,GTG,24853,1023,514,0.041162032752585204,0.020681607854182594,0.6666666666666666,0.3333333333333333,0.6347108400377233,0.9951361867704281
IGHV7-4-1,H7,3,FR1,CAG,24853,1422,1907,0.05721643262382811,0.07673117933448678,0.875,0.125,2.1050765243095713,0.10652483332084801
IGHV7-4-1,H10,4,FR1,CTG,24853,296,1871,0.01191003098217519,0.07528266205287087,0.5555555555555556,0.4444444444444444,2.4506195025470903,0.1265633351149118
IGHV7-4-1,H13,5,FR1,GTG,24852,826,1343,0.03323676162884275,0.054039916304522775,0.6666666666666666,0.3333333333333333,0.5885892536219848,0.30752047654504844
IGHV7-4-1,H16,6,FR1,CAA,24852,106,1078,0.004265250281667471,0.0433767906003541,0.875,0.125,0.7137633724717759,0.014047177312483434
IGHV7-4-1,H19,7,FR1,TCT,24853,250,292,0.010059147788999316,0.011749084617551201,0.6666666666666666,0.3333333333333333,0.6053748285113313,0.42808219178082196
IGHV7-4-1,H25,9,FR1,GGG,24853,1067,127,0.04293244276344908,0.005110047076811653,0.6666666666666666,0.3333333333333333,0.3055043667639592,4.200787401574803
IGHV7-4-1,H28,10,FR1,TCT,24852,571,218,0.02297601802671817,0.008771929824561403,0.6666666666666666,0.3333333333333333,0.4322504752688081,1.3096330275229358
IGHV7-4-1,H31,11,FR1,GAG,24852,595,1339,0.023941735071624014,0.05387896346370513,0.875,0.125,0.8211142557916857,0.06348020911127708
IGHV7-4-1,H34,12,FR1,TTG,24852,854,501,0.03436343151456623,0.020159343312409463,0.75,0.25,0.6838295492789116,0.5681969394544245
IGHV7-4-1,H37,13,FR1,AAG,24852,2959,87,0.11906486399484952,0.0035007242877836795,0.875,0.125,0.7622088942134256,4.858784893267652
IGHV7-4-1,H40,14,FR1,AAG,24852,4724,285,0.19008530500563334,0.011467889908256881,0.875,0.125,0.24543970046572014,2.3679197994987464
IGHV7-4-1,H43,15,FR1,CCT,24852,426,377,0.017141477547078707,0.015169805247062611,0.6666666666666666,0.3333333333333333,1.9124329693472253,0.5649867374005305
IGHV7-4-1,H46,16,FR1,GGG,24852,37,173,0.001488813777563174,0.006961210365362949,0.6666666666666666,0.3333333333333333,0.2717762135445229,0.10693641618497109
IGHV7-4-1,H49,17,FR1,GCC,24852,585,50,0.023539352969579912,0.0020119105102205056,0.6666666666666666,0.3333333333333333,0.19636240273659855,5.849999999999999
IGHV7-4-1,H52,18,FR1,TCA,24852,240,727,0.009657170449058426,0.02925317881860615,0.5714285714285714,0.42857142857142855,0.41795784838257327,0.24759284731774417
IGHV7-4-1,H55,19,FR1,GTG,24852,401,335,0.016135522291968452,0.013479800418477387,0.6666666666666666,0.3333333333333333,0.6289659635544201,0.5985074626865672
IGHV7-4-1,H58,20,FR1,AAG,24852,3107,1541,0.12502011910510222,0.062007081924995974,0.875,0.125,0.6709686863860952,0.28803189023824977
IGHV7-4-1,H61,21,FR1,GTT,24852,3725,975,0.14988733301142765,0.039232254949299855,0.6666666666666666,0.3333333333333333,0.43185266952684104,1.9102564102564101
IGHV7-4-1,H64,22,FR1,TCC,24852,362,723,0.014566232093996458,0.02909222597778851,0.6666666666666666,0.3333333333333333,0.7638459176589949,0.2503457814661134
IGHV7-4-1,H67,23,FR1,TGC,24852,2,1010,0.00008047642040882022,0.040640592306454205,0.875,0.125,0.6720091806444749,0.00028288543140028293
IGHV7-4-1,H70,24,FR1,AAG,24852,2840,89,0.11427651698052471,0.0035812007081924995,0.875,0.125,0.32437795410857895,4.558587479935795
IGHV7-4-1,H73,25,FR1,GCT,24852,2720,2635,0.10944793175599549,0.10602768388862063,0.6666666666666666,0.3333333333333333,0.9872727688299467,0.5161290322580645
IGHV7-4-1,H115,39,FR2,TAT,24828,5664,747,0.22812953117448043,0.030086998550024165,0.8571428571428571,0.14285714285714285,1.1125014410685132,1.2637215528781793
IGHV7-4-1,H118,40,FR2,GCT,24826,9690,1070,0.39031660356078307,0.043099975831789254,0.6666666666666666,0.3333333333333333,0.8973178462299866,4.52803738317757
IGHV7-4-1,H121,41,FR2,ATG,24839,11842,0,0.47675027175007045,0.0,1.0,0.0,0.19709554669075924,
IGHV7-4-1,H124,42,FR2,AAT,24839,4013,895,0.16156044929344981,0.03603204637867869,0.8888888888888888,0.1111111111111111,1.5879584411384597,0.5604748603351954
IGHV7-4-1,H127,43,FR2,TGG,24839,20,0,0.000805185393936954,0.0,1.0,0.0,0.0,
IGHV7-4-1,H130,44,FR2,GTG,24836,2009,473,0.08089064261555806,0.019044934772105008,0.6666666666666666,0.3333333333333333,0.2851444185752991,2.123678646934461
IGHV7-4-1,H133,45,FR2,CGA,24832,0,1874,0.0,0.07546713917525773,0.5,0.5,0.8466764940974673,0.0
IGHV7-4-1,H136,46,FR2,CAG,24832,468,55,0.01884664948453608,0.0022148840206185566,0.875,0.125,0.22035364112787412,1.2155844155844155
IGHV7-4-1,H139,47,FR2,GCC,24832,665,30,0.026779961340206184,0.001208118556701031,0.6666666666666666,0.3333333333333333,0.2571225054699811,11.083333333333334
IGHV7-4-1,H142,48,FR2,CCT,24830,157,1100,0.006322996375352396,0.04430124848973017,0.6666666666666666,0.3333333333333333,0.886511778582091,0.07136363636363635
IGHV7-4-1,H145,49,FR2,GGA,24831,81,692,0.0032620514679231605,0.02786839031855342,0.625,0.375,1.0128370991948805,0.07023121387283236
IGHV7-4-1,H193,65,FR3,ACT,24830,2538,848,0.10221506242448651,0.03415223519935562,0.6666666666666666,0.3333333333333333,1.153518485971717,1.4964622641509433
IGHV7-4-1,H196,66,FR3,GGG,24815,1643,3012,0.06620995365706227,0.12137819867015918,0.6666666666666666,0.3333333333333333,1.7627818451070218,0.272742363877822
IGHV7-4-1,H199,67,FR3,AAC,24818,7682,815,0.30953340317511485,0.03283906841808365,0.8888888888888888,0.1111111111111111,1.2848602162019904,1.1782208588957055
IGHV7-4-1,H202,68,FR3,CCA,24828,1178,1164,0.04744643144836475,0.04688255195746738,0.6666666666666666,0.3333333333333333,1.1211252830009373,0.5060137457044673
IGHV7-4-1,H205,69,FR3,ACG,24820,3553,6160,0.14315068493150684,0.24818694601128122,0.6666666666666666,0.3333333333333333,1.679360306546074,0.2883928571428571
IGHV7-4-1,H208,70,FR3,TAT,24823,1134,372,0.045683438746323975,0.014986101599323209,0.8571428571428571,0.14285714285714285,1.413520312644162,0.5080645161290323
IGHV7-4-1,H211,71,FR3,GCC,24830,1672,107,0.06733789770438985,0.004309303262182844,0.6666666666666666,0.3333333333333333,1.3674372563944346,7.813084112149531
IGHV7-4-1,H214,72,FR3,CAG,24830,2429,237,0.09782521143777688,0.009544905356423682,0.875,0.125,0.49296793162165464,1.4641350210970465
IGHV7-4-1,H217,73,FR3,GGC,24830,3730,436,0.15022150624244865,0.0175594039468385,0.6666666666666666,0.3333333333333333,0.9297369212551664,4.277522935779817
IGHV7-4-1,H220,74,FR3,TTC,24830,1027,401,0.041361256544502616,0.016149818767619815,0.8888888888888888,0.1111111111111111,0.6853225246326781,0.3201371571072319
IGHV7-4-1,H223,75,FR3,ACA,24831,2947,745,0.11868229229592042,0.030002819056824132,0.6666666666666666,0.3333333333333333,0.2765697205770885,1.9778523489932884
IGHV7-4-1,H226,76,FR3,GGA,24838,276,1997,0.011112005797568242,0.08040099847008615,0.625,0.375,0.44309091105505094,0.08292438657986981
IGHV7-4-1,H229,77,FR3,CGG,24837,414,5273,0.01666867979224544,0.21230422353746425,0.5555555555555556,0.4444444444444444,1.4919544300137655,0.06281054428219231
IGHV7-4-1,H232,78,FR3,TTT,24838,1468,484,0.05910298735808036,0.01948627103631532,0.8888888888888888,0.1111111111111111,0.3035643948012537,0.37913223140495866
IGHV7-4-1,H235,79,FR3,GTC,24839,893,210,0.03595152783928499,0.008454446636338016,0.6666666666666666,0.3333333333333333,0.5583444636077554,2.126190476190476
IGHV7-4-1,H238,80,FR3,TTC,24840,1280,618,0.05152979066022544,0.024879227053140097,0.8888888888888888,0.1111111111111111,0.9073255344264464,0.2588996763754045
IGHV7-4-1,H241,81,FR3,TCC,24840,254,1309,0.010225442834138487,0.05269726247987117,0.6666666666666666,0.3333333333333333,0.8815366136937866,0.09702062643239115
IGHV7-4-1,H244,82,FR3,TTG,24838,2563,1480,0.10318866253321524,0.059586118044931156,0.75,0.25,1.0809176809520256,0.5772522522522523
IGHV7-4-1,H247,83,FR3,GAC,24835,499,229,0.02009261123414536,0.009220857660559694,0.8888888888888888,0.1111111111111111,0.17704693806179214,0.2723799126637554
IGHV7-4-1,H250,84,FR3,ACC,24835,1465,1299,0.05898932957519629,0.052305214415139925,0.6666666666666666,0.3333333333333333,0.9434815010981986,0.5638953040800615
IGHV7-4-1,H253,85,FR3,TCT,24837,488,815,0.019648105648830374,0.03281394693400974,0.6666666666666666,0.3333333333333333,0.7096307691411985,0.29938650306748466
IGHV7-4-1,H256,86,FR3,GTC,24839,2142,177,0.08623535569064777,0.007125890736342043,0.6666666666666666,0.3333333333333333,0.5057640313189151,6.0508474576271185
IGHV7-4-1,H259,87,FR3,AGC,24841,5756,2478,0.23171369912644418,0.09975443822712451,0.8888888888888888,0.1111111111111111,1.629489667474064,0.2903551251008878
IGHV7-4-1,H262,88,FR3,ACG,24845,654,402,0.02632320386395653,0.01618031797142282,0.6666666666666666,0.3333333333333333,2.61733779925298,0.8134328358208956
IGHV7-4-1,H265,89,FR3,GCA,24845,2722,1972,0.1095592674582411,0.07937210706379554,0.6666666666666666,0.3333333333333333,1.904804380512833,0.6901622718052738
IGHV7-4-1,H268,90,FR3,TAT,24845,2112,294,0.0850070436707587,0.01183336687462266,0.8571428571428571,0.14285714285714285,0.6415974948648201,1.1972789115646256
IGHV7-4-1,H271,91,FR3,CTG,24845,246,3393,0.009901388609378144,0.13656671362447173,0.5555555555555556,0.4444444444444444,2.098469419942864,0.05800176834659593
IGHV7-4-1,H274,92,FR3,CAG,24845,2983,658,0.12006439927550815,0.026484202052726908,0.875,0.125,1.98571518078705,0.6476335214937039
IGHV7-4-1,H277,93,FR3,ATC,24845,355,707,0.0142885892533709,0.028456429865164015,0.7777777777777778,0.2222222222222222,1.3642590597323545,0.14346332592442917
IGHV7-4-1,H280,94,FR3,AGC,24852,6468,1831,0.2602607436021246,0.0736761628842749,0.8888888888888888,0.1111111111111111,0.9960975619474636,0.4415619879847078
IGHV7-4-1,H283,95,FR3,AGC,24852,4363,1214,0.1755593111218413,0.04884918718815387,0.8888888888888888,0.1111111111111111,0.8920817460724421,0.4492380560131796
IGHV7-4-1,H286,96,FR3,CTA,24853,144,5183,0.005794069126463606,0.2085462519615338,0.5555555555555556,0.4444444444444444,1.018902845805064,0.022226509743391853
IGHV7-4-1,H289,97,FR3,AAG,24853,5454,76,0.2194503681648091,0.0030579809278557923,0.875,0.125,0.6159824435303038,10.251879699248121
IGHV7-4-1,H292,98,FR3,GCT,24853,4565,598,0.1836800386271275,0.024061481511286363,0.6666666666666666,0.3333333333333333,0.3183661317218087,3.8168896321070234
IGHV7-4-1,H295,99,FR3,GAG,24853,3526,2324,0.14187422041604636,0.09350983784653764,0.875,0.125,1.1886878770463047,0.216744529136956
IGHV7-4-1,H298,100,FR3,GAC,24852,38,383,0.0015290519877675841,0.015411234508289072,0.8888888888888888,0.1111111111111111,0.2276380640658998,0.012402088772845953
IGHV7-4-1,H301,101,FR3,ACT,24852,1489,1004,0.05991469499436665,0.04039916304522775,0.6666666666666666,0.3333333333333333,0.3005798017784466,0.7415338645418326
IGHV7-4-1,H304,102,FR3,GCC,24852,805,61,0.032391759214550134,0.0024545308224690164,0.6666666666666666,0.3333333333333333,0.2609036710393596,6.598360655737705
IGHV7-4-1,H307,103,FR3,GTG,24852,3753,8906,0.15101400289715114,0.3583615000804764,0.6666666666666666,0.3333333333333333,5.757868269860768,0.21070065124635076
IGHV7-4-1,H310,104,FR3,TAT,24852,175,1470,0.007041686785771769,0.05915016900048286,0.8571428571428571,0.14285714285714285,1.0108823720549156,0.01984126984126984
IGHV7-4-1,H313,105,FR3,TAC,24852,2185,2164,0.08792048929663608,0.08707548688234347,0.8571428571428571,0.14285714285714285,2.7456568003467035,0.16828404189772028
IGHV7-4-1,H316,106,FR3,TGT,24852,3,419,0.00012071463061323032,0.016859810075647835,0.875,0.125,0.4528032287099792,0.0010228435049437436
IGHV7-4-1,H319,107,FR3,GCG,24852,2091,632,0.08413809753742153,0.025430548849187187,0.6666666666666666,0.3333333333333333,0.6107289702616664,1.6542721518987344
IGHV7-4-1,H322,108,FR3,AGA,24852,698,2204,0.028086270722678254,0.08868501529051988,0.75,0.25,1.8974565902754919,0.10556563823351481
IGHV7-4-1,H76,26,CDR1,TCT,24853,487,828,0.019595219892970667,0.033315897477165735,0.6666666666666666,0.3333333333333333,0.7818966506958093,0.2940821256038647
IGHV7-4-1,H79,27,CDR1,GGA,24853,454,734,0.018267412384822757,0.02953365790850199,0.625,0.375,1.1894442632544764,0.37111716621253404
IGHV7-4-1,H85,29,CDR1,TAC,24844,976,983,0.0392851392690388,0.03956689744002576,0.8571428571428571,0.14285714285714285,0.5806165228514444,0.16547982366904035
IGHV7-4-1,H88,30,CDR1,ACC,24845,7031,1397,0.282994566311129,0.056228617428053934,0.6666666666666666,0.3333333333333333,1.3159849148763998,2.5164638511095205
IGHV7-4-1,H91,31,CDR1,TTC,24838,1546,437,0.06224333682261052,0.01759400917948305,0.8888888888888888,0.1111111111111111,0.8452587148501042,0.4422196796338673
IGHV7-4-1,H94,32,CDR1,ACT,24833,6407,1962,0.25800346313373335,0.07900777191640156,0.6666666666666666,0.3333333333333333,1.2948510988669473,1.632772680937819
IGHV7-4-1,H97,33,CDR1,AGC,24823,17076,3870,0.6879104056721589,0.155903798896185,0.8888888888888888,0.1111111111111111,2.158418664037679,0.5515503875968992
IGHV7-4-1,H148,50,CDR2,CAA,24831,941,1181,0.03789617816439129,0.047561515847126576,0.875,0.125,0.44186352535710793,0.1138260554009919
IGHV7-4-1,H151,51,CDR2,GGG,24831,321,3290,0.012927389150658452,0.13249567073416293,0.6666666666666666,0.3333333333333333,2.098631283458776,0.048784194528875384
IGHV7-4-1,H154,52,CDR2,CTT,24831,1560,658,0.06282469493777938,0.02649913414683259,0.6666666666666666,0.3333333333333333,0.5980846966957567,1.1854103343465046
IGHV7-4-1,H157,53,CDR2,GAG,24831,709,502,0.02855301840441384,0.02021666465305465,0.875,0.125,0.8840286104259253,0.20176437108708026
IGHV7-4-1,H160,54,CDR2,TGG,24831,663,0,0.02670049534855624,0.0,1.0,0.0,0.0029991285693718363,
IGHV7-4-1,H163,55,CDR2,ATG,24831,2682,0,0.10801014860456687,0.0,1.0,0.0,0.33067442796767565,
IGHV7-4-1,H166,56,CDR2,GGA,24831,243,3091,0.009786154403769481,0.1244814949055616,0.625,0.375,2.488091721052364,0.04716920090585571
IGHV7-4-1,H169,57,CDR2,TGG,24831,1461,0,0.05883774314365108,0.0,1.0,0.0,1.1697318590613741,
IGHV7-4-1,H172,58,CDR2,ATC,24830,1182,534,0.04760370519532823,0.021506242448650827,0.7777777777777778,0.2222222222222222,1.4261632630408616,0.6324237560192615
IGHV7-4-1,H175,59,CDR2,AAC,24817,3524,599,0.1419994358705726,0.02413668050126929,0.8888888888888888,0.1111111111111111,0.9672062387843551,0.7353923205342238
IGHV7-4-1,H178,60,CDR2,ACC,24801,2091,775,0.08431111648723842,0.031248739970162493,0.6666666666666666,0.3333333333333333,1.4449905771712916,1.349032258064516
IGHV7-4-1,H181,61,CDR2,AAC,24827,7809,822,0.3145365932251178,0.03310911507632819,0.8888888888888888,0.1111111111111111,0.9421458665967667,1.1875
IGHV3-9,H1,1,FR1,GAA,23019,964,1214,0.04187844823841175,0.05273904166123637,0.875,0.125,0.6007651815035656,0.11343845610731937
IGHV3-9,H4,2,FR1,GTG,23019,1677,1116,0.07285286068030757,0.048481689039489115,0.6666666666666666,0.3333333333333333,0.6347108400377233,0.7513440860215055
IGHV3-9,H7,3,FR1,CAG,23019,2436,2805,0.10582562231200313,0.12185585820409227,0.875,0.125,2.1050765243095713,0.12406417112299466
IGHV3-9,H10,4,FR1,CTG,23019,728,3331,0.0316260480472653,0.1447065467657153,0.5555555555555556,0.4444444444444444,2.4506195025470903,0.1748423896727709
IGHV3-9,H13,5,FR1,GTG,23019,643,436,0.027933446283504932,0.018940874929406142,0.6666666666666666,0.3333333333333333,0.5885892536219848,0.7373853211009176
IGHV3-9,H16,6,FR1,GAG,23019,544,1639,0.02363265128806638,0.07120205048003823,0.875,0.125,0.7137633724717759,0.0474156715767454
IGHV3-9,H19,7,FR1,TCT,23019,230,1553,0.009991745948998654,0.06746600634258657,0.6666666666666666,0.3333333333333333,0.6053748285113313,0.07405022537025112
IGHV3-9,H25,9,FR1,GGG,23019,12,113,0.0005213084842955819,0.0049089882271167295,0.6666666666666666,0.3333333333333333,0.3055043667639592,0.05309734513274336
IGHV3-9,H28,10,FR1,GGA,23019,12,510,0.0005213084842955819,0.02215561058256223,0.625,0.375,0.4322504752688081,0.01411764705882353
IGHV3-9,H31,11,FR1,GGC,23019,2381,763,0.10343629175898171,0.03314653112646075,0.6666666666666666,0.3333333333333333,0.8211142557916857,1.560288335517693
IGHV3-9,H34,12,FR1,TTG,23019,1514,1210,0.06577175376862592,0.05256527216647117,0.75,0.25,0.6838295492789116,0.41707988980716254
IGHV3-9,H37,13,FR1,GTA,23019,1714,2906,0.07446022850688562,0.12624353794691343,0.6666666666666666,0.3333333333333333,0.7622088942134256,0.2949070887818307
IGHV3-9,H40,14,FR1,CAG,23019,893,432,0.03879403970632955,0.018767105434640947,0.875,0.125,0.24543970046572014,0.2953042328042328
IGHV3-9,H43,15,FR1,CCT,23019,604,444,0.02623919370954429,0.019288413918936532,0.6666666666666666,0.3333333333333333,1.9124329693472253,0.6801801801801801
IGHV3-9,H46,16,FR1,GGC,23018,97,278,0.004214093318272656,0.012077504561647407,0.6666666666666666,0.3333333333333333,0.2717762135445229,0.17446043165467623
IGHV3-9,H49,17,FR1,AGG,23019,3082,140,0.13388939571658195,0.006081932316781789,0.7777777777777778,0.2222222222222222,0.19636240273659855,6.289795918367346
IGHV3-9,H52,18,FR1,TCC,23019,147,370,0.006386028932620878,0.016073678265780444,0.6666666666666666,0.3333333333333333,0.41795784838257327,0.19864864864864862
IGHV3-9,H55,19,FR1,CTG,23019,147,858,0.006386028932620878,0.03727355662713411,0.5555555555555556,0.4444444444444444,0.6289659635544201,0.13706293706293704
IGHV3-9,H58,20,FR1,AGA,23019,676,302,0.02936704461531778,0.013119596854772144,0.75,0.25,0.6709686863860952,0.7461368653421634
IGHV3-9,H61,21,FR1,CTC,23019,375,444,0.016290890134236936,0.019288413918936532,0.6666666666666666,0.3333333333333333,0.43185266952684104,0.4222972972972973
IGHV3-9,H64,22,FR1,TCC,23019,346,733,0.015031061297189278,0.031843259915721796,0.6666666666666666,0.3333333333333333,0.7638459176589949,0.23601637107776263
IGHV3-9,H67,23,FR1,TGT,23019,4,427,0.00017376949476519398,0.018549893566184455,0.875,0.125,0.6720091806444749,0.0013382402141184342
IGHV3-9,H70,24,FR1,GCA,23019,4880,420,0.21199878361353663,0.018245796950345367,0.6666666666666666,0.3333333333333333,0.32437795410857895,5.809523809523809
IGHV3-9,H73,25,FR1,GCC,23019,2559,194,0.11116903427603285,0.008427820496111908,0.6666666666666666,0.3333333333333333,0.9872727688299467,6.595360824742269
IGHV3-9,H115,39,FR2,TAT,23014,4149,738,0.18028156774137483,0.03206743721213175,0.8571428571428571,0.14285714285714285,1.1125014410685132,0.9369918699186992
IGHV3-9,H118,40,FR2,GCC,23014,3387,62,0.14717128704266969,0.002694012340314591,0.6666666666666666,0.3333333333333333,0.8973178462299866,27.31451612903226
IGHV3-9,H121,41,FR2,ATG,23014,1898,0,0.08247153906317893,0.0,1.0,0.0,0.19709554669075924,
IGHV3-9,H124,42,FR2,CAC,23013,2180,713,0.09472906617998522,0.030982488158866728,0.8888888888888888,0.1111111111111111,1.5879584411384597,0.38218793828892006
IGHV3-9,H127,43,FR2,TGG,23012,4,0,0.00017382235355466714,0.0,1.0,0.0,0.0,
IGHV3-9,H130,44,FR2,GTC,23012,381,154,0.016556579176082043,0.006692160611854685,0.6666666666666666,0.3333333333333333,0.2851444185752991,1.2370129870129867
IGHV3-9,H133,45,FR2,CGG,23005,1,2253,0.00004346881112801565,0.09793523147141926,0.5555555555555556,0.4444444444444444,0.8466764940974673,0.00035508211273857076
IGHV3-9,H136,46,FR2,CAA,23005,920,886,0.039991306237774395,0.038513366659421865,0.875,0.125,0.22035364112787412,0.14833924540470814
IGHV3-9,H139,47,FR2,GCT,23005,7071,392,0.30736796348619866,0.017039773962182134,0.6666666666666666,0.3333333333333333,0.2571225054699811,9.019132653061225
IGHV3-9,H142,48,FR2,CCA,23004,160,823,0.006955312119631368,0.03577638671535385,0.6666666666666666,0.3333333333333333,0.886511778582091,0.09720534629404616
IGHV3-9,H145,49,FR2,GGG,23005,226,822,0.009823951314931537,0.035731362747228865,0.6666666666666666,0.3333333333333333,1.0128370991948805,0.13746958637469586
IGHV3-9,H193,65,FR3,AGT,23003,4194,999,0.18232404468982308,0.043429117941138115,0.8888888888888888,0.1111111111111111,1.153518485971717,0.5247747747747747
IGHV3-9,H196,66,FR3,GGT,22996,8673,1676,0.3771525482692642,0.07288224038963298,0.6666666666666666,0.3333333333333333,1.7627818451070218,2.5874105011933173
IGHV3-9,H199,67,FR3,AGC,23007,13867,2616,0.602729604033555,0.11370452470987091,0.8888888888888888,0.1111111111111111,1.2848602162019904,0.662605122324159
IGHV3-9,H202,68,FR3,ATA,23008,7017,1543,0.304980876216968,0.06706363004172462,0.7777777777777778,0.2222222222222222,1.1211252830009373,1.2993241366540134
IGHV3-9,H205,69,FR3,GGC,23004,9480,1439,0.41210224308815857,0.06255433837593462,0.6666666666666666,0.3333333333333333,1.679360306546074,3.2939541348158445
IGHV3-9,H208,70,FR3,TAT,23007,431,959,0.018733428956404573,0.04168296605380971,0.8571428571428571,0.14285714285714285,1.413520312644162,0.07490441432047272
IGHV3-9,H211,71,FR3,GCG,23007,1852,349,0.08049723997044378,0.015169296301125745,0.6666666666666666,0.3333333333333333,1.3674372563944346,2.653295128939828
IGHV3-9,H214,72,FR3,GAC,23007,1836,174,0.07980179945234059,0.007562915634372148,0.8888888888888888,0.1111111111111111,0.49296793162165464,1.3189655172413792
IGHV3-9,H217,73,FR3,TCT,23008,475,573,0.020644993045897078,0.024904381084840055,0.6666666666666666,0.3333333333333333,0.9297369212551664,0.41448516579406636
IGHV3-9,H220,74,FR3,GTG,23008,447,463,0.019428025034770514,0.020123435326842836,0.6666666666666666,0.3333333333333333,0.6853225246326781,0.48272138228941686
IGHV3-9,H223,75,FR3,AAG,23008,3693,42,0.16050938803894296,0.001825452016689847,0.875,0.125,0.2765697205770885,12.561224489795919
IGHV3-9,H226,76,FR3,GGC,23008,149,298,0.006476008344923505,0.01295201668984701,0.6666666666666666,0.3333333333333333,0.44309091105505094,0.25
IGHV3-9,H229,77,FR3,CGA,23008,8,1544,0.0003477051460361613,0.06710709318497914,0.5,0.5,1.4919544300137655,0.0051813471502590676
IGHV3-9,H232,78,FR3,TTC,23008,373,311,0.016211752433936022,0.013517037552155772,0.8888888888888888,0.1111111111111111,0.3035643948012537,0.14991961414790997
IGHV3-9,H235,79,FR3,ACC,23008,1778,176,0.07727746870653686,0.0076495132127955496,0.6666666666666666,0.3333333333333333,0.5583444636077554,5.051136363636364
IGHV3-9,H238,80,FR3,ATC,23008,1731,815,0.0752347009735744,0.03542246175243394,0.7777777777777778,0.2222222222222222,0.9073255344264464,0.6068361086765993
IGHV3-9,H241,81,FR3,TCC,23008,396,455,0.017211404728789986,0.019775730180806677,0.6666666666666666,0.3333333333333333,0.8815366136937866,0.4351648351648351
IGHV3-9,H244,82,FR3,AGA,23017,614,660,0.02667593517834644,0.028674458009297476,0.75,0.25,1.0809176809520256,0.3101010101010101
IGHV3-9,H247,83,FR3,GAC,23017,243,131,0.010557414085241343,0.00569144545336056,0.8888888888888888,0.1111111111111111,0.17704693806179214,0.23187022900763354
IGHV3-9,H250,84,FR3,AAC,23003,2154,438,0.09363996000521671,0.019040994652871363,0.8888888888888888,0.1111111111111111,0.9434815010981986,0.6147260273972603
IGHV3-9,H253,85,FR3,GCC,23003,1598,42,0.06946919966960831,0.0018258488023301309,0.6666666666666666,0.3333333333333333,0.7096307691411985,19.023809523809526
IGHV3-9,H256,86,FR3,AAG,23007,2680,296,0.11648628678228365,0.01286564958490894,0.875,0.125,0.5057640313189151,1.2934362934362933
IGHV3-9,H259,87,FR3,AAC,23015,4500,1614,0.1955246578318488,0.07012817727568976,0.8888888888888888,0.1111111111111111,1.629489667474064,0.3485130111524164
IGHV3-9,H262,88,FR3,TCC,23017,1526,639,0.06629882260937568,0.02776208889081983,0.6666666666666666,0.3333333333333333,2.61733779925298,1.1940532081377153
IGHV3-9,H265,89,FR3,CTG,23018,1444,3946,0.06273351290294552,0.17143105395777217,0.5555555555555556,0.4444444444444444,1.904804380512833,0.29275215408008104
IGHV3-9,H268,90,FR3,TAT,23018,3502,289,0.15214180206794684,0.012555391432791729,0.8571428571428571,0.14285714285714285,0.6415974948648201,2.019607843137255
IGHV3-9,H271,91,FR3,CTG,23018,199,4456,0.008645407941610913,0.19358762707446348,0.5555555555555556,0.4444444444444444,2.098469419942864,0.03572710951526032
IGHV3-9,H274,92,FR3,CAA,23018,2071,883,0.08997306455817186,0.038361282474585104,0.875,0.125,1.98571518078705,0.3350590519333441
IGHV3-9,H277,93,FR3,ATG,23018,924,0,0.04014249717612303,0.0,1.0,0.0,1.3642590597323545,
IGHV3-9,H280,94,FR3,AAC,23018,4423,969,0.1921539664610305,0.042097488921713444,0.8888888888888888,0.1111111111111111,0.9960975619474636,0.570562435500516
IGHV3-9,H283,95,FR3,AGT,23018,2137,302,0.0928403857850378,0.01312016682596229,0.8888888888888888,0.1111111111111111,0.8920817460724421,0.8845198675496688
IGHV3-9,H286,96,FR3,CTG,23018,415,1212,0.01802936832044487,0.05265444434790164,0.5555555555555556,0.4444444444444444,1.018902845805064,0.27392739273927397
IGHV3-9,H289,97,FR3,AGA,23018,2019,897,0.08771396298548961,0.03896950212876879,0.75,0.25,0.6159824435303038,0.7502787068004458
IGHV3-9,H292,98,FR3,GCT,23018,13094,333,0.5688591537057954,0.014466938917369016,0.6666666666666666,0.3333333333333333,0.3183661317218087,19.66066066066066
IGHV3-9,H295,99,FR3,GAG,23018,2308,1556,0.10026935441828135,0.06759927013641498,0.875,0.125,1.1886878770463047,0.2118986412045538
IGHV3-9,H298,100,FR3,GAC,23018,18,264,0.000781996698236163,0.011469284907463724,0.8888888888888888,0.1111111111111111,0.2276380640658998,0.008522727272727274
IGHV3-9,H301,101,FR3,ACG,23018,620,200,0.026935441828134503,0.008688852202624033,0.6666666666666666,0.3333333333333333,0.3005798017784466,1.55
IGHV3-9,H304,102,FR3,GCC,23018,381,231,0.016552263445998784,0.010035624294030758,0.6666666666666666,0.3333333333333333,0.2609036710393596,0.8246753246753248
IGHV3-9,H307,103,FR3,TTG,23018,5501,4261,0.23898687983317404,0.18511599617690502,0.75,0.25,5.757868269860768,0.4303371665493233
IGHV3-9,H310,104,FR3,TAT,23018,89,838,0.003866539230167695,0.0364062907289947,0.8571428571428571,0.14285714285714285,1.0108823720549156,0.01770087509944312
IGHV3-9,H313,105,FR3,TAC,23018,1840,2982,0.07993744026414111,0.12955078634112432,0.8571428571428571,0.14285714285714285,2.7456568003467035,0.10283925776883523
IGHV3-9,H316,106,FR3,TGT,23018,0,586,0.0,0.025458336953688418,0.875,0.125,0.4528032287099792,0.0
IGHV3-9,H319,107,FR3,GCA,23018,6106,1083,0.26527065774611175,0.04705013467720914,0.6666666666666666,0.3333333333333333,0.6107289702616664,2.8190212373037857
IGHV3-9,H322,108,FR3,AAA,23018,2713,1813,0.11786428012859501,0.07876444521678687,0.875,0.125,1.8974565902754919,0.21377354030415252
IGHV3-9,H76,26,CDR1,TCT,23019,373,768,0.016204005386854337,0.03336374299491724,0.6666666666666666,0.3333333333333333,0.7818966506958093,0.24283854166666666
IGHV3-9,H79,27,CDR1,GGA,23018,332,713,0.014423494656355895,0.03097575810235468,0.625,0.375,1.1894442632544764,0.27938288920056104
IGHV3-9,H85,29,CDR1,TTC,23015,953,723,0.041407777536389315,0.031414295024983704,0.8888888888888888,0.1111111111111111,0.5806165228514444,0.1647648686030429
IGHV3-9,H88,30,CDR1,ACC,23017,7091,1892,0.3080766390059521,0.0822001129599861,0.6666666666666666,0.3333333333333333,1.3159849148763998,1.8739429175475686
IGHV3-9,H91,31,CDR1,TTT,23013,858,399,0.03728327467083822,0.01733802633294225,0.8888888888888888,0.1111111111111111,0.8452587148501042,0.26879699248120303
IGHV3-9,H94,32,CDR1,GAT,23010,6158,833,0.2676227727075185,0.036201651455888745,0.8888888888888888,0.1111111111111111,1.2948510988669473,0.9240696278511404
IGHV3-9,H97,33,CDR1,GAT,23015,3851,1385,0.16732565718009992,0.060178144688246796,0.8888888888888888,0.1111111111111111,2.158418664037679,0.34756317689530686
IGHV3-9,H148,50,CDR2,AAG,23006,1278,24,0.055550725897591934,0.0010432061201425715,0.875,0.125,0.44186352535710793,7.607142857142858
IGHV3-9,H151,51,CDR2,GGC,23006,255,140,0.011084065026514822,0.006085369034165,0.6666666666666666,0.3333333333333333,2.098631283458776,0.9107142857142857
IGHV3-9,H154,52,CDR2,CTG,23006,476,853,0.020690254716161,0.037077284186733894,0.5555555555555556,0.4444444444444444,0.5980846966957567,0.4464243845252051
IGHV3-9,H157,53,CDR2,GAG,23007,426,735,0.018516103794497328,0.031946798800365106,0.875,0.125,0.8840286104259253,0.08279883381924198
IGHV3-9,H160,54,CDR2,TGG,23008,145,0,0.006302155771905424,0.0,1.0,0.0,0.0029991285693718363,
IGHV3-9,H163,55,CDR2,GTC,23007,436,242,0.01895075411831182,0.010518537836310689,0.6666666666666666,0.3333333333333333,0.33067442796767565,0.9008264462809916
IGHV3-9,H166,56,CDR2,TCA,23004,2507,982,0.10898104677447401,0.042688228134237526,0.5714285714285714,0.42857142857142855,2.488091721052364,1.9147148676171082
IGHV3-9,H169,57,CDR2,GGT,23004,3824,2133,0.16623195965918972,0.09272300469483569,0.6666666666666666,0.3333333333333333,1.1697318590613741,0.896390060947023
IGHV3-9,H172,58,CDR2,ATT,23007,2204,2097,0.09579693136871387,0.09114617290389881,0.7777777777777778,0.2222222222222222,1.4261632630408616,0.30029293548606845
IGHV3-9,H175,59,CDR2,AGT,23004,6587,597,0.2863415058250739,0.025952008346374542,0.8888888888888888,0.1111111111111111,0.9672062387843551,1.3791876046901175
IGHV3-9,H178,60,CDR2,TGG,23006,2257,0,0.09810484221507433,0.0,1.0,0.0,1.4449905771712916,
IGHV3-9,H181,61,CDR2,AAT,22949,4189,1769,0.18253518671837554,0.07708396880038346,0.8888888888888888,0.1111111111111111,0.9421458665967667,0.29600056529112495
IGHV4-4,H1,1,FR1,CAG,22903,482,771,0.021045277911190673,0.033663712177444,0.875,0.125,0.6007651815035656,0.0893088753010932
IGHV4-4,H4,2,FR1,GTG,22903,1003,673,0.04379338951229097,0.02938479675151727,0.6666666666666666,0.3333333333333333,0.6347108400377233,0.7451708766716196
IGHV4-4,H7,3,FR1,CAG,22903,2372,1828,0.10356721826834912,0.0798148714142252,0.875,0.125,2.1050765243095713,0.18537042825883088
IGHV4-4,H10,4,FR1,CTG,22903,312,2093,0.01362266951927695,0.09138540802514955,0.5555555555555556,0.4444444444444444,2.4506195025470903,0.11925465838509314
IGHV4-4,H13,5,FR1,CAG,22903,1277,542,0.05575688774396367,0.023665022049513165,0.875,0.125,0.5885892536219848,0.33658408012651553
IGHV4-4,H16,6,FR1,GAG,22903,553,145,0.024145308474872288,0.006331048334279352,0.875,0.125,0.7137633724717759,0.5448275862068965
IGHV4-4,H19,7,FR1,TCG,22903,121,81,0.0052831506789503555,0.0035366545867353623,0.625,0.375,0.6053748285113313,0.8962962962962961
IGHV4-4,H25,9,FR1,GGC,22903,85,334,0.0037113041959568618,0.014583242369995197,0.6666666666666666,0.3333333333333333,0.3055043667639592,0.12724550898203593
IGHV4-4,H28,10,FR1,CCA,22903,82,686,0.003580316989040737,0.029952407981487142,0.6666666666666666,0.3333333333333333,0.4322504752688081,0.0597667638483965
IGHV4-4,H31,11,FR1,GGA,22903,954,801,0.0416539317993276,0.034973584246605245,0.625,0.375,0.8211142557916857,0.7146067415730338
IGHV4-4,H34,12,FR1,CTG,22903,452,726,0.01973540584202943,0.031698904073702135,0.5555555555555556,0.4444444444444444,0.6838295492789116,0.4980716253443527
IGHV4-4,H37,13,FR1,GTG,22903,699,292,0.030520019211457014,0.012749421473169454,0.6666666666666666,0.3333333333333333,0.7622088942134256,1.196917808219178
IGHV4-4,H40,14,FR1,AAG,22900,2203,272,0.09620087336244541,0.011877729257641922,0.875,0.125,0.24543970046572014,1.1570378151260503
IGHV4-4,H43,15,FR1,CCT,22900,883,1088,0.0385589519650655,0.04751091703056769,0.6666666666666666,0.3333333333333333,1.9124329693472253,0.40579044117647056
IGHV4-4,H46,16,FR1,TCG,22899,433,76,0.01890912266911219,0.0033189222236778898,0.625,0.375,0.2717762135445229,3.418421052631579
IGHV4-4,H49,17,FR1,GGG,22902,1486,163,0.0648851628678718,0.007117282333420662,0.6666666666666666,0.3333333333333333,0.19636240273659855,4.558282208588957
IGHV4-4,H52,18,FR1,ACC,22902,140,334,0.00611300323115885,0.014583879137193258,0.6666666666666666,0.3333333333333333,0.41795784838257327,0.20958083832335328
IGHV4-4,H55,19,FR1,CTG,22900,201,393,0.008777292576419213,0.017161572052401746,0.5555555555555556,0.4444444444444444,0.6289659635544201,0.4091603053435114
IGHV4-4,H58,20,FR1,TCC,22900,383,781,0.016724890829694323,0.034104803493449784,0.6666666666666666,0.3333333333333333,0.6709686863860952,0.24519846350832264
IGHV4-4,H61,21,FR1,CTC,22899,137,241,0.005982794008471986,0.010524477051399625,0.6666666666666666,0.3333333333333333,0.43185266952684104,0.28423236514522815
IGHV4-4,H64,22,FR1,ACC,22899,1571,1876,0.0686056159657627,0.08192497488973317,0.6666666666666666,0.3333333333333333,0.7638459176589949,0.41871002132196167
IGHV4-4,H67,23,FR1,TGC,22899,21,528,0.0009170706144373117,0.02305777544870955,0.875,0.125,0.6720091806444749,0.005681818181818181
IGHV4-4,H70,24,FR1,GCT,22896,5777,336,0.2523148148148148,0.014675052410901468,0.6666666666666666,0.3333333333333333,0.32437795410857895,8.59672619047619
IGHV4-4,H73,25,FR1,GTC,22897,593,1529,0.02589858933484736,0.0667773070707953,0.6666666666666666,0.3333333333333333,0.9872727688299467,0.19391759319816876
IGHV4-4,H115,39,FR2,AAC,22858,7000,2290,0.3062385160556479,0.10018374310963339,0.8888888888888888,0.1111111111111111,1.1125014410685132,0.38209606986899564
IGHV4-4,H118,40,FR2,TGG,22888,2709,1015,0.11835896539671444,0.04434638238378189,1.0,0.0,0.8973178462299866,
IGHV4-4,H121,41,FR2,TGG,22891,462,0,0.020182604517059107,0.0,1.0,0.0,0.19709554669075924,
IGHV4-4,H124,42,FR2,AGT,22894,6939,2091,0.30309251332226783,0.09133397396697825,0.8888888888888888,0.1111111111111111,1.5879584411384597,0.4148134863701578
IGHV4-4,H127,43,FR2,TGG,22895,74,0,0.0032321467569338285,0.0,1.0,0.0,0.0,
IGHV4-4,H130,44,FR2,GTC,22895,1829,454,0.07988643808691855,0.019829657130377813,0.6666666666666666,0.3333333333333333,0.2851444185752991,2.01431718061674
IGHV4-4,H133,45,FR2,CGC,22895,7,1541,0.00030574361214238916,0.0673072723302031,0.6666666666666666,0.3333333333333333,0.8466764940974673,0.0022712524334847503
IGHV4-4,H136,46,FR2,CAG,22895,558,225,0.024372133653636167,0.009827473247433938,0.875,0.125,0.22035364112787412,0.3542857142857143
IGHV4-4,H139,47,FR2,CCC,22895,5090,42,0.22231928368639442,0.001834461672854335,0.6666666666666666,0.3333333333333333,0.2571225054699811,60.595238095238095
IGHV4-4,H142,48,FR2,CCA,22895,246,982,0.010744704083861105,0.04289146101768945,0.6666666666666666,0.3333333333333333,0.886511778582091,0.12525458248472504
IGHV4-4,H145,49,FR2,GGG,22894,825,1706,0.03603564252642614,0.07451734078797938,0.6666666666666666,0.3333333333333333,1.0128370991948805,0.24179366940211022
IGHV4-4,H193,65,FR3,AGT,22882,6622,573,0.2893977799143432,0.025041517349882005,0.8888888888888888,0.1111111111111111,1.153518485971717,1.4445898778359512
IGHV4-4,H196,66,FR3,GGG,22882,1285,2755,0.056157678524604494,0.12040031465780963,0.6666666666666666,0.3333333333333333,1.7627818451070218,0.23321234119782216
IGHV4-4,H199,67,FR3,AGC,22874,10367,1674,0.45322199877590275,0.07318352714872782,0.8888888888888888,0.1111111111111111,1.2848602162019904,0.7741188769414575
IGHV4-4,H202,68,FR3,ACC,22880,3999,679,0.17478146853146853,0.029676573426573427,0.6666666666666666,0.3333333333333333,1.1211252830009373,2.9447717231222383
IGHV4-4,H205,69,FR3,AAC,22884,6706,1778,0.29304317427023246,0.07769620695682573,0.8888888888888888,0.1111111111111111,1.679360306546074,0.4714566929133858
IGHV4-4,H208,70,FR3,TAC,22891,1744,1246,0.07618714778734001,0.05443187278843214,0.8571428571428571,0.14285714285714285,1.413520312644162,0.23327982878544679
IGHV4-4,H211,71,FR3,AAC,22896,2285,2588,0.09979909154437457,0.11303284416491964,0.8888888888888888,0.1111111111111111,1.3674372563944346,0.11036514683153013
IGHV4-4,H214,72,FR3,CCG,22898,1041,833,0.04546248580662066,0.03637872303257927,0.6666666666666666,0.3333333333333333,0.49296793162165464,0.6248499399759904
IGHV4-4,H217,73,FR3,TCC,22898,675,743,0.029478557079220893,0.03244824875534981,0.6666666666666666,0.3333333333333333,0.9297369212551664,0.4542395693135936
IGHV4-4,H220,74,FR3,CTC,22898,929,725,0.04057122892829068,0.03166215389990392,0.6666666666666666,0.3333333333333333,0.6853225246326781,0.6406896551724138
IGHV4-4,H223,75,FR3,AAG,22898,5552,361,0.24246659096864354,0.01576556904533147,0.875,0.125,0.2765697205770885,2.197071626434507
IGHV4-4,H226,76,FR3,AGT,22900,1914,698,0.08358078602620088,0.030480349344978164,0.8888888888888888,0.1111111111111111,0.44309091105505094,0.34276504297994276
IGHV4-4,H229,77,FR3,CGA,22900,76,1698,0.003318777292576419,0.07414847161572052,0.5,0.5,1.4919544300137655,0.0447585394581861
IGHV4-4,H232,78,FR3,GTC,22901,2867,326,0.12519103969258985,0.014235186236408891,0.6666666666666666,0.3333333333333333,0.3035643948012537,4.397239263803681
IGHV4-4,H235,79,FR3,ACC,22902,3620,574,0.1580647978342503,0.02506331324775129,0.6666666666666666,0.3333333333333333,0.5583444636077554,3.1533101045296172
IGHV4-4,H238,80,FR3,ATA,22902,4471,1552,0.1952231246179373,0.06776700724827527,0.7777777777777778,0.2222222222222222,0.9073255344264464,0.8230854197349042
IGHV4-4,H241,81,FR3,TCA,22902,721,2456,0.03148196664046808,0.10723954239804384,0.5714285714285714,0.42857142857142855,0.8815366136937866,0.22017508143322476
IGHV4-4,H244,82,FR3,GTA,22901,7534,4281,0.32898126719357235,0.18693506833762719,0.6666666666666666,0.3333333333333333,1.0809176809520256,0.8799345947208597
IGHV4-4,H247,83,FR3,GAC,22895,478,136,0.02087792094343743,0.005940161607337847,0.8888888888888888,0.1111111111111111,0.17704693806179214,0.43933823529411764
IGHV4-4,H250,84,FR3,AAG,22895,4217,542,0.18418868748635073,0.02367329111159642,0.875,0.125,0.9434815010981986,1.1114918292040061
IGHV4-4,H253,85,FR3,TCC,22900,1200,1607,0.05240174672489083,0.07017467248908298,0.6666666666666666,0.3333333333333333,0.7096307691411985,0.37336652146857496
IGHV4-4,H256,86,FR3,AAG,22897,4077,589,0.17805826090754248,0.02572389395990741,0.875,0.125,0.5057640313189151,0.9888430754305118
IGHV4-4,H259,87,FR3,AAC,22898,2630,3126,0.11485719276792733,0.136518473229103,0.8888888888888888,0.1111111111111111,1.629489667474064,0.1051663467690339
IGHV4-4,H262,88,FR3,CAG,22900,2933,2074,0.12807860262008733,0.09056768558951965,0.875,0.125,2.61733779925298,0.20202507232401157
IGHV4-4,H265,89,FR3,TTC,22903,3131,939,0.13670698161812864,0.04099899576474698,0.8888888888888888,0.1111111111111111,1.904804380512833,0.41679978700745474
IGHV4-4,H268,90,FR3,TCC,22903,1159,944,0.05060472427192944,0.04121730777627385,0.6666666666666666,0.3333333333333333,0.6415974948648201,0.6138771186440677
IGHV4-4,H271,91,FR3,CTG,22903,385,1760,0.016810024887569313,0.07684582805745972,0.5555555555555556,0.4444444444444444,2.098469419942864,0.17499999999999996
IGHV4-4,H274,92,FR3,AAG,22903,10832,2325,0.4729511417718203,0.10151508535999651,0.875,0.125,1.98571518078705,0.6655606758832565
IGHV4-4,H277,93,FR3,CTG,22903,2240,4258,0.09780378116403965,0.1859145090162861,0.5555555555555556,0.4444444444444444,1.3642590597323545,0.4208548614372944
IGHV4-4,H280,94,FR3,AGC,22903,13557,1939,0.5919311880539667,0.08466139807012182,0.8888888888888888,0.1111111111111111,0.9960975619474636,0.8739685404847859
IGHV4-4,H283,95,FR3,TCT,22903,967,835,0.042221543029297474,0.036458105924987994,0.6666666666666666,0.3333333333333333,0.8920817460724421,0.5790419161676646
IGHV4-4,H286,96,FR3,GTG,22903,1482,553,0.06470768021656552,0.024145308474872288,0.6666666666666666,0.3333333333333333,1.018902845805064,1.33996383363472
IGHV4-4,H289,97,FR3,ACC,22903,729,1071,0.03182989128061826,0.04676243286905646,0.6666666666666666,0.3333333333333333,0.6159824435303038,0.34033613445378147
IGHV4-4,H292,98,FR3,GCC,22903,465,85,0.020303017071999302,0.0037113041959568618,0.6666666666666666,0.3333333333333333,0.3183661317218087,2.735294117647059
IGHV4-4,H295,99,FR3,GCG,22903,186,1077,0.00812120682879972,0.0470244072828887,0.6666666666666666,0.3333333333333333,1.1886878770463047,0.08635097493036213
IGHV4-4,H298,100,FR3,GAC,22903,33,89,0.0014408592760773698,0.0038859538051783608,0.8888888888888888,0.1111111111111111,0.2276380640658998,0.046348314606741575
IGHV4-4,H301,101,FR3,ACG,22903,544,198,0.023752346854123915,0.008645155656464218,0.6666666666666666,0.3333333333333333,0.3005798017784466,1.373737373737374
IGHV4-4,H304,102,FR3,GCC,22903,279,99,0.012181810243199582,0.004322577828232109,0.6666666666666666,0.3333333333333333,0.2609036710393596,1.4090909090909092
IGHV4-4,H307,103,FR3,GTG,22903,3991,7593,0.174256647600751,0.3315286207047112,0.6666666666666666,0.3333333333333333,5.757868269860768,0.26280784933491375
IGHV4-4,H310,104,FR3,TAT,22903,150,1124,0.006549360345806226,0.04907654019124132,0.8571428571428571,0.14285714285714285,1.0108823720549156,0.022241992882562275
IGHV4-4,H313,105,FR3,TAC,22903,2743,4153,0.11976596952364318,0.18132995677422173,0.8571428571428571,0.14285714285714285,2.7456568003467035,0.11008106589613934
IGHV4-4,H316,106,FR3,TGT,22903,0,419,0.0,0.018294546565952058,0.875,0.125,0.4528032287099792,0.0
IGHV4-4,H319,107,FR3,GCG,22903,1952,452,0.0852290093000917,0.01973540584202943,0.6666666666666666,0.3333333333333333,0.6107289702616664,2.1592920353982303
IGHV4-4,H322,108,FR3,AGA,22903,961,2120,0.04195956861546522,0.09256429288739466,0.75,0.25,1.8974565902754919,0.1511006289308176
IGHV4-4,H76,26,CDR1,TCT,22896,799,1042,0.034896925227113906,0.045510132774283715,0.6666666666666666,0.3333333333333333,0.7818966506958093,0.3833973128598848
IGHV4-4,H79,27,CDR1,GGT,22889,1277,1003,0.05579099130586745,0.04382017563021539,0.6666666666666666,0.3333333333333333,1.1894442632544764,0.6365902293120638
IGHV4-4,H85,29,CDR1,GGC,22882,7695,545,0.33629053404422693,0.023817848090201904,0.6666666666666666,0.3333333333333333,0.5806165228514444,7.059633027522937
IGHV4-4,H88,30,CDR1,TCC,22859,1163,350,0.050877116234305964,0.015311255960453213,0.6666666666666666,0.3333333333333333,1.3159849148763998,1.6614285714285715
IGHV4-4,H91,31,CDR1,ATC,22851,3857,1273,0.16878911207386985,0.05570872171896197,0.7777777777777778,0.2222222222222222,0.8452587148501042,0.8656716417910446
IGHV4-4,H94,32,CDR1,AGC,22849,6315,2077,0.2763797102717843,0.09090113352881964,0.8888888888888888,0.1111111111111111,1.2948510988669473,0.3800553683196919
IGHV4-4,H97,33,CDR1,AGT,22851,10253,833,0.4486893352588508,0.036453546890726884,0.8888888888888888,0.1111111111111111,2.158418664037679,1.538565426170468
IGHV4-4,H112,38,CDR1,AGT,11082,5953,208,0.5371774048005775,0.018769175239126513,0.8888888888888888,0.1111111111111111,0.9200031724633807,3.5775240384615388
IGHV4-4,H148,50,CDR2,AAG,22895,2201,74,0.09613452718934265,0.0032321467569338285,0.875,0.125,0.44186352535710793,4.249034749034749
IGHV4-4,H151,51,CDR2,GGG,22895,1026,2763,0.044813278008298756,0.12068137147848876,0.6666666666666666,0.3333333333333333,2.098631283458776,0.18566775244299671
IGHV4-4,H154,52,CDR2,CTG,22895,704,835,0.030749071849748854,0.03647084516269928,0.5555555555555556,0.4444444444444444,0.5980846966957567,0.6744910179640717
IGHV4-4,H157,53,CDR2,GAG,22895,446,1562,0.019480235859357938,0.06822450316663027,0.875,0.125,0.8840286104259253,0.04079019571977318
IGHV4-4,H160,54,CDR2,TGG,22894,545,0,0.0238053638507906,0.0,1.0,0.0,0.0029991285693718363,
IGHV4-4,H163,55,CDR2,ATT,22894,1190,669,0.051978684371451034,0.029221630121429195,0.7777777777777778,0.2222222222222222,0.33067442796767565,0.5082212257100148
IGHV4-4,H166,56,CDR2,GGG,22883,552,4262,0.02412271118297426,0.18625180264825417,0.6666666666666666,0.3333333333333333,2.488091721052364,0.06475832942280618
IGHV4-4,H169,57,CDR2,GAA,22875,2063,2442,0.09018579234972678,0.10675409836065573,0.875,0.125,1.1697318590613741,0.12068562068562069
IGHV4-4,H172,58,CDR2,ATC,22872,4788,2475,0.20933892969569778,0.10821091290661071,0.7777777777777778,0.2222222222222222,1.4261632630408616,0.5527272727272726
IGHV4-4,H175,59,CDR2,TAT,22863,7961,808,0.34820452259108603,0.03534094388312995,0.8571428571428571,0.14285714285714285,0.9672062387843551,1.6421204620462044
IGHV4-4,H178,60,CDR2,CAT,22846,10840,889,0.47448130963844876,0.0389127199509761,0.8888888888888888,0.1111111111111111,1.4449905771712916,1.5241844769403825
IGHV3-15,H1,1,FR1,GAG,22006,1143,756,0.05194037989639189,0.03435426701808598,0.875,0.125,0.6007651815035656,0.21598639455782312
IGHV3-15,H4,2,FR1,GTG,22006,1727,553,0.0784785967463419,0.025129510133599927,0.6666666666666666,0.3333333333333333,0.6347108400377233,1.561482820976492
IGHV3-15,H7,3,FR1,CAG,22006,2362,2180,0.10733436335544852,0.0990638916659093,0.875,0.125,2.1050765243095713,0.15478374836173003
IGHV3-15,H10,4,FR1,CTG,22006,999,2144,0.04539670998818504,0.09742797418885758,0.5555555555555556,0.4444444444444444,2.4506195025470903,0.37276119402985075
IGHV3-15,H13,5,FR1,GTG,22006,695,371,0.03158229573752613,0.01685903844406071,0.6666666666666666,0.3333333333333333,0.5885892536219848,0.9366576819407005
IGHV3-15,H16,6,FR1,GAG,22006,599,825,0.027219849132054896,0.037489775515768424,0.875,0.125,0.7137633724717759,0.10372294372294374
IGHV3-15,H19,7,FR1,TCT,22006,110,1054,0.00499863673543579,0.04789602835590293,0.6666666666666666,0.3333333333333333,0.6053748285113313,0.05218216318785579
IGHV3-15,H25,9,FR1,GGG,22006,48,269,0.0021812233027356178,0.012223938925747524,0.6666666666666666,0.3333333333333333,0.3055043667639592,0.08921933085501858
IGHV3-15,H28,10,FR1,GGA,22006,39,254,0.0017722439334726893,0.011542306643642643,0.625,0.375,0.4322504752688081,0.09212598425196851
IGHV3-15,H31,11,FR1,GGC,22006,2464,460,0.11196946287376171,0.02090338998454967,0.6666666666666666,0.3333333333333333,0.8211142557916857,2.6782608695652175
IGHV3-15,H34,12,FR1,TTG,22006,1198,1540,0.05443969826410979,0.06998091429610107,0.75,0.25,0.6838295492789116,0.2593073593073593
IGHV3-15,H37,13,FR1,GTA,22005,1318,2900,0.05989547830038627,0.13178822994773914,0.6666666666666666,0.3333333333333333,0.7622088942134256,0.2272413793103448
IGHV3-15,H40,14,FR1,AAG,22005,3042,195,0.13824130879345603,0.008861622358554875,0.875,0.125,0.24543970046572014,2.228571428571428
IGHV3-15,H43,15,FR1,CCT,22005,538,4356,0.02444898886616678,0.19795501022494888,0.6666666666666666,0.3333333333333333,1.9124329693472253,0.061753902662993576
IGHV3-15,H46,16,FR1,GGG,22005,184,355,0.008361735969097932,0.016132697114292206,0.6666666666666666,0.3333333333333333,0.2717762135445229,0.2591549295774648
IGHV3-15,H49,17,FR1,GGG,22005,1701,208,0.07730061349693251,0.009452397182458532,0.6666666666666666,0.3333333333333333,0.19636240273659855,4.0889423076923075
IGHV3-15,H52,18,FR1,TCC,22004,256,514,0.011634248318487547,0.02335938920196328,0.6666666666666666,0.3333333333333333,0.41795784838257327,0.24902723735408558
IGHV3-15,H55,19,FR1,CTT,22005,303,2516,0.013769597818677573,0.11433765053396955,0.6666666666666666,0.3333333333333333,0.6289659635544201,0.06021462639109699
IGHV3-15,H58,20,FR1,AGA,22005,974,474,0.04426266757555101,0.021540558963871848,0.75,0.25,0.6709686863860952,0.6849507735583684
IGHV3-15,H61,21,FR1,CTC,22005,690,520,0.03135650988411725,0.02363099295614633,0.6666666666666666,0.3333333333333333,0.43185266952684104,0.6634615384615385
IGHV3-15,H64,22,FR1,TCC,22005,253,506,0.011497386957509657,0.022994773915019313,0.6666666666666666,0.3333333333333333,0.7638459176589949,0.25
IGHV3-15,H67,23,FR1,TGT,22005,4,559,0.0001817768688934333,0.025403317427857307,0.875,0.125,0.6720091806444749,0.0010222335803731152
IGHV3-15,H70,24,FR1,GCA,22005,3934,440,0.17877755055669167,0.019995455578277664,0.6666666666666666,0.3333333333333333,0.32437795410857895,4.470454545454546
IGHV3-15,H73,25,FR1,GCC,22005,3664,227,0.1665076119063849,0.01031583730970234,0.6666666666666666,0.3333333333333333,0.9872727688299467,8.070484581497798
IGHV3-15,H115,39,FR2,GCC,21995,2985,104,0.13571266196862924,0.004728347351670834,0.6666666666666666,0.3333333333333333,1.1125014410685132,14.35096153846154
IGHV3-15,H118,40,FR2,TGG,22001,1163,0,0.05286123358029181,0.0,1.0,0.0,0.8973178462299866,
IGHV3-15,H121,41,FR2,ATG,22003,1453,0,0.06603644957505794,0.0,1.0,0.0,0.19709554669075924,
IGHV3-15,H124,42,FR2,AGC,22003,7277,2398,0.33072762805072037,0.10898513839021952,0.8888888888888888,0.1111111111111111,1.5879584411384597,0.3793265221017515
IGHV3-15,H127,43,FR2,TGG,22003,6,0,0.00027269008771531154,0.0,1.0,0.0,0.0,
IGHV3-15,H130,44,FR2,GTC,22003,622,83,0.028268872426487297,0.00377221288006181,0.6666666666666666,0.3333333333333333,0.2851444185752991,3.746987951807229
IGHV3-15,H133,45,FR2,CGC,22002,1,444,0.00004545041359876375,0.020179983637851104,0.6666666666666666,0.3333333333333333,0.8466764940974673,0.0011261261261261263
IGHV3-15,H136,46,FR2,CAG,22003,654,146,0.029723219560968957,0.006635458801072581,0.875,0.125,0.22035364112787412,0.6399217221135028
IGHV3-15,H139,47,FR2,GCT,22003,2508,498,0.11398445666500023,0.02263327728037086,0.6666666666666666,0.3333333333333333,0.2571225054699811,2.5180722891566263
IGHV3-15,H142,48,FR2,CCA,22003,143,964,0.006499113757214925,0.043812207426260054,0.6666666666666666,0.3333333333333333,0.886511778582091,0.0741701244813278
IGHV3-15,H145,49,FR2,GGG,22003,271,865,0.012316502295141571,0.03931282097895741,0.6666666666666666,0.3333333333333333,1.0128370991948805,0.15664739884393064
IGHV3-15,H193,65,FR3,GGT,21990,1429,1346,0.06498408367439745,0.06120964074579354,0.6666666666666666,0.3333333333333333,1.153518485971717,0.5308320950965825
IGHV3-15,H196,66,FR3,GGG,21995,3802,432,0.17285746760627416,0.019640827460786544,0.6666666666666666,0.3333333333333333,1.7627818451070218,4.400462962962963
IGHV3-15,H199,67,FR3,ACA,21991,2696,1054,0.12259560729389296,0.04792869810376972,0.6666666666666666,0.3333333333333333,1.2848602162019904,1.2789373814041747
IGHV3-15,H202,68,FR3,ACA,21998,5778,971,0.2626602418401673,0.04414037639785435,0.6666666666666666,0.3333333333333333,1.1211252830009373,2.975283213182286
IGHV3-15,H205,69,FR3,GAC,21996,3236,571,0.14711765775595562,0.02595926532096745,0.8888888888888888,0.1111111111111111,1.679360306546074,0.7084063047285464
IGHV3-15,H208,70,FR3,TAC,21998,1313,884,0.0596872442949359,0.0401854714064915,0.8571428571428571,0.14285714285714285,1.413520312644162,0.2475490196078431
IGHV3-15,H211,71,FR3,GCT,22002,2975,1349,0.13521498045632216,0.0613126079447323,0.6666666666666666,0.3333333333333333,1.3674372563944346,1.102668643439585
IGHV3-15,H214,72,FR3,GCA,22004,1947,1639,0.08848391201599709,0.07448645700781677,0.6666666666666666,0.3333333333333333,0.49296793162165464,0.5939597315436241
IGHV3-15,H217,73,FR3,CCC,22004,1995,60,0.0906653335757135,0.002726776949645519,0.6666666666666666,0.3333333333333333,0.9297369212551664,16.625
IGHV3-15,H220,74,FR3,GTG,22004,926,1208,0.042083257589529174,0.054899109252863114,0.6666666666666666,0.3333333333333333,0.6853225246326781,0.3832781456953643
IGHV3-15,H223,75,FR3,AAA,22005,3404,878,0.15469211542831174,0.03990002272210861,0.875,0.125,0.2765697205770885,0.5538561666124309
IGHV3-15,H226,76,FR3,GGC,22005,1381,392,0.06275846398545785,0.017814133151556465,0.6666666666666666,0.3333333333333333,0.44309091105505094,1.7614795918367347
IGHV3-15,H229,77,FR3,AGA,22005,142,588,0.006453078845716883,0.026721199727334697,0.75,0.25,1.4919544300137655,0.08049886621315193
IGHV3-15,H232,78,FR3,TTC,22005,584,433,0.026539422858441263,0.019677346057714155,0.8888888888888888,0.1111111111111111,0.3035643948012537,0.16859122401847576
IGHV3-15,H235,79,FR3,ACC,22004,4128,435,0.1876022541356117,0.019769132884930013,0.6666666666666666,0.3333333333333333,0.5583444636077554,4.744827586206896
IGHV3-15,H238,80,FR3,ATC,22005,1850,1109,0.0840718018632129,0.05039763690070439,0.7777777777777778,0.2222222222222222,0.9073255344264464,0.47661986345484986
IGHV3-15,H241,81,FR3,TCA,22005,430,1371,0.01954101340604408,0.06230402181322427,0.5714285714285714,0.42857142857142855,0.8815366136937866,0.23522975929978113
IGHV3-15,H244,82,FR3,AGA,22005,755,886,0.034310384003635536,0.04026357645989548,0.75,0.25,1.0809176809520256,0.2840481565086531
IGHV3-15,H247,83,FR3,GAT,22005,370,749,0.01681436037264258,0.034037718700295386,0.8888888888888888,0.1111111111111111,0.17704693806179214,0.06174899866488652
IGHV3-15,H250,84,FR3,GAT,22005,785,1761,0.035673710520336285,0.08002726653033401,0.8888888888888888,0.1111111111111111,0.9434815010981986,0.05572118114707553
IGHV3-15,H253,85,FR3,TCA,22005,709,1310,0.032219950011361055,0.05953192456259941,0.5714285714285714,0.42857142857142855,0.7096307691411985,0.40591603053435116
IGHV3-15,H256,86,FR3,AAA,22003,5197,1411,0.23619506430941234,0.06412761896105076,0.875,0.125,0.5057640313189151,0.5261719145489522
IGHV3-15,H259,87,FR3,AAC,22002,4771,2118,0.21684392327970184,0.09626397600218162,0.8888888888888888,0.1111111111111111,1.629489667474064,0.2815745986779981
IGHV3-15,H262,88,FR3,ACG,22003,3049,5910,0.13857201290733082,0.2685997363995819,0.6666666666666666,0.3333333333333333,2.61733779925298,0.25795262267343483
IGHV3-15,H265,89,FR3,CTG,22005,4699,4192,0.21354237673256077,0.1905021586003181,0.5555555555555556,0.4444444444444444,1.904804380512833,0.8967557251908396
IGHV3-15,H268,90,FR3,TAT,22005,4035,400,0.18336741649625085,0.01817768688934333,0.8571428571428571,0.14285714285714285,0.6415974948648201,1.6812500000000001
IGHV3-15,H271,91,FR3,CTG,22005,397,3930,0.018041354237673255,0.17859577368779822,0.5555555555555556,0.4444444444444444,2.098469419942864,0.08081424936386769
IGHV3-15,H274,92,FR3,CAA,22005,1930,778,0.08770733924108157,0.03535560099977278,0.875,0.125,1.98571518078705,0.3543885420492104
IGHV3-15,H277,93,FR3,ATG,22005,1571,0,0.07139286525789593,0.0,1.0,0.0,1.3642590597323545,
IGHV3-15,H280,94,FR3,AAC,22006,3664,1278,0.16650004544215213,0.058075070435335815,0.8888888888888888,0.1111111111111111,0.9960975619474636,0.35837245696400627
IGHV3-15,H283,95,FR3,AGC,22006,2380,595,0.10815232209397437,0.02703808052349359,0.8888888888888888,0.1111111111111111,0.8920817460724421,0.5
IGHV3-15,H286,96,FR3,CTG,22006,206,1001,0.009361083340907026,0.04548759429246569,0.5555555555555556,0.4444444444444444,1.018902845805064,0.16463536463536466
IGHV3-15,H289,97,FR3,AAA,22006,4358,997,0.19803689902753793,0.04530582568390439,0.875,0.125,0.6159824435303038,0.6244447628600085
IGHV3-15,H292,98,FR3,ACC,22006,6046,497,0.27474325184040715,0.022584749613741708,0.6666666666666666,0.3333333333333333,0.3183661317218087,6.082494969818913
IGHV3-15,H295,99,FR3,GAG,22005,1525,1020,0.06930243126562145,0.046353101567825496,0.875,0.125,1.1886878770463047,0.2135854341736695
IGHV3-15,H298,100,FR3,GAC,22006,19,153,0.0008634008906661819,0.006952649277469781,0.8888888888888888,0.1111111111111111,0.2276380640658998,0.015522875816993463
IGHV3-15,H301,101,FR3,ACA,22006,754,775,0.03426338271380532,0.03521766790875216,0.6666666666666666,0.3333333333333333,0.3005798017784466,0.48645161290322575
IGHV3-15,H304,102,FR3,GCC,22006,2775,59,0.1261019721894029,0.0026810869762791964,0.6666666666666666,0.3333333333333333,0.2609036710393596,23.516949152542374
IGHV3-15,H307,103,FR3,GTG,22006,3774,6212,0.17149868217758793,0.28228664909570117,0.6666666666666666,0.3333333333333333,5.757868269860768,0.3037669027688345
IGHV3-15,H310,104,FR3,TAT,22006,156,1081,0.007088975733890757,0.04912296646369172,0.8571428571428571,0.14285714285714285,1.0108823720549156,0.0240518038852914
IGHV3-15,H313,105,FR3,TAC,22006,2456,4940,0.1116059256566391,0.2244842315732073,0.8571428571428571,0.14285714285714285,2.7456568003467035,0.08286099865047235
IGHV3-15,H316,106,FR3,TGT,22006,0,1567,0.0,0.07120785240388985,0.875,0.125,0.4528032287099792,0.0
IGHV3-15,H319,107,FR3,ACC,22006,7380,964,0.3353630827956012,0.04380623466327365,0.6666666666666666,0.3333333333333333,0.6107289702616664,3.8278008298755184
IGHV3-15,H322,108,FR3,ACA,22006,73,2174,0.0033172771062437516,0.09879123875306735,0.6666666666666666,0.3333333333333333,1.8974565902754919,0.016789328426862926
IGHV3-15,H76,26,CDR1,TCT,22002,404,1052,0.018361967093900554,0.04781383510589946,0.6666666666666666,0.3333333333333333,0.7818966506958093,0.1920152091254753
IGHV3-15,H79,27,CDR1,GGA,22002,1198,1299,0.05444959549131897,0.05904008726479411,0.625,0.375,1.1894442632544764,0.5533487297921478
IGHV3-15,H85,29,CDR1,TTC,22001,2658,557,0.12081269033225762,0.025317031044043453,0.8888888888888888,0.1111111111111111,0.5806165228514444,0.5964991023339318
IGHV3-15,H88,30,CDR1,ACT,21997,6255,1196,0.28435695776696823,0.05437105059780879,0.6666666666666666,0.3333333333333333,1.3159849148763998,2.6149665551839467
IGHV3-15,H91,31,CDR1,TTC,21999,1777,1292,0.08077639892722396,0.05872994227010318,0.8888888888888888,0.1111111111111111,0.8452587148501042,0.17192337461300308
IGHV3-15,H94,32,CDR1,AGT,22002,8742,660,0.3973275156803927,0.029997272975184074,0.8888888888888888,0.1111111111111111,1.2948510988669473,1.655681818181818
IGHV3-15,H97,33,CDR1,AAC,21995,8721,2057,0.3964992043646283,0.09352125483064333,0.8888888888888888,0.1111111111111111,2.158418664037679,0.5299586776859504
IGHV3-15,H148,50,CDR2,AAG,22003,1388,43,0.06308230695814207,0.0019542789619597326,0.875,0.125,0.44186352535710793,4.611295681063123
IGHV3-15,H151,51,CDR2,GGG,22003,102,1879,0.004635731491160296,0.08539744580284507,0.6666666666666666,0.3333333333333333,2.098631283458776,0.027142096860031932
IGHV3-15,H154,52,CDR2,CTG,22003,467,418,0.021224378493841747,0.018997409444166703,0.5555555555555556,0.4444444444444444,0.5980846966957567,0.89377990430622
IGHV3-15,H157,53,CDR2,GAG,22003,393,790,0.017861200745352905,0.03590419488251602,0.875,0.125,0.8840286104259253,0.07106690777576853
IGHV3-15,H160,54,CDR2,TGG,22003,319,0,0.014498022996864065,0.0,1.0,0.0,0.0029991285693718363,
IGHV3-15,H163,55,CDR2,GTT,22003,1620,667,0.07362632368313411,0.030314048084352133,0.6666666666666666,0.3333333333333333,0.33067442796767565,1.214392803598201
IGHV3-15,H166,56,CDR2,GGC,22003,1235,761,0.056128709721401625,0.03458619279189201,0.6666666666666666,0.3333333333333333,2.488091721052364,0.8114323258869908
IGHV3-15,H169,57,CDR2,CGT,22003,2107,2443,0.0957596691360269,0.11103031404808435,0.6666666666666666,0.3333333333333333,1.1697318590613741,0.43123209169054444
IGHV3-15,H172,58,CDR2,ATT,22002,2165,1405,0.09840014544132351,0.06385783110626307,0.7777777777777778,0.2222222222222222,1.4261632630408616,0.4402643619725469
IGHV3-15,H175,59,CDR2,AAA,21991,3649,1286,0.1659315174389523,0.05847846846437179,0.875,0.125,0.9672062387843551,0.40535436569651184
IGHV3-15,H178,60,CDR2,AGC,21990,6030,3402,0.2742155525238745,0.15470668485675307,0.8888888888888888,0.1111111111111111,1.4449905771712916,0.22156084656084657
IGHV3-15,H181,61,CDR2,AAA,21976,6642,1255,0.30223880597014924,0.05710775391336003,0.875,0.125,0.9421458665967667,0.756061468412066
IGHV3-15,H184,62,CDR2,ACT,21963,12203,308,0.5556162637162501,0.014023585120429814,0.6666666666666666,0.3333333333333333,0.6723742508231162,19.810064935064933
IGHV3-15,H190,64,CDR2,GAT,21964,5038,1412,0.2293753414678565,0.06428701511564378,0.8888888888888888,0.1111111111111111,1.3919488306964787,0.44599858356940514
IGHV6-1,H1,1,FR1,CAG,20923,459,942,0.021937580652870048,0.04502222434641304,0.875,0.125,0.6007651815035656,0.06960873521383075
IGHV6-1,H4,2,FR1,GTA,20923,1375,1920,0.0657171533718874,0.0917650432538355,0.6666666666666666,0.3333333333333333,0.6347108400377233,0.3580729166666666
IGHV6-1,H7,3,FR1,CAG,20923,1670,2390,0.07981646991349232,0.11422836113368064,0.875,0.125,2.1050765243095713,0.09982068141063956
IGHV6-1,H10,4,FR1,CTG,20923,187,2137,0.008937532858576685,0.10213640491325336,0.5555555555555556,0.4444444444444444,2.4506195025470903,0.07000467945718294
IGHV6-1,H13,5,FR1,CAG,20923,1627,719,0.0777613152989533,0.03436409692682694,0.875,0.125,0.5885892536219848,0.3232664414861911
IGHV6-1,H16,6,FR1,CAG,20923,540,256,0.02580891841514123,0.0122353391005114,0.875,0.125,0.7137633724717759,0.3013392857142857
IGHV6-1,H19,7,FR1,TCA,20923,92,469,0.004397074989246284,0.022415523586483774,0.5714285714285714,0.42857142857142855,0.6053748285113313,0.1471215351812367
IGHV6-1,H25,9,FR1,GGT,20923,143,336,0.006834583950676289,0.01605888256942121,0.6666666666666666,0.3333333333333333,0.3055043667639592,0.21279761904761907
IGHV6-1,H28,10,FR1,CCA,20923,267,619,0.012761076327486498,0.029584667590689673,0.6666666666666666,0.3333333333333333,0.4322504752688081,0.215670436187399
IGHV6-1,H31,11,FR1,GGA,20922,942,714,0.045024376254660166,0.03412675652423287,0.625,0.375,0.8211142557916857,0.7915966386554623
IGHV6-1,H34,12,FR1,CTG,20923,214,517,0.010227978779333747,0.02470964966782966,0.5555555555555556,0.4444444444444444,0.6838295492789116,0.3311411992263056
IGHV6-1,H37,13,FR1,GTG,20923,1319,128,0.06304067294365052,0.0061176695502557,0.6666666666666666,0.3333333333333333,0.7622088942134256,5.152343749999999
IGHV6-1,H40,14,FR1,AAG,20923,2413,109,0.11532762988099221,0.005209577976389619,0.875,0.125,0.24543970046572014,3.1625163826998692
IGHV6-1,H43,15,FR1,CCC,20923,642,99,0.030683936338001244,0.004731635042775893,0.6666666666666666,0.3333333333333333,1.9124329693472253,3.242424242424242
IGHV6-1,H46,16,FR1,TCG,20923,145,266,0.006930172537399034,0.012713282034125126,0.625,0.375,0.2717762135445229,0.32706766917293234
IGHV6-1,H49,17,FR1,CAG,20923,347,57,0.016584619796396312,0.0027242747215982413,0.875,0.125,0.19636240273659855,0.8696741854636593
IGHV6-1,H52,18,FR1,ACC,20923,457,235,0.0218419920661473,0.011231658939922574,0.6666666666666666,0.3333333333333333,0.41795784838257327,0.9723404255319147
IGHV6-1,H55,19,FR1,CTC,20923,69,149,0.003297806241934713,0.0071213497108445255,0.6666666666666666,0.3333333333333333,0.6289659635544201,0.23154362416107382
IGHV6-1,H58,20,FR1,TCA,20923,4264,445,0.203794866892893,0.02126846054581083,0.5714285714285714,0.42857142857142855,0.6709686863860952,7.186516853932585
IGHV6-1,H61,21,FR1,CTC,20922,1068,162,0.051046745053054204,0.007743045597935188,0.6666666666666666,0.3333333333333333,0.43185266952684104,3.2962962962962963
IGHV6-1,H64,22,FR1,ACC,20922,462,475,0.022082018927444796,0.02270337443839021,0.6666666666666666,0.3333333333333333,0.7638459176589949,0.4863157894736842
IGHV6-1,H67,23,FR1,TGT,20923,4,452,0.0001911771734454906,0.02160302059934044,0.875,0.125,0.6720091806444749,0.0012642225031605564
IGHV6-1,H70,24,FR1,GCC,20923,2856,14,0.1365005018400803,0.0006691201070592171,0.6666666666666666,0.3333333333333333,0.32437795410857895,102.00000000000001
IGHV6-1,H73,25,FR1,ATC,20923,371,603,0.017731682837069253,0.028819958896907708,0.7777777777777778,0.2222222222222222,0.9872727688299467,0.17578772802653397
IGHV6-1,H115,39,FR2,GCT,20845,5654,516,0.2712401055408971,0.024754137682897578,0.6666666666666666,0.3333333333333333,1.1125014410685132,5.478682170542636
IGHV6-1,H118,40,FR2,GCT,20878,4748,560,0.22741641919724112,0.026822492575917234,0.6666666666666666,0.3333333333333333,0.8973178462299866,4.239285714285715
IGHV6-1,H121,41,FR2,TGG,20921,41,0,0.001959753357870083,0.0,1.0,0.0,0.19709554669075924,
IGHV6-1,H124,42,FR2,AAC,20921,2699,969,0.12900912958271593,0.04631709765307586,0.8888888888888888,0.1111111111111111,1.5879584411384597,0.34816821465428277
IGHV6-1,H127,43,FR2,TGG,20921,9,0,0.00043018976148367666,0.0,1.0,0.0,0.0,
IGHV6-1,H130,44,FR2,ATC,20921,1509,240,0.07212848334209646,0.011471726972898045,0.7777777777777778,0.2222222222222222,0.2851444185752991,1.7964285714285713
IGHV6-1,H133,45,FR2,AGG,20921,5,498,0.00023899431193537594,0.023803833468763445,0.7777777777777778,0.2222222222222222,0.8466764940974673,0.002868617326448651
IGHV6-1,H136,46,FR2,CAG,20921,564,40,0.026958558386310404,0.0019119544954830075,0.875,0.125,0.22035364112787412,2.0142857142857142
IGHV6-1,H139,47,FR2,TCC,20921,93,265,0.004445294201997993,0.012666698532574924,0.6666666666666666,0.3333333333333333,0.2571225054699811,0.17547169811320756
IGHV6-1,H142,48,FR2,CCA,20919,98,1310,0.00468473636407094,0.062622496295234,0.6666666666666666,0.3333333333333333,0.886511778582091,0.03740458015267175
IGHV6-1,H145,49,FR2,TCG,20921,508,206,0.024281822092634197,0.009846565651737488,0.625,0.375,1.0128370991948805,1.479611650485437
IGHV6-1,H193,65,FR3,AAG,20865,4321,207,0.20709321830817157,0.009920920201294033,0.875,0.125,1.153518485971717,2.9820565907522427
IGHV6-1,H196,66,FR3,TGG,20896,607,0,0.029048621745788667,0.0,1.0,0.0,1.7627818451070218,
IGHV6-1,H199,67,FR3,TAT,20903,5995,559,0.2868009376644501,0.026742572836434962,0.8571428571428571,0.14285714285714285,1.2848602162019904,1.7874180083482412
IGHV6-1,H202,68,FR3,AAT,20918,8681,277,0.4150014341715269,0.013242183765178316,0.8888888888888888,0.1111111111111111,1.1211252830009373,3.9174187725631766
IGHV6-1,H205,69,FR3,GAT,20919,4253,624,0.20330799751422152,0.029829341746737417,0.8888888888888888,0.1111111111111111,1.679360306546074,0.851963141025641
IGHV6-1,H208,70,FR3,TAT,20917,969,418,0.04632595496486112,0.019983745278959696,0.8571428571428571,0.14285714285714285,1.413520312644162,0.3863636363636364
IGHV6-1,H211,71,FR3,GCA,20917,1967,1217,0.09403834201845389,0.05818233972366974,0.6666666666666666,0.3333333333333333,1.3674372563944346,0.8081347576006573
IGHV6-1,H214,72,FR3,GTA,20916,8005,4258,0.3827213616370243,0.20357620960030598,0.6666666666666666,0.3333333333333333,0.49296793162165464,0.9399953029591357
IGHV6-1,H217,73,FR3,TCT,20920,882,235,0.04216061185468451,0.011233269598470364,0.6666666666666666,0.3333333333333333,0.9297369212551664,1.8765957446808508
IGHV6-1,H220,74,FR3,GTG,20920,2025,717,0.09679732313575526,0.03427342256214149,0.6666666666666666,0.3333333333333333,0.6853225246326781,1.412133891213389
IGHV6-1,H223,75,FR3,AAA,20921,4753,1089,0.22718799292576836,0.05205296113952488,0.875,0.125,0.2765697205770885,0.6235078053259872
IGHV6-1,H226,76,FR3,AGT,20923,3671,481,0.175452850929599,0.022989055106820245,0.8888888888888888,0.1111111111111111,0.44309091105505094,0.9540020790020791
IGHV6-1,H229,77,FR3,CGA,20923,54,1165,0.0025808918415141232,0.05568035176599914,0.5,0.5,1.4919544300137655,0.0463519313304721
IGHV6-1,H232,78,FR3,ATA,20923,2942,1028,0.14061081106915835,0.049132533575491084,0.7777777777777778,0.2222222222222222,0.3035643948012537,0.8176764869371874
IGHV6-1,H235,79,FR3,ACC,20923,5319,761,0.25421784638914113,0.036371457248004585,0.6666666666666666,0.3333333333333333,0.5583444636077554,3.4947437582128784
IGHV6-1,H238,80,FR3,ATC,20923,1965,339,0.09391578645509727,0.01620226544950533,0.7777777777777778,0.2222222222222222,0.9073255344264464,1.6561314791403288
IGHV6-1,H241,81,FR3,AAC,20923,5044,1600,0.24107441571476365,0.07647086937819625,0.8888888888888888,0.1111111111111111,0.8815366136937866,0.3940625
IGHV6-1,H244,82,FR3,CCA,20922,3980,1195,0.19023037950482746,0.05711691042921327,0.6666666666666666,0.3333333333333333,1.0809176809520256,1.665271966527197
IGHV6-1,H247,83,FR3,GAC,20922,304,244,0.014530159640569735,0.011662364974667813,0.8888888888888888,0.1111111111111111,0.17704693806179214,0.1557377049180328
IGHV6-1,H250,84,FR3,ACA,20923,703,789,0.03359938823304497,0.03770969746212302,0.6666666666666666,0.3333333333333333,0.9434815010981986,0.44550063371356147
IGHV6-1,H253,85,FR3,TCC,20923,857,948,0.04095970941069636,0.04530899010658127,0.6666666666666666,0.3333333333333333,0.7096307691411985,0.4520042194092827
IGHV6-1,H256,86,FR3,AAG,20921,2873,167,0.137326131638067,0.007982410018641556,0.875,0.125,0.5057640313189151,2.457656116338751
IGHV6-1,H259,87,FR3,AAC,20923,207,962,0.009893418725804138,0.04597811021364049,0.8888888888888888,0.1111111111111111,1.629489667474064,0.0268970893970894
IGHV6-1,H262,88,FR3,CAG,20923,1534,942,0.07331644601634565,0.04502222434641304,0.875,0.125,2.61733779925298,0.23263572945101607
IGHV6-1,H265,89,FR3,TTC,20923,2329,403,0.1113129092386369,0.01926110022463318,0.8888888888888888,0.1111111111111111,1.904804380512833,0.722394540942928
IGHV6-1,H268,90,FR3,TCC,20923,430,342,0.020551546145390242,0.016345648329589447,0.6666666666666666,0.3333333333333333,0.6415974948648201,0.628654970760234
IGHV6-1,H271,91,FR3,CTG,20923,149,1158,0.0071213497108445255,0.05534579171246953,0.5555555555555556,0.4444444444444444,2.098469419942864,0.10293609671848013
IGHV6-1,H274,92,FR3,CAG,20923,3497,3526,0.16713664388472016,0.16852267839219998,0.875,0.125,1.98571518078705,0.14168219755287254
IGHV6-1,H277,93,FR3,CTG,20923,618,4120,0.0295368732973283,0.19691248864885533,0.5555555555555556,0.4444444444444444,1.3642590597323545,0.11999999999999998
IGHV6-1,H280,94,FR3,AAC,20923,4555,1152,0.21770300626105243,0.0550590259523013,0.8888888888888888,0.1111111111111111,0.9960975619474636,0.4942491319444444
IGHV6-1,H283,95,FR3,TCT,20923,401,527,0.019165511637910432,0.025187592601443386,0.6666666666666666,0.3333333333333333,0.8920817460724421,0.3804554079696395
IGHV6-1,H286,96,FR3,GTG,20923,1023,336,0.04889356210868422,0.01605888256942121,0.6666666666666666,0.3333333333333333,1.018902845805064,1.5223214285714286
IGHV6-1,H289,97,FR3,ACT,20923,921,306,0.04401854418582421,0.014625053768580032,0.6666666666666666,0.3333333333333333,0.6159824435303038,1.5049019607843135
IGHV6-1,H292,98,FR3,CCC,20923,510,87,0.02437508961430005,0.0041581035224394205,0.6666666666666666,0.3333333333333333,0.3183661317218087,2.9310344827586206
IGHV6-1,H295,99,FR3,GAG,20922,2237,1087,0.10692094446037664,0.05195488003058981,0.875,0.125,1.1886878770463047,0.2939939545275332
IGHV6-1,H298,100,FR3,GAC,20923,12,109,0.0005735315203364718,0.005209577976389619,0.8888888888888888,0.1111111111111111,0.2276380640658998,0.013761467889908256
IGHV6-1,H301,101,FR3,ACG,20923,652,737,0.03116187927161497,0.035224394207331644,0.6666666666666666,0.3333333333333333,0.3005798017784466,0.44233378561736775
IGHV6-1,H304,102,FR3,GCT,20923,312,378,0.014911819528748267,0.018066242890598862,0.6666666666666666,0.3333333333333333,0.2609036710393596,0.4126984126984127
IGHV6-1,H307,103,FR3,GTG,20923,2577,6072,0.12316589399225733,0.29020694929025476,0.6666666666666666,0.3333333333333333,5.757868269860768,0.21220355731225296
IGHV6-1,H310,104,FR3,TAT,20923,40,814,0.001911771734454906,0.038904554796157335,0.8571428571428571,0.14285714285714285,1.0108823720549156,0.00819000819000819
IGHV6-1,H313,105,FR3,TAC,20923,1892,3226,0.09042680303971706,0.15418439038378817,0.8571428571428571,0.14285714285714285,2.7456568003467035,0.09774746848522423
IGHV6-1,H316,106,FR3,TGT,20923,0,408,0.0,0.01950007169144004,0.875,0.125,0.4528032287099792,0.0
IGHV6-1,H319,107,FR3,GCA,20923,3512,1144,0.16785355828514076,0.054676671605410315,0.6666666666666666,0.3333333333333333,0.6107289702616664,1.5349650349650348
IGHV6-1,H322,108,FR3,AGA,20923,526,1923,0.025139798308082016,0.09190842613391961,0.75,0.25,1.8974565902754919,0.09117698041254983
IGHV6-1,H76,26,CDR1,TCC,20923,407,208,0.019452277398078668,0.009941213019165512,0.6666666666666666,0.3333333333333333,0.7818966506958093,0.9783653846153846
IGHV6-1,H79,27,CDR1,GGG,20923,34,856,0.0016250059742866701,0.04091191511733499,0.6666666666666666,0.3333333333333333,1.1894442632544764,0.019859813084112152
IGHV6-1,H85,29,CDR1,GAC,20923,286,106,0.013669167901352579,0.005066195096305501,0.8888888888888888,0.1111111111111111,0.5806165228514444,0.33726415094339623
IGHV6-1,H88,30,CDR1,AGT,20923,1461,334,0.06982746260096545,0.015963293982698464,0.8888888888888888,0.1111111111111111,1.3159849148763998,0.5467814371257486
IGHV6-1,H91,31,CDR1,GTC,20923,463,376,0.02212875782631554,0.017970654303876118,0.6666666666666666,0.3333333333333333,0.8452587148501042,0.6156914893617021
IGHV6-1,H94,32,CDR1,TCT,20923,490,1352,0.0234192037470726,0.06461788462457582,0.6666666666666666,0.3333333333333333,1.2948510988669473,0.1812130177514793
IGHV6-1,H97,33,CDR1,AGC,20914,4370,1945,0.20895094195275893,0.09299990437027829,0.8888888888888888,0.1111111111111111,2.158418664037679,0.2808483290488432
IGHV6-1,H100,34,CDR1,AAC,20704,5053,743,0.24405911901081917,0.03588678516228748,0.8888888888888888,0.1111111111111111,0.8178357375146844,0.8501009421265142
IGHV6-1,H112,38,CDR1,AGT,20789,6506,431,0.3129539660397326,0.0207321179469912,0.8888888888888888,0.1111111111111111,0.9200031724633807,1.8868909512761018
IGHV6-1,H148,50,CDR2,AGA,20920,861,881,0.04115678776290631,0.04211281070745698,0.75,0.25,0.44186352535710793,0.32576617480136205
IGHV6-1,H151,51,CDR2,GGC,20921,88,163,0.004206299890062617,0.0077912145690932555,0.6666666666666666,0.3333333333333333,2.098631283458776,0.26993865030674846
IGHV6-1,H154,52,CDR2,CTT,20921,269,286,0.012857893982123225,0.013670474642703503,0.6666666666666666,0.3333333333333333,0.5980846966957567,0.4702797202797203
IGHV6-1,H157,53,CDR2,GAG,20921,109,157,0.005210076000191195,0.007504421394770804,0.875,0.125,0.8840286104259253,0.09918107370336669
IGHV6-1,H160,54,CDR2,TGG,20921,320,0,0.01529563596386406,0.0,1.0,0.0,0.0029991285693718363,
IGHV6-1,H163,55,CDR2,CTG,20921,55,333,0.0026289374312891355,0.01591702117489604,0.5555555555555556,0.4444444444444444,0.33067442796767565,0.1321321321321321
IGHV6-1,H166,56,CDR2,GGA,20921,225,1421,0.010754744037091916,0.06792218345203384,0.625,0.375,2.488091721052364,0.09500351864883885
IGHV6-1,H169,57,CDR2,AGG,20921,504,288,0.024090626643085894,0.013766072367477653,0.7777777777777778,0.2222222222222222,1.1697318590613741,0.5
IGHV6-1,H172,58,CDR2,ACA,20921,629,1034,0.030065484441470294,0.049424023708235745,0.6666666666666666,0.3333333333333333,1.4261632630408616,0.3041586073500967
IGHV6-1,H175,59,CDR2,TAC,20904,1296,2059,0.06199770378874857,0.09849789513968618,0.8571428571428571,0.14285714285714285,0.9672062387843551,0.10490529383195726
IGHV6-1,H178,60,CDR2,TAC,20918,1553,604,0.07424227937661344,0.02887465340854766,0.8571428571428571,0.14285714285714285,1.4449905771712916,0.4285320088300221
IGHV6-1,H181,61,CDR2,AGG,20624,1841,218,0.08926493405740885,0.01057020946470132,0.7777777777777778,0.2222222222222222,0.9421458665967667,2.4128440366972472
IGHV6-1,H190,64,CDR2,TCC,20624,397,869,0.019249418153607447,0.042135376260667184,0.6666666666666666,0.3333333333333333,1.3919488306964787,0.22842347525891832
IGHV3-72,H1,1,FR1,GAG,13575,413,375,0.030423572744014735,0.027624309392265192,0.875,0.125,0.6007651815035656,0.15733333333333333
IGHV3-72,H4,2,FR1,GTG,13575,495,373,0.036464088397790057,0.027476979742173113,0.6666666666666666,0.3333333333333333,0.6347108400377233,0.6635388739946381
IGHV3-72,H7,3,FR1,CAG,13575,1218,1624,0.08972375690607735,0.11963167587476979,0.875,0.125,2.1050765243095713,0.10714285714285715
IGHV3-72,H10,4,FR1,CTG,13575,568,1478,0.041841620626151016,0.10887661141804789,0.5555555555555556,0.4444444444444444,2.4506195025470903,0.3074424898511502
IGHV3-72,H13,5,FR1,GTG,13575,529,106,0.038968692449355434,0.007808471454880295,0.6666666666666666,0.3333333333333333,0.5885892536219848,2.4952830188679247
IGHV3-72,H16,6,FR1,GAG,13575,413,545,0.030423572744014735,0.04014732965009208,0.875,0.125,0.7137633724717759,0.10825688073394497
IGHV3-72,H19,7,FR1,TCT,13575,134,656,0.00987108655616943,0.04832412523020258,0.6666666666666666,0.3333333333333333,0.6053748285113313,0.10213414634146342
IGHV3-72,H25,9,FR1,GGG,13575,5,26,0.00036832412523020257,0.0019152854511970533,0.6666666666666666,0.3333333333333333,0.3055043667639592,0.09615384615384615
IGHV3-72,H28,10,FR1,GGA,13575,5,159,0.00036832412523020257,0.011712707182320443,0.625,0.375,0.4322504752688081,0.018867924528301886
IGHV3-72,H31,11,FR1,GGC,13575,1330,332,0.09797421731123389,0.024456721915285452,0.6666666666666666,0.3333333333333333,0.8211142557916857,2.003012048192771
IGHV3-72,H34,12,FR1,TTG,13575,335,412,0.024677716390423574,0.03034990791896869,0.75,0.25,0.6838295492789116,0.27103559870550165
IGHV3-72,H37,13,FR1,GTC,13575,132,73,0.009723756906077349,0.005377532228360958,0.6666666666666666,0.3333333333333333,0.7622088942134256,0.904109589041096
IGHV3-72,H40,14,FR1,CAG,13575,340,94,0.025046040515653775,0.006924493554327809,0.875,0.125,0.24543970046572014,0.5167173252279635
IGHV3-72,H43,15,FR1,CCT,13575,338,152,0.024898710865561693,0.011197053406998158,0.6666666666666666,0.3333333333333333,1.9124329693472253,1.111842105263158
IGHV3-72,H46,16,FR1,GGA,13575,67,320,0.004935543278084715,0.023572744014732964,0.625,0.375,0.2717762135445229,0.125625
IGHV3-72,H49,17,FR1,GGG,13575,344,143,0.025340699815837937,0.010534069981583793,0.6666666666666666,0.3333333333333333,0.19636240273659855,1.2027972027972027
IGHV3-72,H52,18,FR1,TCC,13575,110,174,0.008103130755064457,0.012817679558011049,0.6666666666666666,0.3333333333333333,0.41795784838257327,0.3160919540229885
IGHV3-72,H55,19,FR1,CTG,13575,116,412,0.0085451197053407,0.03034990791896869,0.5555555555555556,0.4444444444444444,0.6289659635544201,0.2252427184466019
IGHV3-72,H58,20,FR1,AGA,13575,321,145,0.023646408839779004,0.010681399631675874,0.75,0.25,0.6709686863860952,0.7379310344827585
IGHV3-72,H61,21,FR1,CTC,13575,185,185,0.013627992633517496,0.013627992633517496,0.6666666666666666,0.3333333333333333,0.43185266952684104,0.5
IGHV3-72,H64,22,FR1,TCC,13575,127,404,0.009355432780847146,0.02976058931860037,0.6666666666666666,0.3333333333333333,0.7638459176589949,0.15717821782178218
IGHV3-72,H67,23,FR1,TGT,13575,0,298,0.0,0.021952117863720075,0.875,0.125,0.6720091806444749,0.0
IGHV3-72,H70,24,FR1,GCA,13575,1963,140,0.14460405156537753,0.010313075506445672,0.6666666666666666,0.3333333333333333,0.32437795410857895,7.010714285714286
IGHV3-72,H73,25,FR1,GCC,13574,1850,107,0.1362899661116841,0.007882716958892,0.6666666666666666,0.3333333333333333,0.9872727688299467,8.644859813084112
IGHV3-72,H115,39,FR2,CAC,13575,3331,434,0.24537753222836095,0.031970534069981585,0.8888888888888888,0.1111111111111111,1.1125014410685132,0.9593894009216589
IGHV3-72,H118,40,FR2,TAC,13573,2582,999,0.19023060487732998,0.07360200397848671,0.8571428571428571,0.14285714285714285,0.8973178462299866,0.4307640974307641
IGHV3-72,H121,41,FR2,ATG,13575,1479,0,0.10895027624309392,0.0,1.0,0.0,0.19709554669075924,
IGHV3-72,H124,42,FR2,GAC,13575,681,125,0.05016574585635359,0.009208103130755065,0.8888888888888888,0.1111111111111111,1.5879584411384597,0.6809999999999999
IGHV3-72,H127,43,FR2,TGG,13575,5,0,0.00036832412523020257,0.0,1.0,0.0,0.0,
IGHV3-72,H130,44,FR2,GTC,13572,517,58,0.03809313292071913,0.004273504273504274,0.6666666666666666,0.3333333333333333,0.2851444185752991,4.456896551724138
IGHV3-72,H133,45,FR2,CGC,13572,2,223,0.00014736221632773356,0.016430887120542293,0.6666666666666666,0.3333333333333333,0.8466764940974673,0.004484304932735426
IGHV3-72,H136,46,FR2,CAG,13572,236,24,0.017388741526672562,0.0017683465959328027,0.875,0.125,0.22035364112787412,1.404761904761905
IGHV3-72,H139,47,FR2,GCT,13572,852,236,0.0627763041556145,0.017388741526672562,0.6666666666666666,0.3333333333333333,0.2571225054699811,1.8050847457627117
IGHV3-72,H142,48,FR2,CCA,13572,328,565,0.024167403477748307,0.041629826112584735,0.6666666666666666,0.3333333333333333,0.886511778582091,0.2902654867256637
IGHV3-72,H145,49,FR2,GGG,13571,215,401,0.015842605555964926,0.029548301525311325,0.6666666666666666,0.3333333333333333,1.0128370991948805,0.26807980049875313
IGHV3-72,H193,65,FR3,AGT,13567,4859,361,0.35814844844107024,0.02660868283334562,0.8888888888888888,0.1111111111111111,1.153518485971717,1.6824792243767313
IGHV3-72,H196,66,FR3,TAC,13566,1437,1157,0.1059265811587793,0.08528674627745836,0.8571428571428571,0.14285714285714285,1.7627818451070218,0.2070008643042351
IGHV3-72,H199,67,FR3,ACC,13565,3720,375,0.2742351640250645,0.027644673792849243,0.6666666666666666,0.3333333333333333,1.2848602162019904,4.959999999999999
IGHV3-72,H202,68,FR3,ACA,13566,1284,485,0.0946483856700575,0.03575114256228807,0.6666666666666666,0.3333333333333333,1.1211252830009373,1.3237113402061855
IGHV3-72,H205,69,FR3,GAA,13567,2573,1313,0.18965135991744675,0.09677894892017395,0.875,0.125,1.679360306546074,0.2799477749972799
IGHV3-72,H208,70,FR3,TAC,13569,451,2145,0.03323752671530695,0.15808091974353305,0.8571428571428571,0.14285714285714285,1.413520312644162,0.035042735042735036
IGHV3-72,H211,71,FR3,GCC,13569,436,29,0.032132065738079446,0.0021372245559731743,0.6666666666666666,0.3333333333333333,1.3674372563944346,7.517241379310345
IGHV3-72,H214,72,FR3,GCG,13570,539,432,0.03971997052321297,0.0318349299926308,0.6666666666666666,0.3333333333333333,0.49296793162165464,0.6238425925925927
IGHV3-72,H217,73,FR3,TCT,13570,370,300,0.027266028002947678,0.02210759027266028,0.6666666666666666,0.3333333333333333,0.9297369212551664,0.6166666666666666
IGHV3-72,H220,74,FR3,GTG,13569,472,427,0.03478517208342546,0.03146878915174294,0.6666666666666666,0.3333333333333333,0.6853225246326781,0.5526932084309134
IGHV3-72,H223,75,FR3,AAA,13571,2601,667,0.1916586839584408,0.04914892049222607,0.875,0.125,0.2765697205770885,0.5570786035553652
IGHV3-72,H226,76,FR3,GGC,13572,572,117,0.0421455938697318,0.008620689655172414,0.6666666666666666,0.3333333333333333,0.44309091105505094,2.4444444444444446
IGHV3-72,H229,77,FR3,AGA,13572,37,583,0.002726201002063071,0.04295608605953433,0.75,0.25,1.4919544300137655,0.02115494568324757
IGHV3-72,H232,78,FR3,TTC,13572,276,237,0.020335985853227233,0.017462422634836428,0.8888888888888888,0.1111111111111111,0.3035643948012537,0.14556962025316456
IGHV3-72,H235,79,FR3,ACC,13572,2184,227,0.16091954022988506,0.01672561155319776,0.6666666666666666,0.3333333333333333,0.5583444636077554,4.810572687224669
IGHV3-72,H238,80,FR3,ATC,13572,1984,493,0.1461833185971117,0.03632478632478633,0.7777777777777778,0.2222222222222222,0.9073255344264464,1.14981164879745
IGHV3-72,H241,81,FR3,TCA,13572,207,843,0.015251989389920425,0.0621131741821397,0.5714285714285714,0.42857142857142855,0.8815366136937866,0.18416370106761565
IGHV3-72,H244,82,FR3,AGA,13572,415,569,0.030577659888004715,0.0419245505452402,0.75,0.25,1.0809176809520256,0.24311657879320445
IGHV3-72,H247,83,FR3,GAT,13572,329,337,0.024241084585912172,0.024830533451223106,0.8888888888888888,0.1111111111111111,0.17704693806179214,0.12203264094955489
IGHV3-72,H250,84,FR3,GAT,13572,2168,863,0.1597406424992632,0.06358679634541703,0.8888888888888888,0.1111111111111111,0.9434815010981986,0.31402085747392816
IGHV3-72,H253,85,FR3,TCA,13570,538,557,0.03964627855563744,0.041046425939572584,0.5714285714285714,0.42857142857142855,0.7096307691411985,0.7244165170556555
IGHV3-72,H256,86,FR3,AAG,13550,3724,197,0.2748339483394834,0.014538745387453875,0.875,0.125,0.5057640313189151,2.700507614213198
IGHV3-72,H259,87,FR3,AAC,13554,2285,1308,0.16858491958093552,0.09650287737937141,0.8888888888888888,0.1111111111111111,1.629489667474064,0.2183677370030581
IGHV3-72,H262,88,FR3,TCA,13569,1123,1336,0.08276217849509912,0.09845972437172967,0.5714285714285714,0.42857142857142855,2.61733779925298,0.6304266467065869
IGHV3-72,H265,89,FR3,CTG,13569,2533,2105,0.1866755103544845,0.15513302380425972,0.5555555555555556,0.4444444444444444,1.904804380512833,0.9626603325415675
IGHV3-72,H268,90,FR3,TAT,13569,2709,148,0.1996462524872872,0.010907214975311372,0.8571428571428571,0.14285714285714285,0.6415974948648201,3.0506756756756754
IGHV3-72,H271,91,FR3,CTG,13572,142,1887,0.010462717359269083,0.1390362511052166,0.5555555555555556,0.4444444444444444,2.098469419942864,0.06020137784843667
IGHV3-72,H274,92,FR3,CAA,13572,810,624,0.05968169761273209,0.04597701149425287,0.875,0.125,1.98571518078705,0.18543956043956045
IGHV3-72,H277,93,FR3,ATG,13574,673,0,0.04958007956387211,0.0,1.0,0.0,1.3642590597323545,
IGHV3-72,H280,94,FR3,AAC,13575,1981,472,0.14593001841620626,0.03476979742173112,0.8888888888888888,0.1111111111111111,0.9960975619474636,0.5246292372881356
IGHV3-72,H283,95,FR3,AGC,13575,1237,351,0.09112338858195211,0.02585635359116022,0.8888888888888888,0.1111111111111111,0.8920817460724421,0.4405270655270655
IGHV3-72,H286,96,FR3,CTG,13574,112,514,0.008251068218653308,0.0378665095034625,0.5555555555555556,0.4444444444444444,1.018902845805064,0.1743190661478599
IGHV3-72,H289,97,FR3,AAA,13573,3104,477,0.2286893096588816,0.03514329919693509,0.875,0.125,0.6159824435303038,0.9296196466007788
IGHV3-72,H292,98,FR3,ACC,13573,3381,174,0.2490974729241877,0.012819568260517203,0.6666666666666666,0.3333333333333333,0.3183661317218087,9.71551724137931
IGHV3-72,H295,99,FR3,GAG,13572,1148,585,0.08458591217211907,0.04310344827586207,0.875,0.125,1.1886878770463047,0.28034188034188035
IGHV3-72,H298,100,FR3,GAC,13572,10,98,0.0007368110816386678,0.007220748600058945,0.8888888888888888,0.1111111111111111,0.2276380640658998,0.012755102040816327
IGHV3-72,H301,101,FR3,ACG,13572,360,108,0.026525198938992044,0.007957559681697613,0.6666666666666666,0.3333333333333333,0.3005798017784466,1.6666666666666667
IGHV3-72,H304,102,FR3,GCC,13572,70,23,0.005157677571470675,0.001694665487768936,0.6666666666666666,0.3333333333333333,0.2609036710393596,1.5217391304347827
IGHV3-72,H307,103,FR3,GTG,13573,1468,3686,0.10815589773815663,0.2715685552199219,0.6666666666666666,0.3333333333333333,5.757868269860768,0.19913185024416713
IGHV3-72,H310,104,FR3,TAT,13574,56,570,0.004125534109326654,0.04199204361278915,0.8571428571428571,0.14285714285714285,1.0108823720549156,0.016374269005847954
IGHV3-72,H313,105,FR3,TAC,13574,1679,3571,0.12369235302784735,0.26307646972152643,0.8571428571428571,0.14285714285714285,2.7456568003467035,0.07836273686175675
IGHV3-72,H316,106,FR3,TGT,13574,1,348,0.00007367025195226167,0.025637247679387062,0.875,0.125,0.4528032287099792,0.0004105090311986864
IGHV3-72,H319,107,FR3,GCT,13574,6071,802,0.44725209960218065,0.05908354206571387,0.6666666666666666,0.3333333333333333,0.6107289702616664,3.784912718204489
IGHV3-72,H322,108,FR3,AGA,13574,402,1392,0.029615441284809193,0.10254899071754825,0.75,0.25,1.8974565902754919,0.09626436781609195
IGHV3-72,H76,26,CDR1,TCT,13573,115,388,0.008472703160686657,0.0285861637073602,0.6666666666666666,0.3333333333333333,0.7818966506958093,0.1481958762886598
IGHV3-72,H79,27,CDR1,GGA,13574,220,333,0.01620745542949757,0.02453219390010314,0.625,0.375,1.1894442632544764,0.39639639639639634
IGHV3-72,H85,29,CDR1,TTC,13575,519,212,0.038232044198895025,0.01561694290976059,0.8888888888888888,0.1111111111111111,0.5806165228514444,0.3060141509433962
IGHV3-72,H88,30,CDR1,ACC,13573,3345,1075,0.2464451484564945,0.07920135563250572,0.6666666666666666,0.3333333333333333,1.3159849148763998,1.555813953488372
IGHV3-72,H91,31,CDR1,TTC,13574,2090,263,0.1539708265802269,0.019375276263444822,0.8888888888888888,0.1111111111111111,0.8452587148501042,0.9933460076045627
IGHV3-72,H94,32,CDR1,AGT,13574,848,249,0.0624723736555179,0.018343892736113157,0.8888888888888888,0.1111111111111111,1.2948510988669473,0.42570281124497994
IGHV3-72,H97,33,CDR1,GAC,13575,942,212,0.06939226519337016,0.01561694290976059,0.8888888888888888,0.1111111111111111,2.158418664037679,0.5554245283018867
IGHV3-72,H148,50,CDR2,AAG,13570,952,9,0.07015475313190862,0.0006632277081798084,0.875,0.125,0.44186352535710793,15.111111111111114
IGHV3-72,H151,51,CDR2,GGG,13570,106,727,0.007811348563006633,0.05357406042741341,0.6666666666666666,0.3333333333333333,2.098631283458776,0.07290233837689135
IGHV3-72,H154,52,CDR2,CTG,13570,243,201,0.017907148120854827,0.014812085482682388,0.5555555555555556,0.4444444444444444,0.5980846966957567,0.9671641791044776
IGHV3-72,H157,53,CDR2,GAG,13570,276,329,0.020338983050847456,0.024244657332350775,0.875,0.125,0.8840286104259253,0.11984368215371252
IGHV3-72,H160,54,CDR2,TGG,13570,91,0,0.006705969049373618,0.0,1.0,0.0,0.0029991285693718363,
IGHV3-72,H163,55,CDR2,GTT,13570,1102,458,0.08120854826823876,0.033750921149594694,0.6666666666666666,0.3333333333333333,0.33067442796767565,1.2030567685589517
IGHV3-72,H166,56,CDR2,GGC,13570,1317,470,0.09705232129697863,0.034635224760501106,0.6666666666666666,0.3333333333333333,2.488091721052364,1.401063829787234
IGHV3-72,H169,57,CDR2,CGT,13570,251,1263,0.018496683861459102,0.09307295504789978,0.6666666666666666,0.3333333333333333,1.1697318590613741,0.09936658749010294
IGHV3-72,H172,58,CDR2,ACT,13570,10731,212,0.7907885040530582,0.015622697126013265,0.6666666666666666,0.3333333333333333,1.4261632630408616,25.308962264150942
IGHV3-72,H175,59,CDR2,AGA,13568,2481,470,0.1828567216981132,0.03464033018867924,0.75,0.25,0.9672062387843551,1.7595744680851064
IGHV3-72,H178,60,CDR2,AAC,13564,4302,976,0.31716307873783545,0.07195517546446475,0.8888888888888888,0.1111111111111111,1.4449905771712916,0.5509733606557377
IGHV3-72,H181,61,CDR2,AAA,13555,2264,820,0.16702323865732202,0.06049428255256363,0.875,0.125,0.9421458665967667,0.39442508710801394
IGHV3-72,H184,62,CDR2,GCT,13537,4716,750,0.34837851813548054,0.05540370835487922,0.6666666666666666,0.3333333333333333,0.6723742508231162,3.1440000000000006
IGHV3-72,H190,64,CDR2,AAC,13535,5102,1422,0.37694865164388625,0.1050609530845955,0.8888888888888888,0.1111111111111111,1.3919488306964787,0.44848804500703243
IGHV5-10-1,H1,1,FR1,GAA,13509,666,662,0.04930046635576282,0.04900436745873121,0.875,0.125,0.6007651815035656,0.14372032801035822
IGHV5-10-1,H4,2,FR1,GTG,13509,644,280,0.04767192242208898,0.0207269227922126,0.6666666666666666,0.3333333333333333,0.6347108400377233,1.1500000000000001
IGHV5-10-1,H7,3,FR1,CAG,13508,668,641,0.04945217648800711,0.04745336097127628,0.875,0.125,2.1050765243095713,0.1488745264096278
IGHV5-10-1,H10,4,FR1,CTG,13509,158,1012,0.011695906432748537,0.07491302094899696,0.5555555555555556,0.4444444444444444,2.4506195025470903,0.12490118577075099
IGHV5-10-1,H13,5,FR1,GTG,13509,745,290,0.05514841957213709,0.02146717003479162,0.6666666666666666,0.3333333333333333,0.5885892536219848,1.2844827586206897
IGHV5-10-1,H16,6,FR1,CAG,13509,6,82,0.00044414834554741284,0.0060700273891479755,0.875,0.125,0.7137633724717759,0.010452961672473868
IGHV5-10-1,H19,7,FR1,TCC,13509,110,117,0.008142719668369235,0.008660892738174551,0.6666666666666666,0.3333333333333333,0.6053748285113313,0.47008547008547
IGHV5-10-1,H25,9,FR1,GGA,13509,361,645,0.026722925457102673,0.04774594714634688,0.625,0.375,0.3055043667639592,0.33581395348837206
IGHV5-10-1,H28,10,FR1,GCA,13509,1374,301,0.10170997113035754,0.022281442001628543,0.6666666666666666,0.3333333333333333,0.4322504752688081,2.2823920265780733
IGHV5-10-1,H31,11,FR1,GAG,13509,407,618,0.03012806277296617,0.04574727959138352,0.875,0.125,0.8211142557916857,0.09408229311141933
IGHV5-10-1,H34,12,FR1,GTG,13508,939,324,0.06951436185963873,0.023985786200769913,0.6666666666666666,0.3333333333333333,0.6838295492789116,1.4490740740740742
IGHV5-10-1,H37,13,FR1,AAA,13508,708,1328,0.05241338466094166,0.0983121113414273,0.875,0.125,0.7622088942134256,0.0761617900172117
IGHV5-10-1,H40,14,FR1,AAG,13508,933,63,0.06907018063369855,0.0046639028723719275,0.875,0.125,0.24543970046572014,2.1156462585034017
IGHV5-10-1,H43,15,FR1,CCC,13508,747,18,0.05530056262955286,0.0013325436778205508,0.6666666666666666,0.3333333333333333,1.9124329693472253,20.749999999999996
IGHV5-10-1,H46,16,FR1,GGG,13508,19,416,0.0014065738821439147,0.030796564998519398,0.6666666666666666,0.3333333333333333,0.2717762135445229,0.02283653846153846
IGHV5-10-1,H49,17,FR1,GAG,13508,319,127,0.023615635179153095,0.00940183594906722,0.875,0.125,0.19636240273659855,0.35883014623172105
IGHV5-10-1,H52,18,FR1,TCT,13508,189,216,0.013991708617115784,0.01599052413384661,0.6666666666666666,0.3333333333333333,0.41795784838257327,0.43749999999999994
IGHV5-10-1,H55,19,FR1,CTG,13504,81,279,0.005998222748815166,0.020660545023696682,0.5555555555555556,0.4444444444444444,0.6289659635544201,0.23225806451612904
IGHV5-10-1,H58,20,FR1,AGG,13503,2172,461,0.16085314374583426,0.034140561356735544,0.7777777777777778,0.2222222222222222,0.6709686863860952,1.3461419274868298
IGHV5-10-1,H61,21,FR1,ATC,13503,257,390,0.01903280752425387,0.02888247056209731,0.7777777777777778,0.2222222222222222,0.43185266952684104,0.18827838827838828
IGHV5-10-1,H64,22,FR1,TCC,13503,122,497,0.009035029252758646,0.0368066355624676,0.6666666666666666,0.3333333333333333,0.7638459176589949,0.12273641851106641
IGHV5-10-1,H67,23,FR1,TGT,13500,6,603,0.00044444444444444447,0.04466666666666667,0.875,0.125,0.6720091806444749,0.0014214641080312724
IGHV5-10-1,H70,24,FR1,AAG,13372,3627,159,0.27123840861501647,0.011890517499252169,0.875,0.125,0.32437795410857895,3.2587601078167117
IGHV5-10-1,H73,25,FR1,GGT,13369,4180,814,0.31266362480365023,0.06088712693544768,0.6666666666666666,0.3333333333333333,0.9872727688299467,2.5675675675675675
IGHV5-10-1,H115,39,FR2,TAC,13364,2582,1223,0.19320562705776714,0.09151451661179287,0.8571428571428571,0.14285714285714285,1.1125014410685132,0.35186699373126196
IGHV5-10-1,H118,40,FR2,TGG,13364,787,0,0.058889554025740795,0.0,1.0,0.0,0.8973178462299866,
IGHV5-10-1,H121,41,FR2,ATC,13364,341,429,0.025516312481293026,0.032101167315175094,0.7777777777777778,0.2222222222222222,0.19709554669075924,0.2271062271062271
IGHV5-10-1,H124,42,FR2,AGC,13365,6420,1914,0.48035914702581367,0.14320987654320988,0.8888888888888888,0.1111111111111111,1.5879584411384597,0.41927899686520376
IGHV5-10-1,H127,43,FR2,TGG,13364,6,0,0.0004489673750374139,0.0,1.0,0.0,0.0,
IGHV5-10-1,H130,44,FR2,GTG,13346,280,211,0.02098006893451221,0.01580998051850742,0.6666666666666666,0.3333333333333333,0.2851444185752991,0.6635071090047392
IGHV5-10-1,H133,45,FR2,CGC,13346,5,222,0.00037464408811628953,0.016634197512363256,0.6666666666666666,0.3333333333333333,0.8466764940974673,0.01126126126126126
IGHV5-10-1,H136,46,FR2,CAG,13346,711,307,0.05327438933013637,0.023003147010340178,0.875,0.125,0.22035364112787412,0.3308515588645881
IGHV5-10-1,H139,47,FR2,ATG,13347,2885,0,0.21615344272121076,0.0,1.0,0.0,0.2571225054699811,
IGHV5-10-1,H142,48,FR2,CCC,13347,168,18,0.012587098224320073,0.0013486176668914363,0.6666666666666666,0.3333333333333333,0.886511778582091,4.666666666666667
IGHV5-10-1,H145,49,FR2,GGG,13345,119,1144,0.008917197452229299,0.08572499063319595,0.6666666666666666,0.3333333333333333,1.0128370991948805,0.05201048951048951
IGHV5-10-1,H193,65,FR3,GAC,13341,1015,151,0.07608125327936437,0.011318491867176374,0.8888888888888888,0.1111111111111111,1.153518485971717,0.8402317880794702
IGHV5-10-1,H196,66,FR3,TCT,13341,466,1214,0.03492991529870325,0.09099767633610674,0.6666666666666666,0.3333333333333333,1.7627818451070218,0.19192751235584846
IGHV5-10-1,H199,67,FR3,TAT,13341,3431,1126,0.25717712315418634,0.08440146915523573,0.8571428571428571,0.14285714285714285,1.2848602162019904,0.5078448786264061
IGHV5-10-1,H202,68,FR3,ACC,13341,3306,756,0.24780751068135823,0.05666741623566449,0.6666666666666666,0.3333333333333333,1.1211252830009373,2.1865079365079367
IGHV5-10-1,H205,69,FR3,AAC,13339,5643,784,0.4230452057875403,0.0587750206162381,0.8888888888888888,0.1111111111111111,1.679360306546074,0.8997130102040816
IGHV5-10-1,H208,70,FR3,TAC,13344,464,1130,0.03477218225419664,0.08468225419664269,0.8571428571428571,0.14285714285714285,1.413520312644162,0.06843657817109144
IGHV5-10-1,H211,71,FR3,AGC,13331,2552,2241,0.19143350086265096,0.1681044182731978,0.8888888888888888,0.1111111111111111,1.3674372563944346,0.142347166443552
IGHV5-10-1,H214,72,FR3,CCG,13329,226,156,0.0169555105409258,0.011703803736214269,0.6666666666666666,0.3333333333333333,0.49296793162165464,0.7243589743589743
IGHV5-10-1,H217,73,FR3,TCC,13331,725,833,0.05438451729052584,0.062485935038631764,0.6666666666666666,0.3333333333333333,0.9297369212551664,0.43517406962785105
IGHV5-10-1,H220,74,FR3,TTC,13345,785,408,0.058823529411764705,0.030573248407643312,0.8888888888888888,0.1111111111111111,0.6853225246326781,0.24050245098039216
IGHV5-10-1,H223,75,FR3,CAA,13347,2361,193,0.1768936839739267,0.014460178317224844,0.875,0.125,0.2765697205770885,1.7475943745373796
IGHV5-10-1,H226,76,FR3,GGC,13350,102,364,0.007640449438202248,0.027265917602996254,0.6666666666666666,0.3333333333333333,0.44309091105505094,0.1401098901098901
IGHV5-10-1,H229,77,FR3,CAC,13480,973,245,0.07218100890207715,0.01817507418397626,0.8888888888888888,0.1111111111111111,1.4919544300137655,0.49642857142857155
IGHV5-10-1,H232,78,FR3,GTC,13489,367,93,0.027207354140410703,0.006894506635035955,0.6666666666666666,0.3333333333333333,0.3035643948012537,1.9731182795698925
IGHV5-10-1,H235,79,FR3,ACC,13491,1447,262,0.10725668964494849,0.019420354310280927,0.6666666666666666,0.3333333333333333,0.5583444636077554,2.7614503816793894
IGHV5-10-1,H238,80,FR3,ATC,13492,2857,650,0.2117551141417136,0.04817669730210495,0.7777777777777778,0.2222222222222222,0.9073255344264464,1.2558241758241757
IGHV5-10-1,H241,81,FR3,TCA,13492,208,1693,0.015416543136673585,0.12548176697302105,0.5714285714285714,0.42857142857142855,0.8815366136937866,0.09214412285883049
IGHV5-10-1,H244,82,FR3,GCT,13492,6805,304,0.5043729617551141,0.022531870738215238,0.6666666666666666,0.3333333333333333,1.0809176809520256,11.192434210526317
IGHV5-10-1,H247,83,FR3,GAC,13492,148,100,0.010969463385710051,0.007411799584939223,0.8888888888888888,0.1111111111111111,0.17704693806179214,0.185
IGHV5-10-1,H250,84,FR3,AAG,13492,2558,84,0.18959383338274532,0.006225911651348948,0.875,0.125,0.9434815010981986,4.350340136054421
IGHV5-10-1,H253,85,FR3,TCC,13489,547,408,0.040551560530802874,0.030246867818222254,0.6666666666666666,0.3333333333333333,0.7096307691411985,0.6703431372549019
IGHV5-10-1,H256,86,FR3,ATC,13485,3379,322,0.25057471264367814,0.023878383388950687,0.7777777777777778,0.2222222222222222,0.5057640313189151,2.998225377107364
IGHV5-10-1,H259,87,FR3,AGC,13492,5403,1390,0.4004595315742662,0.1030240142306552,0.8888888888888888,0.1111111111111111,1.629489667474064,0.48588129496402876
IGHV5-10-1,H262,88,FR3,ACT,13493,545,689,0.04039131401467427,0.05106351441488179,0.6666666666666666,0.3333333333333333,2.61733779925298,0.39550072568940486
IGHV5-10-1,H265,89,FR3,GCC,13493,1290,150,0.09560512858519232,0.011116875416882829,0.6666666666666666,0.3333333333333333,1.904804380512833,4.3
IGHV5-10-1,H268,90,FR3,TAC,13493,1211,774,0.08975024086563403,0.057363077151115396,0.8571428571428571,0.14285714285714285,0.6415974948648201,0.2607665805340224
IGHV5-10-1,H271,91,FR3,CTG,13493,408,3125,0.030237901133921292,0.23160157118505892,0.5555555555555556,0.4444444444444444,2.098469419942864,0.10444799999999999
IGHV5-10-1,H274,92,FR3,CAG,13492,1557,522,0.11540171953750371,0.038689593833382746,0.875,0.125,1.98571518078705,0.4261083743842365
IGHV5-10-1,H277,93,FR3,TGG,13500,315,0,0.023333333333333334,0.0,1.0,0.0,1.3642590597323545,
IGHV5-10-1,H280,94,FR3,AGC,13499,3005,518,0.22260908215423364,0.038373212830580046,0.8888888888888888,0.1111111111111111,0.9960975619474636,0.7251447876447876
IGHV5-10-1,H283,95,FR3,AGC,13506,1356,1231,0.10039982230119947,0.0911446764401007,0.8888888888888888,0.1111111111111111,0.8920817460724421,0.13769293257514215
IGHV5-10-1,H286,96,FR3,CTG,13506,94,510,0.006959869687546276,0.037760995113282986,0.5555555555555556,0.4444444444444444,1.018902845805064,0.14745098039215684
IGHV5-10-1,H289,97,FR3,AAG,13507,3467,61,0.25668172058932404,0.0045161767972162585,0.875,0.125,0.6159824435303038,8.11943793911007
IGHV5-10-1,H292,98,FR3,GCC,13507,731,55,0.05412008588139483,0.004071962686014659,0.6666666666666666,0.3333333333333333,0.3183661317218087,6.645454545454545
IGHV5-10-1,H295,99,FR3,TCG,13508,325,642,0.02405981640509328,0.04752739117559965,0.625,0.375,1.1886878770463047,0.3037383177570094
IGHV5-10-1,H298,100,FR3,GAC,13508,25,47,0.0018507551080840982,0.003479419603198105,0.8888888888888888,0.1111111111111111,0.2276380640658998,0.06648936170212766
IGHV5-10-1,H301,101,FR3,ACC,13508,1512,218,0.11193366893692627,0.016138584542493336,0.6666666666666666,0.3333333333333333,0.3005798017784466,3.467889908256881
IGHV5-10-1,H304,102,FR3,GCC,13508,592,168,0.04382588095943145,0.01243707432632514,0.6666666666666666,0.3333333333333333,0.2609036710393596,1.7619047619047623
IGHV5-10-1,H307,103,FR3,ATG,13508,5819,0,0.43078175895765475,0.0,1.0,0.0,5.757868269860768,
IGHV5-10-1,H310,104,FR3,TAT,13507,222,744,0.01643592211445917,0.0550825497889983,0.8571428571428571,0.14285714285714285,1.0108823720549156,0.04973118279569892
IGHV5-10-1,H313,105,FR3,TAC,13508,1950,1631,0.14435889843055966,0.12074326325140658,0.8571428571428571,0.14285714285714285,2.7456568003467035,0.19926425505824646
IGHV5-10-1,H316,106,FR3,TGT,13508,10,236,0.0007403020432336393,0.017471128220313888,0.875,0.125,0.4528032287099792,0.006053268765133172
IGHV5-10-1,H319,107,FR3,GCG,13508,1097,404,0.08121113414273023,0.029908202546639027,0.6666666666666666,0.3333333333333333,0.6107289702616664,1.3576732673267329
IGHV5-10-1,H322,108,FR3,AGA,13508,291,1142,0.021542789458098906,0.08454249333728162,0.75,0.25,1.8974565902754919,0.084938704028021
IGHV5-10-1,H76,26,CDR1,TCT,13364,646,510,0.04833882071236157,0.03816222687818019,0.6666666666666666,0.3333333333333333,0.7818966506958093,0.6333333333333333
IGHV5-10-1,H79,27,CDR1,GGA,13363,521,388,0.03898825114121081,0.029035396243358526,0.625,0.375,1.1894442632544764,0.8056701030927836
IGHV5-10-1,H85,29,CDR1,TAC,13362,906,438,0.06780422092501123,0.0327795240233498,0.8571428571428571,0.14285714285714285,0.5806165228514444,0.3447488584474886
IGHV5-10-1,H88,30,CDR1,AGC,13364,5475,1326,0.4096827297216402,0.09922178988326848,0.8888888888888888,0.1111111111111111,1.3159849148763998,0.5161199095022625
IGHV5-10-1,H91,31,CDR1,TTT,13365,588,1116,0.04399551066217733,0.08350168350168351,0.8888888888888888,0.1111111111111111,0.8452587148501042,0.06586021505376342
IGHV5-10-1,H94,32,CDR1,ACC,13360,4415,460,0.3304640718562874,0.0344311377245509,0.6666666666666666,0.3333333333333333,1.2948510988669473,4.79891304347826
IGHV5-10-1,H97,33,CDR1,AGC,13365,8322,1106,0.6226711560044893,0.0827534605312383,0.8888888888888888,0.1111111111111111,2.158418664037679,0.9405515370705244
IGHV5-10-1,H148,50,CDR2,AAA,13345,949,400,0.07111277632071937,0.029973772948669913,0.875,0.125,0.44186352535710793,0.3389285714285714
IGHV5-10-1,H151,51,CDR2,GGC,13344,103,176,0.007718824940047961,0.013189448441247002,0.6666666666666666,0.3333333333333333,2.098631283458776,0.29261363636363635
IGHV5-10-1,H154,52,CDR2,CTG,13344,87,671,0.006519784172661871,0.050284772182254196,0.5555555555555556,0.4444444444444444,0.5980846966957567,0.10372578241430701
IGHV5-10-1,H157,53,CDR2,GAG,13340,208,524,0.015592203898050975,0.039280359820089955,0.875,0.125,0.8840286104259253,0.056706652126499446
IGHV5-10-1,H160,54,CDR2,TGG,13346,294,0,0.022029072381237823,0.0,1.0,0.0,0.0029991285693718363,
IGHV5-10-1,H163,55,CDR2,ATG,13344,1499,0,0.11233513189448441,0.0,1.0,0.0,0.33067442796767565,
IGHV5-10-1,H166,56,CDR2,GGG,13344,276,1238,0.02068345323741007,0.09277577937649881,0.6666666666666666,0.3333333333333333,2.488091721052364,0.11147011308562196
IGHV5-10-1,H169,57,CDR2,AGG,13340,2516,1437,0.18860569715142428,0.10772113943028486,0.7777777777777778,0.2222222222222222,1.1697318590613741,0.5002485336514563
IGHV5-10-1,H172,58,CDR2,ATT,13344,774,507,0.05800359712230216,0.03799460431654676,0.7777777777777778,0.2222222222222222,1.4261632630408616,0.4361792054099746
IGHV5-10-1,H175,59,CDR2,GAT,13334,1237,495,0.0927703614819259,0.03712314384280786,0.8888888888888888,0.1111111111111111,0.9672062387843551,0.31237373737373736
IGHV5-10-1,H178,60,CDR2,CCT,13335,364,2116,0.027296587926509186,0.1586801649793776,0.6666666666666666,0.3333333333333333,1.4449905771712916,0.08601134215500944
IGHV5-10-1,H181,61,CDR2,AGT,13325,4253,332,0.31917448405253285,0.024915572232645403,0.8888888888888888,0.1111111111111111,0.9421458665967667,1.6012801204819278
IGHV2-70,H1,1,FR1,CAG,12340,71,145,0.005753646677471637,0.011750405186385737,0.875,0.125,0.6007651815035656,0.06995073891625615
IGHV2-70,H4,2,FR1,GTC,12340,179,28,0.014505672609400324,0.00226904376012966,0.6666666666666666,0.3333333333333333,0.6347108400377233,3.1964285714285716
IGHV2-70,H7,3,FR1,ACC,12340,181,100,0.0146677471636953,0.008103727714748784,0.6666666666666666,0.3333333333333333,2.1050765243095713,0.905
IGHV2-70,H10,4,FR1,TTG,12340,67,545,0.005429497568881686,0.044165316045380876,0.75,0.25,2.4506195025470903,0.04097859327217126
IGHV2-70,H13,5,FR1,AGG,12340,377,111,0.03055105348460292,0.008995137763371151,0.7777777777777778,0.2222222222222222,0.5885892536219848,0.9703989703989703
IGHV2-70,H16,6,FR1,GAG,12340,35,252,0.0028363047001620746,0.020421393841166938,0.875,0.125,0.7137633724717759,0.01984126984126984
IGHV2-70,H19,7,FR1,TCT,12340,80,216,0.006482982171799027,0.017504051863857374,0.6666666666666666,0.3333333333333333,0.6053748285113313,0.18518518518518517
IGHV2-70,H25,9,FR1,GGT,12340,45,283,0.003646677471636953,0.02293354943273906,0.6666666666666666,0.3333333333333333,0.3055043667639592,0.07950530035335689
IGHV2-70,H28,10,FR1,CCT,12340,17,274,0.0013776337115072933,0.022204213938411668,0.6666666666666666,0.3333333333333333,0.4322504752688081,0.03102189781021898
IGHV2-70,H31,11,FR1,GCG,12336,174,302,0.014105058365758755,0.02448119325551232,0.6666666666666666,0.3333333333333333,0.8211142557916857,0.2880794701986755
IGHV2-70,H34,12,FR1,CTG,12336,375,253,0.030398832684824902,0.020509079118028534,0.5555555555555556,0.4444444444444444,0.6838295492789116,1.185770750988142
IGHV2-70,H37,13,FR1,GTG,12336,377,402,0.0305609597924773,0.0325875486381323,0.6666666666666666,0.3333333333333333,0.7622088942134256,0.46890547263681587
IGHV2-70,H40,14,FR1,AAA,12336,1410,676,0.11429961089494163,0.054798962386511024,0.875,0.125,0.24543970046572014,0.2979712595097211
IGHV2-70,H43,15,FR1,CCC,12325,539,73,0.04373225152129817,0.005922920892494929,0.6666666666666666,0.3333333333333333,1.9124329693472253,3.691780821917808
IGHV2-70,H46,16,FR1,ACA,12336,524,271,0.042477302204928666,0.021968223086900128,0.6666666666666666,0.3333333333333333,0.2717762135445229,0.9667896678966791
IGHV2-70,H49,17,FR1,CAG,12336,626,19,0.05074578469520104,0.001540207522697795,0.875,0.125,0.19636240273659855,4.706766917293233
IGHV2-70,H52,18,FR1,ACC,12335,249,139,0.020186461289015,0.011268747466558574,0.6666666666666666,0.3333333333333333,0.41795784838257327,0.89568345323741
IGHV2-70,H55,19,FR1,CTC,12335,135,93,0.010944466963923795,0.007539521686258614,0.6666666666666666,0.3333333333333333,0.6289659635544201,0.7258064516129034
IGHV2-70,H58,20,FR1,ACA,12335,314,454,0.025456019456830157,0.03680583704904743,0.6666666666666666,0.3333333333333333,0.6709686863860952,0.34581497797356825
IGHV2-70,H61,21,FR1,CTG,12335,177,260,0.014349412241588975,0.02107823267126064,0.5555555555555556,0.4444444444444444,0.43185266952684104,0.5446153846153846
IGHV2-70,H64,22,FR1,ACC,12335,88,358,0.0071341710579651395,0.029023104985812728,0.6666666666666666,0.3333333333333333,0.7638459176589949,0.12290502793296089
IGHV2-70,H67,23,FR1,TGC,12335,2,200,0.00016214025131738955,0.016214025131738953,0.875,0.125,0.6720091806444749,0.0014285714285714286
IGHV2-70,H70,24,FR1,ACC,12336,1757,281,0.14242866407263294,0.022778858625162126,0.6666666666666666,0.3333333333333333,0.32437795410857895,3.126334519572954
IGHV2-70,H73,25,FR1,TTC,12333,1194,75,0.09681342738992946,0.006081245439065921,0.8888888888888888,0.1111111111111111,0.9872727688299467,1.99
IGHV2-70,H115,39,FR2,ATG,12336,1771,0,0.14356355382619973,0.0,1.0,0.0,1.1125014410685132,
IGHV2-70,H118,40,FR2,TGT,12334,1981,66,0.16061293984108968,0.005351062104751094,0.875,0.125,0.8973178462299866,4.287878787878788
IGHV2-70,H121,41,FR2,GTG,12330,394,549,0.03195458231954582,0.04452554744525548,0.6666666666666666,0.3333333333333333,0.19709554669075924,0.3588342440801457
IGHV2-70,H124,42,FR2,AGC,12330,3302,2032,0.26780210867802107,0.164801297648013,0.8888888888888888,0.1111111111111111,1.5879584411384597,0.20312499999999997
IGHV2-70,H127,43,FR2,TGG,12330,13,0,0.00105433901054339,0.0,1.0,0.0,0.0,
IGHV2-70,H130,44,FR2,ATC,12330,531,361,0.043065693430656936,0.029278183292781833,0.7777777777777778,0.2222222222222222,0.2851444185752991,0.42026117926394935
IGHV2-70,H133,45,FR2,CGT,12330,3,456,0.00024330900243309004,0.036982968369829686,0.6666666666666666,0.3333333333333333,0.8466764940974673,0.003289473684210526
IGHV2-70,H136,46,FR2,CAG,12330,60,30,0.004866180048661801,0.0024330900243309003,0.875,0.125,0.22035364112787412,0.2857142857142857
IGHV2-70,H139,47,FR2,CCC,12330,1245,49,0.10097323600973236,0.00397404703974047,0.6666666666666666,0.3333333333333333,0.2571225054699811,12.704081632653061
IGHV2-70,H142,48,FR2,CCA,12330,26,923,0.00210867802108678,0.0748580697485807,0.6666666666666666,0.3333333333333333,0.886511778582091,0.01408450704225352
IGHV2-70,H145,49,FR2,GGG,12330,18,212,0.00145985401459854,0.017193836171938363,0.6666666666666666,0.3333333333333333,1.0128370991948805,0.04245283018867924
IGHV2-70,H193,65,FR3,GAT,12329,2144,215,0.17389893746451457,0.017438559493876227,0.8888888888888888,0.1111111111111111,1.153518485971717,1.246511627906977
IGHV2-70,H196,66,FR3,GAT,12334,2189,273,0.1774768931409113,0.02213393870601589,0.8888888888888888,0.1111111111111111,1.7627818451070218,1.0022893772893773
IGHV2-70,H199,67,FR3,GAT,12334,2836,632,0.2299335171071834,0.051240473487919574,0.8888888888888888,0.1111111111111111,1.2848602162019904,0.5609177215189873
IGHV2-70,H202,68,FR3,AAA,12331,1966,1340,0.1594355688914119,0.10866920768794096,0.875,0.125,1.1211252830009373,0.2095948827292111
IGHV2-70,H205,69,FR3,TAC,12329,3263,1783,0.2646605564117122,0.14461837943061076,0.8571428571428571,0.14285714285714285,1.679360306546074,0.30501028229575616
IGHV2-70,H208,70,FR3,TAC,12332,348,1228,0.028219266947778137,0.09957833279273436,0.8571428571428571,0.14285714285714285,1.413520312644162,0.04723127035830618
IGHV2-70,H211,71,FR3,AGC,12332,4185,1678,0.3393610120012974,0.13606876419072333,0.8888888888888888,0.1111111111111111,1.3674372563944346,0.31175506555423116
IGHV2-70,H214,72,FR3,ACA,12331,2214,657,0.17954748195604575,0.05328035033655016,0.6666666666666666,0.3333333333333333,0.49296793162165464,1.684931506849315
IGHV2-70,H217,73,FR3,TCT,12334,373,240,0.030241608561699367,0.019458407653640344,0.6666666666666666,0.3333333333333333,0.9297369212551664,0.7770833333333333
IGHV2-70,H220,74,FR3,CTG,12334,368,611,0.029836225068915194,0.049537862818226044,0.5555555555555556,0.4444444444444444,0.6853225246326781,0.48183306055646474
IGHV2-70,H223,75,FR3,AAG,12334,2743,78,0.22239338414139775,0.006323982487433112,0.875,0.125,0.2765697205770885,5.023809523809524
IGHV2-70,H226,76,FR3,ACC,12337,975,790,0.07903055848261328,0.06403501661668153,0.6666666666666666,0.3333333333333333,0.44309091105505094,0.6170886075949368
IGHV2-70,H229,77,FR3,AGG,12337,307,1567,0.024884493799140796,0.1270162924535949,0.7777777777777778,0.2222222222222222,1.4919544300137655,0.05597593217248609
IGHV2-70,H232,78,FR3,CTC,12337,523,183,0.04239280213990435,0.014833427899813569,0.6666666666666666,0.3333333333333333,0.3035643948012537,1.42896174863388
IGHV2-70,H235,79,FR3,ACC,12337,1545,75,0.12523303882629488,0.006079273729431791,0.6666666666666666,0.3333333333333333,0.5583444636077554,10.3
IGHV2-70,H238,80,FR3,ATC,12337,840,199,0.06808786576963606,0.016130339628759018,0.7777777777777778,0.2222222222222222,0.9073255344264464,1.206030150753769
IGHV2-70,H241,81,FR3,TCC,12337,186,335,0.015076598848990841,0.027154089324795332,0.6666666666666666,0.3333333333333333,0.8815366136937866,0.27761194029850744
IGHV2-70,H244,82,FR3,AAG,12337,1369,137,0.11096700980789495,0.011104806679095403,0.875,0.125,1.0809176809520256,1.4275286757038583
IGHV2-70,H247,83,FR3,GAC,12338,450,48,0.036472686010698654,0.0038904198411411897,0.8888888888888888,0.1111111111111111,0.17704693806179214,1.1718750000000002
IGHV2-70,H250,84,FR3,ACC,12337,1039,663,0.08421820539839507,0.05374077976817703,0.6666666666666666,0.3333333333333333,0.9434815010981986,0.7835595776772247
IGHV2-70,H253,85,FR3,TCC,12337,440,306,0.035665072545999835,0.024803436816081704,0.6666666666666666,0.3333333333333333,0.7096307691411985,0.7189542483660132
IGHV2-70,H256,86,FR3,AAA,12337,1447,504,0.11728945448650402,0.04085271946178163,0.875,0.125,0.5057640313189151,0.4101473922902495
IGHV2-70,H259,87,FR3,AAC,12338,935,635,0.07578213648889609,0.051467012481763656,0.8888888888888888,0.1111111111111111,1.629489667474064,0.1840551181102362
IGHV2-70,H262,88,FR3,CAG,12338,712,278,0.05770789431026098,0.02253201491327606,0.875,0.125,2.61733779925298,0.36587872559095574
IGHV2-70,H265,89,FR3,GTG,12340,50,717,0.004051863857374392,0.05810372771474878,0.6666666666666666,0.3333333333333333,1.904804380512833,0.03486750348675035
IGHV2-70,H268,90,FR3,GTC,12340,782,51,0.0633711507293355,0.00413290113452188,0.6666666666666666,0.3333333333333333,0.6415974948648201,7.666666666666667
IGHV2-70,H271,91,FR3,CTT,12340,75,2778,0.006077795786061589,0.22512155591572122,0.6666666666666666,0.3333333333333333,2.098469419942864,0.01349892008639309
IGHV2-70,H274,92,FR3,ACA,12340,1615,496,0.13087520259319288,0.04019448946515397,0.6666666666666666,0.3333333333333333,1.98571518078705,1.6280241935483872
IGHV2-70,H277,93,FR3,ATG,12340,1347,0,0.10915721231766613,0.0,1.0,0.0,1.3642590597323545,
IGHV2-70,H280,94,FR3,ACC,12340,932,286,0.07552674230145867,0.023176661264181525,0.6666666666666666,0.3333333333333333,0.9960975619474636,1.6293706293706294
IGHV2-70,H283,95,FR3,AAC,12340,1168,580,0.0946515397082658,0.04700162074554295,0.8888888888888888,0.1111111111111111,0.8920817460724421,0.2517241379310345
IGHV2-70,H286,96,FR3,ATG,12340,2188,0,0.1773095623987034,0.0,1.0,0.0,1.018902845805064,
IGHV2-70,H289,97,FR3,GAC,12340,935,94,0.07576985413290113,0.007617504051863858,0.8888888888888888,0.1111111111111111,0.6159824435303038,1.243351063829787
IGHV2-70,H292,98,FR3,CCT,12340,364,832,0.029497568881685577,0.06742301458670989,0.6666666666666666,0.3333333333333333,0.3183661317218087,0.21875
IGHV2-70,H295,99,FR3,GTG,12340,2440,761,0.19773095623987033,0.06166936790923825,0.6666666666666666,0.3333333333333333,1.1886878770463047,1.603153745072273
IGHV2-70,H298,100,FR3,GAC,12340,17,56,0.0013776337115072933,0.00453808752025932,0.8888888888888888,0.1111111111111111,0.2276380640658998,0.03794642857142856
IGHV2-70,H301,101,FR3,ACA,12340,228,655,0.018476499189627228,0.053079416531604535,0.6666666666666666,0.3333333333333333,0.3005798017784466,0.17404580152671756
IGHV2-70,H304,102,FR3,GCC,12340,1358,54,0.1100486223662885,0.0043760129659643435,0.6666666666666666,0.3333333333333333,0.2609036710393596,12.574074074074074
IGHV2-70,H307,103,FR3,ACG,12340,283,6308,0.02293354943273906,0.5111831442463534,0.6666666666666666,0.3333333333333333,5.757868269860768,0.022431832593532024
IGHV2-70,H310,104,FR3,TAT,12340,95,859,0.007698541329011345,0.06961102106969205,0.8571428571428571,0.14285714285714285,1.0108823720549156,0.01843228560341482
IGHV2-70,H313,105,FR3,TAC,12340,1892,1290,0.153322528363047,0.10453808752025932,0.8571428571428571,0.14285714285714285,2.7456568003467035,0.24444444444444444
IGHV2-70,H316,106,FR3,TGT,12340,0,339,0.0,0.02747163695299838,0.875,0.125,0.4528032287099792,0.0
IGHV2-70,H319,107,FR3,GCA,12340,1052,1097,0.08525121555915721,0.08889789303079416,0.6666666666666666,0.3333333333333333,0.6107289702616664,0.479489516864175
IGHV2-70,H322,108,FR3,CGG,12340,267,1720,0.021636952998379255,0.1393841166936791,0.5555555555555556,0.4444444444444444,1.8974565902754919,0.1241860465116279
IGHV2-70,H76,26,CDR1,TCT,12333,116,491,0.009405659612421957,0.03981188680775156,0.6666666666666666,0.3333333333333333,0.7818966506958093,0.11812627291242363
IGHV2-70,H79,27,CDR1,GGG,12333,82,2245,0.006648828346712073,0.18203194680937324,0.6666666666666666,0.3333333333333333,1.1894442632544764,0.018262806236080176
IGHV2-70,H85,29,CDR1,TTC,12336,336,336,0.027237354085603113,0.027237354085603113,0.8888888888888888,0.1111111111111111,0.5806165228514444,0.125
IGHV2-70,H88,30,CDR1,TCA,12336,288,631,0.023346303501945526,0.051151102464332035,0.5714285714285714,0.42857142857142855,1.3159849148763998,0.34231378763866877
IGHV2-70,H91,31,CDR1,CTC,12334,532,314,0.043132803632236094,0.025458083346846117,0.6666666666666666,0.3333333333333333,0.8452587148501042,0.8471337579617835
IGHV2-70,H94,32,CDR1,AGC,12313,5299,845,0.43035815804434335,0.06862665475513685,0.8888888888888888,0.1111111111111111,1.2948510988669473,0.7838757396449703
IGHV2-70,H97,33,CDR1,ACT,12323,1947,1094,0.15799724093159134,0.0887770835023939,0.6666666666666666,0.3333333333333333,2.158418664037679,0.8898537477148082
IGHV2-70,H100,34,CDR1,AGT,12320,5866,204,0.47613636363636364,0.016558441558441557,0.8888888888888888,0.1111111111111111,0.8178357375146844,3.5943627450980395
IGHV2-70,H112,38,CDR1,GGA,12331,2226,915,0.18052063903981835,0.07420322763766118,0.625,0.375,0.9200031724633807,1.459672131147541
IGHV2-70,H148,50,CDR2,AAG,12330,652,7,0.05287915652879156,0.0005677210056772101,0.875,0.125,0.44186352535710793,13.30612244897959
IGHV2-70,H151,51,CDR2,GCC,12334,266,105,0.021566401816118047,0.00851305334846765,0.6666666666666666,0.3333333333333333,2.098631283458776,1.2666666666666666
IGHV2-70,H154,52,CDR2,CTG,12334,550,294,0.04459218420625912,0.02383654937570942,0.5555555555555556,0.4444444444444444,0.5980846966957567,1.4965986394557822
IGHV2-70,H157,53,CDR2,GAG,12334,99,462,0.008026593157126642,0.03745743473325766,0.875,0.125,0.8840286104259253,0.030612244897959186
IGHV2-70,H160,54,CDR2,TGG,12334,92,0,0.0074590562672287985,0.0,1.0,0.0,0.0029991285693718363,
IGHV2-70,H163,55,CDR2,CTT,12334,60,627,0.004864601913410086,0.0508350899951354,0.6666666666666666,0.3333333333333333,0.33067442796767565,0.04784688995215312
IGHV2-70,H166,56,CDR2,GCA,12334,426,785,0.03453867358521161,0.06364520836711529,0.6666666666666666,0.3333333333333333,2.488091721052364,0.2713375796178344
IGHV2-70,H169,57,CDR2,CTC,12334,1463,253,0.11861520998864926,0.020512404734879197,0.6666666666666666,0.3333333333333333,1.1697318590613741,2.8913043478260865
IGHV2-70,H172,58,CDR2,ATT,12334,564,264,0.04572725798605481,0.021404248419004377,0.7777777777777778,0.2222222222222222,1.4261632630408616,0.6103896103896104
IGHV2-70,H175,59,CDR2,GAT,12334,1100,523,0.08918436841251824,0.042403113345224584,0.8888888888888888,0.1111111111111111,0.9672062387843551,0.26290630975143403
IGHV2-70,H178,60,CDR2,TGG,12321,511,0,0.0414739063387712,0.0,1.0,0.0,1.4449905771712916,
IGHV4-38-2,H1,1,FR1,CAG,11412,189,246,0.016561514195583597,0.021556256572029444,0.875,0.125,0.6007651815035656,0.10975609756097561
IGHV4-38-2,H4,2,FR1,GTG,11412,241,292,0.021118121275849982,0.025587101296880476,0.6666666666666666,0.3333333333333333,0.6347108400377233,0.41267123287671237
IGHV4-38-2,H7,3,FR1,CAG,11412,1289,564,0.11295127935506484,0.04942166140904311,0.875,0.125,2.1050765243095713,0.32649442755825736
IGHV4-38-2,H10,4,FR1,CTG,11412,85,797,0.007448300035050824,0.06983876621100596,0.5555555555555556,0.4444444444444444,2.4506195025470903,0.08531994981179424
IGHV4-38-2,H13,5,FR1,CAG,11412,500,223,0.043813529617946025,0.019540834209603924,0.875,0.125,0.5885892536219848,0.3203074951953876
IGHV4-38-2,H16,6,FR1,GAG,11412,201,102,0.017613038906414302,0.008937960042060988,0.875,0.125,0.7137633724717759,0.2815126050420168
IGHV4-38-2,H19,7,FR1,TCG,11412,77,8,0.006747283561163687,0.0007010164738871364,0.625,0.375,0.6053748285113313,5.774999999999999
IGHV4-38-2,H25,9,FR1,GGC,11412,87,127,0.007623554153522608,0.01112863652295829,0.6666666666666666,0.3333333333333333,0.3055043667639592,0.3425196850393701
IGHV4-38-2,H28,10,FR1,CCA,11412,38,306,0.0033298282509638976,0.026813880126182965,0.6666666666666666,0.3333333333333333,0.4322504752688081,0.06209150326797385
IGHV4-38-2,H31,11,FR1,GGA,11412,306,295,0.026813880126182965,0.025849982474588154,0.625,0.375,0.8211142557916857,0.6223728813559323
IGHV4-38-2,H34,12,FR1,CTG,11412,215,294,0.018839817735716788,0.02576235541535226,0.5555555555555556,0.4444444444444444,0.6838295492789116,0.585034013605442
IGHV4-38-2,H37,13,FR1,GTG,11412,411,130,0.03601472134595163,0.011391517700665965,0.6666666666666666,0.3333333333333333,0.7622088942134256,1.580769230769231
IGHV4-38-2,H40,14,FR1,AAG,11412,726,54,0.06361724500525763,0.00473186119873817,0.875,0.125,0.24543970046572014,1.9206349206349207
IGHV4-38-2,H43,15,FR1,CCT,11412,448,414,0.03925692253767964,0.03627760252365931,0.6666666666666666,0.3333333333333333,1.9124329693472253,0.5410628019323671
IGHV4-38-2,H46,16,FR1,TCG,11412,126,45,0.011041009463722398,0.003943217665615142,0.625,0.375,0.2717762135445229,1.6800000000000002
IGHV4-38-2,H49,17,FR1,GAG,11412,126,42,0.011041009463722398,0.003680336487907466,0.875,0.125,0.19636240273659855,0.4285714285714286
IGHV4-38-2,H52,18,FR1,ACC,11412,70,145,0.006133894146512443,0.012705923589204346,0.6666666666666666,0.3333333333333333,0.41795784838257327,0.24137931034482757
IGHV4-38-2,H55,19,FR1,CTG,11412,83,84,0.00727304591657904,0.007360672975814932,0.5555555555555556,0.4444444444444444,0.6289659635544201,0.7904761904761904
IGHV4-38-2,H58,20,FR1,TCC,11412,151,242,0.013231685944619698,0.021205748335085876,0.6666666666666666,0.3333333333333333,0.6709686863860952,0.3119834710743801
IGHV4-38-2,H61,21,FR1,CTC,11411,71,82,0.006222066427131715,0.007186048549645079,0.6666666666666666,0.3333333333333333,0.43185266952684104,0.4329268292682927
IGHV4-38-2,H64,22,FR1,ACC,11411,1002,940,0.08781000788712645,0.0823766541056875,0.6666666666666666,0.3333333333333333,0.7638459176589949,0.5329787234042553
IGHV4-38-2,H67,23,FR1,TGC,11411,3,287,0.0002629042152309175,0.025151169923757776,0.875,0.125,0.6720091806444749,0.001493280238924838
IGHV4-38-2,H70,24,FR1,ACT,11411,2905,180,0.2545789150819385,0.015774252913855053,0.6666666666666666,0.3333333333333333,0.32437795410857895,8.069444444444443
IGHV4-38-2,H73,25,FR1,GTC,11411,121,567,0.010603803347647007,0.049688896678643416,0.6666666666666666,0.3333333333333333,0.9872727688299467,0.10670194003527338
IGHV4-38-2,H115,39,FR2,TAC,11407,1867,1155,0.1636714298237924,0.10125361620057859,0.8571428571428571,0.14285714285714285,1.1125014410685132,0.26940836940836943
IGHV4-38-2,H118,40,FR2,TAC,11409,2183,754,0.19134017004119555,0.0660881760014024,0.8571428571428571,0.14285714285714285,0.8973178462299866,0.48253757736516356
IGHV4-38-2,H121,41,FR2,TGG,11409,55,0,0.004820755543868876,0.0,1.0,0.0,0.19709554669075924,
IGHV4-38-2,H124,42,FR2,GGC,11407,1327,102,0.11633207679495047,0.00894187779433681,0.6666666666666666,0.3333333333333333,1.5879584411384597,6.504901960784314
IGHV4-38-2,H127,43,FR2,TGG,11407,47,0,0.004120277022880687,0.0,1.0,0.0,0.0,
IGHV4-38-2,H130,44,FR2,ATC,11407,991,324,0.08687647935478215,0.028403611817305163,0.7777777777777778,0.2222222222222222,0.2851444185752991,0.8738977072310405
IGHV4-38-2,H133,45,FR2,CGG,11407,14,697,0.0012273165600070132,0.06110283159463487,0.5555555555555556,0.4444444444444444,0.8466764940974673,0.016068866571018647
IGHV4-38-2,H136,46,FR2,CAG,11407,168,47,0.01472779872008416,0.004120277022880687,0.875,0.125,0.22035364112787412,0.5106382978723405
IGHV4-38-2,H139,47,FR2,CCC,11405,2028,29,0.17781674704077158,0.0025427444103463394,0.6666666666666666,0.3333333333333333,0.2571225054699811,34.96551724137931
IGHV4-38-2,H142,48,FR2,CCA,11407,60,964,0.005259928114315771,0.08450951170334005,0.6666666666666666,0.3333333333333333,0.886511778582091,0.03112033195020747
IGHV4-38-2,H145,49,FR2,GGG,11406,312,328,0.027354024197790636,0.02875679466947221,0.6666666666666666,0.3333333333333333,1.0128370991948805,0.4756097560975609
IGHV4-38-2,H193,65,FR3,AGT,11405,2969,186,0.2603244191144235,0.016308636562911004,0.8888888888888888,0.1111111111111111,1.153518485971717,1.9952956989247312
IGHV4-38-2,H196,66,FR3,GGG,11405,512,1273,0.044892590968873304,0.1116177115300307,0.6666666666666666,0.3333333333333333,1.7627818451070218,0.20109976433621368
IGHV4-38-2,H199,67,FR3,AGC,11398,5649,902,0.4956132654851728,0.07913669064748201,0.8888888888888888,0.1111111111111111,1.2848602162019904,0.7828436807095345
IGHV4-38-2,H202,68,FR3,ACC,11402,1407,678,0.12339940361340115,0.05946325206104192,0.6666666666666666,0.3333333333333333,1.1211252830009373,1.0376106194690264
IGHV4-38-2,H205,69,FR3,TAC,11402,2527,484,0.22162778459919313,0.042448693211717244,0.8571428571428571,0.14285714285714285,1.679360306546074,0.8701790633608816
IGHV4-38-2,H208,70,FR3,TAC,11405,1045,384,0.0916264796142043,0.03366944322665497,0.8571428571428571,0.14285714285714285,1.413520312644162,0.4535590277777778
IGHV4-38-2,H211,71,FR3,AAC,11406,1272,1345,0.1115202524986849,0.11792039277573207,0.8888888888888888,0.1111111111111111,1.3674372563944346,0.11821561338289961
IGHV4-38-2,H214,72,FR3,CCG,11406,676,230,0.05926705242854638,0.020164825530422585,0.6666666666666666,0.3333333333333333,0.49296793162165464,1.4695652173913043
IGHV4-38-2,H217,73,FR3,TCC,11407,145,249,0.01271149294292978,0.02182870167441045,0.6666666666666666,0.3333333333333333,0.9297369212551664,0.29116465863453816
IGHV4-38-2,H220,74,FR3,CTC,11406,177,341,0.01551814834297738,0.029896545677713483,0.6666666666666666,0.3333333333333333,0.6853225246326781,0.2595307917888563
IGHV4-38-2,H223,75,FR3,AAG,11407,2134,50,0.1870781099324976,0.004383273428596476,0.875,0.125,0.2765697205770885,6.097142857142858
IGHV4-38-2,H226,76,FR3,AGT,11409,783,221,0.06863002892453327,0.019370672276273117,0.8888888888888888,0.1111111111111111,0.44309091105505094,0.4428733031674208
IGHV4-38-2,H229,77,FR3,CGA,11409,80,602,0.007012008063809273,0.05276536068016478,0.5,0.5,1.4919544300137655,0.13289036544850497
IGHV4-38-2,H232,78,FR3,GTC,11409,1319,113,0.1156104829520554,0.009904461390130598,0.6666666666666666,0.3333333333333333,0.3035643948012537,5.836283185840708
IGHV4-38-2,H235,79,FR3,ACC,11409,1286,251,0.11271802962573407,0.022000175300201597,0.6666666666666666,0.3333333333333333,0.5583444636077554,2.5617529880478087
IGHV4-38-2,H238,80,FR3,ATA,11409,2138,1593,0.18739591550530282,0.13962661057060216,0.7777777777777778,0.2222222222222222,0.9073255344264464,0.38346336651421387
IGHV4-38-2,H241,81,FR3,TCA,11408,301,1086,0.02638499298737728,0.09519635343618513,0.5714285714285714,0.42857142857142855,0.8815366136937866,0.2078729281767956
IGHV4-38-2,H244,82,FR3,GTA,11410,3343,1814,0.292988606485539,0.15898334794040314,0.6666666666666666,0.3333333333333333,1.0809176809520256,0.9214443219404632
IGHV4-38-2,H247,83,FR3,GAC,11412,326,90,0.028566421310900807,0.007886435331230283,0.8888888888888888,0.1111111111111111,0.17704693806179214,0.45277777777777783
IGHV4-38-2,H250,84,FR3,ACG,11412,1127,436,0.09875569575885033,0.03820539782684893,0.6666666666666666,0.3333333333333333,0.9434815010981986,1.2924311926605503
IGHV4-38-2,H253,85,FR3,TCC,11412,337,584,0.029530318962495618,0.05117420259376095,0.6666666666666666,0.3333333333333333,0.7096307691411985,0.288527397260274
IGHV4-38-2,H256,86,FR3,AAG,11405,1774,201,0.1555458132398071,0.017623849188952215,0.875,0.125,0.5057640313189151,1.2608386638237383
IGHV4-38-2,H259,87,FR3,AAC,11412,398,1298,0.034875569575885036,0.11373992288818788,0.8888888888888888,0.1111111111111111,1.629489667474064,0.03832819722650231
IGHV4-38-2,H262,88,FR3,CAG,11412,1517,1015,0.13293024886084823,0.08894146512443042,0.875,0.125,2.61733779925298,0.2135116115411682
IGHV4-38-2,H265,89,FR3,TTC,11412,1132,380,0.0991938310550298,0.033298282509638975,0.8888888888888888,0.1111111111111111,1.904804380512833,0.3723684210526316
IGHV4-38-2,H268,90,FR3,TCC,11412,389,336,0.034086926042762006,0.029442691903259727,0.6666666666666666,0.3333333333333333,0.6415974948648201,0.5788690476190477
IGHV4-38-2,H271,91,FR3,CTG,11412,73,565,0.006396775324220119,0.049509288468279004,0.5555555555555556,0.4444444444444444,2.098469419942864,0.10336283185840707
IGHV4-38-2,H274,92,FR3,AAG,11412,4118,946,0.36084822993340343,0.08289519803715387,0.875,0.125,1.98571518078705,0.6218665055874358
IGHV4-38-2,H277,93,FR3,CTG,11412,909,1522,0.07965299684542587,0.1333683841570277,0.5555555555555556,0.4444444444444444,1.3642590597323545,0.4777923784494086
IGHV4-38-2,H280,94,FR3,AGC,11412,5701,678,0.4995618647038205,0.059411146161934804,0.8888888888888888,0.1111111111111111,0.9960975619474636,1.0510693215339233
IGHV4-38-2,H283,95,FR3,TCT,11412,299,368,0.026200490711531722,0.03224675779880827,0.6666666666666666,0.3333333333333333,0.8920817460724421,0.40625000000000006
IGHV4-38-2,H286,96,FR3,GTG,11412,650,142,0.056957588503329826,0.01244304241149667,0.6666666666666666,0.3333333333333333,1.018902845805064,2.288732394366197
IGHV4-38-2,H289,97,FR3,ACC,11412,326,317,0.028566421310900807,0.027777777777777776,0.6666666666666666,0.3333333333333333,0.6159824435303038,0.5141955835962145
IGHV4-38-2,H292,98,FR3,GCC,11412,324,33,0.028391167192429023,0.0028916929547844372,0.6666666666666666,0.3333333333333333,0.3183661317218087,4.909090909090909
IGHV4-38-2,H295,99,FR3,GCA,11412,766,642,0.0671223273746933,0.05625657202944269,0.6666666666666666,0.3333333333333333,1.1886878770463047,0.5965732087227414
IGHV4-38-2,H298,100,FR3,GAC,11412,81,134,0.007097791798107256,0.011742025937609533,0.8888888888888888,0.1111111111111111,0.2276380640658998,0.07555970149253732
IGHV4-38-2,H301,101,FR3,ACG,11412,377,68,0.0330354013319313,0.005958640028040659,0.6666666666666666,0.3333333333333333,0.3005798017784466,2.772058823529412
IGHV4-38-2,H304,102,FR3,GCC,11412,137,46,0.01200490711531721,0.004030844724851034,0.6666666666666666,0.3333333333333333,0.2609036710393596,1.4891304347826086
IGHV4-38-2,H307,103,FR3,GTG,11412,1803,3272,0.15799158780231334,0.2867157378198388,0.6666666666666666,0.3333333333333333,5.757868269860768,0.27551955990220045
IGHV4-38-2,H310,104,FR3,TAT,11412,146,704,0.012793550648440238,0.061689449702068,0.8571428571428571,0.14285714285714285,1.0108823720549156,0.034564393939393936
IGHV4-38-2,H313,105,FR3,TAC,11412,1504,1057,0.13179109709078163,0.09262180161233789,0.8571428571428571,0.14285714285714285,2.7456568003467035,0.23714916430148217
IGHV4-38-2,H316,106,FR3,TGT,11412,0,150,0.0,0.013144058885383806,0.875,0.125,0.4528032287099792,0.0
IGHV4-38-2,H319,107,FR3,GCG,11412,1189,177,0.10418857343147564,0.015509989484752892,0.6666666666666666,0.3333333333333333,0.6107289702616664,3.3587570621468923
IGHV4-38-2,H322,108,FR3,AGA,11412,459,987,0.04022082018927445,0.08648790746582545,0.75,0.25,1.8974565902754919,0.15501519756838905
IGHV4-38-2,H76,26,CDR1,TCT,11411,342,294,0.0299710805363246,0.02576461309262992,0.6666666666666666,0.3333333333333333,0.7818966506958093,0.5816326530612245
IGHV4-38-2,H79,27,CDR1,GGT,11402,1199,712,0.10515699000175407,0.06244518505525346,0.6666666666666666,0.3333333333333333,1.1894442632544764,0.841994382022472
IGHV4-38-2,H85,29,CDR1,TAC,11402,1868,853,0.1638309068584459,0.07481143659007192,0.8571428571428571,0.14285714285714285,0.5806165228514444,0.36498632278233684
IGHV4-38-2,H88,30,CDR1,TCC,11393,717,319,0.0629333801457035,0.027999648907223732,0.6666666666666666,0.3333333333333333,1.3159849148763998,1.1238244514106583
IGHV4-38-2,H91,31,CDR1,ATC,11393,768,584,0.06740981304309664,0.05125954533485474,0.7777777777777778,0.2222222222222222,0.8452587148501042,0.37573385518590996
IGHV4-38-2,H94,32,CDR1,AGC,11401,2642,1153,0.23173405841592842,0.10113147969476362,0.8888888888888888,0.1111111111111111,1.2948510988669473,0.28642671292281
IGHV4-38-2,H97,33,CDR1,AGT,11405,2414,415,0.21166155195089872,0.03638754932047348,0.8888888888888888,0.1111111111111111,2.158418664037679,0.7271084337349396
IGHV4-38-2,H112,38,CDR1,GGT,11305,2273,666,0.20106147722246792,0.05891198584697037,0.6666666666666666,0.3333333333333333,0.9200031724633807,1.7064564564564564
IGHV4-38-2,H148,50,CDR2,AAG,11406,787,13,0.06899877257583728,0.0011397510082412764,0.875,0.125,0.44186352535710793,8.64835164835165
IGHV4-38-2,H151,51,CDR2,GGG,11406,187,2169,0.016394879887778362,0.190163072067333,0.6666666666666666,0.3333333333333333,2.098631283458776,0.04310742277547257
IGHV4-38-2,H154,52,CDR2,CTG,11406,153,476,0.013413992635455023,0.041732421532526744,0.5555555555555556,0.4444444444444444,0.5980846966957567,0.25714285714285706
IGHV4-38-2,H157,53,CDR2,GAG,11406,220,667,0.019288093985621604,0.0584779940382255,0.875,0.125,0.8840286104259253,0.04711929749411009
IGHV4-38-2,H160,54,CDR2,TGG,11406,245,0,0.021479922847624056,0.0,1.0,0.0,0.0029991285693718363,
IGHV4-38-2,H163,55,CDR2,ATT,11406,614,282,0.05383131685078029,0.02472382956338769,0.7777777777777778,0.2222222222222222,0.33067442796767565,0.6220871327254306
IGHV4-38-2,H166,56,CDR2,GGG,11406,1372,1607,0.12028756794669472,0.1408907592495178,0.6666666666666666,0.3333333333333333,2.488091721052364,0.42688238954573743
IGHV4-38-2,H169,57,CDR2,AGT,11396,3376,530,0.29624429624429627,0.04650754650754651,0.8888888888888888,0.1111111111111111,1.1697318590613741,0.7962264150943397
IGHV4-38-2,H172,58,CDR2,ATC,11403,2720,1263,0.23853371919670263,0.11076032622993949,0.7777777777777778,0.2222222222222222,1.4261632630408616,0.615315009614297
IGHV4-38-2,H175,59,CDR2,TAT,11400,3902,198,0.34228070175438596,0.017368421052631578,0.8571428571428571,0.14285714285714285,0.9672062387843551,3.2845117845117846
IGHV4-38-2,H178,60,CDR2,CAT,11405,2498,665,0.2190267426567295,0.05830775975449364,0.8888888888888888,0.1111111111111111,1.4449905771712916,0.4695488721804511
IGHV3-49,H1,1,FR1,GAG,10361,555,227,0.0535662580831966,0.02190908213492906,0.875,0.125,0.6007651815035656,0.3492762743864065
IGHV3-49,H4,2,FR1,GTG,10361,543,301,0.0524080687192356,0.029051249879355274,0.6666666666666666,0.3333333333333333,0.6347108400377233,0.9019933554817277
IGHV3-49,H7,3,FR1,CAG,10361,877,1102,0.08464433934948364,0.10636038992375253,0.875,0.125,2.1050765243095713,0.11368939590355198
IGHV3-49,H10,4,FR1,CTG,10361,747,1291,0.07209728790657273,0.1246018724061384,0.5555555555555556,0.4444444444444444,2.4506195025470903,0.4628969790859798
IGHV3-49,H13,5,FR1,GTG,10361,678,146,0.06543769906379693,0.014091303928192259,0.6666666666666666,0.3333333333333333,0.5885892536219848,2.321917808219178
IGHV3-49,H16,6,FR1,GAG,10361,439,343,0.04237042756490686,0.0331049126532188,0.875,0.125,0.7137633724717759,0.18284048313202833
IGHV3-49,H19,7,FR1,TCT,10361,69,615,0.006659588842775794,0.05935720490300164,0.6666666666666666,0.3333333333333333,0.6053748285113313,0.05609756097560975
IGHV3-49,H25,9,FR1,GGG,10359,10,40,0.0009653441451877594,0.0038613765807510377,0.6666666666666666,0.3333333333333333,0.3055043667639592,0.125
IGHV3-49,H28,10,FR1,GGA,10359,8,220,0.0007722753161502076,0.021237571194130708,0.625,0.375,0.4322504752688081,0.021818181818181816
IGHV3-49,H31,11,FR1,GGC,10359,1255,173,0.12115069022106381,0.016700453711748237,0.6666666666666666,0.3333333333333333,0.8211142557916857,3.6271676300578037
IGHV3-49,H34,12,FR1,TTG,10359,457,632,0.044116227435080604,0.0610097499758664,0.75,0.25,0.6838295492789116,0.24103375527426157
IGHV3-49,H37,13,FR1,GTA,10359,917,1318,0.08852205811371754,0.1272323583357467,0.6666666666666666,0.3333333333333333,0.7622088942134256,0.347875569044006
IGHV3-49,H40,14,FR1,CAG,10359,819,160,0.0790616854908775,0.01544550632300415,0.875,0.125,0.24543970046572014,0.73125
IGHV3-49,H43,15,FR1,CCA,10358,309,244,0.02983201390229774,0.023556671172040935,0.6666666666666666,0.3333333333333333,1.9124329693472253,0.6331967213114754
IGHV3-49,H46,16,FR1,GGG,10358,15,185,0.0014481560146746477,0.017860590847653988,0.6666666666666666,0.3333333333333333,0.2717762135445229,0.04054054054054054
IGHV3-49,H49,17,FR1,CGG,10360,627,78,0.06052123552123552,0.007528957528957529,0.5555555555555556,0.4444444444444444,0.19636240273659855,6.43076923076923
IGHV3-49,H52,18,FR1,TCC,10360,112,174,0.010810810810810811,0.016795366795366796,0.6666666666666666,0.3333333333333333,0.41795784838257327,0.32183908045977017
IGHV3-49,H55,19,FR1,CTG,10360,78,366,0.007528957528957529,0.03532818532818533,0.5555555555555556,0.4444444444444444,0.6289659635544201,0.17049180327868851
IGHV3-49,H58,20,FR1,AGA,10360,405,135,0.03909266409266409,0.013030888030888031,0.75,0.25,0.6709686863860952,1.0
IGHV3-49,H61,21,FR1,CTC,10360,283,228,0.027316602316602316,0.022007722007722007,0.6666666666666666,0.3333333333333333,0.43185266952684104,0.6206140350877192
IGHV3-49,H64,22,FR1,TCC,10360,179,446,0.017277992277992277,0.04305019305019305,0.6666666666666666,0.3333333333333333,0.7638459176589949,0.2006726457399103
IGHV3-49,H67,23,FR1,TGT,10360,9,633,0.0008687258687258687,0.0611003861003861,0.875,0.125,0.6720091806444749,0.002031144211238998
IGHV3-49,H70,24,FR1,ACA,10359,2361,104,0.22791775267883,0.010039579109952698,0.6666666666666666,0.3333333333333333,0.32437795410857895,11.350961538461538
IGHV3-49,H73,25,FR1,GCT,10358,4316,1073,0.41668275728905196,0.10359142691639313,0.6666666666666666,0.3333333333333333,0.9872727688299467,2.011183597390494
IGHV3-49,H115,39,FR2,TAT,10329,1929,360,0.18675573627650305,0.03485332558814987,0.8571428571428571,0.14285714285714285,1.1125014410685132,0.8930555555555557
IGHV3-49,H118,40,FR2,GCT,10328,3425,537,0.33162277304415183,0.051994577846630516,0.6666666666666666,0.3333333333333333,0.8973178462299866,3.1890130353817505
IGHV3-49,H121,41,FR2,ATG,10327,2891,0,0.27994577321584196,0.0,1.0,0.0,0.19709554669075924,
IGHV3-49,H124,42,FR2,AGC,10327,3657,1262,0.35412026726057905,0.12220393144185146,0.8888888888888888,0.1111111111111111,1.5879584411384597,0.36222266244057044
IGHV3-49,H127,43,FR2,TGG,10327,7,0,0.0006778348019754043,0.0,1.0,0.0,0.0,
IGHV3-49,H130,44,FR2,GTC,10327,430,210,0.04163842354991769,0.02033504405926213,0.6666666666666666,0.3333333333333333,0.2851444185752991,1.0238095238095237
IGHV3-49,H133,45,FR2,CGC,10327,2,285,0.00019366708627868693,0.02759755979471289,0.6666666666666666,0.3333333333333333,0.8466764940974673,0.0035087719298245606
IGHV3-49,H136,46,FR2,CAG,10327,222,15,0.02149704657693425,0.001452503147090152,0.875,0.125,0.22035364112787412,2.114285714285714
IGHV3-49,H139,47,FR2,GCT,10327,473,378,0.04580226590490946,0.03660307930667183,0.6666666666666666,0.3333333333333333,0.2571225054699811,0.6256613756613757
IGHV3-49,H142,48,FR2,CCA,10328,107,327,0.01036018590240124,0.031661502711076685,0.6666666666666666,0.3333333333333333,0.886511778582091,0.1636085626911315
IGHV3-49,H145,49,FR2,GGG,10328,130,323,0.012587141750580944,0.03127420604182804,0.6666666666666666,0.3333333333333333,1.0128370991948805,0.20123839009287925
IGHV3-49,H193,65,FR3,GGT,10315,1131,458,0.10964614638875424,0.044401357246728064,0.6666666666666666,0.3333333333333333,1.153518485971717,1.23471615720524
IGHV3-49,H196,66,FR3,GGG,10326,2092,189,0.20259539027697077,0.01830331202789076,0.6666666666666666,0.3333333333333333,1.7627818451070218,5.534391534391534
IGHV3-49,H199,67,FR3,ACA,10321,1084,449,0.10502858250169557,0.04350353647902335,0.6666666666666666,0.3333333333333333,1.2848602162019904,1.2071269487750556
IGHV3-49,H202,68,FR3,ACA,10326,2647,354,0.25634321131125315,0.03428239395700174,0.6666666666666666,0.3333333333333333,1.1211252830009373,3.7387005649717513
IGHV3-49,H205,69,FR3,GAA,10333,2034,1001,0.19684505951804898,0.09687409271266816,0.875,0.125,1.679360306546074,0.29028114742400457
IGHV3-49,H208,70,FR3,TAC,10336,739,1079,0.07149767801857586,0.10439241486068111,0.8571428571428571,0.14285714285714285,1.413520312644162,0.11414890330552983
IGHV3-49,H211,71,FR3,GCC,10336,430,11,0.04160216718266254,0.0010642414860681114,0.6666666666666666,0.3333333333333333,1.3674372563944346,19.545454545454547
IGHV3-49,H214,72,FR3,GCG,10335,320,228,0.030962747943880018,0.022060957910014514,0.6666666666666666,0.3333333333333333,0.49296793162165464,0.7017543859649122
IGHV3-49,H217,73,FR3,TCT,10340,262,244,0.025338491295938105,0.023597678916827854,0.6666666666666666,0.3333333333333333,0.9297369212551664,0.5368852459016394
IGHV3-49,H220,74,FR3,GTG,10340,402,437,0.03887814313346228,0.042263056092843324,0.6666666666666666,0.3333333333333333,0.6853225246326781,0.459954233409611
IGHV3-49,H223,75,FR3,AAA,10342,2214,478,0.21407851479404372,0.04621929994198414,0.875,0.125,0.2765697205770885,0.6616855947399881
IGHV3-49,H226,76,FR3,GGC,10356,594,166,0.05735805330243337,0.016029354963306295,0.6666666666666666,0.3333333333333333,0.44309091105505094,1.7891566265060241
IGHV3-49,H229,77,FR3,AGA,10357,96,366,0.00926909336680506,0.035338418460944286,0.75,0.25,1.4919544300137655,0.08743169398907105
IGHV3-49,H232,78,FR3,TTC,10359,287,362,0.027705376966888694,0.034945458055796894,0.8888888888888888,0.1111111111111111,0.3035643948012537,0.09910220994475137
IGHV3-49,H235,79,FR3,ACC,10359,2060,185,0.19886089390867845,0.01785886668597355,0.6666666666666666,0.3333333333333333,0.5583444636077554,5.5675675675675675
IGHV3-49,H238,80,FR3,ATC,10359,1018,484,0.09827203398011392,0.04672265662708756,0.7777777777777778,0.2222222222222222,0.9073255344264464,0.600944510035419
IGHV3-49,H241,81,FR3,TCA,10359,261,521,0.02519548218940052,0.05029442996428227,0.5714285714285714,0.42857142857142855,0.8815366136937866,0.3757197696737044
IGHV3-49,H244,82,FR3,AGA,10359,605,301,0.058403320783859444,0.02905685877015156,0.75,0.25,1.0809176809520256,0.6699889258028793
IGHV3-49,H247,83,FR3,GAT,10359,219,347,0.021141036779611933,0.03349744183801525,0.8888888888888888,0.1111111111111111,0.17704693806179214,0.07889048991354468
IGHV3-49,H250,84,FR3,GAT,10359,504,779,0.04865334491746308,0.07520030891012645,0.8888888888888888,0.1111111111111111,0.9434815010981986,0.08087291399229783
IGHV3-49,H253,85,FR3,TCC,10358,417,388,0.040258737207955204,0.03745896891291755,0.6666666666666666,0.3333333333333333,0.7096307691411985,0.5373711340206186
IGHV3-49,H256,86,FR3,AAA,10356,2329,371,0.22489378138277327,0.0358246427191966,0.875,0.125,0.5057640313189151,0.8968040046207162
IGHV3-49,H259,87,FR3,AGC,10359,2491,958,0.24046722656627087,0.09247996910898736,0.8888888888888888,0.1111111111111111,1.629489667474064,0.3250260960334029
IGHV3-49,H262,88,FR3,ATC,10359,1461,149,0.14103677961193165,0.014383627763297616,0.7777777777777778,0.2222222222222222,2.61733779925298,2.801534036433365
IGHV3-49,H265,89,FR3,GCC,10359,1022,91,0.09865817163818902,0.008784631721208611,0.6666666666666666,0.3333333333333333,1.904804380512833,5.615384615384615
IGHV3-49,H268,90,FR3,TAT,10359,672,234,0.06487112655661743,0.022589052997393572,0.8571428571428571,0.14285714285714285,0.6415974948648201,0.47863247863247865
IGHV3-49,H271,91,FR3,CTG,10359,163,1114,0.01573510956656048,0.1075393377739164,0.5555555555555556,0.4444444444444444,2.098469419942864,0.11705565529622979
IGHV3-49,H274,92,FR3,CAA,10359,724,457,0.06989091611159379,0.044116227435080604,0.875,0.125,1.98571518078705,0.22632072522663332
IGHV3-49,H277,93,FR3,ATG,10359,586,0,0.056569166908002705,0.0,1.0,0.0,1.3642590597323545,
IGHV3-49,H280,94,FR3,AAC,10361,1498,344,0.1445806389344658,0.03320142843354888,0.8888888888888888,0.1111111111111111,0.9960975619474636,0.5443313953488373
IGHV3-49,H283,95,FR3,AGC,10361,778,267,0.07508927709680532,0.02576971334813242,0.8888888888888888,0.1111111111111111,0.8920817460724421,0.3642322097378277
IGHV3-49,H286,96,FR3,CTG,10361,73,441,0.007045651964096129,0.04256345912556703,0.5555555555555556,0.4444444444444444,1.018902845805064,0.13242630385487528
IGHV3-49,H289,97,FR3,AAA,10361,2119,409,0.20451693851944794,0.03947495415500434,0.875,0.125,0.6159824435303038,0.7401327279077891
IGHV3-49,H292,98,FR3,ACC,10361,2350,152,0.22681208377569734,0.014670398610172762,0.6666666666666666,0.3333333333333333,0.3183661317218087,7.730263157894737
IGHV3-49,H295,99,FR3,GAG,10361,856,575,0.08261750796255188,0.05549657368979828,0.875,0.125,1.1886878770463047,0.21267080745341616
IGHV3-49,H298,100,FR3,GAC,10361,23,100,0.002219862947591931,0.009651578033008397,0.8888888888888888,0.1111111111111111,0.2276380640658998,0.02874999999999999
IGHV3-49,H301,101,FR3,ACA,10361,238,314,0.022970755718559985,0.030305955023646365,0.6666666666666666,0.3333333333333333,0.3005798017784466,0.37898089171974525
IGHV3-49,H304,102,FR3,GCC,10361,968,66,0.09342727535952128,0.006370041501785542,0.6666666666666666,0.3333333333333333,0.2609036710393596,7.333333333333334
IGHV3-49,H307,103,FR3,GTG,10361,1748,2634,0.16870958401698677,0.25422256538944116,0.6666666666666666,0.3333333333333333,5.757868269860768,0.33181473044798787
IGHV3-49,H310,104,FR3,TAT,10361,209,434,0.02017179808898755,0.04188784866325644,0.8571428571428571,0.14285714285714285,1.0108823720549156,0.08026113671274963
IGHV3-49,H313,105,FR3,TAC,10361,1048,2601,0.101148537785928,0.2510375446385484,0.8571428571428571,0.14285714285714285,2.7456568003467035,0.0671536588491606
IGHV3-49,H316,106,FR3,TGT,10361,0,526,0.0,0.05076730045362417,0.875,0.125,0.4528032287099792,0.0
IGHV3-49,H319,107,FR3,ACT,10361,4397,560,0.4243798861113792,0.05404883698484702,0.6666666666666666,0.3333333333333333,0.6107289702616664,3.9258928571428577
IGHV3-49,H322,108,FR3,AGA,10361,342,1097,0.033008396872888715,0.10587781102210211,0.75,0.25,1.8974565902754919,0.10391978122151321
IGHV3-49,H76,26,CDR1,TCT,10359,366,333,0.035331595713872,0.03214596003475239,0.6666666666666666,0.3333333333333333,0.7818966506958093,0.5495495495495495
IGHV3-49,H79,27,CDR1,GGA,10359,146,618,0.014094024519741288,0.059658268172603536,0.625,0.375,1.1894442632544764,0.141747572815534
IGHV3-49,H85,29,CDR1,TTC,10356,386,136,0.03727307840865199,0.01313248358439552,0.8888888888888888,0.1111111111111111,0.5806165228514444,0.3547794117647059
IGHV3-49,H88,30,CDR1,ACC,10355,2664,719,0.25726702076291647,0.06943505552873008,0.6666666666666666,0.3333333333333333,1.3159849148763998,1.8525730180806677
IGHV3-49,H91,31,CDR1,TTT,10356,453,238,0.04374275782155272,0.02298184627269216,0.8888888888888888,0.1111111111111111,0.8452587148501042,0.2379201680672269
IGHV3-49,H94,32,CDR1,GGT,10337,1727,500,0.16706974944374578,0.04836993324949212,0.6666666666666666,0.3333333333333333,1.2948510988669473,1.7269999999999999
IGHV3-49,H97,33,CDR1,GAT,10331,948,678,0.0917626560836318,0.06562772238892653,0.8888888888888888,0.1111111111111111,2.158418664037679,0.17477876106194692
IGHV3-49,H148,50,CDR2,AAG,10328,649,23,0.06283888458559256,0.002226955848179706,0.875,0.125,0.44186352535710793,4.0310559006211175
IGHV3-49,H151,51,CDR2,GGG,10328,69,998,0.006680867544539117,0.0966305189775368,0.6666666666666666,0.3333333333333333,2.098631283458776,0.034569138276553106
IGHV3-49,H154,52,CDR2,CTG,10328,248,261,0.024012393493415957,0.02527110766847405,0.5555555555555556,0.4444444444444444,0.5980846966957567,0.7601532567049808
IGHV3-49,H157,53,CDR2,GAG,10328,321,487,0.031080557707203717,0.047153369481022465,0.875,0.125,0.8840286104259253,0.09416251100029333
IGHV3-49,H160,54,CDR2,TGG,10328,306,0,0.0296281951975213,0.0,1.0,0.0,0.0029991285693718363,
IGHV3-49,H163,55,CDR2,GTA,10325,1156,1572,0.11196125907990315,0.15225181598062953,0.6666666666666666,0.3333333333333333,0.33067442796767565,0.3676844783715013
IGHV3-49,H166,56,CDR2,GGT,10326,1516,732,0.14681386790625606,0.07088901801278326,0.6666666666666666,0.3333333333333333,2.488091721052364,1.0355191256830603
IGHV3-49,H169,57,CDR2,TTC,10326,1770,330,0.17141196978500872,0.031958163858221963,0.8888888888888888,0.1111111111111111,1.1697318590613741,0.6704545454545455
IGHV3-49,H172,58,CDR2,ATT,10326,950,859,0.09200077474336626,0.08318806895215959,0.7777777777777778,0.2222222222222222,1.4261632630408616,0.3159820389156827
IGHV3-49,H175,59,CDR2,AGA,10321,1050,380,0.10173432806898557,0.03681813777734716,0.75,0.25,0.9672062387843551,0.9210526315789473
IGHV3-49,H178,60,CDR2,AGC,10320,3048,1068,0.29534883720930233,0.10348837209302325,0.8888888888888888,0.1111111111111111,1.4449905771712916,0.3567415730337079
IGHV3-49,H181,61,CDR2,AAA,10298,2522,555,0.24490192270343755,0.053893959992231504,0.875,0.125,0.9421458665967667,0.6491634491634491
IGHV3-49,H184,62,CDR2,GCT,10270,5044,402,0.4911392405063291,0.03914313534566699,0.6666666666666666,0.3333333333333333,0.6723742508231162,6.27363184079602
IGHV3-49,H190,64,CDR2,TAT,10271,2532,385,0.24651932625839743,0.03748417875571999,0.8571428571428571,0.14285714285714285,1.3919488306964787,1.0961038961038962
IGHV3-11,H1,1,FR1,CAG,9014,278,261,0.030840914133570003,0.02895495895274018,0.875,0.125,0.6007651815035656,0.15216201423097978
IGHV3-11,H4,2,FR1,GTG,9014,778,216,0.08631018415797648,0.0239627246505436,0.6666666666666666,0.3333333333333333,0.6347108400377233,1.8009259259259258
IGHV3-11,H7,3,FR1,CAG,9014,1059,1071,0.11748391391169292,0.11881517639227868,0.875,0.125,2.1050765243095713,0.14125650260104042
IGHV3-11,H10,4,FR1,CTG,9014,290,1044,0.03217217661415576,0.11581983581096073,0.5555555555555556,0.4444444444444444,2.4506195025470903,0.2222222222222222
IGHV3-11,H13,5,FR1,GTG,9014,373,197,0.04138007543820724,0.021854892389616153,0.6666666666666666,0.3333333333333333,0.5885892536219848,0.9467005076142133
IGHV3-11,H16,6,FR1,GAG,9014,477,324,0.052917683603283784,0.0359440869758154,0.875,0.125,0.7137633724717759,0.21031746031746032
IGHV3-11,H19,7,FR1,TCT,9014,46,621,0.005103172842245396,0.06889283337031285,0.6666666666666666,0.3333333333333333,0.6053748285113313,0.037037037037037035
IGHV3-11,H25,9,FR1,GGG,9014,34,88,0.0037719103616596404,0.00976259152429554,0.6666666666666666,0.3333333333333333,0.3055043667639592,0.19318181818181818
IGHV3-11,H28,10,FR1,GGA,9014,49,231,0.005435988462391835,0.025626802751275792,0.625,0.375,0.4322504752688081,0.1272727272727273
IGHV3-11,H31,11,FR1,GGC,9014,906,92,0.10051031728422453,0.010206345684490793,0.6666666666666666,0.3333333333333333,0.8211142557916857,4.923913043478261
IGHV3-11,H34,12,FR1,TTG,9014,403,582,0.04470823163967162,0.06456623030840915,0.75,0.25,0.6838295492789116,0.2308132875143184
IGHV3-11,H37,13,FR1,GTC,9014,88,40,0.00976259152429554,0.004437541601952518,0.6666666666666666,0.3333333333333333,0.7622088942134256,1.1000000000000003
IGHV3-11,H40,14,FR1,AAG,9014,1037,135,0.11504326603061904,0.01497670290658975,0.875,0.125,0.24543970046572014,1.0973544973544975
IGHV3-11,H43,15,FR1,CCT,9014,311,153,0.03450188595518083,0.016973596627468383,0.6666666666666666,0.3333333333333333,1.9124329693472253,1.0163398692810457
IGHV3-11,H46,16,FR1,GGA,9014,58,535,0.006434435322831151,0.05935211892611493,0.625,0.375,0.2717762135445229,0.06504672897196262
IGHV3-11,H49,17,FR1,GGG,9014,346,95,0.038384734856889285,0.01053916130463723,0.6666666666666666,0.3333333333333333,0.19636240273659855,1.8210526315789477
IGHV3-11,H52,18,FR1,TCC,9014,62,191,0.006878189483026403,0.021189261149323273,0.6666666666666666,0.3333333333333333,0.41795784838257327,0.16230366492146597
IGHV3-11,H55,19,FR1,CTG,9014,66,403,0.007321943643221655,0.04470823163967162,0.5555555555555556,0.4444444444444444,0.6289659635544201,0.1310173697270471
IGHV3-11,H58,20,FR1,AGA,9014,252,126,0.027956512092300864,0.013978256046150432,0.75,0.25,0.6709686863860952,0.6666666666666666
IGHV3-11,H61,21,FR1,CTC,9014,83,217,0.009207898824051475,0.024073663190592412,0.6666666666666666,0.3333333333333333,0.43185266952684104,0.1912442396313364
IGHV3-11,H64,22,FR1,TCC,9014,103,498,0.011426669625027735,0.05524739294430885,0.6666666666666666,0.3333333333333333,0.7638459176589949,0.1034136546184739
IGHV3-11,H67,23,FR1,TGT,9014,0,109,0.0,0.012092300865320612,0.875,0.125,0.6720091806444749,0.0
IGHV3-11,H70,24,FR1,GCA,9014,1788,155,0.19835810960727757,0.01719547370756601,0.6666666666666666,0.3333333333333333,0.32437795410857895,5.767741935483871
IGHV3-11,H73,25,FR1,GCC,9014,868,71,0.09629465276236965,0.00787663634346572,0.6666666666666666,0.3333333333333333,0.9872727688299467,6.112676056338028
IGHV3-11,H115,39,FR2,TAC,9011,2119,450,0.23515703029630453,0.04993896348906891,0.8571428571428571,0.14285714285714285,1.1125014410685132,0.784814814814815
IGHV3-11,H118,40,FR2,TAC,9008,1171,564,0.1299955595026643,0.06261101243339254,0.8571428571428571,0.14285714285714285,0.8973178462299866,0.3460401891252955
IGHV3-11,H121,41,FR2,ATG,9011,481,0,0.05337920319609366,0.0,1.0,0.0,0.19709554669075924,
IGHV3-11,H124,42,FR2,AGC,9010,3212,1562,0.3564927857935627,0.17336293007769146,0.8888888888888888,0.1111111111111111,1.5879584411384597,0.25704225352112675
IGHV3-11,H127,43,FR2,TGG,9010,6,0,0.0006659267480577136,0.0,1.0,0.0,0.0,
IGHV3-11,H130,44,FR2,ATC,9010,1389,439,0.1541620421753607,0.04872364039955605,0.7777777777777778,0.2222222222222222,0.2851444185752991,0.9040026033192319
IGHV3-11,H133,45,FR2,CGC,9010,3,788,0.0003329633740288568,0.0874583795782464,0.6666666666666666,0.3333333333333333,0.8466764940974673,0.0019035532994923854
IGHV3-11,H136,46,FR2,CAG,9010,281,37,0.031187569367369588,0.004106548279689234,0.875,0.125,0.22035364112787412,1.084942084942085
IGHV3-11,H139,47,FR2,GCT,9010,905,197,0.1004439511653718,0.0218645948945616,0.6666666666666666,0.3333333333333333,0.2571225054699811,2.2969543147208116
IGHV3-11,H142,48,FR2,CCA,9009,44,545,0.004884004884004884,0.060495060495060496,0.6666666666666666,0.3333333333333333,0.886511778582091,0.04036697247706422
IGHV3-11,H145,49,FR2,GGG,9010,63,376,0.006992230854605993,0.041731409544950054,0.6666666666666666,0.3333333333333333,1.0128370991948805,0.08377659574468085
IGHV3-11,H193,65,FR3,GGT,9005,2188,1354,0.24297612437534702,0.15036091060521933,0.6666666666666666,0.3333333333333333,1.153518485971717,0.8079763663220088
IGHV3-11,H196,66,FR3,AGT,9004,5530,373,0.6141714793425145,0.041426032874278096,0.8888888888888888,0.1111111111111111,1.7627818451070218,1.8532171581769443
IGHV3-11,H199,67,FR3,ACC,8998,4047,442,0.4497666148032896,0.04912202711713714,0.6666666666666666,0.3333333333333333,1.2848602162019904,4.578054298642534
IGHV3-11,H202,68,FR3,ATA,8999,2877,526,0.3197021891321258,0.05845093899322147,0.7777777777777778,0.2222222222222222,1.1211252830009373,1.562737642585551
IGHV3-11,H205,69,FR3,TAC,9004,3267,868,0.3628387383385162,0.0964015992892048,0.8571428571428571,0.14285714285714285,1.679360306546074,0.6273041474654377
IGHV3-11,H208,70,FR3,TAC,9010,486,1267,0.05394006659267481,0.14062153163152052,0.8571428571428571,0.14285714285714285,1.413520312644162,0.06393054459352802
IGHV3-11,H211,71,FR3,GCA,9010,993,468,0.11021087680355161,0.05194228634850166,0.6666666666666666,0.3333333333333333,1.3674372563944346,1.060897435897436
IGHV3-11,H214,72,FR3,GAC,9013,868,103,0.09630533673582603,0.011427937423721292,0.8888888888888888,0.1111111111111111,0.49296793162165464,1.0533980582524272
IGHV3-11,H217,73,FR3,TCT,9013,187,256,0.020747808720736713,0.02840341728614224,0.6666666666666666,0.3333333333333333,0.9297369212551664,0.365234375
IGHV3-11,H220,74,FR3,GTG,9013,392,206,0.043492732719405305,0.022855874847442583,0.6666666666666666,0.3333333333333333,0.6853225246326781,0.9514563106796117
IGHV3-11,H223,75,FR3,AAG,9013,1788,43,0.1983801176078997,0.004770886497281704,0.875,0.125,0.2765697205770885,5.940199335548173
IGHV3-11,H226,76,FR3,GGC,9013,53,140,0.005880394985021635,0.015533118828359036,0.6666666666666666,0.3333333333333333,0.44309091105505094,0.1892857142857143
IGHV3-11,H229,77,FR3,CGA,9013,5,644,0.0005547542438699656,0.07145234661045156,0.5,0.5,1.4919544300137655,0.007763975155279504
IGHV3-11,H232,78,FR3,TTC,9013,358,91,0.039720403861089534,0.010096527238433375,0.8888888888888888,0.1111111111111111,0.3035643948012537,0.4917582417582417
IGHV3-11,H235,79,FR3,ACC,9013,644,58,0.07145234661045156,0.006435149228891601,0.6666666666666666,0.3333333333333333,0.5583444636077554,5.551724137931033
IGHV3-11,H238,80,FR3,ATC,9013,1032,214,0.11450127593476091,0.02374348163763453,0.7777777777777778,0.2222222222222222,0.9073255344264464,1.3778371161548733
IGHV3-11,H241,81,FR3,TCC,9013,141,174,0.01564406967713303,0.019305447686674804,0.6666666666666666,0.3333333333333333,0.8815366136937866,0.4051724137931034
IGHV3-11,H244,82,FR3,AGG,9013,286,370,0.03173194274936203,0.041051814046377456,0.7777777777777778,0.2222222222222222,1.0809176809520256,0.22084942084942077
IGHV3-11,H247,83,FR3,GAC,9012,47,84,0.0052152685308477584,0.009320905459387484,0.8888888888888888,0.1111111111111111,0.17704693806179214,0.06994047619047618
IGHV3-11,H250,84,FR3,AAC,9008,621,292,0.06893872113676731,0.03241563055062167,0.8888888888888888,0.1111111111111111,0.9434815010981986,0.2658390410958904
IGHV3-11,H253,85,FR3,GCC,9009,1253,33,0.13908313908313907,0.003663003663003663,0.6666666666666666,0.3333333333333333,0.7096307691411985,18.98484848484848
IGHV3-11,H256,86,FR3,AAG,9011,1764,220,0.19576073687715015,0.02441460437243369,0.875,0.125,0.5057640313189151,1.1454545454545455
IGHV3-11,H259,87,FR3,AAC,9010,1631,996,0.18102108768035516,0.11054384017758047,0.8888888888888888,0.1111111111111111,1.629489667474064,0.20469377510040163
IGHV3-11,H262,88,FR3,TCA,9010,670,997,0.07436182019977802,0.11065482796892342,0.5714285714285714,0.42857142857142855,2.61733779925298,0.5040120361083249
IGHV3-11,H265,89,FR3,CTG,9011,1237,1337,0.13727666185772944,0.14837420929974476,0.5555555555555556,0.4444444444444444,1.904804380512833,0.7401645474943903
IGHV3-11,H268,90,FR3,TAT,9013,2337,102,0.25929213358482195,0.0113169865749473,0.8571428571428571,0.14285714285714285,0.6415974948648201,3.818627450980392
IGHV3-11,H271,91,FR3,CTG,9013,92,1556,0.010207478087207367,0.1726395206923333,0.5555555555555556,0.4444444444444444,2.098469419942864,0.04730077120822621
IGHV3-11,H274,92,FR3,CAA,9013,960,583,0.1065128148230334,0.064684344835238,0.875,0.125,1.98571518078705,0.23523646165155598
IGHV3-11,H277,93,FR3,ATG,9013,577,0,0.06401863974259403,0.0,1.0,0.0,1.3642590597323545,
IGHV3-11,H280,94,FR3,AAC,9012,1475,450,0.16367066134043498,0.049933422103861515,0.8888888888888888,0.1111111111111111,0.9960975619474636,0.40972222222222227
IGHV3-11,H283,95,FR3,AGC,9013,972,364,0.10784422500832132,0.0403861089537335,0.8888888888888888,0.1111111111111111,0.8920817460724421,0.33379120879120877
IGHV3-11,H286,96,FR3,CTG,9013,101,260,0.011206035726173305,0.02884722068123821,0.5555555555555556,0.4444444444444444,1.018902845805064,0.31076923076923074
IGHV3-11,H289,97,FR3,AGA,9014,852,312,0.09451963612158865,0.03461282449522964,0.75,0.25,0.6159824435303038,0.9102564102564104
IGHV3-11,H292,98,FR3,GCC,9014,2445,8,0.27124473041934766,0.0008875083203905037,0.6666666666666666,0.3333333333333333,0.3183661317218087,152.81249999999997
IGHV3-11,H295,99,FR3,GAG,9014,1321,844,0.14654981140448192,0.09363212780119813,0.875,0.125,1.1886878770463047,0.22359512525389305
IGHV3-11,H298,100,FR3,GAC,9014,5,89,0.0005546927002440647,0.009873530064344353,0.8888888888888888,0.1111111111111111,0.2276380640658998,0.00702247191011236
IGHV3-11,H301,101,FR3,ACG,9014,278,71,0.030840914133570003,0.00787663634346572,0.6666666666666666,0.3333333333333333,0.3005798017784466,1.9577464788732393
IGHV3-11,H304,102,FR3,GCC,9014,223,16,0.02473929443088529,0.0017750166407810074,0.6666666666666666,0.3333333333333333,0.2609036710393596,6.96875
IGHV3-11,H307,103,FR3,GTG,9014,1733,3130,0.19225648990459285,0.34723763035278454,0.6666666666666666,0.3333333333333333,5.757868269860768,0.2768370607028754
IGHV3-11,H310,104,FR3,TAT,9013,43,452,0.004770886497281704,0.05014978364584489,0.8571428571428571,0.14285714285714285,1.0108823720549156,0.015855457227138645
IGHV3-11,H313,105,FR3,TAC,9014,862,1206,0.09562902152207677,0.13379187929886843,0.8571428571428571,0.14285714285714285,2.7456568003467035,0.11912658927584299
IGHV3-11,H316,106,FR3,TGT,9014,1,299,0.00011093854004881296,0.033170623474595075,0.875,0.125,0.4528032287099792,0.00047778308647873863
IGHV3-11,H319,107,FR3,GCG,9014,1289,223,0.1429997781229199,0.02473929443088529,0.6666666666666666,0.3333333333333333,0.6107289702616664,2.8901345291479816
IGHV3-11,H322,108,FR3,AGA,9014,314,780,0.03483470157532727,0.08653206123807411,0.75,0.25,1.8974565902754919,0.13418803418803418
IGHV3-11,H76,26,CDR1,TCT,9013,116,308,0.012870298457783202,0.03417286142238988,0.6666666666666666,0.3333333333333333,0.7818966506958093,0.18831168831168832
IGHV3-11,H79,27,CDR1,GGA,9013,252,268,0.027959613891046266,0.029734827471430157,0.625,0.375,1.1894442632544764,0.5641791044776119
IGHV3-11,H85,29,CDR1,TTC,9013,247,139,0.027404859647176302,0.015422167979585044,0.8888888888888888,0.1111111111111111,0.5806165228514444,0.2221223021582734
IGHV3-11,H88,30,CDR1,ACC,9012,2490,466,0.2762982689747004,0.05170883266755437,0.6666666666666666,0.3333333333333333,1.3159849148763998,2.671673819742489
IGHV3-11,H91,31,CDR1,TTC,9013,787,294,0.08731831798513259,0.032619549539553976,0.8888888888888888,0.1111111111111111,0.8452587148501042,0.334608843537415
IGHV3-11,H94,32,CDR1,AGT,9011,1500,210,0.16646321163022973,0.02330484962823216,0.8888888888888888,0.1111111111111111,1.2948510988669473,0.8928571428571429
IGHV3-11,H97,33,CDR1,GAC,9011,1021,73,0.11330595938297636,0.00810120963267118,0.8888888888888888,0.1111111111111111,2.158418664037679,1.7482876712328768
IGHV3-11,H148,50,CDR2,AAG,9010,699,35,0.07758046614872365,0.00388457269700333,0.875,0.125,0.44186352535710793,2.853061224489796
IGHV3-11,H151,51,CDR2,GGG,9010,68,1175,0.007547169811320755,0.13041065482796893,0.6666666666666666,0.3333333333333333,2.098631283458776,0.02893617021276596
IGHV3-11,H154,52,CDR2,CTG,9010,188,441,0.020865704772475027,0.04894561598224195,0.5555555555555556,0.4444444444444444,0.5980846966957567,0.34104308390022675
IGHV3-11,H157,53,CDR2,GAG,9010,208,610,0.023085460599334074,0.06770255271920089,0.875,0.125,0.8840286104259253,0.04871194379391101
IGHV3-11,H160,54,CDR2,TGG,9010,567,0,0.06293007769145394,0.0,1.0,0.0,0.0029991285693718363,
IGHV3-11,H163,55,CDR2,GTT,9010,3268,637,0.362708102108768,0.0706992230854606,0.6666666666666666,0.3333333333333333,0.33067442796767565,2.5651491365777077
IGHV3-11,H166,56,CDR2,TCA,9010,1048,535,0.11631520532741399,0.059378468368479466,0.5714285714285714,0.42857142857142855,2.488091721052364,1.4691588785046732
IGHV3-11,H169,57,CDR2,TAC,9010,1839,1083,0.20410654827968924,0.12019977802441731,0.8571428571428571,0.14285714285714285,1.1697318590613741,0.2830101569713758
IGHV3-11,H172,58,CDR2,ATT,9009,674,1167,0.07481407481407482,0.12953712953712954,0.7777777777777778,0.2222222222222222,1.4261632630408616,0.16501407761047862
IGHV3-11,H175,59,CDR2,AGT,8995,1892,527,0.2103390772651473,0.05858810450250139,0.8888888888888888,0.1111111111111111,0.9672062387843551,0.4487666034155598
IGHV3-11,H178,60,CDR2,AGT,8996,5030,424,0.55913739439751,0.04713205869275233,0.8888888888888888,0.1111111111111111,1.4449905771712916,1.4829009433962264
IGHV3-11,H181,61,CDR2,AGT,8740,3356,386,0.3839816933638444,0.04416475972540046,0.8888888888888888,0.1111111111111111,0.9421458665967667,1.0867875647668392
IGHV1-24,H1,1,FR1,CAG,7889,227,63,0.02877424261630118,0.007985803016858917,0.875,0.125,0.6007651815035656,0.5147392290249434
IGHV1-24,H4,2,FR1,GTC,7889,192,16,0.02433768538471289,0.0020281404487260744,0.6666666666666666,0.3333333333333333,0.6347108400377233,5.999999999999999
IGHV1-24,H7,3,FR1,CAG,7889,1424,1328,0.1805044999366206,0.16833565724426416,0.875,0.125,2.1050765243095713,0.153184165232358
IGHV1-24,H10,4,FR1,CTG,7889,515,1974,0.06528077069337052,0.2502218278615794,0.5555555555555556,0.4444444444444444,2.4506195025470903,0.20871327254305974
IGHV1-24,H13,5,FR1,GTA,7889,1554,743,0.19698314108251996,0.09418177208771708,0.6666666666666666,0.3333333333333333,0.5885892536219848,1.0457604306864063
IGHV1-24,H16,6,FR1,CAG,7889,19,483,0.002408416782862213,0.061224489795918366,0.875,0.125,0.7137633724717759,0.005619639160011831
IGHV1-24,H19,7,FR1,TCT,7889,56,173,0.00709849157054126,0.02192926860185068,0.6666666666666666,0.3333333333333333,0.6053748285113313,0.16184971098265896
IGHV1-24,H25,9,FR1,GGG,7889,71,17,0.008999873241221954,0.002154899226771454,0.6666666666666666,0.3333333333333333,0.3055043667639592,2.0882352941176467
IGHV1-24,H28,10,FR1,GCT,7889,461,78,0.058435796678920016,0.009887184687539612,0.6666666666666666,0.3333333333333333,0.4322504752688081,2.955128205128205
IGHV1-24,H31,11,FR1,GAG,7889,218,349,0.027633413613892762,0.0442388135378375,0.875,0.125,0.8211142557916857,0.08923454768726974
IGHV1-24,H34,12,FR1,GTG,7888,295,75,0.037398580121703856,0.009508113590263692,0.6666666666666666,0.3333333333333333,0.6838295492789116,1.9666666666666668
IGHV1-24,H37,13,FR1,AAG,7888,655,21,0.08303752535496957,0.0026622718052738336,0.875,0.125,0.7622088942134256,4.45578231292517
IGHV1-24,H40,14,FR1,AAG,7888,719,57,0.09115111561866125,0.007226166328600406,0.875,0.125,0.24543970046572014,1.802005012531328
IGHV1-24,H43,15,FR1,CCT,7888,120,170,0.015212981744421906,0.021551724137931036,0.6666666666666666,0.3333333333333333,1.9124329693472253,0.35294117647058826
IGHV1-24,H46,16,FR1,GGG,7888,2,9,0.0002535496957403651,0.001140973630831643,0.6666666666666666,0.3333333333333333,0.2717762135445229,0.1111111111111111
IGHV1-24,H49,17,FR1,GCC,7888,49,14,0.006211967545638945,0.0017748478701825558,0.6666666666666666,0.3333333333333333,0.19636240273659855,1.75
IGHV1-24,H52,18,FR1,TCA,7888,21,123,0.0026622718052738336,0.015593306288032455,0.5714285714285714,0.42857142857142855,0.41795784838257327,0.12804878048780488
IGHV1-24,H55,19,FR1,GTG,7888,241,71,0.030552738336713996,0.009001014198782962,0.6666666666666666,0.3333333333333333,0.6289659635544201,1.6971830985915493
IGHV1-24,H58,20,FR1,AAG,7888,1166,233,0.14781947261663286,0.029538539553752536,0.875,0.125,0.6709686863860952,0.7148988350705089
IGHV1-24,H61,21,FR1,GTC,7888,190,79,0.024087221095334687,0.010015212981744423,0.6666666666666666,0.3333333333333333,0.43185266952684104,1.2025316455696202
IGHV1-24,H64,22,FR1,TCC,7888,159,81,0.020157200811359025,0.010268762677484788,0.6666666666666666,0.3333333333333333,0.7638459176589949,0.9814814814814814
IGHV1-24,H67,23,FR1,TGC,7888,3,186,0.00038032454361054766,0.023580121703853957,0.875,0.125,0.6720091806444749,0.002304147465437788
IGHV1-24,H70,24,FR1,AAG,7888,893,333,0.11320993914807302,0.04221602434077079,0.875,0.125,0.32437795410857895,0.38309738309738306
IGHV1-24,H73,25,FR1,GTT,7888,584,276,0.07403651115618662,0.03498985801217039,0.6666666666666666,0.3333333333333333,0.9872727688299467,1.0579710144927537
IGHV1-24,H115,39,FR2,TTA,7888,1292,887,0.16379310344827586,0.11244929006085193,0.7142857142857143,0.2857142857142857,1.1125014410685132,0.5826381059751973
IGHV1-24,H118,40,FR2,TCC,7888,1233,145,0.15631338742393508,0.01838235294117647,0.6666666666666666,0.3333333333333333,0.8973178462299866,4.251724137931034
IGHV1-24,H121,41,FR2,ATG,7888,3251,0,0.4121450304259635,0.0,1.0,0.0,0.19709554669075924,
IGHV1-24,H124,42,FR2,CAC,7888,586,140,0.07429006085192698,0.017748478701825558,0.8888888888888888,0.1111111111111111,1.5879584411384597,0.5232142857142857
IGHV1-24,H127,43,FR2,TGG,7888,0,0,0.0,0.0,1.0,0.0,0.0,
IGHV1-24,H130,44,FR2,GTG,7885,333,111,0.042232086239695626,0.014077362079898542,0.6666666666666666,0.3333333333333333,0.2851444185752991,1.5
IGHV1-24,H133,45,FR2,CGA,7885,1,744,0.00012682308180088776,0.0943563728598605,0.5,0.5,0.8466764940974673,0.0013440860215053762
IGHV1-24,H136,46,FR2,CAG,7885,114,50,0.014457831325301205,0.0063411540900443885,0.875,0.125,0.22035364112787412,0.32571428571428573
IGHV1-24,H139,47,FR2,GCT,7886,1128,248,0.1430382957139234,0.03144813593710373,0.6666666666666666,0.3333333333333333,0.2571225054699811,2.2741935483870965
IGHV1-24,H142,48,FR2,CCT,7886,338,311,0.04286076591427847,0.03943697692112605,0.6666666666666666,0.3333333333333333,0.886511778582091,0.5434083601286174
IGHV1-24,H145,49,FR2,GGA,7885,234,468,0.029676601141407737,0.05935320228281547,0.625,0.375,1.0128370991948805,0.3
IGHV1-24,H193,65,FR3,GAT,7821,2055,378,0.2627541235136172,0.04833141542002301,0.8888888888888888,0.1111111111111111,1.153518485971717,0.6795634920634922
IGHV1-24,H196,66,FR3,GGT,7882,1471,652,0.18662775945191576,0.08272012179649835,0.6666666666666666,0.3333333333333333,1.7627818451070218,1.128067484662577
IGHV1-24,H199,67,FR3,GAA,7882,1736,474,0.2202486678507993,0.06013702106064451,0.875,0.125,1.2848602162019904,0.5232067510548524
IGHV1-24,H202,68,FR3,ACA,7885,2850,364,0.3614457831325301,0.046163601775523144,0.6666666666666666,0.3333333333333333,1.1211252830009373,3.9148351648351647
IGHV1-24,H205,69,FR3,ATC,7886,2689,290,0.34098402231803193,0.03677402992645194,0.7777777777777778,0.2222222222222222,1.679360306546074,2.6492610837438417
IGHV1-24,H208,70,FR3,TAC,7886,706,483,0.08952574182094851,0.06124778087750444,0.8571428571428571,0.14285714285714285,1.413520312644162,0.24361628709454794
IGHV1-24,H211,71,FR3,GCA,7886,616,306,0.07811311184377377,0.03880294192239411,0.6666666666666666,0.3333333333333333,1.3674372563944346,1.0065359477124183
IGHV1-24,H214,72,FR3,CAG,7886,958,99,0.12148110575703779,0.012553892974892214,0.875,0.125,0.49296793162165464,1.3823953823953825
IGHV1-24,H217,73,FR3,AAG,7887,1962,502,0.2487637885127425,0.06364904272854063,0.875,0.125,0.9297369212551664,0.5583380762663632
IGHV1-24,H220,74,FR3,TTC,7888,329,736,0.04170892494929006,0.09330628803245436,0.8888888888888888,0.1111111111111111,0.6853225246326781,0.055876358695652176
IGHV1-24,H223,75,FR3,CAG,7888,1135,57,0.1438894523326572,0.007226166328600406,0.875,0.125,0.2765697205770885,2.844611528822055
IGHV1-24,H226,76,FR3,GGC,7889,952,175,0.12067435669920142,0.022182786157941437,0.6666666666666666,0.3333333333333333,0.44309091105505094,2.7199999999999998
IGHV1-24,H229,77,FR3,AGA,7889,26,388,0.0032957282291798708,0.0491824058816073,0.75,0.25,1.4919544300137655,0.022336769759450172
IGHV1-24,H232,78,FR3,GTC,7889,1530,92,0.19394093040943086,0.011661807580174927,0.6666666666666666,0.3333333333333333,0.3035643948012537,8.315217391304348
IGHV1-24,H235,79,FR3,ACC,7889,916,293,0.11611104068956775,0.03714032196729623,0.6666666666666666,0.3333333333333333,0.5583444636077554,1.5631399317406145
IGHV1-24,H238,80,FR3,ATG,7889,1047,0,0.13271644061351248,0.0,1.0,0.0,0.9073255344264464,
IGHV1-24,H241,81,FR3,ACC,7889,447,222,0.0566611737862847,0.02814044872607428,0.6666666666666666,0.3333333333333333,0.8815366136937866,1.006756756756757
IGHV1-24,H244,82,FR3,GAG,7889,812,277,0.10292812777284827,0.03511218151857016,0.875,0.125,1.0809176809520256,0.4187725631768953
IGHV1-24,H247,83,FR3,GAC,7889,127,61,0.016098364811763216,0.007732285460768158,0.8888888888888888,0.1111111111111111,0.17704693806179214,0.2602459016393443
IGHV1-24,H250,84,FR3,ACA,7886,917,356,0.11628201876743596,0.04514329190971342,0.6666666666666666,0.3333333333333333,0.9434815010981986,1.2879213483146068
IGHV1-24,H253,85,FR3,TCT,7886,522,1124,0.06619325386761349,0.14253106771493787,0.6666666666666666,0.3333333333333333,0.7096307691411985,0.23220640569395015
IGHV1-24,H256,86,FR3,ACA,7886,1455,237,0.18450418463099164,0.030053258939893482,0.6666666666666666,0.3333333333333333,0.5057640313189151,3.0696202531645573
IGHV1-24,H259,87,FR3,GAC,7884,1013,115,0.1284880771182141,0.014586504312531709,0.8888888888888888,0.1111111111111111,1.629489667474064,1.1010869565217394
IGHV1-24,H262,88,FR3,ACA,7887,243,623,0.03081019399011031,0.07899074426271079,0.6666666666666666,0.3333333333333333,2.61733779925298,0.19502407704654898
IGHV1-24,H265,89,FR3,GCC,7887,1310,122,0.16609610751870166,0.015468492455940154,0.6666666666666666,0.3333333333333333,1.904804380512833,5.368852459016393
IGHV1-24,H268,90,FR3,TAC,7887,1172,393,0.14859896031444148,0.0498288322556105,0.8571428571428571,0.14285714285714285,0.6415974948648201,0.4970313825275656
IGHV1-24,H271,91,FR3,ATG,7889,656,0,0.08315375839776905,0.0,1.0,0.0,2.098469419942864,
IGHV1-24,H274,92,FR3,GAG,7889,734,1495,0.09304094308530866,0.18950437317784258,0.875,0.125,1.98571518078705,0.07013855709507884
IGHV1-24,H277,93,FR3,CTG,7889,418,1300,0.05298516922296869,0.16478641145899353,0.5555555555555556,0.4444444444444444,1.3642590597323545,0.2572307692307692
IGHV1-24,H280,94,FR3,AGC,7889,2375,380,0.30105209785777665,0.048168335657244266,0.8888888888888888,0.1111111111111111,0.9960975619474636,0.7812499999999999
IGHV1-24,H283,95,FR3,AGC,7889,1049,334,0.13296995816960325,0.0423374318671568,0.8888888888888888,0.1111111111111111,0.8920817460724421,0.39258982035928147
IGHV1-24,H286,96,FR3,CTG,7889,19,504,0.002408416782862213,0.06388642413487133,0.5555555555555556,0.4444444444444444,1.018902845805064,0.030158730158730152
IGHV1-24,H289,97,FR3,AGA,7889,1944,218,0.24641906452021803,0.027633413613892762,0.75,0.25,0.6159824435303038,2.972477064220184
IGHV1-24,H292,98,FR3,TCT,7889,614,193,0.0778298897198631,0.02446444416275827,0.6666666666666666,0.3333333333333333,0.3183661317218087,1.5906735751295338
IGHV1-24,H295,99,FR3,GAG,7889,1654,630,0.20965901888705793,0.07985803016858918,0.875,0.125,1.1886878770463047,0.3750566893424036
IGHV1-24,H298,100,FR3,GAC,7889,3,39,0.0003802763341361389,0.004943592343769806,0.8888888888888888,0.1111111111111111,0.2276380640658998,0.009615384615384616
IGHV1-24,H301,101,FR3,ACG,7889,263,40,0.03333755862593485,0.005070351121815185,0.6666666666666666,0.3333333333333333,0.3005798017784466,3.2875000000000005
IGHV1-24,H304,102,FR3,GCC,7889,60,8,0.007605526682722779,0.0010140702243630372,0.6666666666666666,0.3333333333333333,0.2609036710393596,3.75
IGHV1-24,H307,103,FR3,GTG,7889,1534,2426,0.19444796552161236,0.307516795538091,0.6666666666666666,0.3333333333333333,5.757868269860768,0.31615828524319867
IGHV1-24,H310,104,FR3,TAT,7889,73,304,0.009253390797312714,0.03853466852579541,0.8571428571428571,0.14285714285714285,1.0108823720549156,0.04002192982456141
IGHV1-24,H313,105,FR3,TAC,7889,776,1395,0.0983648117632146,0.1768284953733046,0.8571428571428571,0.14285714285714285,2.7456568003467035,0.09271206690561527
IGHV1-24,H316,106,FR3,TGT,7889,0,199,0.0,0.02522499683103055,0.875,0.125,0.4528032287099792,0.0
IGHV1-24,H319,107,FR3,GCA,7889,1039,611,0.13170237038914945,0.07744961338572696,0.6666666666666666,0.3333333333333333,0.6107289702616664,0.8502454991816694
IGHV1-24,H322,108,FR3,ACA,7889,44,804,0.005577386233996704,0.10191405754848523,0.6666666666666666,0.3333333333333333,1.8974565902754919,0.02736318407960199
IGHV1-24,H76,26,CDR1,TCC,7888,384,115,0.0486815415821501,0.014579107505070995,0.6666666666666666,0.3333333333333333,0.7818966506958093,1.6695652173913043
IGHV1-24,H79,27,CDR1,GGA,7887,154,535,0.019525801952580194,0.06783314314695067,0.625,0.375,1.1894442632544764,0.1727102803738318
IGHV1-24,H85,29,CDR1,TAC,7887,2163,241,0.27424876378851276,0.030556612146570305,0.8571428571428571,0.14285714285714285,0.5806165228514444,1.495850622406639
IGHV1-24,H88,30,CDR1,ACC,7882,2427,426,0.3079167723927937,0.05404719614311088,0.6666666666666666,0.3333333333333333,1.3159849148763998,2.848591549295775
IGHV1-24,H91,31,CDR1,CTC,7887,864,97,0.1095473564092811,0.012298719411690123,0.6666666666666666,0.3333333333333333,0.8452587148501042,4.4536082474226815
IGHV1-24,H94,32,CDR1,ACT,7887,3049,101,0.3865855204767339,0.012805883098770128,0.6666666666666666,0.3333333333333333,1.2948510988669473,15.094059405940593
IGHV1-24,H97,33,CDR1,GAA,7888,2170,393,0.27510141987829617,0.04982251521298174,0.875,0.125,2.158418664037679,0.7888040712468195
IGHV1-24,H148,50,CDR2,AAA,7886,686,157,0.0869896018260208,0.019908698960182603,0.875,0.125,0.44186352535710793,0.6242038216560509
IGHV1-24,H151,51,CDR2,GGG,7886,65,996,0.00824245498351509,0.12629977174740045,0.6666666666666666,0.3333333333333333,2.098631283458776,0.03263052208835342
IGHV1-24,H154,52,CDR2,CTT,7886,258,219,0.03271620593456759,0.027770732944458535,0.6666666666666666,0.3333333333333333,0.5980846966957567,0.589041095890411
IGHV1-24,H157,53,CDR2,GAG,7886,170,130,0.02155718995688562,0.01648490996703018,0.875,0.125,0.8840286104259253,0.18681318681318682
IGHV1-24,H160,54,CDR2,TGG,7886,132,0,0.016738523966522954,0.0,1.0,0.0,0.0029991285693718363,
IGHV1-24,H163,55,CDR2,ATG,7886,1331,0,0.16878011666243978,0.0,1.0,0.0,0.33067442796767565,
IGHV1-24,H166,56,CDR2,GGA,7886,189,422,0.023966522952066954,0.05351255389297489,0.625,0.375,2.488091721052364,0.26872037914691943
IGHV1-24,H169,57,CDR2,GGT,7886,1086,779,0.1377124017245752,0.0987826528024347,0.6666666666666666,0.3333333333333333,1.1697318590613741,0.6970474967907573
IGHV1-24,H172,58,CDR2,TTT,7868,1181,62,0.15010167768174887,0.00788002033553635,0.8888888888888888,0.1111111111111111,1.4261632630408616,2.3810483870967745
IGHV1-24,H175,59,CDR2,GAT,7883,847,234,0.10744640365343143,0.02968413040720538,0.8888888888888888,0.1111111111111111,0.9672062387843551,0.4524572649572649
IGHV1-24,H178,60,CDR2,CCT,7875,957,229,0.12152380952380952,0.02907936507936508,0.6666666666666666,0.3333333333333333,1.4449905771712916,2.089519650655022
IGHV1-24,H181,61,CDR2,GAA,7873,1447,551,0.18379270925949448,0.0699860281976375,0.875,0.125,0.9421458665967667,0.37516204303863104
IGHV4-NL1,H1,1,FR1,CAG,7756,50,162,0.006446621970087674,0.020887055183084063,0.875,0.125,0.6007651815035656,0.04409171075837742
IGHV4-NL1,H4,2,FR1,GTG,7756,184,132,0.02372356884992264,0.01701908200103146,0.6666666666666666,0.3333333333333333,0.6347108400377233,0.6969696969696968
IGHV4-NL1,H7,3,FR1,CAG,7756,482,221,0.06214543579164518,0.02849406910778752,0.875,0.125,2.1050765243095713,0.31157078215901746
IGHV4-NL1,H10,4,FR1,CTG,7756,55,285,0.0070912841670964415,0.03674574522949974,0.5555555555555556,0.4444444444444444,2.4506195025470903,0.15438596491228068
IGHV4-NL1,H13,5,FR1,CAG,7756,211,178,0.027204744713769984,0.02294997421351212,0.875,0.125,0.5885892536219848,0.16934189406099517
IGHV4-NL1,H16,6,FR1,GAG,7756,180,11,0.02320783909231563,0.0014182568334192883,0.875,0.125,0.7137633724717759,2.3376623376623376
IGHV4-NL1,H19,7,FR1,TCG,7756,37,5,0.004770500257864879,0.0006446621970087674,0.625,0.375,0.6053748285113313,4.4399999999999995
IGHV4-NL1,H25,9,FR1,GGC,7756,19,44,0.002449716348633316,0.005673027333677153,0.6666666666666666,0.3333333333333333,0.3055043667639592,0.21590909090909088
IGHV4-NL1,H28,10,FR1,CCA,7756,15,191,0.0019339865910263023,0.024626095925734916,0.6666666666666666,0.3333333333333333,0.4322504752688081,0.03926701570680628
IGHV4-NL1,H31,11,FR1,GGA,7756,161,207,0.02075812274368231,0.026689014956162972,0.625,0.375,0.8211142557916857,0.4666666666666666
IGHV4-NL1,H34,12,FR1,CTG,7756,92,126,0.01186178442496132,0.016245487364620937,0.5555555555555556,0.4444444444444444,0.6838295492789116,0.5841269841269842
IGHV4-NL1,H37,13,FR1,GTG,7756,242,59,0.031201650335224342,0.0076070139247034554,0.6666666666666666,0.3333333333333333,0.7622088942134256,2.050847457627119
IGHV4-NL1,H40,14,FR1,AAG,7756,407,39,0.052475502836513664,0.005028365136668386,0.875,0.125,0.24543970046572014,1.4908424908424907
IGHV4-NL1,H43,15,FR1,CCT,7756,427,240,0.055054151624548735,0.030943785456420837,0.6666666666666666,0.3333333333333333,1.9124329693472253,0.8895833333333332
IGHV4-NL1,H46,16,FR1,TCG,7756,116,69,0.014956162970603403,0.00889633831872099,0.625,0.375,0.2717762135445229,1.008695652173913
IGHV4-NL1,H49,17,FR1,GAG,7752,92,32,0.011867905056759546,0.0041279669762641896,0.875,0.125,0.19636240273659855,0.4107142857142858
IGHV4-NL1,H52,18,FR1,ACC,7756,66,62,0.00850954100051573,0.007993811242908716,0.6666666666666666,0.3333333333333333,0.41795784838257327,0.5322580645161291
IGHV4-NL1,H55,19,FR1,CTG,7756,26,82,0.0033522434244455906,0.010572460030943786,0.5555555555555556,0.4444444444444444,0.6289659635544201,0.25365853658536586
IGHV4-NL1,H58,20,FR1,TCC,7756,77,239,0.009927797833935019,0.03081485301701908,0.6666666666666666,0.3333333333333333,0.6709686863860952,0.16108786610878661
IGHV4-NL1,H61,21,FR1,CTC,7756,41,28,0.005286230015471893,0.0036101083032490976,0.6666666666666666,0.3333333333333333,0.43185266952684104,0.7321428571428571
IGHV4-NL1,H64,22,FR1,ACC,7756,365,397,0.04706034038164002,0.05118617844249613,0.6666666666666666,0.3333333333333333,0.7638459176589949,0.4596977329974811
IGHV4-NL1,H67,23,FR1,TGC,7756,8,90,0.0010314595152140279,0.011603919546157814,0.875,0.125,0.6720091806444749,0.012698412698412698
IGHV4-NL1,H70,24,FR1,ACT,7756,1598,69,0.20603403816400206,0.00889633831872099,0.6666666666666666,0.3333333333333333,0.32437795410857895,11.579710144927535
IGHV4-NL1,H73,25,FR1,GTC,7756,225,175,0.029009798865394534,0.02256317689530686,0.6666666666666666,0.3333333333333333,0.9872727688299467,0.6428571428571428
IGHV4-NL1,H115,39,FR2,TAC,7740,1564,453,0.2020671834625323,0.05852713178294574,0.8571428571428571,0.14285714285714285,1.1125014410685132,0.5754231052244297
IGHV4-NL1,H118,40,FR2,TAC,7756,873,371,0.11255801959773079,0.04783393501805054,0.8571428571428571,0.14285714285714285,0.8973178462299866,0.3921832884097035
IGHV4-NL1,H121,41,FR2,TGG,7756,85,0,0.010959257349149047,0.0,1.0,0.0,0.19709554669075924,
IGHV4-NL1,H124,42,FR2,AGC,7756,1949,761,0.2512893243940175,0.0981175863847344,0.8888888888888888,0.1111111111111111,1.5879584411384597,0.32013797634691193
IGHV4-NL1,H127,43,FR2,TGG,7756,13,0,0.0016761217122227953,0.0,1.0,0.0,0.0,
IGHV4-NL1,H130,44,FR2,ATC,7756,554,183,0.07142857142857142,0.023594636410520887,0.7777777777777778,0.2222222222222222,0.2851444185752991,0.8649492583918812
IGHV4-NL1,H133,45,FR2,CGG,7756,4,426,0.0005157297576070139,0.054925219185146985,0.5555555555555556,0.4444444444444444,0.8466764940974673,0.007511737089201877
IGHV4-NL1,H136,46,FR2,CAG,7756,166,29,0.021402784940691078,0.003739040742650851,0.875,0.125,0.22035364112787412,0.8177339901477833
IGHV4-NL1,H139,47,FR2,CCC,7756,1161,23,0.1496905621454358,0.00296544610624033,0.6666666666666666,0.3333333333333333,0.2571225054699811,25.239130434782616
IGHV4-NL1,H142,48,FR2,CCA,7756,37,465,0.004770500257864879,0.05995358432181537,0.6666666666666666,0.3333333333333333,0.886511778582091,0.03978494623655914
IGHV4-NL1,H145,49,FR2,GGG,7756,188,233,0.024239298607529654,0.03004125838060856,0.6666666666666666,0.3333333333333333,1.0128370991948805,0.40343347639484983
IGHV4-NL1,H193,65,FR3,AGT,7755,1858,176,0.2395873629916183,0.02269503546099291,0.8888888888888888,0.1111111111111111,1.153518485971717,1.3196022727272725
IGHV4-NL1,H196,66,FR3,GGG,7742,271,459,0.035003874967708605,0.059287005941617156,0.6666666666666666,0.3333333333333333,1.7627818451070218,0.2952069716775599
IGHV4-NL1,H199,67,FR3,AGC,7722,3428,388,0.4439264439264439,0.05024605024605024,0.8888888888888888,0.1111111111111111,1.2848602162019904,1.1043814432989691
IGHV4-NL1,H202,68,FR3,ACC,7754,814,261,0.10497807583182873,0.03366004642765025,0.6666666666666666,0.3333333333333333,1.1211252830009373,1.5593869731800765
IGHV4-NL1,H205,69,FR3,AAC,7748,2110,489,0.27232834279814144,0.06311306143520909,0.8888888888888888,0.1111111111111111,1.679360306546074,0.5393660531697341
IGHV4-NL1,H208,70,FR3,TAC,7747,468,238,0.06041048147670066,0.030721569639860592,0.8571428571428571,0.14285714285714285,1.413520312644162,0.3277310924369748
IGHV4-NL1,H211,71,FR3,AAC,7756,617,690,0.0795513151108819,0.08896338318720991,0.8888888888888888,0.1111111111111111,1.3674372563944346,0.11177536231884057
IGHV4-NL1,H214,72,FR3,CCC,7756,233,187,0.03004125838060856,0.0241103661681279,0.6666666666666666,0.3333333333333333,0.49296793162165464,0.622994652406417
IGHV4-NL1,H217,73,FR3,TCC,7756,185,84,0.023852501289324392,0.010830324909747292,0.6666666666666666,0.3333333333333333,0.9297369212551664,1.101190476190476
IGHV4-NL1,H220,74,FR3,CTC,7756,125,248,0.016116554925219184,0.03197524497163486,0.6666666666666666,0.3333333333333333,0.6853225246326781,0.25201612903225806
IGHV4-NL1,H223,75,FR3,AAG,7756,1483,52,0.1912068076328004,0.006704486848891181,0.875,0.125,0.2765697205770885,4.074175824175824
IGHV4-NL1,H226,76,FR3,AGT,7756,532,194,0.06859205776173286,0.025012893243940175,0.8888888888888888,0.1111111111111111,0.44309091105505094,0.3427835051546392
IGHV4-NL1,H229,77,FR3,CGA,7756,17,375,0.002191851469829809,0.04834966477565755,0.5,0.5,1.4919544300137655,0.04533333333333333
IGHV4-NL1,H232,78,FR3,GTC,7756,788,96,0.10159876224858175,0.012377514182568335,0.6666666666666666,0.3333333333333333,0.3035643948012537,4.104166666666666
IGHV4-NL1,H235,79,FR3,ACC,7756,707,104,0.09115523465703972,0.013408973697782363,0.6666666666666666,0.3333333333333333,0.5583444636077554,3.3990384615384617
IGHV4-NL1,H238,80,FR3,ATA,7756,1495,913,0.19275399690562145,0.11771531717380093,0.7777777777777778,0.2222222222222222,0.9073255344264464,0.46784540760444376
IGHV4-NL1,H241,81,FR3,TCA,7756,471,702,0.06072717895822589,0.09051057246003094,0.5714285714285714,0.42857142857142855,0.8815366136937866,0.5032051282051282
IGHV4-NL1,H244,82,FR3,GTA,7756,2381,1135,0.306988138215575,0.1463383187209902,0.6666666666666666,0.3333333333333333,1.0809176809520256,1.0488986784140968
IGHV4-NL1,H247,83,FR3,GAC,7756,192,26,0.02475502836513667,0.0033522434244455906,0.8888888888888888,0.1111111111111111,0.17704693806179214,0.9230769230769231
IGHV4-NL1,H250,84,FR3,ACG,7756,790,217,0.10185662712738525,0.027978339350180504,0.6666666666666666,0.3333333333333333,0.9434815010981986,1.8202764976958528
IGHV4-NL1,H253,85,FR3,TCC,7754,373,304,0.04810420428166108,0.0392055713180294,0.6666666666666666,0.3333333333333333,0.7096307691411985,0.6134868421052632
IGHV4-NL1,H256,86,FR3,AAG,7753,1071,71,0.13814007480975107,0.009157745388881724,0.875,0.125,0.5057640313189151,2.154929577464789
IGHV4-NL1,H259,87,FR3,AAC,7749,1370,754,0.17679700606529875,0.09730287779068267,0.8888888888888888,0.1111111111111111,1.629489667474064,0.22712201591511935
IGHV4-NL1,H262,88,FR3,CAG,7754,559,394,0.07209182357492906,0.050812483879288106,0.875,0.125,2.61733779925298,0.20268310369833212
IGHV4-NL1,H265,89,FR3,TTC,7756,850,210,0.10959257349149046,0.02707581227436823,0.8888888888888888,0.1111111111111111,1.904804380512833,0.5059523809523809
IGHV4-NL1,H268,90,FR3,TCC,7756,232,194,0.029912325941206807,0.025012893243940175,0.6666666666666666,0.3333333333333333,0.6415974948648201,0.5979381443298968
IGHV4-NL1,H271,91,FR3,CTG,7756,50,423,0.006446621970087674,0.05453842186694172,0.5555555555555556,0.4444444444444444,2.098469419942864,0.09456264775413711
IGHV4-NL1,H274,92,FR3,AAG,7756,2748,581,0.3543063434760186,0.07490974729241877,0.875,0.125,1.98571518078705,0.6756823211212196
IGHV4-NL1,H277,93,FR3,CTG,7756,731,926,0.0942496132026818,0.11939143888602373,0.5555555555555556,0.4444444444444444,1.3642590597323545,0.6315334773218142
IGHV4-NL1,H280,94,FR3,AGC,7756,3582,492,0.46183599793708097,0.06343476018566271,0.8888888888888888,0.1111111111111111,0.9960975619474636,0.9100609756097562
IGHV4-NL1,H283,95,FR3,TCT,7756,142,218,0.018308406395048993,0.02810727178958226,0.6666666666666666,0.3333333333333333,0.8920817460724421,0.32568807339449535
IGHV4-NL1,H286,96,FR3,GTG,7756,458,115,0.0590510572460031,0.01482723053120165,0.6666666666666666,0.3333333333333333,1.018902845805064,1.991304347826087
IGHV4-NL1,H289,97,FR3,ACC,7756,254,170,0.03274883960804539,0.021918514698298093,0.6666666666666666,0.3333333333333333,0.6159824435303038,0.7470588235294119
IGHV4-NL1,H292,98,FR3,GCC,7756,125,67,0.016116554925219184,0.008638473439917483,0.6666666666666666,0.3333333333333333,0.3183661317218087,0.9328358208955223
IGHV4-NL1,H295,99,FR3,GCA,7756,304,178,0.039195461578133056,0.02294997421351212,0.6666666666666666,0.3333333333333333,1.1886878770463047,0.8539325842696629
IGHV4-NL1,H298,100,FR3,GAC,7756,20,72,0.0025786487880350697,0.009283135636926251,0.8888888888888888,0.1111111111111111,0.2276380640658998,0.03472222222222222
IGHV4-NL1,H301,101,FR3,ACG,7756,141,63,0.01817947395564724,0.008122743682310469,0.6666666666666666,0.3333333333333333,0.3005798017784466,1.119047619047619
IGHV4-NL1,H304,102,FR3,GCC,7756,53,26,0.006833419288292934,0.0033522434244455906,0.6666666666666666,0.3333333333333333,0.2609036710393596,1.0192307692307692
IGHV4-NL1,H307,103,FR3,GTG,7756,923,2403,0.11900464156781847,0.3098246518824136,0.6666666666666666,0.3333333333333333,5.757868269860768,0.19205160216396172
IGHV4-NL1,H310,104,FR3,TAT,7756,20,268,0.0025786487880350697,0.03455389375966993,0.8571428571428571,0.14285714285714285,1.0108823720549156,0.012437810945273632
IGHV4-NL1,H313,105,FR3,TAC,7756,533,1072,0.0687209902011346,0.13821557503867973,0.8571428571428571,0.14285714285714285,2.7456568003467035,0.08286691542288557
IGHV4-NL1,H316,106,FR3,TGT,7756,0,406,0.0,0.052346570397111915,0.875,0.125,0.4528032287099792,0.0
IGHV4-NL1,H319,107,FR3,GCG,7756,434,182,0.05595667870036101,0.023465703971119134,0.6666666666666666,0.3333333333333333,0.6107289702616664,1.1923076923076923
IGHV4-NL1,H322,108,FR3,AGA,7756,138,548,0.01779267663744198,0.07065497679216091,0.75,0.25,1.8974565902754919,0.08394160583941607
IGHV4-NL1,H76,26,CDR1,TCT,7756,126,232,0.016245487364620937,0.029912325941206807,0.6666666666666666,0.3333333333333333,0.7818966506958093,0.271551724137931
IGHV4-NL1,H79,27,CDR1,GGT,7756,489,181,0.06304796286745745,0.02333677153171738,0.6666666666666666,0.3333333333333333,1.1894442632544764,1.3508287292817678
IGHV4-NL1,H85,29,CDR1,GGC,7756,1926,156,0.24832387828777722,0.020113460546673543,0.6666666666666666,0.3333333333333333,0.5806165228514444,6.173076923076923
IGHV4-NL1,H88,30,CDR1,TCC,7755,177,92,0.022823984526112187,0.011863313990973566,0.6666666666666666,0.3333333333333333,1.3159849148763998,0.9619565217391305
IGHV4-NL1,H91,31,CDR1,ATC,7755,1662,286,0.21431334622823983,0.03687943262411347,0.7777777777777778,0.2222222222222222,0.8452587148501042,1.6603396603396603
IGHV4-NL1,H94,32,CDR1,AGT,7746,2189,231,0.2825974696617609,0.029821843532145623,0.8888888888888888,0.1111111111111111,1.2948510988669473,1.1845238095238095
IGHV4-NL1,H97,33,CDR1,AGT,7749,3535,167,0.4561878952122855,0.02155116789263131,0.8888888888888888,0.1111111111111111,2.158418664037679,2.6459580838323356
IGHV4-NL1,H148,50,CDR2,AAG,7756,521,42,0.06717380092831356,0.005415162454873646,0.875,0.125,0.44186352535710793,1.7721088435374148
IGHV4-NL1,H151,51,CDR2,GGA,7756,361,347,0.046544610624033006,0.04473955647240846,0.625,0.375,2.098631283458776,0.624207492795389
IGHV4-NL1,H154,52,CDR2,CTG,7756,165,166,0.021273852501289325,0.021402784940691078,0.5555555555555556,0.4444444444444444,0.5980846966957567,0.7951807228915662
IGHV4-NL1,H157,53,CDR2,GAG,7756,143,637,0.01843733883445075,0.08212996389891697,0.875,0.125,0.8840286104259253,0.032069970845481056
IGHV4-NL1,H160,54,CDR2,TGG,7756,1132,0,0.14595152140278495,0.0,1.0,0.0,0.0029991285693718363,
IGHV4-NL1,H163,55,CDR2,ATT,7756,584,148,0.07529654461062403,0.019082001031459517,0.7777777777777778,0.2222222222222222,0.33067442796767565,1.1274131274131272
IGHV4-NL1,H166,56,CDR2,GGG,7756,556,2773,0.07168643630737494,0.3575296544610624,0.6666666666666666,0.3333333333333333,2.488091721052364,0.1002524341868013
IGHV4-NL1,H169,57,CDR2,TAT,7749,1392,356,0.17963608207510648,0.04594141179507033,0.8571428571428571,0.14285714285714285,1.1697318590613741,0.651685393258427
IGHV4-NL1,H172,58,CDR2,ATC,7747,1646,460,0.21246934297147282,0.059377823673680136,0.7777777777777778,0.2222222222222222,1.4261632630408616,1.0223602484472047
IGHV4-NL1,H175,59,CDR2,TAT,7741,2250,273,0.2906601214313396,0.035266761400335876,0.8571428571428571,0.14285714285714285,0.9672062387843551,1.3736263736263736
IGHV4-NL1,H178,60,CDR2,TAC,7756,1722,551,0.22202166064981949,0.07104177411036616,0.8571428571428571,0.14285714285714285,1.4449905771712916,0.5208711433756805
IGHV2-26,H1,1,FR1,CAG,6975,68,82,0.00974910394265233,0.011756272401433692,0.875,0.125,0.6007651815035656,0.11846689895470383
IGHV2-26,H4,2,FR1,GTC,6975,118,12,0.01691756272401434,0.0017204301075268817,0.6666666666666666,0.3333333333333333,0.6347108400377233,4.916666666666667
IGHV2-26,H7,3,FR1,ACC,6975,78,91,0.011182795698924731,0.013046594982078854,0.6666666666666666,0.3333333333333333,2.1050765243095713,0.4285714285714286
IGHV2-26,H10,4,FR1,TTG,6975,64,119,0.00917562724014337,0.017060931899641578,0.75,0.25,2.4506195025470903,0.1792717086834734
IGHV2-26,H13,5,FR1,AAG,6975,364,57,0.052186379928315416,0.008172043010752689,0.875,0.125,0.5885892536219848,0.9122807017543859
IGHV2-26,H16,6,FR1,GAG,6975,119,36,0.017060931899641578,0.005161290322580645,0.875,0.125,0.7137633724717759,0.4722222222222222
IGHV2-26,H19,7,FR1,TCT,6975,42,106,0.006021505376344086,0.015197132616487455,0.6666666666666666,0.3333333333333333,0.6053748285113313,0.19811320754716982
IGHV2-26,H25,9,FR1,GGT,6975,53,137,0.007598566308243728,0.0196415770609319,0.6666666666666666,0.3333333333333333,0.3055043667639592,0.19343065693430658
IGHV2-26,H28,10,FR1,CCT,6975,11,96,0.0015770609318996416,0.013763440860215054,0.6666666666666666,0.3333333333333333,0.4322504752688081,0.057291666666666664
IGHV2-26,H31,11,FR1,GTG,6975,250,272,0.035842293906810034,0.03899641577060932,0.6666666666666666,0.3333333333333333,0.8211142557916857,0.45955882352941174
IGHV2-26,H34,12,FR1,CTG,6975,551,413,0.07899641577060931,0.05921146953405018,0.5555555555555556,0.4444444444444444,0.6838295492789116,1.0673123486682807
IGHV2-26,H37,13,FR1,GTG,6975,174,328,0.024946236559139787,0.04702508960573477,0.6666666666666666,0.3333333333333333,0.7622088942134256,0.2652439024390244
IGHV2-26,H40,14,FR1,AAA,6975,377,286,0.05405017921146953,0.04100358422939068,0.875,0.125,0.24543970046572014,0.1883116883116883
IGHV2-26,H43,15,FR1,CCC,6975,190,17,0.02724014336917563,0.0024372759856630824,0.6666666666666666,0.3333333333333333,1.9124329693472253,5.588235294117648
IGHV2-26,H46,16,FR1,ACA,6975,124,183,0.017777777777777778,0.026236559139784947,0.6666666666666666,0.3333333333333333,0.2717762135445229,0.3387978142076503
IGHV2-26,H49,17,FR1,GAG,6975,75,21,0.010752688172043012,0.003010752688172043,0.875,0.125,0.19636240273659855,0.5102040816326531
IGHV2-26,H52,18,FR1,ACC,6975,36,57,0.005161290322580645,0.008172043010752689,0.6666666666666666,0.3333333333333333,0.41795784838257327,0.3157894736842105
IGHV2-26,H55,19,FR1,CTC,6975,62,26,0.008888888888888889,0.0037275985663082437,0.6666666666666666,0.3333333333333333,0.6289659635544201,1.1923076923076923
IGHV2-26,H58,20,FR1,ACG,6975,47,257,0.006738351254480287,0.036845878136200716,0.6666666666666666,0.3333333333333333,0.6709686863860952,0.09143968871595332
IGHV2-26,H61,21,FR1,CTG,6975,21,56,0.003010752688172043,0.008028673835125448,0.5555555555555556,0.4444444444444444,0.43185266952684104,0.3
IGHV2-26,H64,22,FR1,ACC,6975,61,247,0.00874551971326165,0.035412186379928316,0.6666666666666666,0.3333333333333333,0.7638459176589949,0.12348178137651823
IGHV2-26,H67,23,FR1,TGC,6975,1,101,0.00014336917562724014,0.014480286738351255,0.875,0.125,0.6720091806444749,0.0014144271570014143
IGHV2-26,H70,24,FR1,ACC,6975,787,30,0.11283154121863799,0.004301075268817204,0.6666666666666666,0.3333333333333333,0.32437795410857895,13.116666666666665
IGHV2-26,H73,25,FR1,GTC,6974,88,58,0.012618296529968454,0.008316604531115572,0.6666666666666666,0.3333333333333333,0.9872727688299467,0.7586206896551725
IGHV2-26,H115,39,FR2,ATG,6967,1686,0,0.24199799052676904,0.0,1.0,0.0,1.1125014410685132,
IGHV2-26,H118,40,FR2,GGT,6972,465,212,0.06669535283993115,0.030407343660355707,0.6666666666666666,0.3333333333333333,0.8973178462299866,1.096698113207547
IGHV2-26,H121,41,FR2,GTG,6974,114,159,0.016346429595640952,0.022798967593920274,0.6666666666666666,0.3333333333333333,0.19709554669075924,0.3584905660377359
IGHV2-26,H124,42,FR2,AGC,6975,1049,628,0.15039426523297492,0.0900358422939068,0.8888888888888888,0.1111111111111111,1.5879584411384597,0.20879777070063693
IGHV2-26,H127,43,FR2,TGG,6975,8,0,0.0011469534050179211,0.0,1.0,0.0,0.0,
IGHV2-26,H130,44,FR2,ATC,6975,491,82,0.07039426523297491,0.011756272401433692,0.7777777777777778,0.2222222222222222,0.2851444185752991,1.7108013937282232
IGHV2-26,H133,45,FR2,CGT,6975,1,184,0.00014336917562724014,0.026379928315412186,0.6666666666666666,0.3333333333333333,0.8466764940974673,0.002717391304347826
IGHV2-26,H136,46,FR2,CAG,6975,107,38,0.015340501792114696,0.0054480286738351254,0.875,0.125,0.22035364112787412,0.4022556390977444
IGHV2-26,H139,47,FR2,CCC,6975,486,9,0.0696774193548387,0.0012903225806451613,0.6666666666666666,0.3333333333333333,0.2571225054699811,26.999999999999996
IGHV2-26,H142,48,FR2,CCA,6975,12,480,0.0017204301075268817,0.06881720430107527,0.6666666666666666,0.3333333333333333,0.886511778582091,0.0125
IGHV2-26,H145,49,FR2,GGG,6975,15,180,0.002150537634408602,0.025806451612903226,0.6666666666666666,0.3333333333333333,1.0128370991948805,0.041666666666666664
IGHV2-26,H193,65,FR3,AAT,6975,2017,181,0.2891756272401434,0.025949820788530465,0.8888888888888888,0.1111111111111111,1.153518485971717,1.3929558011049727
IGHV2-26,H196,66,FR3,GAC,6975,738,5,0.10580645161290322,0.0007168458781362007,0.8888888888888888,0.1111111111111111,1.7627818451070218,18.45
IGHV2-26,H199,67,FR3,GAA,6975,1266,539,0.18150537634408603,0.07727598566308244,0.875,0.125,1.2848602162019904,0.3355420090113968
IGHV2-26,H202,68,FR3,AAA,6975,1182,543,0.16946236559139785,0.0778494623655914,0.875,0.125,1.1211252830009373,0.31097079715864245
IGHV2-26,H205,69,FR3,TCC,6975,1078,931,0.15455197132616488,0.13347670250896057,0.6666666666666666,0.3333333333333333,1.679360306546074,0.5789473684210527
IGHV2-26,H208,70,FR3,TAC,6975,454,218,0.06508960573476702,0.03125448028673835,0.8571428571428571,0.14285714285714285,1.413520312644162,0.34709480122324154
IGHV2-26,H211,71,FR3,AGC,6975,2258,1089,0.32372759856630823,0.15612903225806452,0.8888888888888888,0.1111111111111111,1.3674372563944346,0.2591827364554637
IGHV2-26,H214,72,FR3,ACA,6973,1271,406,0.18227448730818874,0.058224580524881685,0.6666666666666666,0.3333333333333333,0.49296793162165464,1.5652709359605914
IGHV2-26,H217,73,FR3,TCT,6973,189,77,0.02710454610641044,0.011042592858167216,0.6666666666666666,0.3333333333333333,0.9297369212551664,1.227272727272727
IGHV2-26,H220,74,FR3,CTG,6972,79,358,0.011331038439472174,0.05134825014343087,0.5555555555555556,0.4444444444444444,0.6853225246326781,0.17653631284916196
IGHV2-26,H223,75,FR3,AAG,6973,2020,138,0.2896887996558153,0.0197906209665854,0.875,0.125,0.2765697205770885,2.091097308488613
IGHV2-26,H226,76,FR3,AGC,6975,2344,324,0.3360573476702509,0.04645161290322581,0.8888888888888888,0.1111111111111111,0.44309091105505094,0.904320987654321
IGHV2-26,H229,77,FR3,AGG,6975,125,1694,0.017921146953405017,0.2428673835125448,0.7777777777777778,0.2222222222222222,1.4919544300137655,0.021082813290605497
IGHV2-26,H232,78,FR3,CTC,6975,382,86,0.054767025089605736,0.012329749103942652,0.6666666666666666,0.3333333333333333,0.3035643948012537,2.22093023255814
IGHV2-26,H235,79,FR3,ACC,6975,984,35,0.1410752688172043,0.005017921146953405,0.6666666666666666,0.3333333333333333,0.5583444636077554,14.057142857142859
IGHV2-26,H238,80,FR3,ATC,6975,471,169,0.0675268817204301,0.024229390681003583,0.7777777777777778,0.2222222222222222,0.9073255344264464,0.7962806424344886
IGHV2-26,H241,81,FR3,TCC,6975,170,190,0.024372759856630826,0.02724014336917563,0.6666666666666666,0.3333333333333333,0.8815366136937866,0.4473684210526315
IGHV2-26,H244,82,FR3,AAG,6975,1149,52,0.16473118279569893,0.0074551971326164874,0.875,0.125,1.0809176809520256,3.1565934065934065
IGHV2-26,H247,83,FR3,GAC,6975,166,33,0.023799283154121866,0.004731182795698925,0.8888888888888888,0.1111111111111111,0.17704693806179214,0.6287878787878788
IGHV2-26,H250,84,FR3,ACC,6975,836,333,0.11985663082437276,0.04774193548387097,0.6666666666666666,0.3333333333333333,0.9434815010981986,1.255255255255255
IGHV2-26,H253,85,FR3,TCC,6975,144,105,0.02064516129032258,0.015053763440860216,0.6666666666666666,0.3333333333333333,0.7096307691411985,0.6857142857142857
IGHV2-26,H256,86,FR3,AAA,6975,990,299,0.14193548387096774,0.0428673835125448,0.875,0.125,0.5057640313189151,0.47300525561395135
IGHV2-26,H259,87,FR3,AGC,6974,992,448,0.14224261542873531,0.06423860051620305,0.8888888888888888,0.1111111111111111,1.629489667474064,0.2767857142857143
IGHV2-26,H262,88,FR3,CAG,6974,241,152,0.03455692572411816,0.021795239460854602,0.875,0.125,2.61733779925298,0.22650375939849626
IGHV2-26,H265,89,FR3,GTG,6975,29,443,0.004157706093189964,0.06351254480286739,0.6666666666666666,0.3333333333333333,1.904804380512833,0.0327313769751693
IGHV2-26,H268,90,FR3,GTC,6975,478,12,0.06853046594982079,0.0017204301075268817,0.6666666666666666,0.3333333333333333,0.6415974948648201,19.916666666666668
IGHV2-26,H271,91,FR3,CTT,6975,71,1380,0.010179211469534051,0.1978494623655914,0.6666666666666666,0.3333333333333333,2.098469419942864,0.025724637681159426
IGHV2-26,H274,92,FR3,ACC,6975,1127,306,0.16157706093189964,0.04387096774193548,0.6666666666666666,0.3333333333333333,1.98571518078705,1.841503267973856
IGHV2-26,H277,93,FR3,ATG,6975,755,0,0.1082437275985663,0.0,1.0,0.0,1.3642590597323545,
IGHV2-26,H280,94,FR3,ACC,6975,533,111,0.07641577060931899,0.015913978494623657,0.6666666666666666,0.3333333333333333,0.9960975619474636,2.4009009009009006
IGHV2-26,H283,95,FR3,AAC,6975,766,12,0.10982078853046595,0.0017204301075268817,0.8888888888888888,0.1111111111111111,0.8920817460724421,7.979166666666668
IGHV2-26,H286,96,FR3,ATG,6975,1052,0,0.15082437275985663,0.0,1.0,0.0,1.018902845805064,
IGHV2-26,H289,97,FR3,GAC,6975,507,26,0.07268817204301076,0.0037275985663082437,0.8888888888888888,0.1111111111111111,0.6159824435303038,2.4375
IGHV2-26,H292,98,FR3,CCT,6974,162,324,0.023229136793805564,0.04645827358761113,0.6666666666666666,0.3333333333333333,0.3183661317218087,0.25
IGHV2-26,H295,99,FR3,GTG,6974,1182,391,0.16948666475480356,0.056065385718382564,0.6666666666666666,0.3333333333333333,1.1886878770463047,1.5115089514066498
IGHV2-26,H298,100,FR3,GAC,6975,4,33,0.0005734767025089606,0.004731182795698925,0.8888888888888888,0.1111111111111111,0.2276380640658998,0.015151515151515152
IGHV2-26,H301,101,FR3,ACA,6975,168,365,0.024086021505376344,0.052329749103942655,0.6666666666666666,0.3333333333333333,0.3005798017784466,0.2301369863013699
IGHV2-26,H304,102,FR3,GCC,6975,1135,15,0.16272401433691755,0.002150537634408602,0.6666666666666666,0.3333333333333333,0.2609036710393596,37.83333333333333
IGHV2-26,H307,103,FR3,ACA,6975,111,694,0.015913978494623657,0.09949820788530465,0.6666666666666666,0.3333333333333333,5.757868269860768,0.07997118155619598
IGHV2-26,H310,104,FR3,TAT,6975,88,551,0.012616487455197133,0.07899641577060931,0.8571428571428571,0.14285714285714285,1.0108823720549156,0.02661826981246219
IGHV2-26,H313,105,FR3,TAC,6975,1234,417,0.17691756272401435,0.05978494623655914,0.8571428571428571,0.14285714285714285,2.7456568003467035,0.49320543565147884
IGHV2-26,H316,106,FR3,TGT,6975,0,185,0.0,0.026523297491039426,0.875,0.125,0.4528032287099792,0.0
IGHV2-26,H319,107,FR3,GCA,6975,706,534,0.10121863799283154,0.07655913978494623,0.6666666666666666,0.3333333333333333,0.6107289702616664,0.6610486891385767
IGHV2-26,H322,108,FR3,CGG,6975,182,808,0.026093189964157708,0.11584229390681004,0.5555555555555556,0.4444444444444444,1.8974565902754919,0.18019801980198016
IGHV2-26,H76,26,CDR1,TCT,6973,72,114,0.010325541373870643,0.01634877384196185,0.6666666666666666,0.3333333333333333,0.7818966506958093,0.31578947368421056
IGHV2-26,H79,27,CDR1,GGG,6959,160,1227,0.022991809167983907,0.17631843655697657,0.6666666666666666,0.3333333333333333,1.1894442632544764,0.06519967400163
IGHV2-26,H85,29,CDR1,TTC,6970,559,261,0.08020086083213773,0.03744619799139168,0.8888888888888888,0.1111111111111111,0.5806165228514444,0.26772030651341
IGHV2-26,H88,30,CDR1,TCA,6968,201,399,0.028846153846153848,0.0572617680826636,0.5714285714285714,0.42857142857142855,1.3159849148763998,0.3778195488721805
IGHV2-26,H91,31,CDR1,CTC,6958,259,150,0.03722334004024145,0.021557918942224776,0.6666666666666666,0.3333333333333333,0.8452587148501042,0.8633333333333334
IGHV2-26,H94,32,CDR1,AGC,6918,2200,394,0.31801098583405607,0.056952876553917314,0.8888888888888888,0.1111111111111111,1.2948510988669473,0.697969543147208
IGHV2-26,H97,33,CDR1,AAT,6923,1907,243,0.27545861620684675,0.03510039000433338,0.8888888888888888,0.1111111111111111,2.158418664037679,0.9809670781893004
IGHV2-26,H100,34,CDR1,GCT,6923,3847,167,0.5556839520439116,0.024122490249891666,0.6666666666666666,0.3333333333333333,0.8178357375146844,11.517964071856287
IGHV2-26,H112,38,CDR1,AGA,6950,2415,257,0.3474820143884892,0.03697841726618705,0.75,0.25,0.9200031724633807,3.132295719844358
IGHV2-26,H148,50,CDR2,AAG,6974,360,4,0.051620303986234586,0.0005735589331803843,0.875,0.125,0.44186352535710793,12.85714285714286
IGHV2-26,H151,51,CDR2,GCC,6975,206,68,0.02953405017921147,0.00974910394265233,0.6666666666666666,0.3333333333333333,2.098631283458776,1.5147058823529411
IGHV2-26,H154,52,CDR2,CTG,6975,267,130,0.038279569892473116,0.01863799283154122,0.5555555555555556,0.4444444444444444,0.5980846966957567,1.6430769230769224
IGHV2-26,H157,53,CDR2,GAG,6975,72,249,0.01032258064516129,0.035698924731182795,0.875,0.125,0.8840286104259253,0.04130808950086059
IGHV2-26,H160,54,CDR2,TGG,6975,61,0,0.00874551971326165,0.0,1.0,0.0,0.0029991285693718363,
IGHV2-26,H163,55,CDR2,CTT,6975,27,256,0.003870967741935484,0.03670250896057348,0.6666666666666666,0.3333333333333333,0.33067442796767565,0.05273437500000001
IGHV2-26,H166,56,CDR2,GCA,6975,276,280,0.03956989247311828,0.04014336917562724,0.6666666666666666,0.3333333333333333,2.488091721052364,0.4928571428571429
IGHV2-26,H169,57,CDR2,CAC,6975,791,63,0.11340501792114695,0.00903225806451613,0.8888888888888888,0.1111111111111111,1.1697318590613741,1.5694444444444444
IGHV2-26,H172,58,CDR2,ATT,6975,502,170,0.07197132616487455,0.024372759856630826,0.7777777777777778,0.2222222222222222,1.4261632630408616,0.8436974789915965
IGHV2-26,H175,59,CDR2,TTT,6975,664,305,0.09519713261648746,0.04372759856630824,0.8888888888888888,0.1111111111111111,0.9672062387843551,0.2721311475409836
IGHV2-26,H178,60,CDR2,TCG,6975,724,206,0.10379928315412186,0.02953405017921147,0.625,0.375,1.4449905771712916,2.10873786407767
IGHV3-30-3,H1,1,FR1,CAG,6763,112,150,0.016560697915126422,0.022179506136330032,0.875,0.125,0.6007651815035656,0.10666666666666665
IGHV3-30-3,H4,2,FR1,GTG,6763,474,353,0.0700872393908029,0.05219577110749667,0.6666666666666666,0.3333333333333333,0.6347108400377233,0.6713881019830028
IGHV3-30-3,H7,3,FR1,CAG,6763,938,911,0.1386958450391838,0.13470353393464438,0.875,0.125,2.1050765243095713,0.14709110867178926
IGHV3-30-3,H10,4,FR1,CTG,6763,205,871,0.030311991719651044,0.12878899896495638,0.5555555555555556,0.4444444444444444,2.4506195025470903,0.1882893226176808
IGHV3-30-3,H13,5,FR1,GTG,6763,318,121,0.04702055300901967,0.017891468283306226,0.6666666666666666,0.3333333333333333,0.5885892536219848,1.3140495867768593
IGHV3-30-3,H16,6,FR1,GAG,6763,236,387,0.03489575632115925,0.05722312583173148,0.875,0.125,0.7137633724717759,0.0871170173495755
IGHV3-30-3,H19,7,FR1,TCT,6763,67,372,0.009906846074227415,0.05500517521809848,0.6666666666666666,0.3333333333333333,0.6053748285113313,0.0900537634408602
IGHV3-30-3,H25,9,FR1,GGG,6763,28,39,0.0041401744787816054,0.005766671595445808,0.6666666666666666,0.3333333333333333,0.3055043667639592,0.3589743589743589
IGHV3-30-3,H28,10,FR1,GGA,6763,24,107,0.003548720981812805,0.015821381043915422,0.625,0.375,0.4322504752688081,0.13457943925233645
IGHV3-30-3,H31,11,FR1,GGC,6763,243,113,0.03593079994085465,0.016708561289368623,0.6666666666666666,0.3333333333333333,0.8211142557916857,1.0752212389380533
IGHV3-30-3,H34,12,FR1,GTG,6763,205,100,0.030311991719651044,0.01478633742422002,0.6666666666666666,0.3333333333333333,0.6838295492789116,1.0250000000000001
IGHV3-30-3,H37,13,FR1,GTC,6762,121,29,0.01789411416740609,0.004288671990535345,0.6666666666666666,0.3333333333333333,0.7622088942134256,2.086206896551724
IGHV3-30-3,H40,14,FR1,CAG,6762,202,49,0.02987281869269447,0.007246376811594203,0.875,0.125,0.24543970046572014,0.5889212827988338
IGHV3-30-3,H43,15,FR1,CCT,6762,120,147,0.01774622892635315,0.021739130434782608,0.6666666666666666,0.3333333333333333,1.9124329693472253,0.4081632653061225
IGHV3-30-3,H46,16,FR1,GGG,6763,82,69,0.012124796687860416,0.010202572822711814,0.6666666666666666,0.3333333333333333,0.2717762135445229,0.5942028985507246
IGHV3-30-3,H49,17,FR1,AGG,6763,1420,51,0.2099659914239243,0.007541032086352211,0.7777777777777778,0.2222222222222222,0.19636240273659855,7.955182072829132
IGHV3-30-3,H52,18,FR1,TCC,6763,37,146,0.005470944846961407,0.02158805263936123,0.6666666666666666,0.3333333333333333,0.41795784838257327,0.12671232876712327
IGHV3-30-3,H55,19,FR1,CTG,6763,102,309,0.015082064172704421,0.045689782640839866,0.5555555555555556,0.4444444444444444,0.6289659635544201,0.2640776699029126
IGHV3-30-3,H58,20,FR1,AGA,6763,324,208,0.04790773325447287,0.030755581842377644,0.75,0.25,0.6709686863860952,0.5192307692307693
IGHV3-30-3,H61,21,FR1,CTC,6763,124,85,0.018335058406032827,0.012568386810587017,0.6666666666666666,0.3333333333333333,0.43185266952684104,0.7294117647058825
IGHV3-30-3,H64,22,FR1,TCC,6763,99,260,0.01463847404997782,0.038444477302972055,0.6666666666666666,0.3333333333333333,0.7638459176589949,0.19038461538461537
IGHV3-30-3,H67,23,FR1,TGT,6763,4,83,0.0005914534969688008,0.012272660062102618,0.875,0.125,0.6720091806444749,0.006884681583476764
IGHV3-30-3,H70,24,FR1,GCA,6763,1047,139,0.1548129528315836,0.02055300901966583,0.6666666666666666,0.3333333333333333,0.32437795410857895,3.766187050359712
IGHV3-30-3,H73,25,FR1,GCC,6763,621,63,0.09182315540440633,0.009315392577258613,0.6666666666666666,0.3333333333333333,0.9872727688299467,4.928571428571429
IGHV3-30-3,H115,39,FR2,TAT,6756,1665,244,0.2464476021314387,0.036116044997039666,0.8571428571428571,0.14285714285714285,1.1125014410685132,1.137295081967213
IGHV3-30-3,H118,40,FR2,GCT,6756,1801,610,0.26657785671995265,0.09029011249259918,0.6666666666666666,0.3333333333333333,0.8973178462299866,1.4762295081967212
IGHV3-30-3,H121,41,FR2,ATG,6759,1675,0,0.24781772451546086,0.0,1.0,0.0,0.19709554669075924,
IGHV3-30-3,H124,42,FR2,CAC,6763,823,184,0.12169155700133077,0.027206860860564838,0.8888888888888888,0.1111111111111111,1.5879584411384597,0.5591032608695653
IGHV3-30-3,H127,43,FR2,TGG,6763,7,0,0.0010350436196954014,0.0,1.0,0.0,0.0,
IGHV3-30-3,H130,44,FR2,GTC,6763,211,68,0.031199171965104244,0.010054709448469614,0.6666666666666666,0.3333333333333333,0.2851444185752991,1.5514705882352944
IGHV3-30-3,H133,45,FR2,CGC,6763,10,81,0.0014786337424220022,0.011976933313618217,0.6666666666666666,0.3333333333333333,0.8466764940974673,0.0617283950617284
IGHV3-30-3,H136,46,FR2,CAG,6763,98,16,0.01449061067573562,0.002365813987875203,0.875,0.125,0.22035364112787412,0.875
IGHV3-30-3,H139,47,FR2,GCT,6763,537,240,0.07940263196806151,0.03548720981812805,0.6666666666666666,0.3333333333333333,0.2571225054699811,1.11875
IGHV3-30-3,H142,48,FR2,CCA,6758,25,234,0.003699319325244155,0.03462562888428529,0.6666666666666666,0.3333333333333333,0.886511778582091,0.053418803418803416
IGHV3-30-3,H145,49,FR2,GGC,6762,116,38,0.01715468796214138,0.005619639160011831,0.6666666666666666,0.3333333333333333,1.0128370991948805,1.526315789473684
IGHV3-30-3,H193,65,FR3,GGA,6762,446,443,0.06595681750961255,0.06551316178645371,0.625,0.375,1.153518485971717,0.6040632054176073
IGHV3-30-3,H196,66,FR3,AGC,6763,3469,83,0.5129380452461925,0.012272660062102618,0.8888888888888888,0.1111111111111111,1.7627818451070218,5.224397590361446
IGHV3-30-3,H199,67,FR3,AAT,6760,3281,282,0.4853550295857988,0.04171597633136095,0.8888888888888888,0.1111111111111111,1.2848602162019904,1.4543439716312054
IGHV3-30-3,H202,68,FR3,AAA,6762,2390,308,0.3534457261165336,0.045548654244306416,0.875,0.125,1.1211252830009373,1.1085343228200373
IGHV3-30-3,H205,69,FR3,TAC,6757,1905,706,0.2819298505253811,0.10448423856741157,0.8571428571428571,0.14285714285714285,1.679360306546074,0.4497167138810199
IGHV3-30-3,H208,70,FR3,TAC,6760,478,820,0.07071005917159763,0.12130177514792899,0.8571428571428571,0.14285714285714285,1.413520312644162,0.09715447154471543
IGHV3-30-3,H211,71,FR3,GCA,6763,967,281,0.1429838828922076,0.04154960816205826,0.6666666666666666,0.3333333333333333,1.3674372563944346,1.7206405693950177
IGHV3-30-3,H214,72,FR3,GAC,6763,581,118,0.08590862043471832,0.017447878160579626,0.8888888888888888,0.1111111111111111,0.49296793162165464,0.6154661016949152
IGHV3-30-3,H217,73,FR3,TCC,6762,186,126,0.027506654835847383,0.018633540372670808,0.6666666666666666,0.3333333333333333,0.9297369212551664,0.7380952380952381
IGHV3-30-3,H220,74,FR3,GTG,6763,307,103,0.04539405589235546,0.01522992754694662,0.6666666666666666,0.3333333333333333,0.6853225246326781,1.4902912621359223
IGHV3-30-3,H223,75,FR3,AAG,6763,1214,2,0.17950613633003104,0.0002957267484844004,0.875,0.125,0.2765697205770885,86.71428571428572
IGHV3-30-3,H226,76,FR3,GGC,6763,44,68,0.006505988466656809,0.010054709448469614,0.6666666666666666,0.3333333333333333,0.44309091105505094,0.3235294117647059
IGHV3-30-3,H229,77,FR3,CGA,6763,48,472,0.00709744196362561,0.0697915126423185,0.5,0.5,1.4919544300137655,0.10169491525423728
IGHV3-30-3,H232,78,FR3,TTC,6763,248,81,0.03667011681206565,0.011976933313618217,0.8888888888888888,0.1111111111111111,0.3035643948012537,0.38271604938271603
IGHV3-30-3,H235,79,FR3,ACC,6763,636,82,0.09404110601803933,0.012124796687860416,0.6666666666666666,0.3333333333333333,0.5583444636077554,3.878048780487805
IGHV3-30-3,H238,80,FR3,ATC,6763,578,172,0.08546503031199172,0.025432500369658436,0.7777777777777778,0.2222222222222222,0.9073255344264464,0.9601328903654485
IGHV3-30-3,H241,81,FR3,TCC,6763,117,72,0.017300014786337425,0.010646162945438416,0.6666666666666666,0.3333333333333333,0.8815366136937866,0.8125
IGHV3-30-3,H244,82,FR3,AGA,6763,338,165,0.04997782049386367,0.024397456749963034,0.75,0.25,1.0809176809520256,0.6828282828282829
IGHV3-30-3,H247,83,FR3,GAC,6763,51,35,0.007541032086352211,0.0051752180984770075,0.8888888888888888,0.1111111111111111,0.17704693806179214,0.18214285714285713
IGHV3-30-3,H250,84,FR3,AAT,6763,824,427,0.12183942037557297,0.06313766080141948,0.8888888888888888,0.1111111111111111,0.9434815010981986,0.2412177985948478
IGHV3-30-3,H253,85,FR3,TCC,6762,390,170,0.05767524401064774,0.025140490979000295,0.6666666666666666,0.3333333333333333,0.7096307691411985,1.1470588235294117
IGHV3-30-3,H256,86,FR3,AAG,6760,1589,46,0.23505917159763315,0.006804733727810651,0.875,0.125,0.5057640313189151,4.934782608695653
IGHV3-30-3,H259,87,FR3,AAC,6758,879,380,0.1300680674755845,0.05622965374371116,0.8888888888888888,0.1111111111111111,1.629489667474064,0.2891447368421053
IGHV3-30-3,H262,88,FR3,ACG,6760,798,1892,0.11804733727810651,0.2798816568047337,0.6666666666666666,0.3333333333333333,2.61733779925298,0.21088794926004234
IGHV3-30-3,H265,89,FR3,CTG,6762,1054,1311,0.15587104406980185,0.19387755102040816,0.5555555555555556,0.4444444444444444,1.904804380512833,0.6431731502669719
IGHV3-30-3,H268,90,FR3,TAT,6763,1609,44,0.23791216915570013,0.006505988466656809,0.8571428571428571,0.14285714285714285,0.6415974948648201,6.094696969696969
IGHV3-30-3,H271,91,FR3,CTG,6763,162,1198,0.023953866627236434,0.17714032234215585,0.5555555555555556,0.4444444444444444,2.098469419942864,0.10818030050083471
IGHV3-30-3,H274,92,FR3,CAA,6763,862,337,0.12745822859677658,0.04982995711962147,0.875,0.125,1.98571518078705,0.36540907164052566
IGHV3-30-3,H277,93,FR3,ATG,6763,668,0,0.09877273399378973,0.0,1.0,0.0,1.3642590597323545,
IGHV3-30-3,H280,94,FR3,AAC,6762,1465,198,0.21665187814256137,0.029281277728482696,0.8888888888888888,0.1111111111111111,0.9960975619474636,0.9248737373737375
IGHV3-30-3,H283,95,FR3,AGC,6762,828,302,0.12244897959183673,0.04466134279798876,0.8888888888888888,0.1111111111111111,0.8920817460724421,0.3427152317880795
IGHV3-30-3,H286,96,FR3,CTG,6762,116,234,0.01715468796214138,0.03460514640638864,0.5555555555555556,0.4444444444444444,1.018902845805064,0.39658119658119656
IGHV3-30-3,H289,97,FR3,AGA,6763,784,202,0.11592488540588496,0.029868401596924443,0.75,0.25,0.6159824435303038,1.2937293729372936
IGHV3-30-3,H292,98,FR3,GCT,6763,3964,60,0.5861304154960816,0.008871802454532013,0.6666666666666666,0.3333333333333333,0.3183661317218087,33.03333333333333
IGHV3-30-3,H295,99,FR3,GAG,6763,977,534,0.1444625166346296,0.0789590418453349,0.875,0.125,1.1886878770463047,0.26136971642589624
IGHV3-30-3,H298,100,FR3,GAC,6763,9,237,0.001330770368179802,0.03504361969540145,0.8888888888888888,0.1111111111111111,0.2276380640658998,0.004746835443037976
IGHV3-30-3,H301,101,FR3,ACG,6763,322,65,0.047612006505988465,0.009611119325743014,0.6666666666666666,0.3333333333333333,0.3005798017784466,2.4769230769230766
IGHV3-30-3,H304,102,FR3,GCT,6763,219,319,0.03238207895904185,0.047168416383261864,0.6666666666666666,0.3333333333333333,0.2609036710393596,0.34326018808777436
IGHV3-30-3,H307,103,FR3,GTG,6763,1419,2004,0.20981812804968208,0.2963182019813692,0.6666666666666666,0.3333333333333333,5.757868269860768,0.35404191616766467
IGHV3-30-3,H310,104,FR3,TAT,6763,222,250,0.03282566908176845,0.03696584356055005,0.8571428571428571,0.14285714285714285,1.0108823720549156,0.14800000000000002
IGHV3-30-3,H313,105,FR3,TAC,6763,1036,745,0.1531864557149194,0.11015821381043915,0.8571428571428571,0.14285714285714285,2.7456568003467035,0.23176733780760625
IGHV3-30-3,H316,106,FR3,TGT,6763,0,87,0.0,0.012864113559071418,0.875,0.125,0.4528032287099792,0.0
IGHV3-30-3,H319,107,FR3,GCG,6763,621,96,0.09182315540440633,0.01419488392725122,0.6666666666666666,0.3333333333333333,0.6107289702616664,3.2343750000000004
IGHV3-30-3,H322,108,FR3,AGA,6763,301,519,0.04450687564690226,0.0767410912317019,0.75,0.25,1.8974565902754919,0.193320488118176
IGHV3-30-3,H76,26,CDR1,TCT,6763,148,191,0.02188377938784563,0.02824190448026024,0.6666666666666666,0.3333333333333333,0.7818966506958093,0.38743455497382195
IGHV3-30-3,H79,27,CDR1,GGA,6763,240,285,0.03548720981812805,0.042141061659027056,0.625,0.375,1.1894442632544764,0.5052631578947369
IGHV3-30-3,H85,29,CDR1,TTC,6763,243,102,0.03593079994085465,0.015082064172704421,0.8888888888888888,0.1111111111111111,0.5806165228514444,0.2977941176470588
IGHV3-30-3,H88,30,CDR1,ACC,6760,1600,341,0.23668639053254437,0.05044378698224852,0.6666666666666666,0.3333333333333333,1.3159849148763998,2.3460410557184748
IGHV3-30-3,H91,31,CDR1,TTC,6759,381,207,0.056369285397248114,0.03062583222370173,0.8888888888888888,0.1111111111111111,0.8452587148501042,0.23007246376811596
IGHV3-30-3,H94,32,CDR1,AGT,6754,1787,344,0.26458395025170267,0.05093278057447439,0.8888888888888888,0.1111111111111111,1.2948510988669473,0.649345930232558
IGHV3-30-3,H97,33,CDR1,AGC,6757,4008,1193,0.5931626461447388,0.1765576439248187,0.8888888888888888,0.1111111111111111,2.158418664037679,0.41994970662196146
IGHV3-30-3,H148,50,CDR2,AAG,6763,357,26,0.05278722460446547,0.0038444477302972055,0.875,0.125,0.44186352535710793,1.9615384615384615
IGHV3-30-3,H151,51,CDR2,GGG,6762,49,481,0.007246376811594203,0.07113280094646554,0.6666666666666666,0.3333333333333333,2.098631283458776,0.05093555093555093
IGHV3-30-3,H154,52,CDR2,CTG,6763,167,100,0.024693183498447433,0.01478633742422002,0.5555555555555556,0.4444444444444444,0.5980846966957567,1.3359999999999999
IGHV3-30-3,H157,53,CDR2,GAG,6763,313,238,0.046281236137808664,0.03519148306964365,0.875,0.125,0.8840286104259253,0.187875150060024
IGHV3-30-3,H160,54,CDR2,TGG,6763,116,0,0.017152151412095223,0.0,1.0,0.0,0.0029991285693718363,
IGHV3-30-3,H163,55,CDR2,GTG,6763,448,256,0.06624279166050569,0.03785302380600325,0.6666666666666666,0.3333333333333333,0.33067442796767565,0.875
IGHV3-30-3,H166,56,CDR2,GCA,6763,701,595,0.10365222534378235,0.08797870767410912,0.6666666666666666,0.3333333333333333,2.488091721052364,0.5890756302521009
IGHV3-30-3,H169,57,CDR2,GTT,6759,2994,530,0.4429649356413671,0.07841396656310105,0.6666666666666666,0.3333333333333333,1.1697318590613741,2.8245283018867924
IGHV3-30-3,H172,58,CDR2,ATA,6759,1356,1135,0.2006213936972925,0.16792424914928245,0.7777777777777778,0.2222222222222222,1.4261632630408616,0.3413467589679043
IGHV3-30-3,H175,59,CDR2,TCA,6753,504,619,0.07463349622390049,0.09166296460832223,0.5714285714285714,0.42857142857142855,0.9672062387843551,0.6106623586429725
IGHV3-30-3,H178,60,CDR2,TAT,6757,2518,73,0.37265058457895517,0.01080361107000148,0.8571428571428571,0.14285714285714285,1.4449905771712916,5.748858447488584
IGHV3-30-3,H181,61,CDR2,GAT,6735,776,188,0.11521900519673348,0.02791388270230141,0.8888888888888888,0.1111111111111111,0.9421458665967667,0.5159574468085106
IGHV3-13,H1,1,FR1,GAG,6407,218,140,0.03402528484470111,0.021851100358982363,0.875,0.125,0.6007651815035656,0.22244897959183674
IGHV3-13,H4,2,FR1,GTG,6407,486,152,0.07585453410332449,0.023724051818323707,0.6666666666666666,0.3333333333333333,0.6347108400377233,1.598684210526316
IGHV3-13,H7,3,FR1,CAG,6407,413,681,0.06446074605899797,0.10628999531762136,0.875,0.125,2.1050765243095713,0.08663729809104259
IGHV3-13,H10,4,FR1,CTG,6407,123,476,0.01919775245824879,0.07429374122054004,0.5555555555555556,0.4444444444444444,2.4506195025470903,0.20672268907563024
IGHV3-13,H13,5,FR1,GTG,6407,151,117,0.023567972530045264,0.018261276728578118,0.6666666666666666,0.3333333333333333,0.5885892536219848,0.6452991452991453
IGHV3-13,H16,6,FR1,GAG,6407,157,259,0.024504448259715934,0.04042453566411737,0.875,0.125,0.7137633724717759,0.08659680088251516
IGHV3-13,H19,7,FR1,TCT,6407,28,294,0.004370220071796473,0.045887310753862966,0.6666666666666666,0.3333333333333333,0.6053748285113313,0.047619047619047616
IGHV3-13,H25,9,FR1,GGG,6407,1,20,0.00015607928827844546,0.003121585765568909,0.6666666666666666,0.3333333333333333,0.3055043667639592,0.024999999999999998
IGHV3-13,H28,10,FR1,GGA,6407,2,132,0.0003121585765568909,0.0206024660527548,0.625,0.375,0.4322504752688081,0.009090909090909092
IGHV3-13,H31,11,FR1,GGC,6407,676,95,0.10550959887622913,0.014827532386452317,0.6666666666666666,0.3333333333333333,0.8211142557916857,3.557894736842105
IGHV3-13,H34,12,FR1,TTG,6407,249,367,0.038863742781332915,0.05728109879818948,0.75,0.25,0.6838295492789116,0.22615803814713895
IGHV3-13,H37,13,FR1,GTA,6407,363,739,0.0566567816450757,0.11534259403777118,0.6666666666666666,0.3333333333333333,0.7622088942134256,0.2456021650879567
IGHV3-13,H40,14,FR1,CAG,6407,160,92,0.024972686124551273,0.014359294521616982,0.875,0.125,0.24543970046572014,0.2484472049689441
IGHV3-13,H43,15,FR1,CCT,6407,190,1479,0.029655064772904634,0.23084126736382082,0.6666666666666666,0.3333333333333333,1.9124329693472253,0.06423258958755916
IGHV3-13,H46,16,FR1,GGG,6407,9,27,0.001404713594506009,0.004214140783518027,0.6666666666666666,0.3333333333333333,0.2717762135445229,0.16666666666666666
IGHV3-13,H49,17,FR1,GGG,6407,133,51,0.020758545341033247,0.007960043702200718,0.6666666666666666,0.3333333333333333,0.19636240273659855,1.3039215686274512
IGHV3-13,H52,18,FR1,TCC,6407,17,50,0.0026533479007335727,0.007803964413922272,0.6666666666666666,0.3333333333333333,0.41795784838257327,0.17
IGHV3-13,H55,19,FR1,CTG,6407,32,146,0.004994537224910255,0.022787576088653037,0.5555555555555556,0.4444444444444444,0.6289659635544201,0.17534246575342466
IGHV3-13,H58,20,FR1,AGA,6407,100,141,0.015607928827844545,0.02200717964726081,0.75,0.25,0.6709686863860952,0.2364066193853428
IGHV3-13,H61,21,FR1,CTC,6407,14,153,0.0021851100358982363,0.023880131106602153,0.6666666666666666,0.3333333333333333,0.43185266952684104,0.0457516339869281
IGHV3-13,H64,22,FR1,TCC,6407,82,167,0.012798501638832527,0.02606524114250039,0.6666666666666666,0.3333333333333333,0.7638459176589949,0.24550898203592816
IGHV3-13,H67,23,FR1,TGT,6407,3,108,0.00046823786483533636,0.01685656313407211,0.875,0.125,0.6720091806444749,0.003968253968253968
IGHV3-13,H70,24,FR1,GCA,6407,919,162,0.14343686592789137,0.025284844701108162,0.6666666666666666,0.3333333333333333,0.32437795410857895,2.83641975308642
IGHV3-13,H73,25,FR1,GCC,6407,409,52,0.06383642890588419,0.008116122990479164,0.6666666666666666,0.3333333333333333,0.9872727688299467,3.9326923076923075
IGHV3-13,H115,39,FR2,TAC,6401,1877,135,0.2932354319637557,0.021090454616466178,0.8571428571428571,0.14285714285714285,1.1125014410685132,2.3172839506172838
IGHV3-13,H118,40,FR2,GAC,6401,405,57,0.06327136384939853,0.008904858615841275,0.8888888888888888,0.1111111111111111,0.8973178462299866,0.8881578947368421
IGHV3-13,H121,41,FR2,ATG,6400,1007,0,0.15734375,0.0,1.0,0.0,0.19709554669075924,
IGHV3-13,H124,42,FR2,CAC,6400,477,122,0.07453125,0.0190625,0.8888888888888888,0.1111111111111111,1.5879584411384597,0.4887295081967213
IGHV3-13,H127,43,FR2,TGG,6400,0,0,0.0,0.0,1.0,0.0,0.0,
IGHV3-13,H130,44,FR2,GTC,6400,105,33,0.01640625,0.00515625,0.6666666666666666,0.3333333333333333,0.2851444185752991,1.5909090909090908
IGHV3-13,H133,45,FR2,CGC,6400,3,178,0.00046875,0.0278125,0.6666666666666666,0.3333333333333333,0.8466764940974673,0.008426966292134831
IGHV3-13,H136,46,FR2,CAA,6400,151,464,0.02359375,0.0725,0.875,0.125,0.22035364112787412,0.04649014778325124
IGHV3-13,H139,47,FR2,GCT,6398,3665,386,0.5728352610190685,0.060331353547983746,0.6666666666666666,0.3333333333333333,0.2571225054699811,4.7474093264248705
IGHV3-13,H142,48,FR2,ACA,6400,2313,86,0.36140625,0.0134375,0.6666666666666666,0.3333333333333333,0.886511778582091,13.44767441860465
IGHV3-13,H145,49,FR2,GGA,6400,208,478,0.0325,0.0746875,0.625,0.375,1.0128370991948805,0.2610878661087866
IGHV3-13,H193,65,FR3,GCT,6372,3775,163,0.592435655994978,0.025580665411173886,0.6666666666666666,0.3333333333333333,1.153518485971717,11.579754601226993
IGHV3-13,H196,66,FR3,GGT,6363,1282,390,0.20147729058620148,0.061291843470061294,0.6666666666666666,0.3333333333333333,1.7627818451070218,1.6435897435897435
IGHV3-13,H199,67,FR3,GAC,6370,971,159,0.15243328100470957,0.024960753532182103,0.8888888888888888,0.1111111111111111,1.2848602162019904,0.7633647798742139
IGHV3-13,H202,68,FR3,ACA,6371,458,510,0.07188824360382985,0.08005022759378433,0.6666666666666666,0.3333333333333333,1.1211252830009373,0.44901960784313727
IGHV3-13,H205,69,FR3,TAC,6367,1864,494,0.2927595413852678,0.07758756086068792,0.8571428571428571,0.14285714285714285,1.679360306546074,0.6288798920377867
IGHV3-13,H208,70,FR3,TAT,6372,145,353,0.02275580665411174,0.055398618957940994,0.8571428571428571,0.14285714285714285,1.413520312644162,0.06846081208687442
IGHV3-13,H211,71,FR3,CCA,6372,3295,187,0.5171060891399875,0.029347143753923416,0.6666666666666666,0.3333333333333333,1.3674372563944346,8.810160427807487
IGHV3-13,H214,72,FR3,GGC,6372,3402,172,0.5338983050847458,0.02699309478970496,0.6666666666666666,0.3333333333333333,0.49296793162165464,9.88953488372093
IGHV3-13,H217,73,FR3,TCC,6375,95,102,0.014901960784313726,0.016,0.6666666666666666,0.3333333333333333,0.9297369212551664,0.46568627450980393
IGHV3-13,H220,74,FR3,GTG,6375,200,130,0.03137254901960784,0.0203921568627451,0.6666666666666666,0.3333333333333333,0.6853225246326781,0.7692307692307692
IGHV3-13,H223,75,FR3,AAG,6403,973,12,0.15196001874121506,0.0018741215055442762,0.875,0.125,0.2765697205770885,11.583333333333334
IGHV3-13,H226,76,FR3,GGC,6403,74,47,0.011557082617523036,0.007340309230048415,0.6666666666666666,0.3333333333333333,0.44309091105505094,0.7872340425531915
IGHV3-13,H229,77,FR3,CGA,6403,8,497,0.0012494143370295175,0.07761986568795877,0.5,0.5,1.4919544300137655,0.01609657947686117
IGHV3-13,H232,78,FR3,TTC,6404,54,62,0.008432229856339788,0.009681449094316053,0.8888888888888888,0.1111111111111111,0.3035643948012537,0.10887096774193548
IGHV3-13,H235,79,FR3,ACC,6404,557,56,0.08697688944409744,0.008744534665833853,0.6666666666666666,0.3333333333333333,0.5583444636077554,4.9732142857142865
IGHV3-13,H238,80,FR3,ATC,6404,594,189,0.09275452841973766,0.029512804497189255,0.7777777777777778,0.2222222222222222,0.9073255344264464,0.8979591836734694
IGHV3-13,H241,81,FR3,TCC,6405,100,83,0.0156128024980484,0.012958626073380173,0.6666666666666666,0.3333333333333333,0.8815366136937866,0.6024096385542169
IGHV3-13,H244,82,FR3,AGA,6405,125,182,0.0195160031225605,0.02841530054644809,0.75,0.25,1.0809176809520256,0.22893772893772893
IGHV3-13,H247,83,FR3,GAA,6406,1454,293,0.22697471120824228,0.0457383702778645,0.875,0.125,0.17704693806179214,0.7089224768405655
IGHV3-13,H250,84,FR3,AAT,6406,1173,283,0.1831095847642835,0.04417733374960974,0.8888888888888888,0.1111111111111111,0.9434815010981986,0.5181095406360424
IGHV3-13,H253,85,FR3,GCC,6406,631,9,0.09850140493287543,0.001404932875429285,0.6666666666666666,0.3333333333333333,0.7096307691411985,35.05555555555556
IGHV3-13,H256,86,FR3,AAG,6406,1242,108,0.19388073680924134,0.01685919450515142,0.875,0.125,0.5057640313189151,1.6428571428571426
IGHV3-13,H259,87,FR3,AAC,6406,818,342,0.12769278801123946,0.05338744926631283,0.8888888888888888,0.1111111111111111,1.629489667474064,0.29897660818713445
IGHV3-13,H262,88,FR3,TCC,6406,397,253,0.061973150171714016,0.03949422416484546,0.6666666666666666,0.3333333333333333,2.61733779925298,0.7845849802371542
IGHV3-13,H265,89,FR3,TTG,6406,1106,641,0.1726506400249766,0.10006244146113019,0.75,0.25,1.904804380512833,0.5751430057202288
IGHV3-13,H268,90,FR3,TAT,6406,920,92,0.14361536059943802,0.014361536059943803,0.8571428571428571,0.14285714285714285,0.6415974948648201,1.6666666666666667
IGHV3-13,H271,91,FR3,CTT,6406,23,194,0.0035903840149859507,0.030284108648142367,0.6666666666666666,0.3333333333333333,2.098469419942864,0.05927835051546392
IGHV3-13,H274,92,FR3,CAA,6406,431,299,0.06728067436778021,0.04667499219481736,0.875,0.125,1.98571518078705,0.20592451027233635
IGHV3-13,H277,93,FR3,ATG,6406,410,0,0.0640024976584452,0.0,1.0,0.0,1.3642590597323545,
IGHV3-13,H280,94,FR3,AAC,6406,1201,338,0.18748048704339682,0.05276303465501093,0.8888888888888888,0.1111111111111111,0.9960975619474636,0.4441568047337278
IGHV3-13,H283,95,FR3,AGC,6407,1063,374,0.1659122834399875,0.0583736538161386,0.8888888888888888,0.1111111111111111,0.8920817460724421,0.35528074866310155
IGHV3-13,H286,96,FR3,CTG,6407,113,305,0.017636959575464337,0.04760418292492586,0.5555555555555556,0.4444444444444444,1.018902845805064,0.29639344262295086
IGHV3-13,H289,97,FR3,AGA,6407,1455,158,0.22709536444513814,0.02466052754799438,0.75,0.25,0.6159824435303038,3.0696202531645573
IGHV3-13,H292,98,FR3,GCC,6407,1580,17,0.24660527547994382,0.0026533479007335727,0.6666666666666666,0.3333333333333333,0.3183661317218087,46.470588235294116
IGHV3-13,H295,99,FR3,GGG,6407,283,480,0.044170438582800065,0.07491805837365381,0.6666666666666666,0.3333333333333333,1.1886878770463047,0.2947916666666667
IGHV3-13,H298,100,FR3,GAC,6407,7,111,0.0010925550179491181,0.017324800998907444,0.8888888888888888,0.1111111111111111,0.2276380640658998,0.007882882882882884
IGHV3-13,H301,101,FR3,ACG,6407,104,420,0.016232245980958328,0.0655533010769471,0.6666666666666666,0.3333333333333333,0.3005798017784466,0.12380952380952381
IGHV3-13,H304,102,FR3,GCT,6407,219,392,0.03418136413297956,0.061183081005150616,0.6666666666666666,0.3333333333333333,0.2609036710393596,0.2793367346938776
IGHV3-13,H307,103,FR3,GTG,6407,651,2152,0.10160761666926799,0.3358826283752146,0.6666666666666666,0.3333333333333333,5.757868269860768,0.1512546468401487
IGHV3-13,H310,104,FR3,TAT,6407,8,373,0.0012486343062275637,0.05821757452786015,0.8571428571428571,0.14285714285714285,1.0108823720549156,0.003574620196604111
IGHV3-13,H313,105,FR3,TAC,6407,550,1264,0.085843608553145,0.19728422038395504,0.8571428571428571,0.14285714285714285,2.7456568003467035,0.07252109704641352
IGHV3-13,H316,106,FR3,TGT,6407,0,83,0.0,0.012954580927110972,0.875,0.125,0.4528032287099792,0.0
IGHV3-13,H319,107,FR3,GCA,6407,1730,248,0.2700171687217106,0.03870766349305447,0.6666666666666666,0.3333333333333333,0.6107289702616664,3.4879032258064515
IGHV3-13,H322,108,FR3,AGA,6407,173,654,0.027001716872171063,0.10207585453410332,0.75,0.25,1.8974565902754919,0.08817533129459736
IGHV3-13,H76,26,CDR1,TCT,6407,109,235,0.017012642422350555,0.03667863274543468,0.6666666666666666,0.3333333333333333,0.7818966506958093,0.23191489361702128
IGHV3-13,H79,27,CDR1,GGA,6407,63,178,0.009832995161542063,0.02778211331356329,0.625,0.375,1.1894442632544764,0.21235955056179778
IGHV3-13,H85,29,CDR1,TTC,6407,170,98,0.026533479007335728,0.015295770251287654,0.8888888888888888,0.1111111111111111,0.5806165228514444,0.21683673469387754
IGHV3-13,H88,30,CDR1,ACC,6406,1262,359,0.19700280986575086,0.05604121136434593,0.6666666666666666,0.3333333333333333,1.3159849148763998,1.7576601671309193
IGHV3-13,H91,31,CDR1,TTC,6405,784,96,0.12240437158469945,0.014988290398126464,0.8888888888888888,0.1111111111111111,0.8452587148501042,1.0208333333333333
IGHV3-13,H94,32,CDR1,AGT,6404,1075,235,0.16786383510306058,0.03669581511555278,0.8888888888888888,0.1111111111111111,1.2948510988669473,0.5718085106382977
IGHV3-13,H97,33,CDR1,AGC,6401,4297,783,0.6713013591626308,0.12232463677550383,0.8888888888888888,0.1111111111111111,2.158418664037679,0.6859833971902938
IGHV3-13,H148,50,CDR2,AAA,6400,937,192,0.14640625,0.03,0.875,0.125,0.44186352535710793,0.6971726190476191
IGHV3-13,H151,51,CDR2,GGT,6400,610,122,0.0953125,0.0190625,0.6666666666666666,0.3333333333333333,2.098631283458776,2.5
IGHV3-13,H154,52,CDR2,CTG,6400,107,126,0.01671875,0.0196875,0.5555555555555556,0.4444444444444444,0.5980846966957567,0.6793650793650793
IGHV3-13,H157,53,CDR2,GAG,6400,119,46,0.01859375,0.0071875,0.875,0.125,0.8840286104259253,0.3695652173913043
IGHV3-13,H160,54,CDR2,TGG,6400,44,0,0.006875,0.0,1.0,0.0,0.0029991285693718363,
IGHV3-13,H163,55,CDR2,GTC,6400,96,99,0.015,0.01546875,0.6666666666666666,0.3333333333333333,0.33067442796767565,0.4848484848484848
IGHV3-13,H166,56,CDR2,TCA,6400,571,488,0.08921875,0.07625,0.5714285714285714,0.42857142857142855,2.488091721052364,0.8775614754098361
IGHV3-13,H169,57,CDR2,GCT,6400,3092,551,0.483125,0.08609375,0.6666666666666666,0.3333333333333333,1.1697318590613741,2.8058076225045374
IGHV3-13,H172,58,CDR2,ATT,6371,569,263,0.08931094019777115,0.04128080364150055,0.7777777777777778,0.2222222222222222,1.4261632630408616,0.6181423139598045
IGHV3-13,H175,59,CDR2,GGT,6367,1224,931,0.19224124391393121,0.14622271085283492,0.6666666666666666,0.3333333333333333,0.9672062387843551,0.6573576799140709
IGHV3-13,H178,60,CDR2,ACT,6371,2882,210,0.45236226652016953,0.03296185842097002,0.6666666666666666,0.3333333333333333,1.4449905771712916,6.861904761904762
IGHV3-66,H1,1,FR1,GAG,6146,286,341,0.046534331272372276,0.055483241132443864,0.875,0.125,0.6007651815035656,0.11981566820276499
IGHV3-66,H4,2,FR1,GTG,6146,381,273,0.06199153921249593,0.04441913439635535,0.6666666666666666,0.3333333333333333,0.6347108400377233,0.6978021978021978
IGHV3-66,H7,3,FR1,CAG,6146,564,851,0.09176700292873413,0.13846404165310772,0.875,0.125,2.1050765243095713,0.09467852946113815
IGHV3-66,H10,4,FR1,CTG,6146,362,808,0.0589000976244712,0.13146762121705174,0.5555555555555556,0.4444444444444444,2.4506195025470903,0.35841584158415835
IGHV3-66,H13,5,FR1,GTG,6146,277,76,0.04506996420436056,0.012365766352098927,0.6666666666666666,0.3333333333333333,0.5885892536219848,1.8223684210526314
IGHV3-66,H16,6,FR1,GAG,6146,345,245,0.056134070940449074,0.03986332574031891,0.875,0.125,0.7137633724717759,0.2011661807580175
IGHV3-66,H19,7,FR1,TCT,6146,30,271,0.0048812235600390495,0.04409371949235275,0.6666666666666666,0.3333333333333333,0.6053748285113313,0.05535055350553505
IGHV3-66,H25,9,FR1,GGG,6146,2,42,0.0003254149040026033,0.00683371298405467,0.6666666666666666,0.3333333333333333,0.3055043667639592,0.023809523809523808
IGHV3-66,H28,10,FR1,GGA,6146,2,65,0.0003254149040026033,0.010575984380084608,0.625,0.375,0.4322504752688081,0.018461538461538463
IGHV3-66,H31,11,FR1,GGC,6146,864,117,0.14057923852912463,0.019036771884152294,0.6666666666666666,0.3333333333333333,0.8211142557916857,3.6923076923076925
IGHV3-66,H34,12,FR1,TTG,6146,185,168,0.030100878620240808,0.02733485193621868,0.75,0.25,0.6838295492789116,0.3670634920634921
IGHV3-66,H37,13,FR1,GTC,6146,82,68,0.013342011064106736,0.011064106736088514,0.6666666666666666,0.3333333333333333,0.7622088942134256,0.6029411764705882
IGHV3-66,H40,14,FR1,CAG,6146,242,41,0.039375203384315,0.006671005532053368,0.875,0.125,0.24543970046572014,0.8432055749128919
IGHV3-66,H43,15,FR1,CCT,6146,156,1100,0.02538236251220306,0.17897819720143182,0.6666666666666666,0.3333333333333333,1.9124329693472253,0.07090909090909091
IGHV3-66,H46,16,FR1,GGG,6146,44,72,0.007159127888057273,0.01171493654409372,0.6666666666666666,0.3333333333333333,0.2717762135445229,0.3055555555555555
IGHV3-66,H49,17,FR1,GGG,6146,204,82,0.03319232020826554,0.013342011064106736,0.6666666666666666,0.3333333333333333,0.19636240273659855,1.2439024390243905
IGHV3-66,H52,18,FR1,TCC,6146,13,62,0.0021151968760169215,0.010087862024080702,0.6666666666666666,0.3333333333333333,0.41795784838257327,0.10483870967741936
IGHV3-66,H55,19,FR1,CTG,6146,44,268,0.007159127888057273,0.043605597136348845,0.5555555555555556,0.4444444444444444,0.6289659635544201,0.13134328358208955
IGHV3-66,H58,20,FR1,AGA,6146,170,74,0.02766026684022128,0.012040351448096323,0.75,0.25,0.6709686863860952,0.7657657657657656
IGHV3-66,H61,21,FR1,CTC,6146,156,71,0.02538236251220306,0.011552229092092418,0.6666666666666666,0.3333333333333333,0.43185266952684104,1.0985915492957745
IGHV3-66,H64,22,FR1,TCC,6146,58,224,0.009437032216075496,0.03644646924829157,0.6666666666666666,0.3333333333333333,0.7638459176589949,0.12946428571428573
IGHV3-66,H67,23,FR1,TGT,6146,2,217,0.0003254149040026033,0.03530751708428246,0.875,0.125,0.6720091806444749,0.0013166556945358788
IGHV3-66,H70,24,FR1,GCA,6146,825,306,0.13423364790107387,0.049788480312398305,0.6666666666666666,0.3333333333333333,0.32437795410857895,1.3480392156862746
IGHV3-66,H73,25,FR1,GCC,6146,837,45,0.1361861373250895,0.007321835340058575,0.6666666666666666,0.3333333333333333,0.9872727688299467,9.3
IGHV3-66,H115,39,FR2,AAC,6137,1953,355,0.31823366465699854,0.0578458530226495,0.8888888888888888,0.1111111111111111,1.1125014410685132,0.6876760563380281
IGHV3-66,H118,40,FR2,TAC,6135,938,344,0.15289323553382234,0.05607171964140179,0.8571428571428571,0.14285714285714285,0.8973178462299866,0.4544573643410853
IGHV3-66,H121,41,FR2,ATG,6135,531,0,0.08655256723716381,0.0,1.0,0.0,0.19709554669075924,
IGHV3-66,H124,42,FR2,AGC,6135,2259,783,0.36821515892420537,0.1276283618581907,0.8888888888888888,0.1111111111111111,1.5879584411384597,0.36063218390804597
IGHV3-66,H127,43,FR2,TGG,6135,2,0,0.00032599837000814997,0.0,1.0,0.0,0.0,
IGHV3-66,H130,44,FR2,GTC,6134,132,55,0.021519400065210303,0.008966416693837626,0.6666666666666666,0.3333333333333333,0.2851444185752991,1.2000000000000002
IGHV3-66,H133,45,FR2,CGC,6134,2,91,0.00032605151613955004,0.014835343984349528,0.6666666666666666,0.3333333333333333,0.8466764940974673,0.010989010989010988
IGHV3-66,H136,46,FR2,CAG,6134,131,25,0.02135637430714053,0.0040756439517443755,0.875,0.125,0.22035364112787412,0.7485714285714286
IGHV3-66,H139,47,FR2,GCT,6134,327,75,0.05330942288881643,0.012226931855233127,0.6666666666666666,0.3333333333333333,0.2571225054699811,2.18
IGHV3-66,H142,48,FR2,CCA,6134,44,325,0.007173133355070101,0.052983371372676884,0.6666666666666666,0.3333333333333333,0.886511778582091,0.06769230769230769
IGHV3-66,H145,49,FR2,GGG,6134,59,300,0.009618519726116726,0.04890772742093251,0.6666666666666666,0.3333333333333333,1.0128370991948805,0.09833333333333333
IGHV3-66,H193,65,FR3,GGT,6129,2216,280,0.3615597976831457,0.045684450970794585,0.6666666666666666,0.3333333333333333,1.153518485971717,3.957142857142857
IGHV3-66,H196,66,FR3,GGT,6130,633,1036,0.1032626427406199,0.16900489396411092,0.6666666666666666,0.3333333333333333,1.7627818451070218,0.30550193050193053
IGHV3-66,H199,67,FR3,AGC,6133,3383,706,0.5516060655470406,0.11511495189955975,0.8888888888888888,0.1111111111111111,1.2848602162019904,0.598973087818697
IGHV3-66,H202,68,FR3,ACA,6135,736,266,0.11996740016299919,0.043357783211083946,0.6666666666666666,0.3333333333333333,1.1211252830009373,1.3834586466165413
IGHV3-66,H205,69,FR3,TAC,6132,1896,574,0.30919765166340507,0.09360730593607305,0.8571428571428571,0.14285714285714285,1.679360306546074,0.5505226480836236
IGHV3-66,H208,70,FR3,TAC,6134,374,316,0.06097163351809586,0.051516139550048905,0.8571428571428571,0.14285714285714285,1.413520312644162,0.19725738396624476
IGHV3-66,H211,71,FR3,GCA,6135,642,229,0.10464547677261614,0.03732681336593317,0.6666666666666666,0.3333333333333333,1.3674372563944346,1.4017467248908295
IGHV3-66,H214,72,FR3,GAC,6138,431,133,0.07021831215379602,0.02166829586184425,0.8888888888888888,0.1111111111111111,0.49296793162165464,0.4050751879699248
IGHV3-66,H217,73,FR3,TCC,6139,131,96,0.021338980289949502,0.015637726014008795,0.6666666666666666,0.3333333333333333,0.9297369212551664,0.6822916666666666
IGHV3-66,H220,74,FR3,GTG,6138,255,100,0.041544477028347994,0.016291951775822745,0.6666666666666666,0.3333333333333333,0.6853225246326781,1.2749999999999997
IGHV3-66,H223,75,FR3,AAG,6138,744,22,0.12121212121212122,0.0035842293906810036,0.875,0.125,0.2765697205770885,4.8311688311688314
IGHV3-66,H226,76,FR3,GGC,6138,343,84,0.05588139459107201,0.013685239491691105,0.6666666666666666,0.3333333333333333,0.44309091105505094,2.0416666666666665
IGHV3-66,H229,77,FR3,AGA,6139,23,183,0.0037465385241896073,0.029809415214204268,0.75,0.25,1.4919544300137655,0.04189435336976321
IGHV3-66,H232,78,FR3,TTC,6140,92,74,0.01498371335504886,0.012052117263843648,0.8888888888888888,0.1111111111111111,0.3035643948012537,0.1554054054054054
IGHV3-66,H235,79,FR3,ACC,6140,1044,106,0.1700325732899023,0.01726384364820847,0.6666666666666666,0.3333333333333333,0.5583444636077554,4.9245283018867925
IGHV3-66,H238,80,FR3,ATC,6140,548,247,0.08925081433224756,0.04022801302931596,0.7777777777777778,0.2222222222222222,0.9073255344264464,0.6338924233661076
IGHV3-66,H241,81,FR3,TCC,6143,69,114,0.011232296923327365,0.018557707960279994,0.6666666666666666,0.3333333333333333,0.8815366136937866,0.3026315789473684
IGHV3-66,H244,82,FR3,AGA,6145,374,180,0.060862489829129375,0.029292107404393815,0.75,0.25,1.0809176809520256,0.6925925925925925
IGHV3-66,H247,83,FR3,GAC,6145,31,9,0.005044751830756713,0.0014646053702196907,0.8888888888888888,0.1111111111111111,0.17704693806179214,0.4305555555555555
IGHV3-66,H250,84,FR3,AAT,6138,1865,304,0.3038449006190942,0.04952753339850114,0.8888888888888888,0.1111111111111111,0.9434815010981986,0.7668585526315791
IGHV3-66,H253,85,FR3,TCC,6137,311,286,0.050676226169138014,0.04660257454782467,0.6666666666666666,0.3333333333333333,0.7096307691411985,0.5437062937062938
IGHV3-66,H256,86,FR3,AAG,6132,915,47,0.14921722113502936,0.00766470971950424,0.875,0.125,0.5057640313189151,2.7811550151975686
IGHV3-66,H259,87,FR3,AAC,6132,233,403,0.03799739073711676,0.0657208088714938,0.8888888888888888,0.1111111111111111,1.629489667474064,0.07227047146401985
IGHV3-66,H262,88,FR3,ACG,6144,699,1705,0.11376953125,0.2775065104166667,0.6666666666666666,0.3333333333333333,2.61733779925298,0.20498533724340173
IGHV3-66,H265,89,FR3,CTG,6144,1527,1041,0.24853515625,0.16943359375,0.5555555555555556,0.4444444444444444,1.904804380512833,1.173487031700288
IGHV3-66,H268,90,FR3,TAT,6144,1185,110,0.19287109375,0.017903645833333332,0.8571428571428571,0.14285714285714285,0.6415974948648201,1.7954545454545456
IGHV3-66,H271,91,FR3,CTT,6145,66,204,0.010740439381611067,0.03319772172497966,0.6666666666666666,0.3333333333333333,2.098469419942864,0.16176470588235292
IGHV3-66,H274,92,FR3,CAA,6145,285,696,0.046379170056956874,0.11326281529698942,0.875,0.125,1.98571518078705,0.058497536945812806
IGHV3-66,H277,93,FR3,ATG,6145,241,0,0.03921887713588283,0.0,1.0,0.0,1.3642590597323545,
IGHV3-66,H280,94,FR3,AAC,6145,966,333,0.15720097640358013,0.05419039869812856,0.8888888888888888,0.1111111111111111,0.9960975619474636,0.3626126126126126
IGHV3-66,H283,95,FR3,AGC,6146,935,381,0.15213146762121704,0.06199153921249593,0.8888888888888888,0.1111111111111111,0.8920817460724421,0.30675853018372706
IGHV3-66,H286,96,FR3,CTG,6146,52,442,0.008460787504067686,0.07191669378457534,0.5555555555555556,0.4444444444444444,1.018902845805064,0.09411764705882351
IGHV3-66,H289,97,FR3,AGA,6146,343,112,0.05580865603644647,0.018223234624145785,0.75,0.25,0.6159824435303038,1.0208333333333333
IGHV3-66,H292,98,FR3,GCC,6146,1793,4,0.29173446143833387,0.0006508298080052066,0.6666666666666666,0.3333333333333333,0.3183661317218087,224.125
IGHV3-66,H295,99,FR3,GAG,6146,574,329,0.09339407744874716,0.05353075170842825,0.875,0.125,1.1886878770463047,0.24924012158054712
IGHV3-66,H298,100,FR3,GAC,6146,7,93,0.0011389521640091116,0.015131793036121055,0.8888888888888888,0.1111111111111111,0.2276380640658998,0.009408602150537633
IGHV3-66,H301,101,FR3,ACG,6146,183,78,0.029775463716238203,0.01269118125610153,0.6666666666666666,0.3333333333333333,0.3005798017784466,1.173076923076923
IGHV3-66,H304,102,FR3,GCT,6146,275,244,0.044744549300357955,0.039700618288317606,0.6666666666666666,0.3333333333333333,0.2609036710393596,0.5635245901639344
IGHV3-66,H307,103,FR3,GTG,6146,801,1868,0.13032866905304263,0.3039375203384315,0.6666666666666666,0.3333333333333333,5.757868269860768,0.2144004282655246
IGHV3-66,H310,104,FR3,TAT,6146,18,398,0.00292873413602343,0.06475756589651806,0.8571428571428571,0.14285714285714285,1.0108823720549156,0.007537688442211056
IGHV3-66,H313,105,FR3,TAC,6146,528,657,0.08590953465668727,0.10689879596485519,0.8571428571428571,0.14285714285714285,2.7456568003467035,0.1339421613394216
IGHV3-66,H316,106,FR3,TGT,6146,0,84,0.0,0.01366742596810934,0.875,0.125,0.4528032287099792,0.0
IGHV3-66,H319,107,FR3,GCG,6146,814,202,0.13244386592905955,0.032866905304262936,0.6666666666666666,0.3333333333333333,0.6107289702616664,2.014851485148515
IGHV3-66,H322,108,FR3,AGA,6146,227,508,0.03693459160429548,0.08265538561666125,0.75,0.25,1.8974565902754919,0.1489501312335958
IGHV3-66,H76,26,CDR1,TCT,6146,60,269,0.009762447120078099,0.04376830458835015,0.6666666666666666,0.3333333333333333,0.7818966506958093,0.11152416356877323
IGHV3-66,H79,27,CDR1,GGA,6143,186,231,0.0302783656194042,0.03760377665635683,0.625,0.375,1.1894442632544764,0.4831168831168831
IGHV3-66,H85,29,CDR1,TTC,6142,714,107,0.1162487788993813,0.01742103549332465,0.8888888888888888,0.1111111111111111,0.5806165228514444,0.8341121495327103
IGHV3-66,H88,30,CDR1,ACC,6140,1580,50,0.25732899022801303,0.008143322475570033,0.6666666666666666,0.3333333333333333,1.3159849148763998,15.8
IGHV3-66,H91,31,CDR1,GTC,6143,430,23,0.06999837213088067,0.0037440989744424546,0.6666666666666666,0.3333333333333333,0.8452587148501042,9.347826086956522
IGHV3-66,H94,32,CDR1,AGT,6134,1338,381,0.218128464297359,0.062112813824584286,0.8888888888888888,0.1111111111111111,1.2948510988669473,0.4389763779527559
IGHV3-66,H97,33,CDR1,AGC,6138,2688,565,0.43792766373411535,0.0920495275333985,0.8888888888888888,0.1111111111111111,2.158418664037679,0.5946902654867257
IGHV3-66,H148,50,CDR2,AAG,6134,400,14,0.06521030322791001,0.0022823606129768505,0.875,0.125,0.44186352535710793,4.081632653061224
IGHV3-66,H151,51,CDR2,GGG,6134,48,698,0.0078252363873492,0.11379197913270296,0.6666666666666666,0.3333333333333333,2.098631283458776,0.034383954154727794
IGHV3-66,H154,52,CDR2,CTG,6134,101,145,0.016465601565047276,0.02363873492011738,0.5555555555555556,0.4444444444444444,0.5980846966957567,0.5572413793103447
IGHV3-66,H157,53,CDR2,GAG,6134,309,307,0.05037495924356048,0.05004890772742093,0.875,0.125,0.8840286104259253,0.14378780828292229
IGHV3-66,H160,54,CDR2,TGG,6134,201,0,0.03276817737202478,0.0,1.0,0.0,0.0029991285693718363,
IGHV3-66,H163,55,CDR2,GTC,6134,199,52,0.03244212585588523,0.008477339419628301,0.6666666666666666,0.3333333333333333,0.33067442796767565,1.9134615384615385
IGHV3-66,H166,56,CDR2,TCA,6134,249,449,0.04059341375937398,0.07319856537332899,0.5714285714285714,0.42857142857142855,2.488091721052364,0.4159242761692651
IGHV3-66,H169,57,CDR2,GTT,6134,2330,364,0.3798500163025758,0.05934137593739811,0.6666666666666666,0.3333333333333333,1.1697318590613741,3.2005494505494503
IGHV3-66,H172,58,CDR2,ATT,6132,1238,197,0.20189171559034572,0.03212654924983692,0.7777777777777778,0.2222222222222222,1.4261632630408616,1.7955039883973893
IGHV3-66,H175,59,CDR2,TAT,6135,839,436,0.1367563162184189,0.07106764466177669,0.8571428571428571,0.14285714285714285,0.9672062387843551,0.32071865443425074
IGHV3-66,H178,60,CDR2,AGC,6130,2432,832,0.3967373572593801,0.13572593800978794,0.8888888888888888,0.1111111111111111,1.4449905771712916,0.3653846153846153
IGHV4-61,H1,1,FR1,CAG,6069,115,129,0.018948755972977425,0.021255561047948592,0.875,0.125,0.6007651815035656,0.1273532668881506
IGHV4-61,H4,2,FR1,GTG,6069,217,162,0.03575547866205306,0.026693030153237766,0.6666666666666666,0.3333333333333333,0.6347108400377233,0.6697530864197531
IGHV4-61,H7,3,FR1,CAG,6069,383,272,0.0631075959795683,0.04481792717086835,0.875,0.125,2.1050765243095713,0.20115546218487398
IGHV4-61,H10,4,FR1,CTG,6069,58,385,0.009556763882023398,0.06343713956170703,0.5555555555555556,0.4444444444444444,2.4506195025470903,0.12051948051948051
IGHV4-61,H13,5,FR1,CAG,6069,253,94,0.04168726314055034,0.015488548360520679,0.875,0.125,0.5885892536219848,0.3844984802431611
IGHV4-61,H16,6,FR1,GAG,6069,88,19,0.014499917614104465,0.0031306640303180094,0.875,0.125,0.7137633724717759,0.6616541353383459
IGHV4-61,H19,7,FR1,TCG,6069,36,6,0.005931784478497282,0.0009886307464162135,0.625,0.375,0.6053748285113313,3.6000000000000005
IGHV4-61,H25,9,FR1,GGC,6069,22,56,0.003624979403526116,0.00922722029988466,0.6666666666666666,0.3333333333333333,0.3055043667639592,0.1964285714285714
IGHV4-61,H28,10,FR1,CCA,6069,30,189,0.004943153732081068,0.031141868512110725,0.6666666666666666,0.3333333333333333,0.4322504752688081,0.07936507936507937
IGHV4-61,H31,11,FR1,GGA,6069,162,250,0.026693030153237766,0.04119294776734223,0.625,0.375,0.8211142557916857,0.38880000000000003
IGHV4-61,H34,12,FR1,CTG,6069,147,171,0.02422145328719723,0.028175976272862086,0.5555555555555556,0.4444444444444444,0.6838295492789116,0.687719298245614
IGHV4-61,H37,13,FR1,GTG,6069,169,70,0.027846432690723347,0.011534025374855825,0.6666666666666666,0.3333333333333333,0.7622088942134256,1.207142857142857
IGHV4-61,H40,14,FR1,AAG,6069,204,27,0.03361344537815126,0.004448838358872961,0.875,0.125,0.24543970046572014,1.0793650793650793
IGHV4-61,H43,15,FR1,CCT,6069,252,301,0.04152249134948097,0.049596309111880045,0.6666666666666666,0.3333333333333333,1.9124329693472253,0.41860465116279066
IGHV4-61,H46,16,FR1,TCG,6069,97,66,0.015982863733728786,0.010874938210578349,0.625,0.375,0.2717762135445229,0.8818181818181818
IGHV4-61,H49,17,FR1,GAG,6069,287,35,0.04728950403690888,0.0057670126874279125,0.875,0.125,0.19636240273659855,1.1714285714285715
IGHV4-61,H52,18,FR1,ACC,6069,47,87,0.007744274180260339,0.014335145823035097,0.6666666666666666,0.3333333333333333,0.41795784838257327,0.2701149425287356
IGHV4-61,H55,19,FR1,CTG,6069,26,134,0.004284066567803592,0.022079420003295436,0.5555555555555556,0.4444444444444444,0.6289659635544201,0.15522388059701492
IGHV4-61,H58,20,FR1,TCC,6069,98,175,0.016147635524798153,0.02883506343713956,0.6666666666666666,0.3333333333333333,0.6709686863860952,0.27999999999999997
IGHV4-61,H61,21,FR1,CTC,6069,133,56,0.02191464821222607,0.00922722029988466,0.6666666666666666,0.3333333333333333,0.43185266952684104,1.1875
IGHV4-61,H64,22,FR1,ACC,6069,371,357,0.06113033448673587,0.058823529411764705,0.6666666666666666,0.3333333333333333,0.7638459176589949,0.5196078431372548
IGHV4-61,H67,23,FR1,TGC,6069,4,119,0.0006590871642774757,0.0196078431372549,0.875,0.125,0.6720091806444749,0.004801920768307323
IGHV4-61,H70,24,FR1,ACT,6069,1494,163,0.24616905585763718,0.026857801944307133,0.6666666666666666,0.3333333333333333,0.32437795410857895,4.582822085889571
IGHV4-61,H73,25,FR1,GTC,6069,93,180,0.01532377656945131,0.029658922392486405,0.6666666666666666,0.3333333333333333,0.9872727688299467,0.25833333333333336
IGHV4-61,H115,39,FR2,TAC,6068,1384,545,0.22808174027686223,0.08981542518127884,0.8571428571428571,0.14285714285714285,1.1125014410685132,0.42324159021406726
IGHV4-61,H118,40,FR2,TAC,6068,1024,364,0.16875411997363216,0.05998681608437706,0.8571428571428571,0.14285714285714285,0.8973178462299866,0.4688644688644688
IGHV4-61,H121,41,FR2,TGG,6068,67,0,0.011041529334212262,0.0,1.0,0.0,0.19709554669075924,
IGHV4-61,H124,42,FR2,AGC,6068,1839,688,0.30306526038233356,0.1133816743572841,0.8888888888888888,0.1111111111111111,1.5879584411384597,0.33412063953488375
IGHV4-61,H127,43,FR2,TGG,6068,12,0,0.001977587343441002,0.0,1.0,0.0,0.0,
IGHV4-61,H130,44,FR2,ATC,6068,576,150,0.09492419248516809,0.024719841793012523,0.7777777777777778,0.2222222222222222,0.2851444185752991,1.097142857142857
IGHV4-61,H133,45,FR2,CGG,6068,3,351,0.0004943968358602505,0.057844429795649306,0.5555555555555556,0.4444444444444444,0.8466764940974673,0.006837606837606837
IGHV4-61,H136,46,FR2,CAG,6068,121,40,0.01994067237969677,0.0065919578114700065,0.875,0.125,0.22035364112787412,0.43214285714285716
IGHV4-61,H139,47,FR2,CCC,6068,805,21,0.1326631509558339,0.0034607778510217535,0.6666666666666666,0.3333333333333333,0.2571225054699811,19.166666666666668
IGHV4-61,H142,48,FR2,CCA,6068,394,161,0.06493078444297956,0.026532630191166775,0.6666666666666666,0.3333333333333333,0.886511778582091,1.2236024844720497
IGHV4-61,H145,49,FR2,GGG,6068,125,189,0.02059986816084377,0.031147000659195782,0.6666666666666666,0.3333333333333333,1.0128370991948805,0.33068783068783064
IGHV4-61,H193,65,FR3,AGT,6064,2021,188,0.33327836411609496,0.03100263852242744,0.8888888888888888,0.1111111111111111,1.153518485971717,1.3437499999999998
IGHV4-61,H196,66,FR3,GGG,6060,290,433,0.04785478547854786,0.07145214521452145,0.6666666666666666,0.3333333333333333,1.7627818451070218,0.3348729792147806
IGHV4-61,H199,67,FR3,AGC,6065,2358,327,0.3887881286067601,0.0539159109645507,0.8888888888888888,0.1111111111111111,1.2848602162019904,0.9013761467889908
IGHV4-61,H202,68,FR3,ACC,6068,705,156,0.11618325642715886,0.025708635464733027,0.6666666666666666,0.3333333333333333,1.1211252830009373,2.2596153846153846
IGHV4-61,H205,69,FR3,AAC,6064,2141,544,0.3530672823218997,0.08970976253298153,0.8888888888888888,0.1111111111111111,1.679360306546074,0.4919577205882353
IGHV4-61,H208,70,FR3,TAC,6068,401,282,0.06608437705998682,0.046473302570863545,0.8571428571428571,0.14285714285714285,1.413520312644162,0.23699763593380616
IGHV4-61,H211,71,FR3,AAC,6068,683,570,0.11255767963085037,0.09393539881344759,0.8888888888888888,0.1111111111111111,1.3674372563944346,0.149780701754386
IGHV4-61,H214,72,FR3,CCC,6068,262,231,0.043177323665128546,0.038068556361239285,0.6666666666666666,0.3333333333333333,0.49296793162165464,0.5670995670995672
IGHV4-61,H217,73,FR3,TCC,6068,156,153,0.025708635464733027,0.025214238628872777,0.6666666666666666,0.3333333333333333,0.9297369212551664,0.5098039215686275
IGHV4-61,H220,74,FR3,CTC,6068,166,240,0.027356624917600526,0.03955174686882004,0.6666666666666666,0.3333333333333333,0.6853225246326781,0.34583333333333327
IGHV4-61,H223,75,FR3,AAG,6068,1214,38,0.2000659195781147,0.006262359920896506,0.875,0.125,0.2765697205770885,4.56390977443609
IGHV4-61,H226,76,FR3,AGT,6068,397,133,0.06542518127883981,0.02191825972313777,0.8888888888888888,0.1111111111111111,0.44309091105505094,0.37312030075187974
IGHV4-61,H229,77,FR3,CGA,6068,16,393,0.0026367831245880024,0.06476598549769282,0.5,0.5,1.4919544300137655,0.04071246819338422
IGHV4-61,H232,78,FR3,GTC,6068,736,82,0.12129202373104812,0.013513513513513514,0.6666666666666666,0.3333333333333333,0.3035643948012537,4.48780487804878
IGHV4-61,H235,79,FR3,ACC,6068,778,90,0.12821357943309164,0.014831905075807514,0.6666666666666666,0.3333333333333333,0.5583444636077554,4.322222222222223
IGHV4-61,H238,80,FR3,ATA,6068,1274,758,0.2099538562953197,0.12491760052735662,0.7777777777777778,0.2222222222222222,0.9073255344264464,0.48021108179419525
IGHV4-61,H241,81,FR3,TCA,6066,190,667,0.03132212331025387,0.10995713814704913,0.5714285714285714,0.42857142857142855,0.8815366136937866,0.21364317841079458
IGHV4-61,H244,82,FR3,GTA,6067,2701,751,0.4451953189385199,0.1237844074501401,0.6666666666666666,0.3333333333333333,1.0809176809520256,1.7982689747003995
IGHV4-61,H247,83,FR3,GAC,6068,337,64,0.05553724456163481,0.01054713249835201,0.8888888888888888,0.1111111111111111,0.17704693806179214,0.658203125
IGHV4-61,H250,84,FR3,ACG,6068,705,214,0.11618325642715886,0.035266974291364536,0.6666666666666666,0.3333333333333333,0.9434815010981986,1.647196261682243
IGHV4-61,H253,85,FR3,TCC,6069,261,248,0.04300543746910529,0.04086340418520349,0.6666666666666666,0.3333333333333333,0.7096307691411985,0.5262096774193549
IGHV4-61,H256,86,FR3,AAG,6066,1011,103,0.16666666666666666,0.016979887899769206,0.875,0.125,0.5057640313189151,1.4022191400832176
IGHV4-61,H259,87,FR3,AAC,6066,473,608,0.07797560171447412,0.1002307945928124,0.8888888888888888,0.1111111111111111,1.629489667474064,0.0972450657894737
IGHV4-61,H262,88,FR3,CAG,6069,637,393,0.104959630911188,0.06475531389026198,0.875,0.125,2.61733779925298,0.2315521628498728
IGHV4-61,H265,89,FR3,TTC,6069,531,231,0.0874938210578349,0.03806228373702422,0.8888888888888888,0.1111111111111111,1.904804380512833,0.28733766233766234
IGHV4-61,H268,90,FR3,TCC,6069,188,179,0.030977096721041358,0.029494150601417038,0.6666666666666666,0.3333333333333333,0.6415974948648201,0.5251396648044692
IGHV4-61,H271,91,FR3,CTG,6069,56,257,0.00922722029988466,0.042346350304827814,0.5555555555555556,0.4444444444444444,2.098469419942864,0.1743190661478599
IGHV4-61,H274,92,FR3,AAG,6069,2363,473,0.38935574229691877,0.0779370571758115,0.875,0.125,1.98571518078705,0.7136816671700392
IGHV4-61,H277,93,FR3,CTG,6069,531,883,0.0874938210578349,0.14549349151425275,0.5555555555555556,0.4444444444444444,1.3642590597323545,0.4810872027180068
IGHV4-61,H280,94,FR3,AGC,6069,3205,399,0.5280935903773274,0.0657439446366782,0.8888888888888888,0.1111111111111111,0.9960975619474636,1.0040726817042607
IGHV4-61,H283,95,FR3,TCT,6069,156,166,0.02570439940682155,0.027352117317515242,0.6666666666666666,0.3333333333333333,0.8920817460724421,0.46987951807228917
IGHV4-61,H286,96,FR3,GTG,6069,338,195,0.055692865381446695,0.03213049925852694,0.6666666666666666,0.3333333333333333,1.018902845805064,0.8666666666666666
IGHV4-61,H289,97,FR3,ACC,6069,200,163,0.03295435821387378,0.026857801944307133,0.6666666666666666,0.3333333333333333,0.6159824435303038,0.6134969325153374
IGHV4-61,H292,98,FR3,GCT,6069,389,515,0.06409622672598451,0.084857472400725,0.6666666666666666,0.3333333333333333,0.3183661317218087,0.3776699029126213
IGHV4-61,H295,99,FR3,GCG,6069,115,308,0.018948755972977425,0.05074971164936563,0.6666666666666666,0.3333333333333333,1.1886878770463047,0.1866883116883117
IGHV4-61,H298,100,FR3,GAC,6069,6,20,0.0009886307464162135,0.0032954358213873785,0.8888888888888888,0.1111111111111111,0.2276380640658998,0.0375
IGHV4-61,H301,101,FR3,ACG,6069,219,60,0.03608502224419179,0.009886307464162136,0.6666666666666666,0.3333333333333333,0.3005798017784466,1.825
IGHV4-61,H304,102,FR3,GCC,6069,73,32,0.012028340748063932,0.005272697314219805,0.6666666666666666,0.3333333333333333,0.2609036710393596,1.1406250000000002
IGHV4-61,H307,103,FR3,GTG,6069,1010,1881,0.1664195089800626,0.30993573900148297,0.6666666666666666,0.3333333333333333,5.757868269860768,0.26847421584263687
IGHV4-61,H310,104,FR3,TAT,6069,30,242,0.004943153732081068,0.03987477343878728,0.8571428571428571,0.14285714285714285,1.0108823720549156,0.02066115702479339
IGHV4-61,H313,105,FR3,TAC,6069,709,977,0.11682319986818257,0.16098203987477344,0.8571428571428571,0.14285714285714285,2.7456568003467035,0.12094848174684406
IGHV4-61,H316,106,FR3,TGT,6069,0,112,0.0,0.01845444059976932,0.875,0.125,0.4528032287099792,0.0
IGHV4-61,H319,107,FR3,GCG,6069,493,116,0.08123249299719888,0.019113527764046796,0.6666666666666666,0.3333333333333333,0.6107289702616664,2.125
IGHV4-61,H322,108,FR3,AGA,6069,189,561,0.031141868512110725,0.09243697478991597,0.75,0.25,1.8974565902754919,0.1122994652406417
IGHV4-61,H76,26,CDR1,TCT,6069,101,249,0.016641950898006262,0.04102817597627286,0.6666666666666666,0.3333333333333333,0.7818966506958093,0.2028112449799197
IGHV4-61,H79,27,CDR1,GGT,6068,271,211,0.0446605141727093,0.034772577455504286,0.6666666666666666,0.3333333333333333,1.1894442632544764,0.6421800947867298
IGHV4-61,H85,29,CDR1,GGC,6066,1658,82,0.27332673920211015,0.013517969007583251,0.6666666666666666,0.3333333333333333,0.5806165228514444,10.109756097560975
IGHV4-61,H88,30,CDR1,TCC,6069,243,66,0.04003954522985665,0.010874938210578349,0.6666666666666666,0.3333333333333333,1.3159849148763998,1.840909090909091
IGHV4-61,H91,31,CDR1,GTC,6069,550,47,0.0906244850881529,0.007744274180260339,0.6666666666666666,0.3333333333333333,0.8452587148501042,5.851063829787234
IGHV4-61,H94,32,CDR1,AGC,6069,1774,639,0.2923051573570605,0.10528917449332674,0.8888888888888888,0.1111111111111111,1.2948510988669473,0.34702660406885766
IGHV4-61,H97,33,CDR1,AGT,6069,1159,177,0.1909705058493986,0.0291646070192783,0.8888888888888888,0.1111111111111111,2.158418664037679,0.8185028248587571
IGHV4-61,H100,34,CDR1,GGT,5835,2018,767,0.3458440445586975,0.13144815766923737,0.6666666666666666,0.3333333333333333,0.8178357375146844,1.315514993481095
IGHV4-61,H112,38,CDR1,AGT,5931,2979,229,0.5022761760242792,0.03861068959703254,0.8888888888888888,0.1111111111111111,0.9200031724633807,1.6260917030567685
IGHV4-61,H148,50,CDR2,AAG,6068,592,31,0.0975609756097561,0.005108767303889255,0.875,0.125,0.44186352535710793,2.728110599078341
IGHV4-61,H151,51,CDR2,GGA,6068,511,329,0.08421226104152933,0.0542188529993408,0.625,0.375,2.098631283458776,0.9319148936170212
IGHV4-61,H154,52,CDR2,CTG,6068,93,220,0.015326301911667766,0.03625576796308504,0.5555555555555556,0.4444444444444444,0.5980846966957567,0.33818181818181814
IGHV4-61,H157,53,CDR2,GAG,6068,103,513,0.016974291364535266,0.08454185893210284,0.875,0.125,0.8840286104259253,0.028682818156502365
IGHV4-61,H160,54,CDR2,TGG,6067,238,0,0.03922861381242789,0.0,1.0,0.0,0.0029991285693718363,
IGHV4-61,H163,55,CDR2,ATT,6067,399,153,0.06576561727377617,0.025218394593703643,0.7777777777777778,0.2222222222222222,0.33067442796767565,0.7450980392156862
IGHV4-61,H166,56,CDR2,GGG,6067,357,2167,0.058842920718641833,0.3571781770232405,0.6666666666666666,0.3333333333333333,2.488091721052364,0.08237194277803414
IGHV4-61,H169,57,CDR2,TAT,5935,1392,404,0.2345408593091828,0.06807076663858466,0.8571428571428571,0.14285714285714285,1.1697318590613741,0.5742574257425743
IGHV4-61,H172,58,CDR2,ATC,5936,1429,560,0.2407345013477089,0.09433962264150944,0.7777777777777778,0.2222222222222222,1.4261632630408616,0.7290816326530613
IGHV4-61,H175,59,CDR2,TAT,6059,2022,233,0.3337184353853771,0.038455190625515764,0.8571428571428571,0.14285714285714285,0.9672062387843551,1.4463519313304718
IGHV4-61,H178,60,CDR2,TAC,6060,2006,344,0.331023102310231,0.05676567656765676,0.8571428571428571,0.14285714285714285,1.4449905771712916,0.9718992248062015
IGHV3-73,H1,1,FR1,GAG,5449,201,106,0.0368875022939989,0.019453110662506882,0.875,0.125,0.6007651815035656,0.27088948787061995
IGHV3-73,H4,2,FR1,GTG,5449,283,80,0.051936135070655164,0.014681592952835382,0.6666666666666666,0.3333333333333333,0.6347108400377233,1.76875
IGHV3-73,H7,3,FR1,CAG,5449,303,444,0.05560653330886401,0.08148284088823637,0.875,0.125,2.1050765243095713,0.0974903474903475
IGHV3-73,H10,4,FR1,CTG,5449,71,466,0.013029913745641402,0.08552027895026611,0.5555555555555556,0.4444444444444444,2.4506195025470903,0.12188841201716738
IGHV3-73,H13,5,FR1,GTG,5449,135,43,0.02477518810790971,0.007891356212149018,0.6666666666666666,0.3333333333333333,0.5885892536219848,1.569767441860465
IGHV3-73,H16,6,FR1,GAG,5449,95,79,0.017434391631492015,0.01449807304092494,0.875,0.125,0.7137633724717759,0.1717902350813743
IGHV3-73,H19,7,FR1,TCC,5449,29,72,0.005322077445402826,0.013213433657551845,0.6666666666666666,0.3333333333333333,0.6053748285113313,0.2013888888888889
IGHV3-73,H25,9,FR1,GGG,5449,1,17,0.00018351991191044228,0.003119838502477519,0.6666666666666666,0.3333333333333333,0.3055043667639592,0.02941176470588235
IGHV3-73,H28,10,FR1,GGA,5449,1,58,0.00018351991191044228,0.010644154890805653,0.625,0.375,0.4322504752688081,0.010344827586206896
IGHV3-73,H31,11,FR1,GGC,5449,474,68,0.08698843824554964,0.012479354009910076,0.6666666666666666,0.3333333333333333,0.8211142557916857,3.4852941176470584
IGHV3-73,H34,12,FR1,TTG,5449,57,194,0.01046063497889521,0.0356028629106258,0.75,0.25,0.6838295492789116,0.0979381443298969
IGHV3-73,H37,13,FR1,GTC,5449,58,34,0.010644154890805653,0.006239677004955038,0.6666666666666666,0.3333333333333333,0.7622088942134256,0.8529411764705882
IGHV3-73,H40,14,FR1,CAG,5449,127,27,0.023307028812626168,0.004955037621581942,0.875,0.125,0.24543970046572014,0.6719576719576719
IGHV3-73,H43,15,FR1,CCT,5449,36,889,0.006606716828775922,0.16314920168838318,0.6666666666666666,0.3333333333333333,1.9124329693472253,0.020247469066366708
IGHV3-73,H46,16,FR1,GGG,5449,5,27,0.0009175995595522114,0.004955037621581942,0.6666666666666666,0.3333333333333333,0.2717762135445229,0.09259259259259259
IGHV3-73,H49,17,FR1,GGG,5449,160,41,0.029363185905670764,0.007524316388328133,0.6666666666666666,0.3333333333333333,0.19636240273659855,1.9512195121951221
IGHV3-73,H52,18,FR1,TCC,5449,44,130,0.00807487612405946,0.023857588548357497,0.6666666666666666,0.3333333333333333,0.41795784838257327,0.16923076923076924
IGHV3-73,H55,19,FR1,CTG,5449,39,299,0.007157276564507249,0.054872453661222245,0.5555555555555556,0.4444444444444444,0.6289659635544201,0.1043478260869565
IGHV3-73,H58,20,FR1,AAA,5449,627,94,0.11506698476784731,0.017250871719581576,0.875,0.125,0.6709686863860952,0.9528875379939209
IGHV3-73,H61,21,FR1,CTC,5449,162,214,0.02973022572949165,0.03927326114883465,0.6666666666666666,0.3333333333333333,0.43185266952684104,0.37850467289719625
IGHV3-73,H64,22,FR1,TCC,5449,30,135,0.0055055973573132685,0.02477518810790971,0.6666666666666666,0.3333333333333333,0.7638459176589949,0.11111111111111112
IGHV3-73,H67,23,FR1,TGT,5449,0,73,0.0,0.013396953569462286,0.875,0.125,0.6720091806444749,0.0
IGHV3-73,H70,24,FR1,GCA,5449,654,88,0.12002202238942926,0.01614975224811892,0.6666666666666666,0.3333333333333333,0.32437795410857895,3.715909090909091
IGHV3-73,H73,25,FR1,GCC,5449,432,66,0.07928060194531107,0.01211231418608919,0.6666666666666666,0.3333333333333333,0.9872727688299467,3.2727272727272734
IGHV3-73,H115,39,FR2,TCT,5443,365,333,0.06705860738563292,0.061179496601139076,0.6666666666666666,0.3333333333333333,1.1125014410685132,0.5480480480480481
IGHV3-73,H118,40,FR2,GCT,5442,1428,301,0.2624035281146637,0.055310547592796765,0.6666666666666666,0.3333333333333333,0.8973178462299866,2.3720930232558137
IGHV3-73,H121,41,FR2,ATG,5448,2504,0,0.45961820851688695,0.0,1.0,0.0,0.19709554669075924,
IGHV3-73,H124,42,FR2,CAC,5448,408,84,0.07488986784140969,0.015418502202643172,0.8888888888888888,0.1111111111111111,1.5879584411384597,0.6071428571428572
IGHV3-73,H127,43,FR2,TGG,5448,3,0,0.0005506607929515419,0.0,1.0,0.0,0.0,
IGHV3-73,H130,44,FR2,GTC,5447,55,10,0.01009730126675234,0.0018358729575913347,0.6666666666666666,0.3333333333333333,0.2851444185752991,2.75
IGHV3-73,H133,45,FR2,CGC,5447,0,52,0.0,0.00954653937947494,0.6666666666666666,0.3333333333333333,0.8466764940974673,0.0
IGHV3-73,H136,46,FR2,CAG,5447,55,24,0.01009730126675234,0.004406095098219203,0.875,0.125,0.22035364112787412,0.32738095238095233
IGHV3-73,H139,47,FR2,GCT,5446,597,331,0.10962174072713919,0.06077855306647081,0.6666666666666666,0.3333333333333333,0.2571225054699811,0.9018126888217524
IGHV3-73,H142,48,FR2,TCC,5447,436,22,0.0800440609509822,0.004038920506700936,0.6666666666666666,0.3333333333333333,0.886511778582091,9.90909090909091
IGHV3-73,H145,49,FR2,GGG,5447,27,347,0.0049568569854966035,0.06370479162841931,0.6666666666666666,0.3333333333333333,1.0128370991948805,0.03890489913544668
IGHV3-73,H193,65,FR3,AGT,5446,3609,72,0.6626882115313992,0.013220712449504223,0.8888888888888888,0.1111111111111111,1.153518485971717,6.265625
IGHV3-73,H196,66,FR3,TAC,5445,334,462,0.06134067952249771,0.08484848484848485,0.8571428571428571,0.14285714285714285,1.7627818451070218,0.12049062049062051
IGHV3-73,H199,67,FR3,GCG,5447,451,21,0.08279787038736919,0.003855333210941803,0.6666666666666666,0.3333333333333333,1.2848602162019904,10.738095238095237
IGHV3-73,H202,68,FR3,ACA,5447,152,343,0.027905268955388286,0.06297044244538277,0.6666666666666666,0.3333333333333333,1.1211252830009373,0.2215743440233236
IGHV3-73,H205,69,FR3,GCA,5448,2135,247,0.3918869309838473,0.045337738619676944,0.6666666666666666,0.3333333333333333,1.679360306546074,4.321862348178138
IGHV3-73,H208,70,FR3,TAT,5448,155,124,0.02845080763582966,0.02276064610866373,0.8571428571428571,0.14285714285714285,1.413520312644162,0.20833333333333334
IGHV3-73,H211,71,FR3,GCT,5448,1461,118,0.2681718061674009,0.021659324522760644,0.6666666666666666,0.3333333333333333,1.3674372563944346,6.1906779661016955
IGHV3-73,H214,72,FR3,GCG,5448,805,26,0.14776064610866374,0.0047723935389133625,0.6666666666666666,0.3333333333333333,0.49296793162165464,15.480769230769232
IGHV3-73,H217,73,FR3,TCG,5448,106,69,0.019456681350954477,0.012665198237885462,0.625,0.375,0.9297369212551664,0.9217391304347826
IGHV3-73,H220,74,FR3,GTG,5448,521,157,0.09563142437591776,0.02881791483113069,0.6666666666666666,0.3333333333333333,0.6853225246326781,1.6592356687898087
IGHV3-73,H223,75,FR3,AAA,5448,1570,240,0.2881791483113069,0.04405286343612335,0.875,0.125,0.2765697205770885,0.9345238095238095
IGHV3-73,H226,76,FR3,GGC,5449,148,104,0.027160946962745458,0.019086070838685996,0.6666666666666666,0.3333333333333333,0.44309091105505094,0.7115384615384617
IGHV3-73,H229,77,FR3,AGG,5449,24,479,0.004404477885850615,0.08790603780510185,0.7777777777777778,0.2222222222222222,1.4919544300137655,0.014315538323889054
IGHV3-73,H232,78,FR3,TTC,5449,121,86,0.022205909341163517,0.015782712424298035,0.8888888888888888,0.1111111111111111,0.3035643948012537,0.17587209302325582
IGHV3-73,H235,79,FR3,ACC,5449,652,52,0.11965498256560837,0.009543035419342998,0.6666666666666666,0.3333333333333333,0.5583444636077554,6.269230769230771
IGHV3-73,H238,80,FR3,ATC,5449,667,168,0.122407781244265,0.030831345200954305,0.7777777777777778,0.2222222222222222,0.9073255344264464,1.1343537414965985
IGHV3-73,H241,81,FR3,TCC,5449,116,113,0.021288309781611305,0.02073775004587998,0.6666666666666666,0.3333333333333333,0.8815366136937866,0.5132743362831859
IGHV3-73,H244,82,FR3,AGA,5449,183,124,0.033584143879610937,0.022756469076894843,0.75,0.25,1.0809176809520256,0.4919354838709677
IGHV3-73,H247,83,FR3,GAT,5448,156,178,0.028634361233480177,0.03267254038179148,0.8888888888888888,0.1111111111111111,0.17704693806179214,0.10955056179775283
IGHV3-73,H250,84,FR3,GAT,5449,199,445,0.03652046247017801,0.08166636080014682,0.8888888888888888,0.1111111111111111,0.9434815010981986,0.055898876404494376
IGHV3-73,H253,85,FR3,TCA,5449,179,238,0.03285006423196917,0.04367773903468526,0.5714285714285714,0.42857142857142855,0.7096307691411985,0.564075630252101
IGHV3-73,H256,86,FR3,AAG,5446,1074,130,0.19720896070510466,0.02387073081160485,0.875,0.125,0.5057640313189151,1.18021978021978
IGHV3-73,H259,87,FR3,AAC,5449,611,287,0.11213066617728024,0.052670214718296936,0.8888888888888888,0.1111111111111111,1.629489667474064,0.2661149825783972
IGHV3-73,H262,88,FR3,ACG,5449,461,49,0.08460267939071389,0.008992475683611672,0.6666666666666666,0.3333333333333333,2.61733779925298,4.704081632653061
IGHV3-73,H265,89,FR3,GCG,5449,411,852,0.07542668379519178,0.15635896494769683,0.6666666666666666,0.3333333333333333,1.904804380512833,0.24119718309859153
IGHV3-73,H268,90,FR3,TAT,5449,857,160,0.15727656450724903,0.029363185905670764,0.8571428571428571,0.14285714285714285,0.6415974948648201,0.8927083333333333
IGHV3-73,H271,91,FR3,CTG,5449,4,494,0.0007340796476417691,0.09065883648375848,0.5555555555555556,0.4444444444444444,2.098469419942864,0.006477732793522266
IGHV3-73,H274,92,FR3,CAA,5449,447,426,0.0820334006239677,0.07817948247384841,0.875,0.125,1.98571518078705,0.14989939637826963
IGHV3-73,H277,93,FR3,ATG,5449,213,0,0.03908974123692421,0.0,1.0,0.0,1.3642590597323545,
IGHV3-73,H280,94,FR3,AAC,5449,978,88,0.17948247384841257,0.01614975224811892,0.8888888888888888,0.1111111111111111,0.9960975619474636,1.3892045454545454
IGHV3-73,H283,95,FR3,AGC,5449,390,239,0.07157276564507249,0.043861258946595705,0.8888888888888888,0.1111111111111111,0.8920817460724421,0.20397489539748953
IGHV3-73,H286,96,FR3,CTG,5449,17,232,0.003119838502477519,0.04257661956322261,0.5555555555555556,0.4444444444444444,1.018902845805064,0.05862068965517241
IGHV3-73,H289,97,FR3,AAA,5449,1136,311,0.20847861993026243,0.05707469260414755,0.875,0.125,0.6159824435303038,0.5218190169958659
IGHV3-73,H292,98,FR3,ACC,5449,1157,84,0.21233253808038172,0.015415672600477152,0.6666666666666666,0.3333333333333333,0.3183661317218087,6.886904761904761
IGHV3-73,H295,99,FR3,GAG,5449,423,232,0.07762892273811708,0.04257661956322261,0.875,0.125,1.1886878770463047,0.2604679802955665
IGHV3-73,H298,100,FR3,GAC,5449,1,23,0.00018351991191044228,0.0042209579739401724,0.8888888888888888,0.1111111111111111,0.2276380640658998,0.005434782608695652
IGHV3-73,H301,101,FR3,ACG,5449,144,33,0.02642686731510369,0.006056157093044595,0.6666666666666666,0.3333333333333333,0.3005798017784466,2.181818181818182
IGHV3-73,H304,102,FR3,GCC,5449,26,2,0.004771517709671499,0.00036703982382088455,0.6666666666666666,0.3333333333333333,0.2609036710393596,6.499999999999999
IGHV3-73,H307,103,FR3,GTG,5449,1022,1611,0.187557349972472,0.2956505780877225,0.6666666666666666,0.3333333333333333,5.757868269860768,0.31719428926132837
IGHV3-73,H310,104,FR3,TAT,5449,4,292,0.0007340796476417691,0.053587814277849144,0.8571428571428571,0.14285714285714285,1.0108823720549156,0.0022831050228310505
IGHV3-73,H313,105,FR3,TAC,5449,566,1663,0.10387227014131033,0.30519361350706553,0.8571428571428571,0.14285714285714285,2.7456568003467035,0.05672479454800561
IGHV3-73,H316,106,FR3,TGT,5449,0,356,0.0,0.06533308864011746,0.875,0.125,0.4528032287099792,0.0
IGHV3-73,H319,107,FR3,ACT,5449,1797,296,0.32978528170306476,0.054321893925490916,0.6666666666666666,0.3333333333333333,0.6107289702616664,3.035472972972973
IGHV3-73,H322,108,FR3,AGA,5449,187,504,0.03431822352725271,0.09249403560286291,0.75,0.25,1.8974565902754919,0.12367724867724868
IGHV3-73,H76,26,CDR1,TCT,5449,27,119,0.004955037621581942,0.02183886951734263,0.6666666666666666,0.3333333333333333,0.7818966506958093,0.11344537815126052
IGHV3-73,H79,27,CDR1,GGG,5449,41,964,0.007524316388328133,0.17691319508166636,0.6666666666666666,0.3333333333333333,1.1894442632544764,0.0212655601659751
IGHV3-73,H85,29,CDR1,TTC,5445,311,121,0.05711662075298439,0.022222222222222223,0.8888888888888888,0.1111111111111111,0.5806165228514444,0.3212809917355372
IGHV3-73,H88,30,CDR1,ACC,5449,1860,223,0.34134703615342266,0.04092494035602863,0.6666666666666666,0.3333333333333333,1.3159849148763998,4.170403587443946
IGHV3-73,H91,31,CDR1,TTC,5449,392,177,0.07193980546889338,0.032483024408148285,0.8888888888888888,0.1111111111111111,0.8452587148501042,0.2768361581920904
IGHV3-73,H94,32,CDR1,AGT,5449,295,96,0.05413837401358047,0.01761791154340246,0.8888888888888888,0.1111111111111111,1.2948510988669473,0.3841145833333333
IGHV3-73,H97,33,CDR1,GGC,5449,1892,98,0.3472196733345568,0.017984951367223345,0.6666666666666666,0.3333333333333333,2.158418664037679,9.653061224489795
IGHV3-73,H148,50,CDR2,AAA,5447,310,129,0.056912061685331375,0.02368276115292822,0.875,0.125,0.44186352535710793,0.3433001107419712
IGHV3-73,H151,51,CDR2,GGG,5447,12,303,0.0022030475491096016,0.05562695061501744,0.6666666666666666,0.3333333333333333,2.098631283458776,0.019801980198019802
IGHV3-73,H154,52,CDR2,CTG,5447,81,61,0.01487057095648981,0.01119882504130714,0.5555555555555556,0.4444444444444444,0.5980846966957567,1.0622950819672132
IGHV3-73,H157,53,CDR2,GAG,5447,92,173,0.01689003120984028,0.03176060216633009,0.875,0.125,0.8840286104259253,0.07597027250206442
IGHV3-73,H160,54,CDR2,TGG,5447,21,0,0.003855333210941803,0.0,1.0,0.0,0.0029991285693718363,
IGHV3-73,H163,55,CDR2,GTT,5447,811,129,0.14888929686065724,0.02368276115292822,0.6666666666666666,0.3333333333333333,0.33067442796767565,3.143410852713178
IGHV3-73,H166,56,CDR2,GGC,5447,181,213,0.03322930053240316,0.03910409399669543,0.6666666666666666,0.3333333333333333,2.488091721052364,0.42488262910798125
IGHV3-73,H169,57,CDR2,CGT,5447,508,355,0.0932623462456398,0.06517348999449238,0.6666666666666666,0.3333333333333333,1.1697318590613741,0.7154929577464789
IGHV3-73,H172,58,CDR2,ATT,5447,490,410,0.0899577749219754,0.07527079126124472,0.7777777777777778,0.2222222222222222,1.4261632630408616,0.3414634146341463
IGHV3-73,H175,59,CDR2,AGA,5446,616,272,0.11311053984575835,0.049944913698127064,0.75,0.25,0.9672062387843551,0.7549019607843137
IGHV3-73,H178,60,CDR2,AGC,5446,1994,644,0.3661402864487697,0.11825192802056556,0.8888888888888888,0.1111111111111111,1.4449905771712916,0.3870341614906832
IGHV3-73,H181,61,CDR2,AAA,5443,939,328,0.17251515708249127,0.06026088554106192,0.875,0.125,0.9421458665967667,0.40897212543554
IGHV3-73,H184,62,CDR2,GCT,5429,2535,167,0.4669368207773071,0.03076072941609873,0.6666666666666666,0.3333333333333333,0.6723742508231162,7.589820359281437
IGHV3-73,H190,64,CDR2,AAC,5429,1797,637,0.33100018419598454,0.11733284214404126,0.8888888888888888,0.1111111111111111,1.3919488306964787,0.35262951334379905
IGHV3-43,H1,1,FR1,GAA,4197,334,296,0.07958065284727187,0.07052656659518704,0.875,0.125,0.6007651815035656,0.1611969111969112
IGHV3-43,H4,2,FR1,GTG,4197,302,254,0.0719561591613057,0.06051941863235644,0.6666666666666666,0.3333333333333333,0.6347108400377233,0.594488188976378
IGHV3-43,H7,3,FR1,CAG,4197,826,691,0.19680724326900167,0.1646414105313319,0.875,0.125,2.1050765243095713,0.170767004341534
IGHV3-43,H10,4,FR1,CTG,4197,96,703,0.0228734810578985,0.16750059566356923,0.5555555555555556,0.4444444444444444,2.4506195025470903,0.10924608819345659
IGHV3-43,H13,5,FR1,GTG,4197,302,84,0.0719561591613057,0.020014295925661188,0.6666666666666666,0.3333333333333333,0.5885892536219848,1.7976190476190474
IGHV3-43,H16,6,FR1,GAG,4197,303,301,0.07219442458899214,0.07171789373361925,0.875,0.125,0.7137633724717759,0.1438063597532036
IGHV3-43,H19,7,FR1,TCT,4197,37,552,0.00881582082439838,0.13152251608291637,0.6666666666666666,0.3333333333333333,0.6053748285113313,0.033514492753623185
IGHV3-43,H25,9,FR1,GGG,4197,4,30,0.0009530617107457708,0.007147962830593281,0.6666666666666666,0.3333333333333333,0.3055043667639592,0.06666666666666667
IGHV3-43,H28,10,FR1,GGA,4197,12,111,0.0028591851322373124,0.02644746247319514,0.625,0.375,0.4322504752688081,0.06486486486486488
IGHV3-43,H31,11,FR1,GGC,4197,700,27,0.16678579938050989,0.006433166547533953,0.6666666666666666,0.3333333333333333,0.8211142557916857,12.962962962962964
IGHV3-43,H34,12,FR1,GTG,4197,298,130,0.07100309745055992,0.03097450559923755,0.6666666666666666,0.3333333333333333,0.6838295492789116,1.1461538461538463
IGHV3-43,H37,13,FR1,GTA,4197,461,959,0.10984036216345008,0.22849654515129855,0.6666666666666666,0.3333333333333333,0.7622088942134256,0.24035453597497394
IGHV3-43,H40,14,FR1,CAG,4197,257,96,0.06123421491541577,0.0228734810578985,0.875,0.125,0.24543970046572014,0.38244047619047616
IGHV3-43,H43,15,FR1,CCT,4196,179,916,0.04265967588179218,0.21830314585319352,0.6666666666666666,0.3333333333333333,1.9124329693472253,0.09770742358078603
IGHV3-43,H46,16,FR1,GGG,4197,10,43,0.002382654276864427,0.010245413390517035,0.6666666666666666,0.3333333333333333,0.2717762135445229,0.11627906976744186
IGHV3-43,H49,17,FR1,GGG,4197,157,63,0.0374076721467715,0.01501072194424589,0.6666666666666666,0.3333333333333333,0.19636240273659855,1.246031746031746
IGHV3-43,H52,18,FR1,TCC,4197,16,111,0.003812246842983083,0.02644746247319514,0.6666666666666666,0.3333333333333333,0.41795784838257327,0.07207207207207207
IGHV3-43,H55,19,FR1,CTG,4197,36,258,0.008577555396711936,0.061472480343102216,0.5555555555555556,0.4444444444444444,0.6289659635544201,0.11162790697674417
IGHV3-43,H58,20,FR1,AGA,4197,72,132,0.017155110793423873,0.031451036454610434,0.75,0.25,0.6709686863860952,0.18181818181818182
IGHV3-43,H61,21,FR1,CTC,4197,122,123,0.02906838217774601,0.029306647605432452,0.6666666666666666,0.3333333333333333,0.43185266952684104,0.4959349593495934
IGHV3-43,H64,22,FR1,TCC,4197,72,166,0.017155110793423873,0.03955206099594949,0.6666666666666666,0.3333333333333333,0.7638459176589949,0.21686746987951805
IGHV3-43,H67,23,FR1,TGT,4197,0,93,0.0,0.02215868477483917,0.875,0.125,0.6720091806444749,0.0
IGHV3-43,H70,24,FR1,GCA,4195,815,112,0.19427890345649582,0.0266984505363528,0.6666666666666666,0.3333333333333333,0.32437795410857895,3.6383928571428568
IGHV3-43,H73,25,FR1,GCC,4195,434,37,0.1034564958283671,0.008820023837902265,0.6666666666666666,0.3333333333333333,0.9872727688299467,5.864864864864865
IGHV3-43,H115,39,FR2,TAT,4196,559,266,0.13322211630123929,0.06339370829361296,0.8571428571428571,0.14285714285714285,1.1125014410685132,0.3502506265664161
IGHV3-43,H118,40,FR2,GCC,4193,1102,135,0.26281898402098736,0.03219651800620081,0.6666666666666666,0.3333333333333333,0.8973178462299866,4.0814814814814815
IGHV3-43,H121,41,FR2,ATG,4193,450,0,0.10732172668733604,0.0,1.0,0.0,0.19709554669075924,
IGHV3-43,H124,42,FR2,CAC,4193,537,90,0.12807059384688768,0.021464345337467206,0.8888888888888888,0.1111111111111111,1.5879584411384597,0.7458333333333335
IGHV3-43,H127,43,FR2,TGG,4190,0,0,0.0,0.0,1.0,0.0,0.0,
IGHV3-43,H130,44,FR2,GTC,4186,134,18,0.03201146679407549,0.004300047778308648,0.6666666666666666,0.3333333333333333,0.2851444185752991,3.722222222222222
IGHV3-43,H133,45,FR2,CGT,4186,0,365,0.0,0.08719541328236981,0.6666666666666666,0.3333333333333333,0.8466764940974673,0.0
IGHV3-43,H136,46,FR2,CAA,4186,162,402,0.03870043000477783,0.09603440038222646,0.875,0.125,0.22035364112787412,0.057569296375266525
IGHV3-43,H139,47,FR2,GCT,4186,1614,44,0.3855709507883421,0.01051122790253225,0.6666666666666666,0.3333333333333333,0.2571225054699811,18.34090909090909
IGHV3-43,H142,48,FR2,CCA,4186,69,285,0.016483516483516484,0.06808408982322026,0.6666666666666666,0.3333333333333333,0.886511778582091,0.12105263157894737
IGHV3-43,H145,49,FR2,GGG,4186,134,187,0.03201146679407549,0.044672718585762064,0.6666666666666666,0.3333333333333333,1.0128370991948805,0.3582887700534759
IGHV3-43,H193,65,FR3,GGT,4179,593,550,0.14189997607083035,0.1316104331179708,0.6666666666666666,0.3333333333333333,1.153518485971717,0.5390909090909091
IGHV3-43,H196,66,FR3,GGT,4184,2485,323,0.5939292543021033,0.07719885277246653,0.6666666666666666,0.3333333333333333,1.7627818451070218,3.846749226006193
IGHV3-43,H199,67,FR3,AGC,4181,2837,331,0.6785458024396077,0.0791676632384597,0.8888888888888888,0.1111111111111111,1.2848602162019904,1.0713746223564955
IGHV3-43,H202,68,FR3,ACA,4186,844,207,0.2016244624940277,0.04945054945054945,0.6666666666666666,0.3333333333333333,1.1211252830009373,2.0386473429951693
IGHV3-43,H205,69,FR3,TAC,4185,1372,413,0.32783751493428914,0.0986857825567503,0.8571428571428571,0.14285714285714285,1.679360306546074,0.5536723163841808
IGHV3-43,H208,70,FR3,TAT,4186,182,225,0.043478260869565216,0.053750597228858096,0.8571428571428571,0.14285714285714285,1.413520312644162,0.13481481481481483
IGHV3-43,H211,71,FR3,GCA,4186,771,239,0.18418537983755376,0.05709507883420927,0.6666666666666666,0.3333333333333333,1.3674372563944346,1.612970711297071
IGHV3-43,H214,72,FR3,GAC,4190,376,42,0.08973747016706445,0.010023866348448688,0.8888888888888888,0.1111111111111111,0.49296793162165464,1.119047619047619
IGHV3-43,H217,73,FR3,TCT,4190,67,110,0.015990453460620526,0.026252983293556086,0.6666666666666666,0.3333333333333333,0.9297369212551664,0.30454545454545456
IGHV3-43,H220,74,FR3,GTG,4190,173,84,0.041288782816229115,0.020047732696897375,0.6666666666666666,0.3333333333333333,0.6853225246326781,1.0297619047619047
IGHV3-43,H223,75,FR3,AAG,4190,737,8,0.17589498806682577,0.0019093078758949881,0.875,0.125,0.2765697205770885,13.160714285714285
IGHV3-43,H226,76,FR3,GGC,4193,45,52,0.010732172668733603,0.012401621750536608,0.6666666666666666,0.3333333333333333,0.44309091105505094,0.4326923076923077
IGHV3-43,H229,77,FR3,CGA,4193,3,410,0.0007154781779155736,0.09778201764846173,0.5,0.5,1.4919544300137655,0.007317073170731708
IGHV3-43,H232,78,FR3,TTC,4193,78,30,0.018602432625804913,0.007154781779155735,0.8888888888888888,0.1111111111111111,0.3035643948012537,0.325
IGHV3-43,H235,79,FR3,ACC,4193,317,31,0.07560219413307893,0.007393274505127593,0.6666666666666666,0.3333333333333333,0.5583444636077554,5.112903225806452
IGHV3-43,H238,80,FR3,ATC,4193,618,149,0.14738850465060815,0.03553541616980682,0.7777777777777778,0.2222222222222222,0.9073255344264464,1.185043144774688
IGHV3-43,H241,81,FR3,TCC,4193,100,87,0.023849272597185785,0.020748867159551633,0.6666666666666666,0.3333333333333333,0.8815366136937866,0.5747126436781609
IGHV3-43,H244,82,FR3,AGA,4193,65,96,0.01550202718817076,0.022895301693298356,0.75,0.25,1.0809176809520256,0.22569444444444442
IGHV3-43,H247,83,FR3,GAC,4193,29,25,0.006916289053183878,0.005962318149296446,0.8888888888888888,0.1111111111111111,0.17704693806179214,0.14500000000000002
IGHV3-43,H250,84,FR3,AAC,4192,289,81,0.06894083969465649,0.019322519083969467,0.8888888888888888,0.1111111111111111,0.9434815010981986,0.44598765432098764
IGHV3-43,H253,85,FR3,AGC,4191,1288,108,0.3073252207110475,0.025769506084466716,0.8888888888888888,0.1111111111111111,0.7096307691411985,1.490740740740741
IGHV3-43,H256,86,FR3,AAA,4192,731,272,0.1743797709923664,0.0648854961832061,0.875,0.125,0.5057640313189151,0.3839285714285714
IGHV3-43,H259,87,FR3,AAC,4193,788,260,0.187932268065824,0.06200810875268304,0.8888888888888888,0.1111111111111111,1.629489667474064,0.3788461538461539
IGHV3-43,H262,88,FR3,TCC,4193,338,95,0.08061054137848796,0.022656808967326497,0.6666666666666666,0.3333333333333333,2.61733779925298,1.7789473684210526
IGHV3-43,H265,89,FR3,CTG,4193,236,966,0.056284283329358455,0.2303839732888147,0.5555555555555556,0.4444444444444444,1.904804380512833,0.19544513457556933
IGHV3-43,H268,90,FR3,TAT,4193,885,56,0.2110660624850942,0.01335559265442404,0.8571428571428571,0.14285714285714285,0.6415974948648201,2.6339285714285716
IGHV3-43,H271,91,FR3,CTG,4193,25,938,0.005962318149296446,0.22370617696160267,0.5555555555555556,0.4444444444444444,2.098469419942864,0.02132196162046908
IGHV3-43,H274,92,FR3,CAA,4193,475,67,0.11328404483663249,0.015979012640114476,0.875,0.125,1.98571518078705,1.0127931769722816
IGHV3-43,H277,93,FR3,ATG,4193,187,0,0.04459813975673742,0.0,1.0,0.0,1.3642590597323545,
IGHV3-43,H280,94,FR3,AAC,4194,787,214,0.1876490224129709,0.05102527420123987,0.8888888888888888,0.1111111111111111,0.9960975619474636,0.459696261682243
IGHV3-43,H283,95,FR3,AGT,4195,607,101,0.14469606674612634,0.02407628128724672,0.8888888888888888,0.1111111111111111,0.8920817460724421,0.7512376237623763
IGHV3-43,H286,96,FR3,CTG,4197,47,250,0.011198475101262807,0.05956635692161068,0.5555555555555556,0.4444444444444444,1.018902845805064,0.15039999999999998
IGHV3-43,H289,97,FR3,AGA,4197,749,167,0.1784608053371456,0.03979032642363593,0.75,0.25,0.6159824435303038,1.4950099800399201
IGHV3-43,H292,98,FR3,ACT,4197,1533,45,0.3652609006433167,0.010721944245889922,0.6666666666666666,0.3333333333333333,0.3183661317218087,17.033333333333335
IGHV3-43,H295,99,FR3,GAG,4197,512,243,0.12199189897545866,0.057898498927805575,0.875,0.125,1.1886878770463047,0.3009994121105232
IGHV3-43,H298,100,FR3,GAC,4197,2,51,0.0004765308553728854,0.012151536812008578,0.8888888888888888,0.1111111111111111,0.2276380640658998,0.004901960784313725
IGHV3-43,H301,101,FR3,ACC,4197,660,56,0.15725518227305219,0.01334286395044079,0.6666666666666666,0.3333333333333333,0.3005798017784466,5.892857142857143
IGHV3-43,H304,102,FR3,GCC,4197,254,24,0.06051941863235644,0.005718370264474625,0.6666666666666666,0.3333333333333333,0.2609036710393596,5.291666666666666
IGHV3-43,H307,103,FR3,TTG,4197,1192,996,0.2840123898022397,0.23731236597569694,0.75,0.25,5.757868269860768,0.39892904953145913
IGHV3-43,H310,104,FR3,TAT,4197,110,222,0.026209197045508698,0.05289492494639028,0.8571428571428571,0.14285714285714285,1.0108823720549156,0.08258258258258258
IGHV3-43,H313,105,FR3,TAC,4197,574,578,0.1367643554920181,0.13771741720276387,0.8571428571428571,0.14285714285714285,2.7456568003467035,0.16551326412918108
IGHV3-43,H316,106,FR3,TGT,4197,0,154,0.0,0.03669287586371218,0.875,0.125,0.4528032287099792,0.0
IGHV3-43,H319,107,FR3,GCA,4197,987,341,0.23516797712651893,0.08124851084107695,0.6666666666666666,0.3333333333333333,0.6107289702616664,1.4472140762463341
IGHV3-43,H322,108,FR3,AAA,4197,506,438,0.12056230640934,0.1043602573266619,0.875,0.125,1.8974565902754919,0.16503587736464448
IGHV3-43,H76,26,CDR1,TCT,4195,55,128,0.013110846245530394,0.030512514898688916,0.6666666666666666,0.3333333333333333,0.7818966506958093,0.21484374999999997
IGHV3-43,H79,27,CDR1,GGA,4196,70,225,0.016682554814108675,0.053622497616777884,0.625,0.375,1.1894442632544764,0.18666666666666668
IGHV3-43,H85,29,CDR1,TTC,4196,61,54,0.014537654909437559,0.012869399428026692,0.8888888888888888,0.1111111111111111,0.5806165228514444,0.1412037037037037
IGHV3-43,H88,30,CDR1,ACC,4196,1466,364,0.34938036224976166,0.08674928503336511,0.6666666666666666,0.3333333333333333,1.3159849148763998,2.0137362637362637
IGHV3-43,H91,31,CDR1,TTT,4196,141,69,0.03360343183984747,0.01644423260247855,0.8888888888888888,0.1111111111111111,0.8452587148501042,0.2554347826086957
IGHV3-43,H94,32,CDR1,GAT,4196,1332,207,0.3174451858913251,0.049332697807435655,0.8888888888888888,0.1111111111111111,1.2948510988669473,0.8043478260869565
IGHV3-43,H97,33,CDR1,GAT,4196,841,224,0.20042897998093423,0.05338417540514776,0.8888888888888888,0.1111111111111111,2.158418664037679,0.4693080357142857
IGHV3-43,H148,50,CDR2,AAG,4186,294,52,0.07023411371237458,0.012422360248447204,0.875,0.125,0.44186352535710793,0.8076923076923077
IGHV3-43,H151,51,CDR2,GGT,4186,309,118,0.07381748686096512,0.02818920210224558,0.6666666666666666,0.3333333333333333,2.098631283458776,1.3093220338983051
IGHV3-43,H154,52,CDR2,CTG,4186,126,238,0.030100334448160536,0.056856187290969896,0.5555555555555556,0.4444444444444444,0.5980846966957567,0.42352941176470593
IGHV3-43,H157,53,CDR2,GAG,4186,155,246,0.03702818920210225,0.058767319636884856,0.875,0.125,0.8840286104259253,0.09001161440185831
IGHV3-43,H160,54,CDR2,TGG,4187,38,0,0.009075710532600907,0.0,1.0,0.0,0.0029991285693718363,
IGHV3-43,H163,55,CDR2,GTC,4187,234,48,0.05588727012180559,0.011464055409601147,0.6666666666666666,0.3333333333333333,0.33067442796767565,2.4375
IGHV3-43,H166,56,CDR2,TCT,4187,411,290,0.09816097444470982,0.06926200143300693,0.6666666666666666,0.3333333333333333,2.488091721052364,0.7086206896551724
IGHV3-43,H169,57,CDR2,CTT,4187,772,526,0.18438022450441843,0.12562694053021256,0.6666666666666666,0.3333333333333333,1.1697318590613741,0.7338403041825096
IGHV3-43,H172,58,CDR2,ATT,4187,356,366,0.0850250776212085,0.08741342249820874,0.7777777777777778,0.2222222222222222,1.4261632630408616,0.2779078844652615
IGHV3-43,H175,59,CDR2,AGT,4185,1534,146,0.36654719235364397,0.03488649940262843,0.8888888888888888,0.1111111111111111,0.9672062387843551,1.3133561643835616
IGHV3-43,H178,60,CDR2,GGG,4183,707,340,0.1690174515897681,0.08128137700215157,0.6666666666666666,0.3333333333333333,1.4449905771712916,1.039705882352941
IGHV3-43,H181,61,CDR2,GAT,4148,818,215,0.19720347155255544,0.051832208293153326,0.8888888888888888,0.1111111111111111,0.9421458665967667,0.47558139534883714
IGHV3-64D,H1,1,FR1,GAG,3175,118,149,0.03716535433070866,0.04692913385826772,0.875,0.125,0.6007651815035656,0.11313518696069029
IGHV3-64D,H4,2,FR1,GTG,3175,168,125,0.05291338582677165,0.03937007874015748,0.6666666666666666,0.3333333333333333,0.6347108400377233,0.6719999999999999
IGHV3-64D,H7,3,FR1,CAG,3175,306,360,0.09637795275590551,0.11338582677165354,0.875,0.125,2.1050765243095713,0.12142857142857143
IGHV3-64D,H10,4,FR1,CTG,3174,204,417,0.06427221172022685,0.13137996219281664,0.5555555555555556,0.4444444444444444,2.4506195025470903,0.3913669064748201
IGHV3-64D,H13,5,FR1,GTG,3174,114,86,0.035916824196597356,0.027095148078134845,0.6666666666666666,0.3333333333333333,0.5885892536219848,0.6627906976744187
IGHV3-64D,H16,6,FR1,GAG,3174,175,81,0.055135475740390676,0.02551984877126654,0.875,0.125,0.7137633724717759,0.30864197530864196
IGHV3-64D,H19,7,FR1,TCT,3175,26,121,0.008188976377952756,0.03811023622047244,0.6666666666666666,0.3333333333333333,0.6053748285113313,0.10743801652892564
IGHV3-64D,H25,9,FR1,GGG,3175,4,7,0.0012598425196850393,0.002204724409448819,0.6666666666666666,0.3333333333333333,0.3055043667639592,0.2857142857142857
IGHV3-64D,H28,10,FR1,GGA,3175,5,54,0.0015748031496062992,0.01700787401574803,0.625,0.375,0.4322504752688081,0.05555555555555555
IGHV3-64D,H31,11,FR1,GGC,3175,492,62,0.15496062992125983,0.01952755905511811,0.6666666666666666,0.3333333333333333,0.8211142557916857,3.9677419354838706
IGHV3-64D,H34,12,FR1,TTG,3175,120,124,0.03779527559055118,0.03905511811023622,0.75,0.25,0.6838295492789116,0.3225806451612903
IGHV3-64D,H37,13,FR1,GTC,3175,21,12,0.006614173228346456,0.003779527559055118,0.6666666666666666,0.3333333333333333,0.7622088942134256,0.8749999999999999
IGHV3-64D,H40,14,FR1,CAG,3175,67,14,0.02110236220472441,0.004409448818897638,0.875,0.125,0.24543970046572014,0.6836734693877551
IGHV3-64D,H43,15,FR1,CCT,3175,86,662,0.027086614173228347,0.208503937007874,0.6666666666666666,0.3333333333333333,1.9124329693472253,0.06495468277945621
IGHV3-64D,H46,16,FR1,GGG,3175,7,21,0.002204724409448819,0.006614173228346456,0.6666666666666666,0.3333333333333333,0.2717762135445229,0.16666666666666669
IGHV3-64D,H49,17,FR1,GGG,3175,65,28,0.02047244094488189,0.008818897637795276,0.6666666666666666,0.3333333333333333,0.19636240273659855,1.1607142857142858
IGHV3-64D,H52,18,FR1,TCC,3175,18,46,0.005669291338582677,0.014488188976377953,0.6666666666666666,0.3333333333333333,0.41795784838257327,0.1956521739130435
IGHV3-64D,H55,19,FR1,CTG,3175,18,256,0.005669291338582677,0.08062992125984252,0.5555555555555556,0.4444444444444444,0.6289659635544201,0.05625
IGHV3-64D,H58,20,FR1,AGA,3174,89,34,0.028040327662255827,0.010712035286704474,0.75,0.25,0.6709686863860952,0.872549019607843
IGHV3-64D,H61,21,FR1,CTC,3175,79,66,0.024881889763779527,0.02078740157480315,0.6666666666666666,0.3333333333333333,0.43185266952684104,0.5984848484848484
IGHV3-64D,H64,22,FR1,TCC,3175,38,146,0.011968503937007874,0.045984251968503934,0.6666666666666666,0.3333333333333333,0.7638459176589949,0.13013698630136988
IGHV3-64D,H67,23,FR1,TGT,3175,1,204,0.00031496062992125983,0.06425196850393701,0.875,0.125,0.6720091806444749,0.0007002801120448178
IGHV3-64D,H70,24,FR1,TCA,3174,223,58,0.0702583490863264,0.018273471959672338,0.5714285714285714,0.42857142857142855,0.32437795410857895,2.8836206896551726
IGHV3-64D,H73,25,FR1,GCC,3174,457,13,0.14398235664776307,0.004095778197857593,0.6666666666666666,0.3333333333333333,0.9872727688299467,17.576923076923077
IGHV3-64D,H115,39,FR2,TAT,3173,837,82,0.26378821304758904,0.025843050740624016,0.8571428571428571,0.14285714285714285,1.1125014410685132,1.7012195121951217
IGHV3-64D,H118,40,FR2,GCT,3173,1151,266,0.36274818783485663,0.08383233532934131,0.6666666666666666,0.3333333333333333,0.8973178462299866,2.1635338345864668
IGHV3-64D,H121,41,FR2,ATG,3173,402,0,0.12669398046013236,0.0,1.0,0.0,0.19709554669075924,
IGHV3-64D,H124,42,FR2,CAC,3173,426,95,0.1342578001890955,0.029940119760479042,0.8888888888888888,0.1111111111111111,1.5879584411384597,0.5605263157894737
IGHV3-64D,H127,43,FR2,TGG,3173,0,0,0.0,0.0,1.0,0.0,0.0,
IGHV3-64D,H130,44,FR2,GTC,3173,53,10,0.01670343523479357,0.003151591553734636,0.6666666666666666,0.3333333333333333,0.2851444185752991,2.65
IGHV3-64D,H133,45,FR2,CGC,3173,2,69,0.0006303183107469272,0.021745981720768987,0.6666666666666666,0.3333333333333333,0.8466764940974673,0.014492753623188404
IGHV3-64D,H136,46,FR2,CAG,3173,45,14,0.014182161991805862,0.00441222817522849,0.875,0.125,0.22035364112787412,0.4591836734693877
IGHV3-64D,H139,47,FR2,GCT,3172,196,85,0.0617906683480454,0.026796973518284993,0.6666666666666666,0.3333333333333333,0.2571225054699811,1.1529411764705881
IGHV3-64D,H142,48,FR2,CCA,3172,40,99,0.012610340479192938,0.03121059268600252,0.6666666666666666,0.3333333333333333,0.886511778582091,0.20202020202020204
IGHV3-64D,H145,49,FR2,GGG,3172,73,254,0.023013871374527112,0.08007566204287515,0.6666666666666666,0.3333333333333333,1.0128370991948805,0.1437007874015748
IGHV3-64D,H193,65,FR3,GGG,3173,138,486,0.043491963441537974,0.15316734951150332,0.6666666666666666,0.3333333333333333,1.153518485971717,0.1419753086419753
IGHV3-64D,H196,66,FR3,GGT,3172,1556,279,0.4905422446406053,0.08795712484237074,0.6666666666666666,0.3333333333333333,1.7627818451070218,2.7885304659498207
IGHV3-64D,H199,67,FR3,AGC,3173,1957,240,0.6167664670658682,0.07563819728963127,0.8888888888888888,0.1111111111111111,1.2848602162019904,1.0192708333333333
IGHV3-64D,H202,68,FR3,ACA,3173,471,139,0.14843996218090136,0.04380712259691144,0.6666666666666666,0.3333333333333333,1.1211252830009373,1.6942446043165467
IGHV3-64D,H205,69,FR3,TAC,3173,855,203,0.2694610778443114,0.06397730854081311,0.8571428571428571,0.14285714285714285,1.679360306546074,0.7019704433497538
IGHV3-64D,H208,70,FR3,TAC,3173,252,254,0.07942010715411282,0.08005042546485976,0.8571428571428571,0.14285714285714285,1.413520312644162,0.1653543307086614
IGHV3-64D,H211,71,FR3,GCA,3173,449,147,0.14150646076268517,0.04632839583989915,0.6666666666666666,0.3333333333333333,1.3674372563944346,1.5272108843537415
IGHV3-64D,H214,72,FR3,GAC,3173,231,54,0.07280176489127009,0.017018594390167036,0.8888888888888888,0.1111111111111111,0.49296793162165464,0.5347222222222222
IGHV3-64D,H217,73,FR3,TCC,3173,71,41,0.022376300031515917,0.012921525370312008,0.6666666666666666,0.3333333333333333,0.9297369212551664,0.8658536585365854
IGHV3-64D,H220,74,FR3,GTG,3173,191,53,0.06019539867633155,0.01670343523479357,0.6666666666666666,0.3333333333333333,0.6853225246326781,1.8018867924528306
IGHV3-64D,H223,75,FR3,AAG,3173,398,16,0.12543334383863852,0.005042546485975417,0.875,0.125,0.2765697205770885,3.553571428571429
IGHV3-64D,H226,76,FR3,GGC,3173,217,74,0.0683895367160416,0.023321777497636306,0.6666666666666666,0.3333333333333333,0.44309091105505094,1.4662162162162162
IGHV3-64D,H229,77,FR3,AGA,3173,63,79,0.019855026788528206,0.024897573274503624,0.75,0.25,1.4919544300137655,0.26582278481012656
IGHV3-64D,H232,78,FR3,TTC,3173,77,86,0.024267254963756698,0.027103687362117868,0.8888888888888888,0.1111111111111111,0.3035643948012537,0.1119186046511628
IGHV3-64D,H235,79,FR3,ACC,3173,364,99,0.11471793255594075,0.031200756381972897,0.6666666666666666,0.3333333333333333,0.5583444636077554,1.8383838383838382
IGHV3-64D,H238,80,FR3,ATC,3173,254,126,0.08005042546485976,0.03971005357705641,0.7777777777777778,0.2222222222222222,0.9073255344264464,0.5759637188208617
IGHV3-64D,H241,81,FR3,TCC,3174,64,60,0.020163831127914304,0.01890359168241966,0.6666666666666666,0.3333333333333333,0.8815366136937866,0.5333333333333333
IGHV3-64D,H244,82,FR3,AGA,3174,167,56,0.05261499684940139,0.017643352236925015,0.75,0.25,1.0809176809520256,0.9940476190476191
IGHV3-64D,H247,83,FR3,GAC,3174,42,7,0.013232514177693762,0.002205419029615627,0.8888888888888888,0.1111111111111111,0.17704693806179214,0.75
IGHV3-64D,H250,84,FR3,AAT,3174,354,266,0.11153119092627599,0.08380592312539382,0.8888888888888888,0.1111111111111111,0.9434815010981986,0.1663533834586466
IGHV3-64D,H253,85,FR3,TCC,3174,169,103,0.053245116572148705,0.03245116572148708,0.6666666666666666,0.3333333333333333,0.7096307691411985,0.820388349514563
IGHV3-64D,H256,86,FR3,AAG,3174,431,43,0.1357908002520479,0.013547574039067423,0.875,0.125,0.5057640313189151,1.4318936877076414
IGHV3-64D,H259,87,FR3,AAC,3174,426,211,0.1342155009451796,0.06647763074984248,0.8888888888888888,0.1111111111111111,1.629489667474064,0.25236966824644547
IGHV3-64D,H262,88,FR3,ACG,3174,337,655,0.10617517328292375,0.20636420919974796,0.6666666666666666,0.3333333333333333,2.61733779925298,0.25725190839694656
IGHV3-64D,H265,89,FR3,CTG,3174,383,632,0.12066792690611217,0.19911783238815375,0.5555555555555556,0.4444444444444444,1.904804380512833,0.48481012658227846
IGHV3-64D,H268,90,FR3,TAT,3174,616,31,0.19407687460617518,0.009766855702583491,0.8571428571428571,0.14285714285714285,0.6415974948648201,3.3118279569892475
IGHV3-64D,H271,91,FR3,CTT,3174,91,133,0.02867044738500315,0.04190296156269691,0.6666666666666666,0.3333333333333333,2.098469419942864,0.34210526315789475
IGHV3-64D,H274,92,FR3,CAA,3174,206,143,0.06490233144297416,0.04505356017643352,0.875,0.125,1.98571518078705,0.20579420579420582
IGHV3-64D,H277,93,FR3,ATG,3174,150,0,0.04725897920604915,0.0,1.0,0.0,1.3642590597323545,
IGHV3-64D,H280,94,FR3,AGC,3174,726,91,0.22873345935727787,0.02867044738500315,0.8888888888888888,0.1111111111111111,0.9960975619474636,0.9972527472527473
IGHV3-64D,H283,95,FR3,AGT,3175,261,20,0.08220472440944881,0.006299212598425197,0.8888888888888888,0.1111111111111111,0.8920817460724421,1.6312499999999999
IGHV3-64D,H286,96,FR3,CTG,3175,36,97,0.011338582677165355,0.030551181102362206,0.5555555555555556,0.4444444444444444,1.018902845805064,0.2969072164948453
IGHV3-64D,H289,97,FR3,AGA,3174,366,73,0.11531190926275993,0.022999369880277253,0.75,0.25,0.6159824435303038,1.671232876712329
IGHV3-64D,H292,98,FR3,GCT,3174,2071,62,0.652488972904852,0.019533711405166982,0.6666666666666666,0.3333333333333333,0.3183661317218087,16.701612903225804
IGHV3-64D,H295,99,FR3,GAG,3174,474,292,0.14933837429111532,0.09199747952110901,0.875,0.125,1.1886878770463047,0.23189823874755383
IGHV3-64D,H298,100,FR3,GAC,3174,4,72,0.001260239445494644,0.022684310018903593,0.8888888888888888,0.1111111111111111,0.2276380640658998,0.006944444444444444
IGHV3-64D,H301,101,FR3,ACG,3174,143,39,0.04505356017643352,0.012287334593572778,0.6666666666666666,0.3333333333333333,0.3005798017784466,1.8333333333333333
IGHV3-64D,H304,102,FR3,GCT,3174,115,114,0.036231884057971016,0.035916824196597356,0.6666666666666666,0.3333333333333333,0.2609036710393596,0.5043859649122806
IGHV3-64D,H307,103,FR3,GTG,3174,575,1228,0.18115942028985507,0.3868935097668557,0.6666666666666666,0.3333333333333333,5.757868269860768,0.23412052117263843
IGHV3-64D,H310,104,FR3,TAT,3175,45,165,0.014173228346456693,0.05196850393700787,0.8571428571428571,0.14285714285714285,1.0108823720549156,0.045454545454545456
IGHV3-64D,H313,105,FR3,TAC,3175,405,495,0.12755905511811025,0.15590551181102363,0.8571428571428571,0.14285714285714285,2.7456568003467035,0.13636363636363638
IGHV3-64D,H316,106,FR3,TGT,3175,1,30,0.00031496062992125983,0.009448818897637795,0.875,0.125,0.4528032287099792,0.0047619047619047615
IGHV3-64D,H319,107,FR3,GTG,3175,163,208,0.05133858267716535,0.06551181102362205,0.6666666666666666,0.3333333333333333,0.6107289702616664,0.391826923076923
IGHV3-64D,H322,108,FR3,AAA,3175,449,327,0.14141732283464567,0.10299212598425198,0.875,0.125,1.8974565902754919,0.1961555264307558
IGHV3-64D,H76,26,CDR1,TCT,3175,42,79,0.013228346456692913,0.024881889763779527,0.6666666666666666,0.3333333333333333,0.7818966506958093,0.2658227848101266
IGHV3-64D,H79,27,CDR1,GGA,3175,60,89,0.01889763779527559,0.028031496062992125,0.625,0.375,1.1894442632544764,0.40449438202247195
IGHV3-64D,H85,29,CDR1,TTC,3175,84,130,0.026456692913385826,0.04094488188976378,0.8888888888888888,0.1111111111111111,0.5806165228514444,0.08076923076923077
IGHV3-64D,H88,30,CDR1,ACC,3175,703,195,0.22141732283464566,0.06141732283464567,0.6666666666666666,0.3333333333333333,1.3159849148763998,1.8025641025641026
IGHV3-64D,H91,31,CDR1,TTC,3175,151,60,0.04755905511811023,0.01889763779527559,0.8888888888888888,0.1111111111111111,0.8452587148501042,0.31458333333333327
IGHV3-64D,H94,32,CDR1,AGT,3172,694,208,0.21878940731399749,0.06557377049180328,0.8888888888888888,0.1111111111111111,1.2948510988669473,0.41706730769230765
IGHV3-64D,H97,33,CDR1,AGC,3172,1946,604,0.6134930643127364,0.19041614123581338,0.8888888888888888,0.1111111111111111,2.158418664037679,0.4027317880794702
IGHV3-64D,H148,50,CDR2,AAG,3172,405,19,0.1276796973518285,0.005989911727616645,0.875,0.125,0.44186352535710793,3.0451127819548875
IGHV3-64D,H151,51,CDR2,GGA,3172,261,165,0.08228247162673392,0.05201765447667087,0.625,0.375,2.098631283458776,0.9490909090909091
IGHV3-64D,H154,52,CDR2,CTG,3173,89,176,0.02804916482823826,0.055468011345729595,0.5555555555555556,0.4444444444444444,0.5980846966957567,0.4045454545454545
IGHV3-64D,H157,53,CDR2,GAA,3173,472,170,0.14875512133627483,0.05357705641348881,0.875,0.125,0.8840286104259253,0.3966386554621849
IGHV3-64D,H160,54,CDR2,TAT,3173,543,176,0.17113142136779075,0.055468011345729595,0.8571428571428571,0.14285714285714285,0.0029991285693718363,0.5142045454545455
IGHV3-64D,H163,55,CDR2,GTT,3173,351,239,0.11062086353608572,0.0753230381342578,0.6666666666666666,0.3333333333333333,0.33067442796767565,0.7343096234309623
IGHV3-64D,H166,56,CDR2,TCA,3173,232,269,0.07311692404664355,0.0847778127954617,0.5714285714285714,0.42857142857142855,2.488091721052364,0.6468401486988847
IGHV3-64D,H169,57,CDR2,GCT,3173,1524,285,0.4803025527891585,0.08982035928143713,0.6666666666666666,0.3333333333333333,1.1697318590613741,2.673684210526315
IGHV3-64D,H172,58,CDR2,ATT,3173,259,331,0.08162622124172707,0.10431768042861646,0.7777777777777778,0.2222222222222222,1.4261632630408616,0.22356495468277937
IGHV3-64D,H175,59,CDR2,AGT,3171,1180,173,0.37212235887732575,0.05455692210659098,0.8888888888888888,0.1111111111111111,0.9672062387843551,0.8526011560693643
IGHV3-64D,H178,60,CDR2,AGT,3171,1884,113,0.5941343424787133,0.035635446231472724,0.8888888888888888,0.1111111111111111,1.4449905771712916,2.0840707964601766
IGHV3-64D,H181,61,CDR2,AAT,3133,1182,87,0.3772741781040536,0.02776891158633897,0.8888888888888888,0.1111111111111111,0.9421458665967667,1.6982758620689657
IGHV1-58,H1,1,FR1,CAA,2820,47,85,0.016666666666666666,0.030141843971631204,0.875,0.125,0.6007651815035656,0.07899159663865546
IGHV1-58,H4,2,FR1,ATG,2820,593,0,0.2102836879432624,0.0,1.0,0.0,0.6347108400377233,
IGHV1-58,H7,3,FR1,CAG,2820,348,251,0.12340425531914893,0.08900709219858156,0.875,0.125,2.1050765243095713,0.19806488332384747
IGHV1-58,H10,4,FR1,CTG,2820,409,285,0.1450354609929078,0.10106382978723404,0.5555555555555556,0.4444444444444444,2.4506195025470903,1.1480701754385965
IGHV1-58,H13,5,FR1,GTG,2820,201,133,0.07127659574468086,0.047163120567375885,0.6666666666666666,0.3333333333333333,0.5885892536219848,0.755639097744361
IGHV1-58,H16,6,FR1,CAG,2820,5,127,0.0017730496453900709,0.045035460992907804,0.875,0.125,0.7137633724717759,0.005624296962879639
IGHV1-58,H19,7,FR1,TCT,2820,8,36,0.0028368794326241137,0.01276595744680851,0.6666666666666666,0.3333333333333333,0.6053748285113313,0.11111111111111113
IGHV1-58,H25,9,FR1,GGG,2820,9,26,0.0031914893617021275,0.009219858156028368,0.6666666666666666,0.3333333333333333,0.3055043667639592,0.17307692307692307
IGHV1-58,H28,10,FR1,CCT,2820,23,56,0.008156028368794326,0.019858156028368795,0.6666666666666666,0.3333333333333333,0.4322504752688081,0.20535714285714282
IGHV1-58,H31,11,FR1,GAG,2820,16,14,0.005673758865248227,0.004964539007092199,0.875,0.125,0.8211142557916857,0.163265306122449
IGHV1-58,H34,12,FR1,GTG,2818,94,22,0.0333569907735983,0.007806955287437899,0.6666666666666666,0.3333333333333333,0.6838295492789116,2.1363636363636362
IGHV1-58,H37,13,FR1,AAG,2818,240,9,0.085166784953868,0.00319375443577005,0.875,0.125,0.7622088942134256,3.8095238095238093
IGHV1-58,H40,14,FR1,AAG,2818,405,30,0.14371894960965223,0.0106458481192335,0.875,0.125,0.24543970046572014,1.9285714285714284
IGHV1-58,H43,15,FR1,CCT,2818,57,109,0.020227111426543647,0.03867991483321505,0.6666666666666666,0.3333333333333333,1.9124329693472253,0.26146788990825687
IGHV1-58,H46,16,FR1,GGG,2818,10,22,0.0035486160397444995,0.007806955287437899,0.6666666666666666,0.3333333333333333,0.2717762135445229,0.22727272727272727
IGHV1-58,H49,17,FR1,ACC,2818,150,106,0.053229240596167494,0.03761533002129169,0.6666666666666666,0.3333333333333333,0.19636240273659855,0.7075471698113208
IGHV1-58,H52,18,FR1,TCA,2818,23,59,0.008161816891412349,0.020936834634492547,0.5714285714285714,0.42857142857142855,0.41795784838257327,0.2923728813559322
IGHV1-58,H55,19,FR1,GTG,2818,147,31,0.052164655784244146,0.01100070972320795,0.6666666666666666,0.3333333333333333,0.6289659635544201,2.3709677419354835
IGHV1-58,H58,20,FR1,AAG,2818,301,197,0.10681334279630944,0.06990773598296664,0.875,0.125,0.6709686863860952,0.21827411167512692
IGHV1-58,H61,21,FR1,GTC,2818,103,22,0.036550745209368345,0.007806955287437899,0.6666666666666666,0.3333333333333333,0.43185266952684104,2.340909090909091
IGHV1-58,H64,22,FR1,TCC,2818,44,29,0.015613910574875798,0.01029098651525905,0.6666666666666666,0.3333333333333333,0.7638459176589949,0.7586206896551724
IGHV1-58,H67,23,FR1,TGC,2818,0,157,0.0,0.05571327182398864,0.875,0.125,0.6720091806444749,0.0
IGHV1-58,H70,24,FR1,AAG,2818,368,16,0.13058907026259758,0.0056777856635912,0.875,0.125,0.32437795410857895,3.2857142857142856
IGHV1-58,H73,25,FR1,GCT,2818,589,334,0.20901348474095102,0.1185237757274663,0.6666666666666666,0.3333333333333333,0.9872727688299467,0.8817365269461076
IGHV1-58,H115,39,FR2,TCT,2817,123,198,0.043663471778487756,0.07028753993610223,0.6666666666666666,0.3333333333333333,1.1125014410685132,0.3106060606060606
IGHV1-58,H118,40,FR2,GCT,2816,463,72,0.16441761363636365,0.02556818181818182,0.6666666666666666,0.3333333333333333,0.8973178462299866,3.215277777777778
IGHV1-58,H121,41,FR2,GTG,2817,450,229,0.1597444089456869,0.08129215477458289,0.6666666666666666,0.3333333333333333,0.19709554669075924,0.982532751091703
IGHV1-58,H124,42,FR2,CAG,2817,154,89,0.054668086616968405,0.03159389421370252,0.875,0.125,1.5879584411384597,0.24719101123595505
IGHV1-58,H127,43,FR2,TGG,2819,0,0,0.0,0.0,1.0,0.0,0.0,
IGHV1-58,H130,44,FR2,GTG,2819,148,54,0.05250088683930472,0.01915572898190848,0.6666666666666666,0.3333333333333333,0.2851444185752991,1.3703703703703702
IGHV1-58,H133,45,FR2,CGA,2819,0,240,0.0,0.08513657325292658,0.5,0.5,0.8466764940974673,0.0
IGHV1-58,H136,46,FR2,CAG,2819,25,6,0.00886839304717985,0.002128414331323164,0.875,0.125,0.22035364112787412,0.5952380952380952
IGHV1-58,H139,47,FR2,GCT,2818,316,94,0.11213626685592619,0.0333569907735983,0.6666666666666666,0.3333333333333333,0.2571225054699811,1.680851063829787
IGHV1-58,H142,48,FR2,CGT,2818,75,93,0.026614620298083747,0.03300212916962385,0.6666666666666666,0.3333333333333333,0.886511778582091,0.4032258064516129
IGHV1-58,H145,49,FR2,GGA,2819,26,119,0.009223128769067045,0.04221355090457609,0.625,0.375,1.0128370991948805,0.13109243697478992
IGHV1-58,H193,65,FR3,AGT,2817,726,133,0.2577209797657082,0.047213347532836354,0.8888888888888888,0.1111111111111111,1.153518485971717,0.6823308270676691
IGHV1-58,H196,66,FR3,GGT,2818,518,294,0.18381831085876507,0.10432931156848829,0.6666666666666666,0.3333333333333333,1.7627818451070218,0.880952380952381
IGHV1-58,H199,67,FR3,AAC,2819,1205,113,0.4274565448740688,0.040085136573252925,0.8888888888888888,0.1111111111111111,1.2848602162019904,1.3329646017699117
IGHV1-58,H202,68,FR3,ACA,2819,308,96,0.10925860234125577,0.034054629301170626,0.6666666666666666,0.3333333333333333,1.1211252830009373,1.6041666666666667
IGHV1-58,H205,69,FR3,AAC,2818,911,146,0.32327892122072394,0.051809794180269694,0.8888888888888888,0.1111111111111111,1.679360306546074,0.7799657534246576
IGHV1-58,H208,70,FR3,TAC,2819,263,211,0.09329549485633203,0.07484923731819794,0.8571428571428571,0.14285714285714285,1.413520312644162,0.20774091627172195
IGHV1-58,H211,71,FR3,GCA,2819,171,128,0.060659808442710184,0.045406172401560835,0.6666666666666666,0.3333333333333333,1.3674372563944346,0.6679687500000001
IGHV1-58,H214,72,FR3,CAG,2819,303,31,0.1074849237318198,0.010996807378503014,0.875,0.125,0.49296793162165464,1.3963133640552998
IGHV1-58,H217,73,FR3,AAG,2819,848,128,0.30081589216034055,0.045406172401560835,0.875,0.125,0.9297369212551664,0.9464285714285716
IGHV1-58,H220,74,FR3,TTC,2819,210,192,0.07449450159631076,0.06810925860234125,0.8888888888888888,0.1111111111111111,0.6853225246326781,0.13671875000000003
IGHV1-58,H223,75,FR3,CAG,2819,359,284,0.12735012415750266,0.10074494501596311,0.875,0.125,0.2765697205770885,0.1805835010060362
IGHV1-58,H226,76,FR3,GAA,2819,803,139,0.2848527846754168,0.049308265342319975,0.875,0.125,0.44309091105505094,0.8252826310380266
IGHV1-58,H229,77,FR3,AGA,2819,55,95,0.019510464703795673,0.033699893579283435,0.75,0.25,1.4919544300137655,0.19298245614035087
IGHV1-58,H232,78,FR3,GTC,2819,318,35,0.1128059595601277,0.012415750266051791,0.6666666666666666,0.3333333333333333,0.3035643948012537,4.542857142857144
IGHV1-58,H235,79,FR3,ACC,2819,513,58,0.18197942532813055,0.020574671869457255,0.6666666666666666,0.3333333333333333,0.5583444636077554,4.422413793103448
IGHV1-58,H238,80,FR3,ATT,2819,482,268,0.17098261794962752,0.095069173465768,0.7777777777777778,0.2222222222222222,0.9073255344264464,0.5138592750533049
IGHV1-58,H241,81,FR3,ACC,2819,299,179,0.10606598084427102,0.06349769421780774,0.6666666666666666,0.3333333333333333,0.8815366136937866,0.8351955307262569
IGHV1-58,H244,82,FR3,AGG,2819,416,112,0.14757006030507272,0.039730400851365734,0.7777777777777778,0.2222222222222222,1.0809176809520256,1.0612244897959182
IGHV1-58,H247,83,FR3,GAC,2819,21,15,0.007449450159631075,0.005321035828307911,0.8888888888888888,0.1111111111111111,0.17704693806179214,0.175
IGHV1-58,H250,84,FR3,ATG,2818,615,0,0.21823988644428674,0.0,1.0,0.0,0.9434815010981986,
IGHV1-58,H253,85,FR3,TCC,2819,72,130,0.02554097197587797,0.04611564384533522,0.6666666666666666,0.3333333333333333,0.7096307691411985,0.27692307692307694
IGHV1-58,H256,86,FR3,ACA,2819,135,177,0.0478893224547712,0.06278822277403334,0.6666666666666666,0.3333333333333333,0.5057640313189151,0.3813559322033898
IGHV1-58,H259,87,FR3,AGC,2819,1234,232,0.43774388080879745,0.08229868747782902,0.8888888888888888,0.1111111111111111,1.629489667474064,0.6648706896551723
IGHV1-58,H262,88,FR3,ACA,2819,51,277,0.018091521816246896,0.09826179496275275,0.6666666666666666,0.3333333333333333,2.61733779925298,0.09205776173285198
IGHV1-58,H265,89,FR3,GCC,2819,724,68,0.2568286626463285,0.024122029088329194,0.6666666666666666,0.3333333333333333,1.904804380512833,5.323529411764706
IGHV1-58,H268,90,FR3,TAC,2820,158,179,0.05602836879432624,0.06347517730496453,0.8571428571428571,0.14285714285714285,0.6415974948648201,0.14711359404096835
IGHV1-58,H271,91,FR3,ATG,2820,223,0,0.07907801418439717,0.0,1.0,0.0,2.098469419942864,
IGHV1-58,H274,92,FR3,GAG,2820,179,534,0.06347517730496453,0.18936170212765957,0.875,0.125,1.98571518078705,0.047886570358480464
IGHV1-58,H277,93,FR3,CTG,2820,290,387,0.10283687943262411,0.1372340425531915,0.5555555555555556,0.4444444444444444,1.3642590597323545,0.5994832041343668
IGHV1-58,H280,94,FR3,AGC,2819,648,191,0.22986874778290173,0.06775452288045407,0.8888888888888888,0.1111111111111111,0.9960975619474636,0.4240837696335078
IGHV1-58,H283,95,FR3,AGC,2820,405,100,0.14361702127659576,0.03546099290780142,0.8888888888888888,0.1111111111111111,0.8920817460724421,0.50625
IGHV1-58,H286,96,FR3,CTG,2820,5,145,0.0017730496453900709,0.051418439716312055,0.5555555555555556,0.4444444444444444,1.018902845805064,0.027586206896551724
IGHV1-58,H289,97,FR3,AGA,2820,648,78,0.2297872340425532,0.027659574468085105,0.75,0.25,0.6159824435303038,2.7692307692307696
IGHV1-58,H292,98,FR3,TCC,2820,274,98,0.09716312056737589,0.03475177304964539,0.6666666666666666,0.3333333333333333,0.3183661317218087,1.3979591836734693
IGHV1-58,H295,99,FR3,GAG,2820,517,201,0.18333333333333332,0.07127659574468086,0.875,0.125,1.1886878770463047,0.3674484719260838
IGHV1-58,H298,100,FR3,GAC,2820,2,100,0.0007092198581560284,0.03546099290780142,0.8888888888888888,0.1111111111111111,0.2276380640658998,0.0025
IGHV1-58,H301,101,FR3,ACG,2820,65,14,0.02304964539007092,0.004964539007092199,0.6666666666666666,0.3333333333333333,0.3005798017784466,2.321428571428571
IGHV1-58,H304,102,FR3,GCC,2820,9,21,0.0031914893617021275,0.007446808510638298,0.6666666666666666,0.3333333333333333,0.2609036710393596,0.21428571428571425
IGHV1-58,H307,103,FR3,GTG,2820,473,855,0.1677304964539007,0.30319148936170215,0.6666666666666666,0.3333333333333333,5.757868269860768,0.2766081871345029
IGHV1-58,H310,104,FR3,TAT,2820,33,140,0.011702127659574468,0.04964539007092199,0.8571428571428571,0.14285714285714285,1.0108823720549156,0.039285714285714285
IGHV1-58,H313,105,FR3,TAC,2820,156,506,0.05531914893617021,0.1794326241134752,0.8571428571428571,0.14285714285714285,2.7456568003467035,0.05138339920948616
IGHV1-58,H316,106,FR3,TGT,2820,0,40,0.0,0.014184397163120567,0.875,0.125,0.4528032287099792,0.0
IGHV1-58,H319,107,FR3,GCG,2820,190,8,0.0673758865248227,0.0028368794326241137,0.6666666666666666,0.3333333333333333,0.6107289702616664,11.874999999999998
IGHV1-58,H322,108,FR3,GCA,2820,23,360,0.008156028368794326,0.1276595744680851,0.6666666666666666,0.3333333333333333,1.8974565902754919,0.03194444444444445
IGHV1-58,H76,26,CDR1,TCT,2818,71,52,0.025195173882185947,0.018452803406671398,0.6666666666666666,0.3333333333333333,0.7818966506958093,0.6826923076923076
IGHV1-58,H79,27,CDR1,GGA,2816,84,132,0.029829545454545456,0.046875,0.625,0.375,1.1894442632544764,0.38181818181818183
IGHV1-58,H85,29,CDR1,TTC,2815,299,14,0.10621669626998224,0.00497335701598579,0.8888888888888888,0.1111111111111111,0.5806165228514444,2.6696428571428577
IGHV1-58,H88,30,CDR1,ACC,2817,575,131,0.20411785587504438,0.04650337238196663,0.6666666666666666,0.3333333333333333,1.3159849148763998,2.1946564885496187
IGHV1-58,H91,31,CDR1,TTT,2816,180,197,0.06392045454545454,0.06995738636363637,0.8888888888888888,0.1111111111111111,0.8452587148501042,0.11421319796954314
IGHV1-58,H94,32,CDR1,ACT,2811,1757,98,0.6250444681607968,0.034863038064745645,0.6666666666666666,0.3333333333333333,1.2948510988669473,8.964285714285714
IGHV1-58,H97,33,CDR1,AGC,2811,1704,380,0.6061899679829242,0.1351832088224831,0.8888888888888888,0.1111111111111111,2.158418664037679,0.5605263157894737
IGHV1-58,H148,50,CDR2,CAA,2819,172,216,0.061014544164597374,0.07662291592763391,0.875,0.125,0.44186352535710793,0.11375661375661375
IGHV1-58,H151,51,CDR2,CGC,2819,519,117,0.1841078396594537,0.0415040794608017,0.6666666666666666,0.3333333333333333,2.098631283458776,2.217948717948718
IGHV1-58,H154,52,CDR2,CTT,2819,218,75,0.0773323873714083,0.026605179141539554,0.6666666666666666,0.3333333333333333,0.5980846966957567,1.4533333333333331
IGHV1-58,H157,53,CDR2,GAG,2819,33,62,0.011706278822277403,0.02199361475700603,0.875,0.125,0.8840286104259253,0.07603686635944701
IGHV1-58,H160,54,CDR2,TGG,2819,46,0,0.016317843206810925,0.0,1.0,0.0,0.0029991285693718363,
IGHV1-58,H163,55,CDR2,ATA,2819,317,203,0.11245122383824051,0.07201135154310039,0.7777777777777778,0.2222222222222222,0.33067442796767565,0.44616467276565797
IGHV1-58,H166,56,CDR2,GGA,2819,30,449,0.010642071656615822,0.15927633912735012,0.625,0.375,2.488091721052364,0.0400890868596882
IGHV1-58,H169,57,CDR2,TGG,2819,190,0,0.06739978715856687,0.0,1.0,0.0,1.1697318590613741,
IGHV1-58,H172,58,CDR2,ATC,2819,144,63,0.05108194395175594,0.022348350478893223,0.7777777777777778,0.2222222222222222,1.4261632630408616,0.6530612244897959
IGHV1-58,H175,59,CDR2,GTC,2812,583,16,0.207325746799431,0.005689900426742532,0.6666666666666666,0.3333333333333333,0.9672062387843551,18.218749999999996
IGHV1-58,H178,60,CDR2,GTT,2819,416,156,0.14757006030507272,0.05533877261440227,0.6666666666666666,0.3333333333333333,1.4449905771712916,1.3333333333333333
IGHV1-58,H181,61,CDR2,GGC,2797,408,40,0.14587057561673222,0.014301036825169824,0.6666666666666666,0.3333333333333333,0.9421458665967667,5.1000000000000005
IGHV2-70D,H1,1,FR1,CAG,2682,16,62,0.005965697240865026,0.023117076808351976,0.875,0.125,0.6007651815035656,0.03686635944700461
IGHV2-70D,H4,2,FR1,GTC,2682,26,15,0.009694258016405667,0.005592841163310962,0.6666666666666666,0.3333333333333333,0.6347108400377233,0.8666666666666666
IGHV2-70D,H7,3,FR1,ACC,2682,23,12,0.008575689783743476,0.0044742729306487695,0.6666666666666666,0.3333333333333333,2.1050765243095713,0.9583333333333335
IGHV2-70D,H10,4,FR1,TTG,2682,29,70,0.01081282624906786,0.02609992542878449,0.75,0.25,2.4506195025470903,0.13809523809523808
IGHV2-70D,H13,5,FR1,AAG,2682,517,42,0.19276659209545116,0.015659955257270694,0.875,0.125,0.5885892536219848,1.7585034013605443
IGHV2-70D,H16,6,FR1,GAG,2682,5,21,0.0018642803877703207,0.007829977628635347,0.875,0.125,0.7137633724717759,0.03401360544217687
IGHV2-70D,H19,7,FR1,TCT,2682,3,27,0.0011185682326621924,0.010067114093959731,0.6666666666666666,0.3333333333333333,0.6053748285113313,0.05555555555555556
IGHV2-70D,H25,9,FR1,GGT,2682,32,74,0.011931394481730051,0.027591349739000747,0.6666666666666666,0.3333333333333333,0.3055043667639592,0.2162162162162162
IGHV2-70D,H28,10,FR1,CCT,2682,3,51,0.0011185682326621924,0.01901565995525727,0.6666666666666666,0.3333333333333333,0.4322504752688081,0.029411764705882353
IGHV2-70D,H31,11,FR1,GCG,2682,107,111,0.039895600298284865,0.04138702460850112,0.6666666666666666,0.3333333333333333,0.8211142557916857,0.48198198198198205
IGHV2-70D,H34,12,FR1,CTG,2682,67,23,0.024981357196122298,0.008575689783743476,0.5555555555555556,0.4444444444444444,0.6838295492789116,2.3304347826086955
IGHV2-70D,H37,13,FR1,GTG,2682,47,53,0.017524235645041013,0.0197613721103654,0.6666666666666666,0.3333333333333333,0.7622088942134256,0.4433962264150943
IGHV2-70D,H40,14,FR1,AAA,2682,224,108,0.08351976137211037,0.040268456375838924,0.875,0.125,0.24543970046572014,0.29629629629629634
IGHV2-70D,H43,15,FR1,CCC,2682,114,13,0.042505592841163314,0.004847129008202834,0.6666666666666666,0.3333333333333333,1.9124329693472253,4.384615384615385
IGHV2-70D,H46,16,FR1,ACA,2682,46,23,0.01715137956748695,0.008575689783743476,0.6666666666666666,0.3333333333333333,0.2717762135445229,1.0
IGHV2-70D,H49,17,FR1,CAG,2682,97,5,0.03616703952274422,0.0018642803877703207,0.875,0.125,0.19636240273659855,2.7714285714285714
IGHV2-70D,H52,18,FR1,ACC,2682,103,36,0.038404175988068605,0.013422818791946308,0.6666666666666666,0.3333333333333333,0.41795784838257327,1.4305555555555554
IGHV2-70D,H55,19,FR1,CTC,2682,45,12,0.016778523489932886,0.0044742729306487695,0.6666666666666666,0.3333333333333333,0.6289659635544201,1.875
IGHV2-70D,H58,20,FR1,ACA,2682,74,53,0.027591349739000747,0.0197613721103654,0.6666666666666666,0.3333333333333333,0.6709686863860952,0.6981132075471699
IGHV2-70D,H61,21,FR1,CTG,2681,14,33,0.005221932114882507,0.012308839985080195,0.5555555555555556,0.4444444444444444,0.43185266952684104,0.33939393939393936
IGHV2-70D,H64,22,FR1,ACC,2681,19,67,0.007086907870197687,0.024990675121223424,0.6666666666666666,0.3333333333333333,0.7638459176589949,0.14179104477611942
IGHV2-70D,H67,23,FR1,TGC,2681,1,48,0.0003729951510630362,0.017903767251025736,0.875,0.125,0.6720091806444749,0.0029761904761904765
IGHV2-70D,H70,24,FR1,ACC,2681,227,34,0.08466989929130922,0.01268183513614323,0.6666666666666666,0.3333333333333333,0.32437795410857895,3.338235294117647
IGHV2-70D,H73,25,FR1,TTC,2681,297,18,0.11077955986572174,0.006713912719134651,0.8888888888888888,0.1111111111111111,0.9872727688299467,2.0625
IGHV2-70D,H115,39,FR2,ATG,2678,338,0,0.1262135922330097,0.0,1.0,0.0,1.1125014410685132,
IGHV2-70D,H118,40,FR2,CGT,2678,389,86,0.14525765496639284,0.03211351755041075,0.6666666666666666,0.3333333333333333,0.8973178462299866,2.2616279069767447
IGHV2-70D,H121,41,FR2,GTG,2678,116,73,0.043315907393577296,0.02725914861837192,0.6666666666666666,0.3333333333333333,0.19709554669075924,0.7945205479452055
IGHV2-70D,H124,42,FR2,AGC,2678,744,155,0.27781926811053026,0.0578790141896938,0.8888888888888888,0.1111111111111111,1.5879584411384597,0.6
IGHV2-70D,H127,43,FR2,TGG,2678,0,0,0.0,0.0,1.0,0.0,0.0,
IGHV2-70D,H130,44,FR2,ATC,2678,188,26,0.070201643017177,0.009708737864077669,0.7777777777777778,0.2222222222222222,0.2851444185752991,2.065934065934066
IGHV2-70D,H133,45,FR2,CGT,2678,1,42,0.0003734129947722181,0.01568334578043316,0.6666666666666666,0.3333333333333333,0.8466764940974673,0.011904761904761904
IGHV2-70D,H136,46,FR2,CAG,2678,10,4,0.0037341299477221808,0.0014936519790888724,0.875,0.125,0.22035364112787412,0.35714285714285715
IGHV2-70D,H139,47,FR2,CCC,2678,445,12,0.16616878267363705,0.004480955937266617,0.6666666666666666,0.3333333333333333,0.2571225054699811,18.541666666666668
IGHV2-70D,H142,48,FR2,CCA,2678,3,148,0.0011202389843166542,0.05526512322628827,0.6666666666666666,0.3333333333333333,0.886511778582091,0.010135135135135136
IGHV2-70D,H145,49,FR2,GGG,2678,5,13,0.0018670649738610904,0.0048543689320388345,0.6666666666666666,0.3333333333333333,1.0128370991948805,0.19230769230769232
IGHV2-70D,H193,65,FR3,GAT,2676,219,34,0.08183856502242152,0.012705530642750373,0.8888888888888888,0.1111111111111111,1.153518485971717,0.8051470588235294
IGHV2-70D,H196,66,FR3,GAT,2678,455,53,0.16990291262135923,0.019790888722927558,0.8888888888888888,0.1111111111111111,1.7627818451070218,1.0731132075471699
IGHV2-70D,H199,67,FR3,GAT,2678,636,36,0.2374906646751307,0.01344286781179985,0.8888888888888888,0.1111111111111111,1.2848602162019904,2.2083333333333335
IGHV2-70D,H202,68,FR3,AAA,2678,400,147,0.14936519790888722,0.05489171023151606,0.875,0.125,1.1211252830009373,0.3887269193391642
IGHV2-70D,H205,69,FR3,TTC,2678,379,282,0.14152352501867066,0.1053024645257655,0.8888888888888888,0.1111111111111111,1.679360306546074,0.1679964539007092
IGHV2-70D,H208,70,FR3,TAC,2678,65,149,0.024271844660194174,0.05563853622106049,0.8571428571428571,0.14285714285714285,1.413520312644162,0.07270693512304251
IGHV2-70D,H211,71,FR3,AGC,2678,529,538,0.19753547423450335,0.20089619118745333,0.8888888888888888,0.1111111111111111,1.3674372563944346,0.12290892193308547
IGHV2-70D,H214,72,FR3,ACA,2681,507,146,0.18910854158895934,0.054457292055203284,0.6666666666666666,0.3333333333333333,0.49296793162165464,1.7363013698630136
IGHV2-70D,H217,73,FR3,TCT,2681,164,33,0.061171204774337934,0.012308839985080195,0.6666666666666666,0.3333333333333333,0.9297369212551664,2.484848484848485
IGHV2-70D,H220,74,FR3,CTG,2681,20,187,0.007459903021260724,0.06975009324878777,0.5555555555555556,0.4444444444444444,0.6853225246326781,0.0855614973262032
IGHV2-70D,H223,75,FR3,AAG,2681,348,4,0.1298023125699366,0.0014919806042521448,0.875,0.125,0.2765697205770885,12.428571428571429
IGHV2-70D,H226,76,FR3,ACC,2681,248,168,0.09250279746363298,0.06266318537859007,0.6666666666666666,0.3333333333333333,0.44309091105505094,0.7380952380952382
IGHV2-70D,H229,77,FR3,AGG,2681,5,210,0.001864975755315181,0.0783289817232376,0.7777777777777778,0.2222222222222222,1.4919544300137655,0.006802721088435374
IGHV2-70D,H232,78,FR3,CTC,2682,38,18,0.014168530947054437,0.006711409395973154,0.6666666666666666,0.3333333333333333,0.3035643948012537,1.0555555555555556
IGHV2-70D,H235,79,FR3,ACC,2682,254,10,0.0947054436987323,0.0037285607755406414,0.6666666666666666,0.3333333333333333,0.5583444636077554,12.7
IGHV2-70D,H238,80,FR3,ATC,2682,79,48,0.029455630126771066,0.017897091722595078,0.7777777777777778,0.2222222222222222,0.9073255344264464,0.47023809523809523
IGHV2-70D,H241,81,FR3,TCC,2682,117,66,0.0436241610738255,0.024608501118568233,0.6666666666666666,0.3333333333333333,0.8815366136937866,0.8863636363636364
IGHV2-70D,H244,82,FR3,AAG,2682,131,8,0.0488441461595824,0.002982848620432513,0.875,0.125,1.0809176809520256,2.3392857142857144
IGHV2-70D,H247,83,FR3,GAC,2682,69,8,0.025727069351230425,0.002982848620432513,0.8888888888888888,0.1111111111111111,0.17704693806179214,1.078125
IGHV2-70D,H250,84,FR3,ACC,2682,68,131,0.02535421327367636,0.0488441461595824,0.6666666666666666,0.3333333333333333,0.9434815010981986,0.2595419847328244
IGHV2-70D,H253,85,FR3,TCC,2682,54,11,0.020134228187919462,0.004101416853094705,0.6666666666666666,0.3333333333333333,0.7096307691411985,2.4545454545454546
IGHV2-70D,H256,86,FR3,AAA,2682,174,118,0.06487695749440715,0.04399701715137957,0.875,0.125,0.5057640313189151,0.21065375302663436
IGHV2-70D,H259,87,FR3,AAC,2682,173,113,0.06450410141685309,0.04213273676360925,0.8888888888888888,0.1111111111111111,1.629489667474064,0.1913716814159292
IGHV2-70D,H262,88,FR3,CAG,2682,80,46,0.02982848620432513,0.01715137956748695,0.875,0.125,2.61733779925298,0.2484472049689441
IGHV2-70D,H265,89,FR3,GTG,2682,15,121,0.005592841163310962,0.045115585384041756,0.6666666666666666,0.3333333333333333,1.904804380512833,0.061983471074380174
IGHV2-70D,H268,90,FR3,GTC,2682,92,2,0.0343027591349739,0.0007457121551081282,0.6666666666666666,0.3333333333333333,0.6415974948648201,23.000000000000004
IGHV2-70D,H271,91,FR3,CTT,2682,12,351,0.0044742729306487695,0.13087248322147652,0.6666666666666666,0.3333333333333333,2.098469419942864,0.017094017094017092
IGHV2-70D,H274,92,FR3,ACA,2682,201,54,0.07494407158836688,0.020134228187919462,0.6666666666666666,0.3333333333333333,1.98571518078705,1.8611111111111112
IGHV2-70D,H277,93,FR3,ATG,2682,511,0,0.19052945563012677,0.0,1.0,0.0,1.3642590597323545,
IGHV2-70D,H280,94,FR3,ACC,2682,155,13,0.05779269202087994,0.004847129008202834,0.6666666666666666,0.3333333333333333,0.9960975619474636,5.961538461538462
IGHV2-70D,H283,95,FR3,AAC,2682,135,136,0.050335570469798654,0.05070842654735272,0.8888888888888888,0.1111111111111111,0.8920817460724421,0.12408088235294118
IGHV2-70D,H286,96,FR3,ATG,2682,171,0,0.06375838926174497,0.0,1.0,0.0,1.018902845805064,
IGHV2-70D,H289,97,FR3,GAC,2682,140,11,0.05219985085756898,0.004101416853094705,0.8888888888888888,0.1111111111111111,0.6159824435303038,1.590909090909091
IGHV2-70D,H292,98,FR3,CCT,2682,88,193,0.03281133482475764,0.07196122296793438,0.6666666666666666,0.3333333333333333,0.3183661317218087,0.22797927461139897
IGHV2-70D,H295,99,FR3,GTG,2682,310,117,0.11558538404175989,0.0436241610738255,0.6666666666666666,0.3333333333333333,1.1886878770463047,1.324786324786325
IGHV2-70D,H298,100,FR3,GAC,2682,2,10,0.0007457121551081282,0.0037285607755406414,0.8888888888888888,0.1111111111111111,0.2276380640658998,0.024999999999999998
IGHV2-70D,H301,101,FR3,ACA,2682,50,46,0.018642803877703208,0.01715137956748695,0.6666666666666666,0.3333333333333333,0.3005798017784466,0.5434782608695652
IGHV2-70D,H304,102,FR3,GCC,2682,499,3,0.186055182699478,0.0011185682326621924,0.6666666666666666,0.3333333333333333,0.2609036710393596,83.16666666666667
IGHV2-70D,H307,103,FR3,ACG,2682,85,885,0.03169276659209545,0.32997762863534674,0.6666666666666666,0.3333333333333333,5.757868269860768,0.0480225988700565
IGHV2-70D,H310,104,FR3,TAT,2682,8,120,0.002982848620432513,0.0447427293064877,0.8571428571428571,0.14285714285714285,1.0108823720549156,0.011111111111111108
IGHV2-70D,H313,105,FR3,TAC,2682,234,348,0.087248322147651,0.1297539149888143,0.8571428571428571,0.14285714285714285,2.7456568003467035,0.11206896551724138
IGHV2-70D,H316,106,FR3,TGT,2682,0,13,0.0,0.004847129008202834,0.875,0.125,0.4528032287099792,0.0
IGHV2-70D,H319,107,FR3,GCA,2682,160,162,0.05965697240865026,0.06040268456375839,0.6666666666666666,0.3333333333333333,0.6107289702616664,0.4938271604938272
IGHV2-70D,H322,108,FR3,CGG,2682,112,222,0.041759880686055184,0.08277404921700224,0.5555555555555556,0.4444444444444444,1.8974565902754919,0.4036036036036036
IGHV2-70D,H76,26,CDR1,TCT,2679,18,66,0.006718924972004479,0.02463605823068309,0.6666666666666666,0.3333333333333333,0.7818966506958093,0.13636363636363635
IGHV2-70D,H79,27,CDR1,GGG,2679,2,548,0.0007465472191116088,0.2045539380365808,0.6666666666666666,0.3333333333333333,1.1894442632544764,0.0018248175182481751
IGHV2-70D,H85,29,CDR1,TTC,2679,71,97,0.026502426278462114,0.036207540126913025,0.8888888888888888,0.1111111111111111,0.5806165228514444,0.09149484536082475
IGHV2-70D,H88,30,CDR1,TCA,2681,57,97,0.02126072361059306,0.03618052965311451,0.5714285714285714,0.42857142857142855,1.3159849148763998,0.44072164948453607
IGHV2-70D,H91,31,CDR1,CTC,2681,164,105,0.061171204774337934,0.0391644908616188,0.6666666666666666,0.3333333333333333,0.8452587148501042,0.780952380952381
IGHV2-70D,H94,32,CDR1,AGC,2677,831,222,0.3104221143070601,0.08292865147553231,0.8888888888888888,0.1111111111111111,1.2948510988669473,0.46790540540540543
IGHV2-70D,H97,33,CDR1,ACT,2680,313,217,0.1167910447761194,0.08097014925373135,0.6666666666666666,0.3333333333333333,2.158418664037679,0.7211981566820276
IGHV2-70D,H100,34,CDR1,AGT,2677,1328,61,0.4960776989166978,0.022786701531565184,0.8888888888888888,0.1111111111111111,0.8178357375146844,2.721311475409836
IGHV2-70D,H112,38,CDR1,GGA,2677,580,93,0.21666044079193125,0.03474038102353381,0.625,0.375,0.9200031724633807,3.7419354838709675
IGHV2-70D,H148,50,CDR2,AAG,2678,78,1,0.02912621359223301,0.0003734129947722181,0.875,0.125,0.44186352535710793,11.142857142857142
IGHV2-70D,H151,51,CDR2,GCC,2678,31,0,0.01157580283793876,0.0,0.6666666666666666,0.3333333333333333,2.098631283458776,31.0
IGHV2-70D,H154,52,CDR2,CTG,2678,36,109,0.01344286781179985,0.04070201643017177,0.5555555555555556,0.4444444444444444,0.5980846966957567,0.2642201834862385
IGHV2-70D,H157,53,CDR2,GAG,2678,5,86,0.0018670649738610904,0.03211351755041075,0.875,0.125,0.8840286104259253,0.008305647840531562
IGHV2-70D,H160,54,CDR2,TGG,2678,102,0,0.038088125466766244,0.0,1.0,0.0,0.0029991285693718363,
IGHV2-70D,H163,55,CDR2,CTT,2678,2,46,0.0007468259895444362,0.01717699775952203,0.6666666666666666,0.3333333333333333,0.33067442796767565,0.021739130434782608
IGHV2-70D,H166,56,CDR2,GCA,2678,31,76,0.01157580283793876,0.028379387602688575,0.6666666666666666,0.3333333333333333,2.488091721052364,0.2039473684210526
IGHV2-70D,H169,57,CDR2,CGC,2678,81,89,0.030246452576549662,0.03323375653472741,0.6666666666666666,0.3333333333333333,1.1697318590613741,0.45505617977528084
IGHV2-70D,H172,58,CDR2,ATT,2678,56,57,0.020911127707244213,0.02128454070201643,0.7777777777777778,0.2222222222222222,1.4261632630408616,0.2807017543859649
IGHV2-70D,H175,59,CDR2,GAT,2678,42,118,0.01568334578043316,0.044062733383121735,0.8888888888888888,0.1111111111111111,0.9672062387843551,0.04449152542372882
IGHV2-70D,H178,60,CDR2,TGG,2677,94,0,0.035113933507657825,0.0,1.0,0.0,1.4449905771712916,
IGHV3-20,H1,1,FR1,GAG,2541,127,113,0.049980322707595434,0.0444706808343172,0.875,0.125,0.6007651815035656,0.16055625790139066
IGHV3-20,H4,2,FR1,GTG,2541,252,57,0.09917355371900827,0.02243211334120425,0.6666666666666666,0.3333333333333333,0.6347108400377233,2.210526315789474
IGHV3-20,H7,3,FR1,CAG,2541,260,349,0.10232192050373869,0.1373475009838646,0.875,0.125,2.1050765243095713,0.10642652476463366
IGHV3-20,H10,4,FR1,CTG,2541,68,345,0.02676111767020858,0.1357733175914994,0.5555555555555556,0.4444444444444444,2.4506195025470903,0.15768115942028985
IGHV3-20,H13,5,FR1,GTG,2541,132,16,0.05194805194805195,0.006296733569460842,0.6666666666666666,0.3333333333333333,0.5885892536219848,4.125000000000001
IGHV3-20,H16,6,FR1,GAG,2541,58,193,0.022825659189295553,0.0759543486816214,0.875,0.125,0.7137633724717759,0.042931162102146564
IGHV3-20,H19,7,FR1,TCT,2541,19,199,0.00747737111373475,0.07831562377016922,0.6666666666666666,0.3333333333333333,0.6053748285113313,0.04773869346733669
IGHV3-20,H25,9,FR1,GGG,2541,7,74,0.0027548209366391185,0.029122392758756395,0.6666666666666666,0.3333333333333333,0.3055043667639592,0.0472972972972973
IGHV3-20,H28,10,FR1,GGA,2541,7,32,0.0027548209366391185,0.012593467138921684,0.625,0.375,0.4322504752688081,0.13125000000000003
IGHV3-20,H31,11,FR1,GGT,2541,453,119,0.1782762691853601,0.046831955922865015,0.6666666666666666,0.3333333333333333,0.8211142557916857,1.9033613445378152
IGHV3-20,H34,12,FR1,GTG,2541,220,92,0.08658008658008658,0.03620621802439984,0.6666666666666666,0.3333333333333333,0.6838295492789116,1.1956521739130435
IGHV3-20,H37,13,FR1,GTA,2541,487,428,0.19165682802046438,0.16843762298307752,0.6666666666666666,0.3333333333333333,0.7622088942134256,0.5689252336448598
IGHV3-20,H40,14,FR1,CGG,2541,107,117,0.04210940574576938,0.04604486422668241,0.5555555555555556,0.4444444444444444,0.24543970046572014,0.7316239316239316
IGHV3-20,H43,15,FR1,CCT,2541,12,885,0.004722550177095631,0.3482880755608028,0.6666666666666666,0.3333333333333333,1.9124329693472253,0.006779661016949153
IGHV3-20,H46,16,FR1,GGG,2537,3,30,0.0011824990145841545,0.011824990145841546,0.6666666666666666,0.3333333333333333,0.2717762135445229,0.049999999999999996
IGHV3-20,H49,17,FR1,GGG,2537,131,10,0.05163579030350808,0.003941663381947182,0.6666666666666666,0.3333333333333333,0.19636240273659855,6.55
IGHV3-20,H52,18,FR1,TCC,2537,10,85,0.003941663381947182,0.033504138746551046,0.6666666666666666,0.3333333333333333,0.41795784838257327,0.058823529411764705
IGHV3-20,H55,19,FR1,CTG,2537,67,94,0.02640914465904612,0.03705163579030351,0.5555555555555556,0.4444444444444444,0.6289659635544201,0.5702127659574469
IGHV3-20,H58,20,FR1,AGA,2537,52,107,0.020496649586125345,0.04217579818683485,0.75,0.25,0.6709686863860952,0.16199376947040497
IGHV3-20,H61,21,FR1,CTC,2537,48,42,0.01891998423334647,0.016554986204178165,0.6666666666666666,0.3333333333333333,0.43185266952684104,0.5714285714285714
IGHV3-20,H64,22,FR1,TCC,2541,55,116,0.021645021645021644,0.045651318378591106,0.6666666666666666,0.3333333333333333,0.7638459176589949,0.23706896551724135
IGHV3-20,H67,23,FR1,TGT,2541,1,65,0.0003935458480913026,0.02558048012593467,0.875,0.125,0.6720091806444749,0.002197802197802198
IGHV3-20,H70,24,FR1,GCA,2541,601,79,0.23652105470287288,0.03109012199921291,0.6666666666666666,0.3333333333333333,0.32437795410857895,3.8037974683544302
IGHV3-20,H73,25,FR1,GCC,2541,334,59,0.1314443132624951,0.023219205037386857,0.6666666666666666,0.3333333333333333,0.9872727688299467,2.8305084745762707
IGHV3-20,H115,39,FR2,TAT,2537,542,94,0.21363815530153724,0.03705163579030351,0.8571428571428571,0.14285714285714285,1.1125014410685132,0.9609929078014182
IGHV3-20,H118,40,FR2,GGC,2537,315,78,0.12416239653133622,0.030744974379188016,0.6666666666666666,0.3333333333333333,0.8973178462299866,2.0192307692307696
IGHV3-20,H121,41,FR2,ATG,2537,157,0,0.061884115096570755,0.0,1.0,0.0,0.19709554669075924,
IGHV3-20,H124,42,FR2,AGC,2533,752,541,0.29688116857481245,0.21358073430714566,0.8888888888888888,0.1111111111111111,1.5879584411384597,0.17375231053604437
IGHV3-20,H127,43,FR2,TGG,2533,1,0,0.00039478878799842083,0.0,1.0,0.0,0.0,
IGHV3-20,H130,44,FR2,GTC,2526,68,9,0.026920031670625493,0.0035629453681710215,0.6666666666666666,0.3333333333333333,0.2851444185752991,3.7777777777777772
IGHV3-20,H133,45,FR2,CGC,2526,0,57,0.0,0.022565320665083134,0.6666666666666666,0.3333333333333333,0.8466764940974673,0.0
IGHV3-20,H136,46,FR2,CAA,2526,111,119,0.043942992874109264,0.047110055423594616,0.875,0.125,0.22035364112787412,0.1332533013205282
IGHV3-20,H139,47,FR2,GCT,2530,1122,61,0.4434782608695652,0.024110671936758893,0.6666666666666666,0.3333333333333333,0.2571225054699811,9.19672131147541
IGHV3-20,H142,48,FR2,CCA,2530,56,126,0.022134387351778657,0.04980237154150197,0.6666666666666666,0.3333333333333333,0.886511778582091,0.22222222222222224
IGHV3-20,H145,49,FR2,GGG,2530,19,167,0.007509881422924901,0.06600790513833991,0.6666666666666666,0.3333333333333333,1.0128370991948805,0.056886227544910184
IGHV3-20,H193,65,FR3,GGT,2526,197,472,0.0779889152810768,0.1868566904196358,0.6666666666666666,0.3333333333333333,1.153518485971717,0.2086864406779661
IGHV3-20,H196,66,FR3,GGT,2528,1065,250,0.4212816455696203,0.09889240506329114,0.6666666666666666,0.3333333333333333,1.7627818451070218,2.13
IGHV3-20,H199,67,FR3,AGC,2530,1235,471,0.4881422924901186,0.18616600790513835,0.8888888888888888,0.1111111111111111,1.2848602162019904,0.32776008492569003
IGHV3-20,H202,68,FR3,ACA,2530,679,36,0.2683794466403162,0.014229249011857707,0.6666666666666666,0.3333333333333333,1.1211252830009373,9.430555555555557
IGHV3-20,H205,69,FR3,GGT,2530,864,288,0.341501976284585,0.11383399209486166,0.6666666666666666,0.3333333333333333,1.679360306546074,1.5000000000000002
IGHV3-20,H208,70,FR3,TAT,2530,74,291,0.02924901185770751,0.1150197628458498,0.8571428571428571,0.14285714285714285,1.413520312644162,0.04238258877434135
IGHV3-20,H211,71,FR3,GCA,2530,474,79,0.18735177865612648,0.031225296442687747,0.6666666666666666,0.3333333333333333,1.3674372563944346,3.0
IGHV3-20,H214,72,FR3,GAC,2530,201,41,0.07944664031620553,0.016205533596837945,0.8888888888888888,0.1111111111111111,0.49296793162165464,0.6128048780487804
IGHV3-20,H217,73,FR3,TCT,2530,196,84,0.0774703557312253,0.03320158102766799,0.6666666666666666,0.3333333333333333,0.9297369212551664,1.1666666666666665
IGHV3-20,H220,74,FR3,GTG,2530,63,56,0.024901185770750987,0.022134387351778657,0.6666666666666666,0.3333333333333333,0.6853225246326781,0.5625
IGHV3-20,H223,75,FR3,AAG,2530,394,0,0.15573122529644268,0.0,0.875,0.125,0.2765697205770885,112.57142857142856
IGHV3-20,H226,76,FR3,GGC,2530,62,76,0.02450592885375494,0.030039525691699605,0.6666666666666666,0.3333333333333333,0.44309091105505094,0.4078947368421053
IGHV3-20,H229,77,FR3,CGA,2530,0,184,0.0,0.07272727272727272,0.5,0.5,1.4919544300137655,0.0
IGHV3-20,H232,78,FR3,TTC,2530,65,34,0.025691699604743084,0.013438735177865613,0.8888888888888888,0.1111111111111111,0.3035643948012537,0.23897058823529413
IGHV3-20,H235,79,FR3,ACC,2530,239,27,0.09446640316205533,0.010671936758893281,0.6666666666666666,0.3333333333333333,0.5583444636077554,4.425925925925925
IGHV3-20,H238,80,FR3,ATC,2530,213,235,0.0841897233201581,0.09288537549407115,0.7777777777777778,0.2222222222222222,0.9073255344264464,0.25896656534954404
IGHV3-20,H241,81,FR3,TCC,2530,170,45,0.06719367588932806,0.017786561264822136,0.6666666666666666,0.3333333333333333,0.8815366136937866,1.8888888888888886
IGHV3-20,H244,82,FR3,AGA,2534,53,70,0.020915548539857932,0.027624309392265192,0.75,0.25,1.0809176809520256,0.2523809523809524
IGHV3-20,H247,83,FR3,GAC,2534,25,23,0.009865824782951855,0.009076558800315706,0.8888888888888888,0.1111111111111111,0.17704693806179214,0.1358695652173913
IGHV3-20,H250,84,FR3,AAC,2529,165,56,0.06524317912218268,0.022143139580862,0.8888888888888888,0.1111111111111111,0.9434815010981986,0.36830357142857145
IGHV3-20,H253,85,FR3,GCC,2529,270,5,0.10676156583629894,0.0019770660340055358,0.6666666666666666,0.3333333333333333,0.7096307691411985,27.0
IGHV3-20,H256,86,FR3,AAG,2534,354,32,0.13970007892659828,0.012628255722178374,0.875,0.125,0.5057640313189151,1.580357142857143
IGHV3-20,H259,87,FR3,AAC,2534,523,182,0.2063930544593528,0.0718232044198895,0.8888888888888888,0.1111111111111111,1.629489667474064,0.35920329670329676
IGHV3-20,H262,88,FR3,TCC,2534,326,80,0.1286503551696922,0.03157063930544594,0.6666666666666666,0.3333333333333333,2.61733779925298,2.0375
IGHV3-20,H265,89,FR3,CTG,2534,267,425,0.1053670086819258,0.16771902131018154,0.5555555555555556,0.4444444444444444,1.904804380512833,0.5025882352941176
IGHV3-20,H268,90,FR3,TAT,2534,405,34,0.15982636148382004,0.013417521704814523,0.8571428571428571,0.14285714285714285,0.6415974948648201,1.9852941176470589
IGHV3-20,H271,91,FR3,CTG,2534,14,616,0.0055248618784530384,0.2430939226519337,0.5555555555555556,0.4444444444444444,2.098469419942864,0.01818181818181818
IGHV3-20,H274,92,FR3,CAA,2534,360,198,0.1420678768745067,0.07813733228097869,0.875,0.125,1.98571518078705,0.2597402597402597
IGHV3-20,H277,93,FR3,ATG,2534,89,0,0.0351223362273086,0.0,1.0,0.0,1.3642590597323545,
IGHV3-20,H280,94,FR3,AAC,2541,392,61,0.15426997245179064,0.024006296733569462,0.8888888888888888,0.1111111111111111,0.9960975619474636,0.8032786885245902
IGHV3-20,H283,95,FR3,AGT,2541,314,46,0.12357339630066903,0.01810310901219992,0.8888888888888888,0.1111111111111111,0.8920817460724421,0.8532608695652174
IGHV3-20,H286,96,FR3,CTG,2541,18,173,0.0070838252656434475,0.06808343171979536,0.5555555555555556,0.4444444444444444,1.018902845805064,0.08323699421965315
IGHV3-20,H289,97,FR3,AGA,2541,240,98,0.09445100354191263,0.03856749311294766,0.75,0.25,0.6159824435303038,0.8163265306122449
IGHV3-20,H292,98,FR3,GCC,2541,589,7,0.23179850452577724,0.0027548209366391185,0.6666666666666666,0.3333333333333333,0.3183661317218087,42.07142857142857
IGHV3-20,H295,99,FR3,GAG,2541,277,174,0.10901219992129083,0.06847697756788666,0.875,0.125,1.1886878770463047,0.22742200328407222
IGHV3-20,H298,100,FR3,GAC,2541,4,97,0.0015741833923652105,0.03817394726485636,0.8888888888888888,0.1111111111111111,0.2276380640658998,0.005154639175257731
IGHV3-20,H301,101,FR3,ACG,2541,74,13,0.029122392758756395,0.005116096025186935,0.6666666666666666,0.3333333333333333,0.3005798017784466,2.846153846153846
IGHV3-20,H304,102,FR3,GCC,2541,111,18,0.043683589138134596,0.0070838252656434475,0.6666666666666666,0.3333333333333333,0.2609036710393596,3.0833333333333335
IGHV3-20,H307,103,FR3,TTG,2541,672,527,0.2644628099173554,0.2073986619441165,0.75,0.25,5.757868269860768,0.4250474383301708
IGHV3-20,H310,104,FR3,TAT,2541,23,58,0.00905155450609996,0.022825659189295553,0.8571428571428571,0.14285714285714285,1.0108823720549156,0.0660919540229885
IGHV3-20,H313,105,FR3,TAC,2541,231,271,0.09090909090909091,0.10665092483274302,0.8571428571428571,0.14285714285714285,2.7456568003467035,0.14206642066420663
IGHV3-20,H316,106,FR3,TGT,2541,1,66,0.0003935458480913026,0.025974025974025976,0.875,0.125,0.4528032287099792,0.0021645021645021645
IGHV3-20,H319,107,FR3,GCG,2541,375,80,0.14757969303423848,0.03148366784730421,0.6666666666666666,0.3333333333333333,0.6107289702616664,2.3437499999999996
IGHV3-20,H322,108,FR3,AGA,2541,95,275,0.03738685556867375,0.10822510822510822,0.75,0.25,1.8974565902754919,0.11515151515151516
IGHV3-20,H76,26,CDR1,TCT,2541,35,289,0.013774104683195593,0.11373475009838646,0.6666666666666666,0.3333333333333333,0.7818966506958093,0.06055363321799308
IGHV3-20,H79,27,CDR1,GGA,2541,33,70,0.012987012987012988,0.027548209366391185,0.625,0.375,1.1894442632544764,0.28285714285714286
IGHV3-20,H85,29,CDR1,TTC,2541,125,27,0.04919323101141283,0.010625737898465172,0.8888888888888888,0.1111111111111111,0.5806165228514444,0.5787037037037037
IGHV3-20,H88,30,CDR1,ACC,2538,1030,209,0.40583136327817176,0.08234830575256107,0.6666666666666666,0.3333333333333333,1.3159849148763998,2.464114832535885
IGHV3-20,H91,31,CDR1,TTT,2538,132,73,0.05200945626477541,0.02876280535855004,0.8888888888888888,0.1111111111111111,0.8452587148501042,0.226027397260274
IGHV3-20,H94,32,CDR1,GAT,2538,789,112,0.3108747044917258,0.04412923561859732,0.8888888888888888,0.1111111111111111,1.2948510988669473,0.8805803571428572
IGHV3-20,H97,33,CDR1,GAT,2537,433,176,0.17067402443831298,0.06937327552227039,0.8888888888888888,0.1111111111111111,2.158418664037679,0.3075284090909091
IGHV3-20,H148,50,CDR2,AAG,2530,85,8,0.03359683794466403,0.0031620553359683794,0.875,0.125,0.44186352535710793,1.5178571428571428
IGHV3-20,H151,51,CDR2,GGG,2530,26,285,0.010276679841897233,0.11264822134387352,0.6666666666666666,0.3333333333333333,2.098631283458776,0.0456140350877193
IGHV3-20,H154,52,CDR2,CTG,2530,23,63,0.00909090909090909,0.024901185770750987,0.5555555555555556,0.4444444444444444,0.5980846966957567,0.2920634920634921
IGHV3-20,H157,53,CDR2,GAG,2530,185,59,0.07312252964426877,0.0233201581027668,0.875,0.125,0.8840286104259253,0.4479418886198547
IGHV3-20,H160,54,CDR2,TGG,2530,20,0,0.007905138339920948,0.0,1.0,0.0,0.0029991285693718363,
IGHV3-20,H163,55,CDR2,GTC,2530,54,65,0.021343873517786563,0.025691699604743084,0.6666666666666666,0.3333333333333333,0.33067442796767565,0.4153846153846154
IGHV3-20,H166,56,CDR2,TCT,2530,482,162,0.19051383399209487,0.06403162055335969,0.6666666666666666,0.3333333333333333,2.488091721052364,1.4876543209876543
IGHV3-20,H169,57,CDR2,GGT,2528,464,426,0.18354430379746836,0.1685126582278481,0.6666666666666666,0.3333333333333333,1.1697318590613741,0.5446009389671361
IGHV3-20,H172,58,CDR2,ATT,2528,475,327,0.18789556962025317,0.1293512658227848,0.7777777777777778,0.2222222222222222,1.4261632630408616,0.4150283966797728
IGHV3-20,H175,59,CDR2,AAT,2526,605,138,0.23950910530482977,0.05463182897862233,0.8888888888888888,0.1111111111111111,0.9672062387843551,0.5480072463768116
IGHV3-20,H178,60,CDR2,TGG,2526,229,0,0.09065716547901821,0.0,1.0,0.0,1.4449905771712916,
IGHV3-20,H181,61,CDR2,AAT,2500,558,149,0.2232,0.0596,0.8888888888888888,0.1111111111111111,0.9421458665967667,0.46812080536912754
IGHV3-64,H1,1,FR1,GAG,2122,114,64,0.05372290292177191,0.030160226201696512,0.875,0.125,0.6007651815035656,0.2544642857142857
IGHV3-64,H4,2,FR1,GTG,2122,128,123,0.060320452403393024,0.05796418473138549,0.6666666666666666,0.3333333333333333,0.6347108400377233,0.5203252032520325
IGHV3-64,H7,3,FR1,CAG,2122,208,282,0.09802073515551367,0.13289349670122527,0.875,0.125,2.1050765243095713,0.10536980749746706
IGHV3-64,H10,4,FR1,CTG,2122,39,312,0.018378887841658812,0.1470311027332705,0.5555555555555556,0.4444444444444444,2.4506195025470903,0.1
IGHV3-64,H13,5,FR1,GTG,2122,92,11,0.043355325164938736,0.0051837888784165885,0.6666666666666666,0.3333333333333333,0.5885892536219848,4.181818181818182
IGHV3-64,H16,6,FR1,GAG,2122,73,115,0.03440150801131008,0.05419415645617342,0.875,0.125,0.7137633724717759,0.0906832298136646
IGHV3-64,H19,7,FR1,TCT,2122,6,59,0.002827521206409048,0.027803958529688973,0.6666666666666666,0.3333333333333333,0.6053748285113313,0.05084745762711865
IGHV3-64,H25,9,FR1,GGG,2122,4,7,0.001885014137606032,0.003298774740810556,0.6666666666666666,0.3333333333333333,0.3055043667639592,0.28571428571428575
IGHV3-64,H28,10,FR1,GGA,2122,39,55,0.018378887841658812,0.025918944392082942,0.625,0.375,0.4322504752688081,0.4254545454545454
IGHV3-64,H31,11,FR1,GGC,2122,217,20,0.10226201696512724,0.00942507068803016,0.6666666666666666,0.3333333333333333,0.8211142557916857,5.425000000000001
IGHV3-64,H34,12,FR1,TTG,2122,69,91,0.032516493873704054,0.04288407163053723,0.75,0.25,0.6838295492789116,0.25274725274725274
IGHV3-64,H37,13,FR1,GTC,2122,57,4,0.026861451460885956,0.001885014137606032,0.6666666666666666,0.3333333333333333,0.7622088942134256,7.124999999999999
IGHV3-64,H40,14,FR1,CAG,2122,88,6,0.04147031102733271,0.002827521206409048,0.875,0.125,0.24543970046572014,2.0952380952380953
IGHV3-64,H43,15,FR1,CCT,2122,39,453,0.018378887841658812,0.21347785108388312,0.6666666666666666,0.3333333333333333,1.9124329693472253,0.04304635761589404
IGHV3-64,H46,16,FR1,GGG,2122,0,42,0.0,0.019792648444863337,0.6666666666666666,0.3333333333333333,0.2717762135445229,0.0
IGHV3-64,H49,17,FR1,GGG,2122,73,14,0.03440150801131008,0.006597549481621112,0.6666666666666666,0.3333333333333333,0.19636240273659855,2.607142857142857
IGHV3-64,H52,18,FR1,TCC,2122,25,10,0.0117813383600377,0.00471253534401508,0.6666666666666666,0.3333333333333333,0.41795784838257327,1.25
IGHV3-64,H55,19,FR1,CTG,2122,15,67,0.00706880301602262,0.03157398680490104,0.5555555555555556,0.4444444444444444,0.6289659635544201,0.17910447761194026
IGHV3-64,H58,20,FR1,AGA,2122,26,16,0.012252591894439209,0.007540056550424128,0.75,0.25,0.6709686863860952,0.5416666666666666
IGHV3-64,H61,21,FR1,CTC,2122,16,18,0.007540056550424128,0.008482563619227144,0.6666666666666666,0.3333333333333333,0.43185266952684104,0.4444444444444445
IGHV3-64,H64,22,FR1,TCC,2122,29,49,0.013666352497643733,0.023091423185673893,0.6666666666666666,0.3333333333333333,0.7638459176589949,0.29591836734693877
IGHV3-64,H67,23,FR1,TGT,2122,0,39,0.0,0.018378887841658812,0.875,0.125,0.6720091806444749,0.0
IGHV3-64,H70,24,FR1,GCA,2122,387,20,0.1823751178133836,0.00942507068803016,0.6666666666666666,0.3333333333333333,0.32437795410857895,9.675000000000002
IGHV3-64,H73,25,FR1,GCC,2122,124,7,0.058435438265786996,0.003298774740810556,0.6666666666666666,0.3333333333333333,0.9872727688299467,8.85714285714286
IGHV3-64,H115,39,FR2,TAT,2120,505,131,0.23820754716981132,0.06179245283018868,0.8571428571428571,0.14285714285714285,1.1125014410685132,0.6424936386768447
IGHV3-64,H118,40,FR2,GCT,2115,1042,121,0.49267139479905436,0.057210401891252954,0.6666666666666666,0.3333333333333333,0.8973178462299866,4.305785123966942
IGHV3-64,H121,41,FR2,ATG,2115,204,0,0.09645390070921986,0.0,1.0,0.0,0.19709554669075924,
IGHV3-64,H124,42,FR2,CAC,2115,355,27,0.16784869976359337,0.01276595744680851,0.8888888888888888,0.1111111111111111,1.5879584411384597,1.6435185185185184
IGHV3-64,H127,43,FR2,TGG,2115,0,0,0.0,0.0,1.0,0.0,0.0,
IGHV3-64,H130,44,FR2,GTC,2115,32,19,0.015130023640661938,0.008983451536643027,0.6666666666666666,0.3333333333333333,0.2851444185752991,0.8421052631578947
IGHV3-64,H133,45,FR2,CGC,2115,1,55,0.00047281323877068556,0.026004728132387706,0.6666666666666666,0.3333333333333333,0.8466764940974673,0.009090909090909092
IGHV3-64,H136,46,FR2,CAG,2115,22,4,0.010401891252955082,0.0018912529550827422,0.875,0.125,0.22035364112787412,0.7857142857142857
IGHV3-64,H139,47,FR2,GCT,2115,119,55,0.05626477541371158,0.026004728132387706,0.6666666666666666,0.3333333333333333,0.2571225054699811,1.081818181818182
IGHV3-64,H142,48,FR2,CCA,2115,13,48,0.006146572104018913,0.02269503546099291,0.6666666666666666,0.3333333333333333,0.886511778582091,0.13541666666666666
IGHV3-64,H145,49,FR2,GGG,2115,15,68,0.0070921985815602835,0.03215130023640662,0.6666666666666666,0.3333333333333333,1.0128370991948805,0.11029411764705883
IGHV3-64,H193,65,FR3,GGG,2114,82,185,0.03878902554399243,0.08751182592242195,0.6666666666666666,0.3333333333333333,1.153518485971717,0.22162162162162163
IGHV3-64,H196,66,FR3,GGT,2115,941,134,0.4449172576832151,0.06335697399527186,0.6666666666666666,0.3333333333333333,1.7627818451070218,3.511194029850747
IGHV3-64,H199,67,FR3,AGC,2115,999,132,0.4723404255319149,0.062411347517730496,0.8888888888888888,0.1111111111111111,1.2848602162019904,0.9460227272727273
IGHV3-64,H202,68,FR3,ACA,2115,218,42,0.10307328605200945,0.019858156028368795,0.6666666666666666,0.3333333333333333,1.1211252830009373,2.595238095238095
IGHV3-64,H205,69,FR3,TAT,2115,633,49,0.29929078014184396,0.023167848699763592,0.8571428571428571,0.14285714285714285,1.679360306546074,2.1530612244897958
IGHV3-64,H208,70,FR3,TAT,2115,117,60,0.05531914893617021,0.028368794326241134,0.8571428571428571,0.14285714285714285,1.413520312644162,0.325
IGHV3-64,H211,71,FR3,GCA,2116,288,86,0.13610586011342155,0.04064272211720227,0.6666666666666666,0.3333333333333333,1.3674372563944346,1.6744186046511627
IGHV3-64,H214,72,FR3,AAC,2120,233,60,0.1099056603773585,0.02830188679245283,0.8888888888888888,0.1111111111111111,0.49296793162165464,0.4854166666666667
IGHV3-64,H217,73,FR3,TCT,2121,80,29,0.03771805752003772,0.013672795851013672,0.6666666666666666,0.3333333333333333,0.9297369212551664,1.3793103448275865
IGHV3-64,H220,74,FR3,GTG,2121,35,51,0.0165016501650165,0.024045261669024046,0.6666666666666666,0.3333333333333333,0.6853225246326781,0.34313725490196073
IGHV3-64,H223,75,FR3,AAG,2121,249,7,0.1173974540311174,0.0033003300330033004,0.875,0.125,0.2765697205770885,5.081632653061224
IGHV3-64,H226,76,FR3,GGC,2121,84,45,0.039603960396039604,0.021216407355021217,0.6666666666666666,0.3333333333333333,0.44309091105505094,0.9333333333333333
IGHV3-64,H229,77,FR3,AGA,2121,1,60,0.0004714757190004715,0.028288543140028287,0.75,0.25,1.4919544300137655,0.005555555555555557
IGHV3-64,H232,78,FR3,TTC,2121,45,117,0.021216407355021217,0.055162659123055166,0.8888888888888888,0.1111111111111111,0.3035643948012537,0.04807692307692307
IGHV3-64,H235,79,FR3,ACC,2121,227,34,0.10702498821310702,0.01603017444601603,0.6666666666666666,0.3333333333333333,0.5583444636077554,3.3382352941176467
IGHV3-64,H238,80,FR3,ATC,2121,177,67,0.08345120226308345,0.031588873173031586,0.7777777777777778,0.2222222222222222,0.9073255344264464,0.7547974413646056
IGHV3-64,H241,81,FR3,TCC,2121,20,19,0.00942951438000943,0.008958038661008957,0.6666666666666666,0.3333333333333333,0.8815366136937866,0.5263157894736843
IGHV3-64,H244,82,FR3,AGA,2121,115,32,0.05421970768505422,0.015087223008015087,0.75,0.25,1.0809176809520256,1.1979166666666667
IGHV3-64,H247,83,FR3,GAC,2121,3,15,0.0014144271570014145,0.007072135785007072,0.8888888888888888,0.1111111111111111,0.17704693806179214,0.025
IGHV3-64,H250,84,FR3,AAT,2121,103,183,0.04856199905704856,0.08628005657708628,0.8888888888888888,0.1111111111111111,0.9434815010981986,0.07035519125683061
IGHV3-64,H253,85,FR3,TCC,2121,95,106,0.04479019330504479,0.04997642621404998,0.6666666666666666,0.3333333333333333,0.7096307691411985,0.44811320754716977
IGHV3-64,H256,86,FR3,AAG,2121,311,26,0.14662894860914663,0.012258368694012258,0.875,0.125,0.5057640313189151,1.708791208791209
IGHV3-64,H259,87,FR3,AAC,2121,160,141,0.07543611504007544,0.06647807637906648,0.8888888888888888,0.1111111111111111,1.629489667474064,0.14184397163120568
IGHV3-64,H262,88,FR3,ACG,2121,202,517,0.09523809523809523,0.24375294672324374,0.6666666666666666,0.3333333333333333,2.61733779925298,0.19535783365570603
IGHV3-64,H265,89,FR3,CTG,2121,346,219,0.16313059877416314,0.10325318246110325,0.5555555555555556,0.4444444444444444,1.904804380512833,1.2639269406392692
IGHV3-64,H268,90,FR3,TAT,2121,233,20,0.10985384252710985,0.00942951438000943,0.8571428571428571,0.14285714285714285,0.6415974948648201,1.9416666666666664
IGHV3-64,H271,91,FR3,CTT,2121,7,78,0.0033003300330033004,0.036775106082036775,0.6666666666666666,0.3333333333333333,2.098469419942864,0.04487179487179487
IGHV3-64,H274,92,FR3,CAA,2121,168,64,0.07920792079207921,0.030174446016030174,0.875,0.125,1.98571518078705,0.375
IGHV3-64,H277,93,FR3,ATG,2121,78,0,0.036775106082036775,0.0,1.0,0.0,1.3642590597323545,
IGHV3-64,H280,94,FR3,GGC,2121,236,44,0.11126826968411127,0.020744931636020744,0.6666666666666666,0.3333333333333333,0.9960975619474636,2.6818181818181817
IGHV3-64,H283,95,FR3,AGC,2122,157,108,0.07398680490103676,0.05089538171536286,0.8888888888888888,0.1111111111111111,0.8920817460724421,0.18171296296296297
IGHV3-64,H286,96,FR3,CTG,2122,7,49,0.003298774740810556,0.023091423185673893,0.5555555555555556,0.4444444444444444,1.018902845805064,0.11428571428571428
IGHV3-64,H289,97,FR3,AGA,2122,175,67,0.0824693685202639,0.03157398680490104,0.75,0.25,0.6159824435303038,0.870646766169154
IGHV3-64,H292,98,FR3,GCT,2122,970,36,0.4571159283694628,0.016965127238454288,0.6666666666666666,0.3333333333333333,0.3183661317218087,13.472222222222223
IGHV3-64,H295,99,FR3,GAG,2122,265,182,0.12488218661639962,0.08576814326107446,0.875,0.125,1.1886878770463047,0.20800627943485084
IGHV3-64,H298,100,FR3,GAC,2122,0,37,0.0,0.017436380772855798,0.8888888888888888,0.1111111111111111,0.2276380640658998,0.0
IGHV3-64,H301,101,FR3,ATG,2122,328,0,0.15457115928369464,0.0,1.0,0.0,0.3005798017784466,
IGHV3-64,H304,102,FR3,GCT,2122,230,46,0.10838831291234684,0.021677662582469368,0.6666666666666666,0.3333333333333333,0.2609036710393596,2.4999999999999996
IGHV3-64,H307,103,FR3,GTG,2122,219,791,0.10320452403393025,0.3727615457115928,0.6666666666666666,0.3333333333333333,5.757868269860768,0.13843236409608092
IGHV3-64,H310,104,FR3,TAT,2122,4,125,0.001885014137606032,0.0589066918001885,0.8571428571428571,0.14285714285714285,1.0108823720549156,0.005333333333333333
IGHV3-64,H313,105,FR3,TAC,2122,122,169,0.057492931196983975,0.07964184731385486,0.8571428571428571,0.14285714285714285,2.7456568003467035,0.12031558185404338
IGHV3-64,H316,106,FR3,TGT,2122,0,42,0.0,0.019792648444863337,0.875,0.125,0.4528032287099792,0.0
IGHV3-64,H319,107,FR3,GCG,2122,197,51,0.09283694627709708,0.02403393025447691,0.6666666666666666,0.3333333333333333,0.6107289702616664,1.9313725490196079
IGHV3-64,H322,108,FR3,AGA,2122,38,146,0.017907634307257305,0.06880301602262016,0.75,0.25,1.8974565902754919,0.08675799086757992
IGHV3-64,H76,26,CDR1,TCT,2122,18,78,0.008482563619227144,0.036757775683317624,0.6666666666666666,0.3333333333333333,0.7818966506958093,0.11538461538461539
IGHV3-64,H79,27,CDR1,GGA,2122,21,164,0.009896324222431668,0.07728557964184732,0.625,0.375,1.1894442632544764,0.07682926829268291
IGHV3-64,H85,29,CDR1,TTC,2122,29,25,0.013666352497643733,0.0117813383600377,0.8888888888888888,0.1111111111111111,0.5806165228514444,0.14500000000000002
IGHV3-64,H88,30,CDR1,ACC,2122,530,101,0.24976437323279924,0.04759660697455231,0.6666666666666666,0.3333333333333333,1.3159849148763998,2.623762376237624
IGHV3-64,H91,31,CDR1,TTC,2122,98,43,0.046182846371347785,0.020263901979264844,0.8888888888888888,0.1111111111111111,0.8452587148501042,0.2848837209302325
IGHV3-64,H94,32,CDR1,AGT,2122,292,128,0.13760603204524033,0.060320452403393024,0.8888888888888888,0.1111111111111111,1.2948510988669473,0.28515625
IGHV3-64,H97,33,CDR1,AGC,2121,1277,350,0.6020744931636021,0.16501650165016502,0.8888888888888888,0.1111111111111111,2.158418664037679,0.45607142857142857
IGHV3-64,H148,50,CDR2,AAG,2115,101,8,0.04775413711583924,0.0037825059101654845,0.875,0.125,0.44186352535710793,1.8035714285714286
IGHV3-64,H151,51,CDR2,GGA,2115,32,106,0.015130023640661938,0.050118203309692674,0.625,0.375,2.098631283458776,0.18113207547169807
IGHV3-64,H154,52,CDR2,CTG,2115,38,74,0.017966903073286054,0.034988179669030735,0.5555555555555556,0.4444444444444444,0.5980846966957567,0.4108108108108108
IGHV3-64,H157,53,CDR2,GAA,2115,125,134,0.0591016548463357,0.06335697399527186,0.875,0.125,0.8840286104259253,0.13326226012793177
IGHV3-64,H160,54,CDR2,TAT,2115,398,32,0.18817966903073285,0.015130023640661938,0.8571428571428571,0.14285714285714285,0.0029991285693718363,2.0729166666666665
IGHV3-64,H163,55,CDR2,GTT,2115,148,152,0.06997635933806147,0.07186761229314421,0.6666666666666666,0.3333333333333333,0.33067442796767565,0.48684210526315785
IGHV3-64,H166,56,CDR2,TCA,2115,118,152,0.055791962174940896,0.07186761229314421,0.5714285714285714,0.42857142857142855,2.488091721052364,0.582236842105263
IGHV3-64,H169,57,CDR2,GCT,2100,1031,155,0.490952380952381,0.07380952380952381,0.6666666666666666,0.3333333333333333,1.1697318590613741,3.3258064516129036
IGHV3-64,H172,58,CDR2,ATT,2100,105,175,0.05,0.08333333333333333,0.7777777777777778,0.2222222222222222,1.4261632630408616,0.17142857142857146
IGHV3-64,H175,59,CDR2,AGT,2115,719,81,0.3399527186761229,0.03829787234042553,0.8888888888888888,0.1111111111111111,0.9672062387843551,1.1095679012345678
IGHV3-64,H178,60,CDR2,AGT,2115,1053,81,0.4978723404255319,0.03829787234042553,0.8888888888888888,0.1111111111111111,1.4449905771712916,1.6249999999999998
IGHV3-64,H181,61,CDR2,AAT,2083,659,32,0.31637061929908783,0.015362457993278924,0.8888888888888888,0.1111111111111111,0.9421458665967667,2.57421875
IGHV4-30-4,H1,1,FR1,CAG,1465,37,54,0.025255972696245733,0.03686006825938567,0.875,0.125,0.6007651815035656,0.09788359788359786
IGHV4-30-4,H4,2,FR1,GTG,1465,91,51,0.0621160409556314,0.0348122866894198,0.6666666666666666,0.3333333333333333,0.6347108400377233,0.892156862745098
IGHV4-30-4,H7,3,FR1,CAG,1465,171,126,0.1167235494880546,0.08600682593856655,0.875,0.125,2.1050765243095713,0.19387755102040816
IGHV4-30-4,H10,4,FR1,CTG,1465,11,169,0.007508532423208191,0.11535836177474403,0.5555555555555556,0.4444444444444444,2.4506195025470903,0.05207100591715976
IGHV4-30-4,H13,5,FR1,CAG,1465,204,48,0.1392491467576792,0.032764505119453925,0.875,0.125,0.5885892536219848,0.6071428571428571
IGHV4-30-4,H16,6,FR1,GAG,1465,20,2,0.013651877133105802,0.0013651877133105802,0.875,0.125,0.7137633724717759,1.4285714285714286
IGHV4-30-4,H19,7,FR1,TCG,1465,7,0,0.00477815699658703,0.0,0.625,0.375,0.6053748285113313,8.399999999999999
IGHV4-30-4,H25,9,FR1,GGC,1465,22,43,0.015017064846416382,0.029351535836177476,0.6666666666666666,0.3333333333333333,0.3055043667639592,0.25581395348837205
IGHV4-30-4,H28,10,FR1,CCA,1465,1,93,0.0006825938566552901,0.06348122866894199,0.6666666666666666,0.3333333333333333,0.4322504752688081,0.005376344086021505
IGHV4-30-4,H31,11,FR1,GGA,1465,174,108,0.11877133105802047,0.07372013651877134,0.625,0.375,0.8211142557916857,0.9666666666666666
IGHV4-30-4,H34,12,FR1,CTG,1465,90,59,0.06143344709897611,0.040273037542662114,0.5555555555555556,0.4444444444444444,0.6838295492789116,1.2203389830508473
IGHV4-30-4,H37,13,FR1,GTG,1465,82,66,0.05597269624573379,0.04505119453924915,0.6666666666666666,0.3333333333333333,0.7622088942134256,0.6212121212121212
IGHV4-30-4,H40,14,FR1,AAG,1465,210,3,0.14334470989761092,0.0020477815699658703,0.875,0.125,0.24543970046572014,10.0
IGHV4-30-4,H43,15,FR1,CCT,1465,91,207,0.0621160409556314,0.14129692832764504,0.6666666666666666,0.3333333333333333,1.9124329693472253,0.21980676328502416
IGHV4-30-4,H46,16,FR1,TCA,1465,46,39,0.031399317406143344,0.026621160409556314,0.5714285714285714,0.42857142857142855,0.2717762135445229,0.8846153846153846
IGHV4-30-4,H49,17,FR1,CAG,1465,111,5,0.0757679180887372,0.0034129692832764505,0.875,0.125,0.19636240273659855,3.1714285714285713
IGHV4-30-4,H52,18,FR1,ACC,1465,26,29,0.017747440273037544,0.019795221843003412,0.6666666666666666,0.3333333333333333,0.41795784838257327,0.4482758620689655
IGHV4-30-4,H55,19,FR1,CTG,1465,21,24,0.014334470989761093,0.016382252559726963,0.5555555555555556,0.4444444444444444,0.6289659635544201,0.6999999999999998
IGHV4-30-4,H58,20,FR1,TCC,1465,45,184,0.030716723549488054,0.12559726962457338,0.6666666666666666,0.3333333333333333,0.6709686863860952,0.12228260869565219
IGHV4-30-4,H61,21,FR1,CTC,1465,35,11,0.023890784982935155,0.007508532423208191,0.6666666666666666,0.3333333333333333,0.43185266952684104,1.590909090909091
IGHV4-30-4,H64,22,FR1,ACC,1465,138,135,0.09419795221843004,0.09215017064846416,0.6666666666666666,0.3333333333333333,0.7638459176589949,0.5111111111111111
IGHV4-30-4,H67,23,FR1,TGC,1465,0,62,0.0,0.042320819112627986,0.875,0.125,0.6720091806444749,0.0
IGHV4-30-4,H70,24,FR1,ACT,1465,385,26,0.2627986348122867,0.017747440273037544,0.6666666666666666,0.3333333333333333,0.32437795410857895,7.403846153846154
IGHV4-30-4,H73,25,FR1,GTC,1465,16,123,0.010921501706484642,0.08395904436860069,0.6666666666666666,0.3333333333333333,0.9872727688299467,0.06504065040650406
IGHV4-30-4,H115,39,FR2,TAC,1461,501,98,0.34291581108829566,0.06707734428473648,0.8571428571428571,0.14285714285714285,1.1125014410685132,0.8520408163265305
IGHV4-30-4,H118,40,FR2,TAC,1461,306,126,0.20944558521560575,0.08624229979466119,0.8571428571428571,0.14285714285714285,0.8973178462299866,0.4047619047619047
IGHV4-30-4,H121,41,FR2,TGG,1461,7,0,0.004791238877481177,0.0,1.0,0.0,0.19709554669075924,
IGHV4-30-4,H124,42,FR2,AGT,1461,456,2,0.31211498973305957,0.0013689253935660506,0.8888888888888888,0.1111111111111111,1.5879584411384597,28.500000000000004
IGHV4-30-4,H127,43,FR2,TGG,1461,1,0,0.0006844626967830253,0.0,1.0,0.0,0.0,
IGHV4-30-4,H130,44,FR2,ATC,1460,319,63,0.2184931506849315,0.04315068493150685,0.7777777777777778,0.2222222222222222,0.2851444185752991,1.4467120181405895
IGHV4-30-4,H133,45,FR2,CGC,1460,1,128,0.0006849315068493151,0.08767123287671233,0.6666666666666666,0.3333333333333333,0.8466764940974673,0.00390625
IGHV4-30-4,H136,46,FR2,CAG,1460,59,56,0.04041095890410959,0.038356164383561646,0.875,0.125,0.22035364112787412,0.15051020408163265
IGHV4-30-4,H139,47,FR2,CCC,1458,595,14,0.40809327846364885,0.009602194787379973,0.6666666666666666,0.3333333333333333,0.2571225054699811,21.25
IGHV4-30-4,H142,48,FR2,CCA,1458,16,225,0.010973936899862825,0.15432098765432098,0.6666666666666666,0.3333333333333333,0.886511778582091,0.035555555555555556
IGHV4-30-4,H145,49,FR2,GGG,1457,78,64,0.053534660260809885,0.04392587508579272,0.6666666666666666,0.3333333333333333,1.0128370991948805,0.6093750000000001
IGHV4-30-4,H193,65,FR3,AGT,1456,502,32,0.3447802197802198,0.02197802197802198,0.8888888888888888,0.1111111111111111,1.153518485971717,1.9609374999999998
IGHV4-30-4,H196,66,FR3,GGG,1456,170,142,0.11675824175824176,0.09752747252747253,0.6666666666666666,0.3333333333333333,1.7627818451070218,0.5985915492957747
IGHV4-30-4,H199,67,FR3,AGC,1456,844,62,0.5796703296703297,0.042582417582417584,0.8888888888888888,0.1111111111111111,1.2848602162019904,1.7016129032258067
IGHV4-30-4,H202,68,FR3,ACC,1456,274,112,0.18818681318681318,0.07692307692307693,0.6666666666666666,0.3333333333333333,1.1211252830009373,1.2232142857142858
IGHV4-30-4,H205,69,FR3,TAC,1456,623,88,0.42788461538461536,0.06043956043956044,0.8571428571428571,0.14285714285714285,1.679360306546074,1.1799242424242422
IGHV4-30-4,H208,70,FR3,TAC,1456,189,59,0.12980769230769232,0.040521978021978024,0.8571428571428571,0.14285714285714285,1.413520312644162,0.5338983050847458
IGHV4-30-4,H211,71,FR3,AAC,1456,223,230,0.15315934065934067,0.15796703296703296,0.8888888888888888,0.1111111111111111,1.3674372563944346,0.12119565217391308
IGHV4-30-4,H214,72,FR3,CCG,1456,107,176,0.07348901098901099,0.12087912087912088,0.6666666666666666,0.3333333333333333,0.49296793162165464,0.30397727272727276
IGHV4-30-4,H217,73,FR3,TCC,1456,65,189,0.044642857142857144,0.12980769230769232,0.6666666666666666,0.3333333333333333,0.9297369212551664,0.17195767195767195
IGHV4-30-4,H220,74,FR3,CTC,1456,53,153,0.036401098901098904,0.10508241758241758,0.6666666666666666,0.3333333333333333,0.6853225246326781,0.17320261437908496
IGHV4-30-4,H223,75,FR3,AAG,1454,518,15,0.3562585969738652,0.01031636863823934,0.875,0.125,0.2765697205770885,4.933333333333334
IGHV4-30-4,H226,76,FR3,AGT,1454,201,32,0.13823933975240715,0.02200825309491059,0.8888888888888888,0.1111111111111111,0.44309091105505094,0.78515625
IGHV4-30-4,H229,77,FR3,CGA,1454,122,168,0.08390646492434663,0.1155433287482806,0.5,0.5,1.4919544300137655,0.7261904761904762
IGHV4-30-4,H232,78,FR3,GTT,1454,601,187,0.41334250343878953,0.12861072902338377,0.6666666666666666,0.3333333333333333,0.3035643948012537,1.6069518716577538
IGHV4-30-4,H235,79,FR3,ACC,1456,699,53,0.4800824175824176,0.036401098901098904,0.6666666666666666,0.3333333333333333,0.5583444636077554,6.594339622641509
IGHV4-30-4,H238,80,FR3,ATA,1456,348,427,0.23901098901098902,0.2932692307692308,0.7777777777777778,0.2222222222222222,0.9073255344264464,0.23285379725660754
IGHV4-30-4,H241,81,FR3,TCA,1457,38,297,0.02608098833218943,0.20384351407000686,0.5714285714285714,0.42857142857142855,0.8815366136937866,0.09595959595959597
IGHV4-30-4,H244,82,FR3,GTA,1457,800,278,0.5490734385724091,0.19080301990391216,0.6666666666666666,0.3333333333333333,1.0809176809520256,1.4388489208633093
IGHV4-30-4,H247,83,FR3,GAC,1460,150,25,0.10273972602739725,0.017123287671232876,0.8888888888888888,0.1111111111111111,0.17704693806179214,0.75
IGHV4-30-4,H250,84,FR3,ACG,1460,261,83,0.17876712328767122,0.05684931506849315,0.6666666666666666,0.3333333333333333,0.9434815010981986,1.5722891566265058
IGHV4-30-4,H253,85,FR3,TCC,1461,71,218,0.0485968514715948,0.14921286789869953,0.6666666666666666,0.3333333333333333,0.7096307691411985,0.1628440366972477
IGHV4-30-4,H256,86,FR3,AAG,1460,374,13,0.25616438356164384,0.008904109589041096,0.875,0.125,0.5057640313189151,4.1098901098901095
IGHV4-30-4,H259,87,FR3,AAC,1459,187,239,0.1281699794379712,0.16381082933516106,0.8888888888888888,0.1111111111111111,1.629489667474064,0.09780334728033473
IGHV4-30-4,H262,88,FR3,CAG,1461,175,136,0.11978097193702943,0.09308692676249145,0.875,0.125,2.61733779925298,0.1838235294117647
IGHV4-30-4,H265,89,FR3,TTC,1461,119,69,0.08145106091718002,0.04722792607802875,0.8888888888888888,0.1111111111111111,1.904804380512833,0.21557971014492755
IGHV4-30-4,H268,90,FR3,TCC,1461,83,68,0.0568104038329911,0.04654346338124572,0.6666666666666666,0.3333333333333333,0.6415974948648201,0.6102941176470588
IGHV4-30-4,H271,91,FR3,CTG,1461,10,97,0.006844626967830253,0.06639288158795345,0.5555555555555556,0.4444444444444444,2.098469419942864,0.0824742268041237
IGHV4-30-4,H274,92,FR3,AAG,1461,900,122,0.6160164271047228,0.08350444900752908,0.875,0.125,1.98571518078705,1.053864168618267
IGHV4-30-4,H277,93,FR3,CTG,1464,142,282,0.09699453551912568,0.19262295081967212,0.5555555555555556,0.4444444444444444,1.3642590597323545,0.4028368794326241
IGHV4-30-4,H280,94,FR3,AGC,1464,876,176,0.5983606557377049,0.12021857923497267,0.8888888888888888,0.1111111111111111,0.9960975619474636,0.6221590909090909
IGHV4-30-4,H283,95,FR3,TCT,1464,67,168,0.045765027322404374,0.11475409836065574,0.6666666666666666,0.3333333333333333,0.8920817460724421,0.19940476190476192
IGHV4-30-4,H286,96,FR3,GTG,1464,115,67,0.07855191256830601,0.045765027322404374,0.6666666666666666,0.3333333333333333,1.018902845805064,0.8582089552238805
IGHV4-30-4,H289,97,FR3,ACT,1464,84,148,0.05737704918032787,0.10109289617486339,0.6666666666666666,0.3333333333333333,0.6159824435303038,0.28378378378378377
IGHV4-30-4,H292,98,FR3,GCC,1464,73,5,0.049863387978142076,0.0034153005464480873,0.6666666666666666,0.3333333333333333,0.3183661317218087,7.3
IGHV4-30-4,H295,99,FR3,GCA,1464,56,281,0.03825136612021858,0.1919398907103825,0.6666666666666666,0.3333333333333333,1.1886878770463047,0.099644128113879
IGHV4-30-4,H298,100,FR3,GAC,1464,1,24,0.0006830601092896175,0.01639344262295082,0.8888888888888888,0.1111111111111111,0.2276380640658998,0.005208333333333333
IGHV4-30-4,H301,101,FR3,ACG,1464,63,5,0.0430327868852459,0.0034153005464480873,0.6666666666666666,0.3333333333333333,0.3005798017784466,6.3
IGHV4-30-4,H304,102,FR3,GCC,1464,60,7,0.040983606557377046,0.0047814207650273225,0.6666666666666666,0.3333333333333333,0.2609036710393596,4.285714285714286
IGHV4-30-4,H307,103,FR3,GTG,1465,224,629,0.15290102389078497,0.42935153583617747,0.6666666666666666,0.3333333333333333,5.757868269860768,0.17806041335453102
IGHV4-30-4,H310,104,FR3,TAT,1465,18,105,0.012286689419795221,0.07167235494880546,0.8571428571428571,0.14285714285714285,1.0108823720549156,0.028571428571428567
IGHV4-30-4,H313,105,FR3,TAC,1465,400,241,0.27303754266211605,0.1645051194539249,0.8571428571428571,0.14285714285714285,2.7456568003467035,0.27662517289073313
IGHV4-30-4,H316,106,FR3,TGT,1465,0,28,0.0,0.01911262798634812,0.875,0.125,0.4528032287099792,0.0
IGHV4-30-4,H319,107,FR3,GCC,1465,191,176,0.13037542662116042,0.12013651877133105,0.6666666666666666,0.3333333333333333,0.6107289702616664,0.5426136363636364
IGHV4-30-4,H322,108,FR3,AGA,1465,15,154,0.010238907849829351,0.10511945392491467,0.75,0.25,1.8974565902754919,0.032467532467532464
IGHV4-30-4,H76,26,CDR1,TCT,1464,16,163,0.01092896174863388,0.11133879781420765,0.6666666666666666,0.3333333333333333,0.7818966506958093,0.049079754601226995
IGHV4-30-4,H79,27,CDR1,GGT,1464,53,77,0.036202185792349725,0.05259562841530055,0.6666666666666666,0.3333333333333333,1.1894442632544764,0.3441558441558441
IGHV4-30-4,H85,29,CDR1,GGC,1464,592,12,0.40437158469945356,0.00819672131147541,0.6666666666666666,0.3333333333333333,0.5806165228514444,24.666666666666668
IGHV4-30-4,H88,30,CDR1,TCC,1464,180,25,0.12295081967213115,0.01707650273224044,0.6666666666666666,0.3333333333333333,1.3159849148763998,3.599999999999999
IGHV4-30-4,H91,31,CDR1,ATC,1461,331,97,0.2265571526351814,0.06639288158795345,0.7777777777777778,0.2222222222222222,0.8452587148501042,0.9749631811487481
IGHV4-30-4,H94,32,CDR1,AGC,1464,694,139,0.47404371584699456,0.09494535519125682,0.8888888888888888,0.1111111111111111,1.2948510988669473,0.6241007194244605
IGHV4-30-4,H97,33,CDR1,AGT,1463,454,69,0.3103212576896787,0.047163362952836636,0.8888888888888888,0.1111111111111111,2.158418664037679,0.8224637681159419
IGHV4-30-4,H100,34,CDR1,GGT,1431,468,138,0.3270440251572327,0.09643605870020965,0.6666666666666666,0.3333333333333333,0.8178357375146844,1.6956521739130432
IGHV4-30-4,H112,38,CDR1,GAT,1453,454,92,0.31245698554714385,0.06331727460426703,0.8888888888888888,0.1111111111111111,0.9200031724633807,0.6168478260869567
IGHV4-30-4,H148,50,CDR2,AAG,1457,197,2,0.13520933424845574,0.0013726835964310226,0.875,0.125,0.44186352535710793,14.071428571428573
IGHV4-30-4,H151,51,CDR2,GGC,1457,64,20,0.04392587508579272,0.013726835964310227,0.6666666666666666,0.3333333333333333,2.098631283458776,1.6
IGHV4-30-4,H154,52,CDR2,CTG,1457,15,89,0.01029512697323267,0.06108442004118051,0.5555555555555556,0.4444444444444444,0.5980846966957567,0.13483146067415727
IGHV4-30-4,H157,53,CDR2,GAG,1457,15,132,0.01029512697323267,0.09059711736444749,0.875,0.125,0.8840286104259253,0.016233766233766236
IGHV4-30-4,H160,54,CDR2,TGG,1457,58,0,0.03980782429649966,0.0,1.0,0.0,0.0029991285693718363,
IGHV4-30-4,H163,55,CDR2,ATT,1457,200,55,0.13726835964310227,0.03774879890185312,0.7777777777777778,0.2222222222222222,0.33067442796767565,1.038961038961039
IGHV4-30-4,H166,56,CDR2,GGG,1457,67,572,0.04598490048043926,0.3925875085792725,0.6666666666666666,0.3333333333333333,2.488091721052364,0.058566433566433575
IGHV4-30-4,H169,57,CDR2,TAC,1456,259,24,0.1778846153846154,0.016483516483516484,0.8571428571428571,0.14285714285714285,1.1697318590613741,1.7986111111111112
IGHV4-30-4,H172,58,CDR2,ATC,1456,200,109,0.13736263736263737,0.07486263736263736,0.7777777777777778,0.2222222222222222,1.4261632630408616,0.5242463958060288
IGHV4-30-4,H175,59,CDR2,TAT,1455,576,159,0.3958762886597938,0.10927835051546392,0.8571428571428571,0.14285714285714285,0.9672062387843551,0.6037735849056604
IGHV4-30-4,H178,60,CDR2,TAC,1451,609,63,0.419710544452102,0.043418332184700204,0.8571428571428571,0.14285714285714285,1.4449905771712916,1.6111111111111112
