clonotype,n_donors,clonotype_type,v_gene,dominant_isotype,junction_aa,mean_cdrh3_len,mean_n_mut_H,n_sequences
ACGAGCCTCAATCTCT_d03_w131,8,public,IGHV3-48,IGHM,CARDWRAPGGYSYASFDYW,11.3,12.79,14
CTCACACAGCCAGGAT_d02_w129,8,public,IGHV3-74,IGHM,CVRDSYDSDGSDGHYYGMDVW,13.9,15.67,27
TGGTTAGGTACAAGTA_d02_w132,7,public,IGHV6-1,IGHM,CARYGSSWYLDSW,9.0,17.16,51
GGAAAGCAGGAGCGAG_d05_w146,7,public,IGHV3-74,IGHM,CGRDGDGDYDLDYW,9.3,14.09,11
TACAGTGGTCAAGCGA_d04_w102,7,public,IGHV3-74,IGHM,CARGYSGTSRIDYW,9.8,9.47,32
CAGCCGACAAGTCTAC_d07_w155,7,public,IGHV3-23,IGHM,CAKGRDWPPAFDNW,10.8,13.4,20
CGATGTAAGTCTTGCA_d05_w104,6,public,IGHV3-7,IGHM,CARGGDYPLYW,7.8,16.56,9
GATCGTAGTATCAGTC_d03_w126,6,public,IGHV3-23,IGHM,CAKDLEGGGSYGSYW,11.4,13.67,12
GAAACTCCATGAAGTA_d11_w99,6,public,IGHV3-23,IGHM,CAKVPYYYDSSGYYPDYW,13.5,13.12,8
CATGCCTCATGTAAGA_d04_w115,6,public,IGHV3-23,IGHM,CAKDRYYYDSSGYYPLDYW,13.6,13.62,8
GGTGCGTTCCTTTCGG_d02_w99,6,public,IGHV3-74,IGHM,CLRGASGYGNFDYW,9.5,14.4,15
GAACATCCAGCGTAAG_d06_w148,6,public,IGHV3-7,IGHM,CARIGYSSSCFDFW,10.0,16.75,8
GTAGTCACACTGAAGG_d11_w144,6,public,IGHV3-23,IGHM,CAKRHGGSSYCFDYW,11.4,11.26,19
CTCGAAACAATGTTGC_d07_w188,6,public,IGHV1-18,IGHM,CARDGVGARGRYNWFDPW,16.7,9.67,6
TGAGCCGAGCTGATAA_d02_w97,6,public,IGHV6-1,IGHM,CARYTTSWYLDYW,9.0,10.55,66
GAGCAGAGTCTGGAGA_d07_w130,6,public,IGHV3-74,IGHM,CARDPLYGSGTYELDYW,9.6,10.19,16
TGCGTGGCACATCCAA_d02_w171,6,public,IGHV3-23,IGHM,CAKGSGSSRPYYFDYW,12.0,17.42,12
TTCCCAGTCAACACCA_d09_w187,6,public,IGHV3-74,IGHM,CARDFGDNGGYW,7.8,16.23,13
AGGCCGTTCCACTGGG_d11_w106,6,public,IGHV3-7,IGHA2,CARDPYVGLYGAFQYW,11.2,33.17,52
CCGGTAGTCCGTCATC_d11_w121,6,public,IGHV3-74,IGHM,CARGGDGAVDYW,9.1,13.14,7
TCGTACCTCAGCGACC_d09_w148,6,public,IGHV3-74,IGHM,CARDGEDLDDW,7.1,14.47,34
ATTGGACCACTACAGT_d02_w192,6,public,IGHV3-7,IGHM,CARIGYSSSSLDYW,10.0,18.5,8
CGAATGTTCACCAGGC_d11_w172,6,public,IGHV6-1,IGHM,CARNLHTGFDYW,9.0,9.75,8
ACTGCTCAGGATGTAT_d11_w106,6,public,IGHV3-7,IGHM,CARDPYEGAYAAFDIW,12.2,21.9,50
GGCGTGTTCCTCGCAT_d02_w185,6,public,IGHV3-74,IGHM,CARGGGYSYGPFDYW,10.6,11.1,10
CGCTGGAGTCACCTAA_d05_w168,6,public,IGHV3-74,IGHA2,CARDSRYGLDVW,9.1,15.38,8
CACATTTCAGGGAGAG_d03_w130,6,public,IGHV3-23,IGHM,CAKDYDSGWYFFDYW,10.0,14.71,7
GATCAGTCACTGTCGG_d08_w146,6,public,IGHV3-7,IGHM,CARDPYTGTYGAFDIW,13.0,17.33,18
CCAATCCGTGCTGTAT_d04_w120,6,public,IGHV1-18,IGHM,CARGGTGSYFFVAPDYW,10.5,11.67,6
AGCTCTCGTAACGCGA_d08_w163,5,public,IGHV3-74,IGHM,CARGGIGSFDYW,9.1,15.14,7
AGCTCTCAGGTGTGGT_d05_w113,5,public,IGHV3-74,IGHA2,CARVLTVYADYW,10.1,15.67,9
TTTCCTCAGTGGACGT_d06_w181,5,public,IGHV3-74,IGHM,CARVWGNDGDFDYW,9.0,11.4,5
CGAGCCATCCCTTGTG_d06_w108,5,public,IGHV3-74,IGHM,CARDQAYSFDYW,9.2,8.75,12
AAGCCGCGTAGGACAC_d02_w159,5,public,IGHV3-74,IGHM,CARDLGVTNWFDSW,10.0,13.53,57
GATTCAGCATACGCCG_d06_w155,5,public,IGHV3-74,IGHM,CARDDYGLNSLDYW,7.9,22.56,16
ACCAGTAGTCCATGAT_d04_w111,5,public,IGHV5-51,IGHM,CARTPVLLRDSSGYYPTMGYYYYGMDVW,19.3,7.33,6
TAGCCGGTCATAACCG_d03_w121,5,public,IGHV3-23,IGHM,CAKGSAAVRPYYFDYW,12.0,17.71,7
GCTTGAATCTTGTACT_d01_w116,5,public,IGHV3-74,IGHM,CARGSSGYDAFDIW,9.8,12.5,6
TCAGCAATCCAAACAC_d09_w153,5,public,IGHV3-74,IGHM,CARGSGGYYYGW,8.0,15.0,27
CGTTAGATCTGTGCAA_d03_w98,5,public,IGHV3-74,IGHM,CVRDNNWAFDYW,8.1,12.7,10
CAAGATCTCCTCTAGC_d08_w108,5,public,IGHV3-74,IGHM,CARYPTTIGYYYYYMDVW,14.4,11.92,13
GAGGTGAAGTGGTCCC_d05_w133,5,public,IGHV5-51,IGHM,CARQGRGDYYFDYW,10.5,9.45,11
ACGGGCTAGGACCACA_d03_w99,5,public,IGHV1-18,IGHM,CARVAEQHLDYYFDYW,11.9,13.14,49
TGAGAGGTCAATACCG_d11_w183,5,public,IGHV1-18,,CARADGWSFDYW,9.6,13.5,8
CACACAAGTAGTACCT_d02_w119,5,public,IGHV3-74,IGHM,CARHQGLLFDYW,7.0,14.83,6
CTGTTTACATTGAGCT_d07_w122,5,public,IGHV3-74,IGHA2,CARVRSTGRFDYW,9.7,16.71,7
CTGCGGACAATAACGA_d07_w102,5,public,IGHV3-74,IGHM,CARGSTTSDYW,8.5,15.27,11
AGCGGTCTCGTTGCCT_d07_w109,5,public,IGHV1-3,IGHM,CARDTGAYSSGWYGFDYW,10.5,13.62,8
GCTGCAGTCAGAGCTT_d11_w132,5,public,IGHV3-7,IGHM,CARDVGTGDDYW,9.4,14.6,10
TTGTAGGTCGATGAGG_d02_w145,5,public,IGHV3-48,IGHM,CTRDIGLVGDYW,8.6,13.57,7
CCTAGCTAGGCTATCT_d05_w113,5,public,IGHV4-59,IGHM,CARGERLGTDYW,8.0,16.56,43
CCTAGCTTCTGAGGGA_d02_w133,5,public,IGHV5-51,IGHM,CARQGSIAARKNWFDPW,12.7,10.7,10
CGTGTAACAAGAAGAG_d02_w169,5,public,IGHV3-48,IGHA2,CARDRNWAFDYW,8.0,17.0,7
GCAATCACATCTATGG_d05_w132,5,public,IGHV3-7,IGHM,CARGLLDYW,5.7,17.43,7
ACTGCTCGTGTGAAAT_d03_w124,5,public,IGHV3-23,IGHM,CAKGGSFSSYYYMDVW,13.9,11.1,10
GTTCGGGGTTCCCGAG_d05_w129,5,public,IGHV3-7,IGHM,CARGSGSPFDYW,8.5,12.38,8
TGAGCATAGGCTAGGT_d04_w112,5,public,IGHV5-51,IGHM,CARHIWGYNIFTGYPYYFDYW,14.5,8.0,8
AGTCTTTGTCTCTCTG_d02_w157,5,public,IGHV4-39,IGHM,CARRRSSGWAYYFDYW,10.0,12.2,5
ATTACTCAGTTTAGGA_d05_w163,5,public,IGHV3-74,IGHA2,CAREGYDGPGKYYFDYW,9.8,11.56,9
AGCGTATAGTCGAGTG_d11_w146,5,public,IGHV3-23,IGHM,CAKDEAVAGNSFYYFDYW,11.0,10.8,5
TGCGTGGAGTAGGCCA_d02_w145,5,public,IGHV3-23,IGHM,CAKLRSVVVVAASNYW,12.0,10.5,10
GCGCCAATCCCTCAGT_d02_w105,5,public,IGHV3-74,IGHM,CARDDRSAYYYFDYW,11.0,10.62,13
CCAATCCTCTGTTTGT_d07_w143,5,public,IGHV3-74,IGHM,CARDGHGDDPIDYW,8.4,11.33,9
CCTAGCTAGCTACCTA_d09_w120,5,public,IGHV3-13,IGHM,CVREGSTLSSAWNNWYFDLW,14.4,15.0,5
CGTTGGGAGTCAAGGC_d04_w120,5,public,IGHV3-74,IGHM,CARGLRGPDYW,7.0,25.9,10
GCTGCGATCAGGTTCA_d02_w99,5,public,IGHV3-74,IGHM,CARGGGAHAFDIW,9.0,19.96,74
AGCATACGTCGGGTCT_d02_w141,5,public,IGHV5-51,IGHM,CARQWGLNGYTYGLDYW,10.7,11.67,6
CTGAAACGTATAAACG_d02_w161,5,public,IGHV3-53,IGHA2,CARGDFEYW,8.5,12.0,6
CCACTACCAGTCAGCC_d02_w147,5,public,IGHV3-23,IGHA2,CAKIAHGDYGGFDYW,10.2,18.12,8
GTGCAGCCATCAGTCA_d02_w178,5,public,IGHV3-74,IGHM,CVRDSATFSYW,8.4,10.0,7
CTGCTGTGTGGCAAAC_d02_w155,5,public,IGHV3-21,IGHG2,CARGELYGMDVW,8.4,16.89,9
CATCAAGCAAGTCTGT_d08_w98,5,public,IGHV3-74,IGHA2,CARGRYYGMDVW,9.6,17.33,9
TGCCCATCACAGGAGT_d03_w140,5,public,IGHV3-7,IGHM,CARDGAPFDYW,8.4,11.23,13
CTGCGGAAGATGTTAG_d06_w97,5,public,IGHV3-53,IGHM,CSRYGSSCFDYW,12.0,12.38,8
AACTGGTCACGGCGTT_d07_w176,5,public,IGHV3-23,IGHM,CAKGYSSGWYYFDYW,10.4,14.62,8
GCATGATAGGTGATAT_d07_w131,5,public,IGHV3-74,IGHM,CARGYHYFDDW,7.6,14.43,7
GAACATCAGCTGCCCA_d07_w167,5,public,IGHV3-23,IGHM,CAKDYCNSPSCRFDYW,13.4,10.2,10
GGGAATGAGTGAACAT_d02_w165,5,public,IGHV3-23,IGHM,CAKVAYSSPWYYFDYW,12.5,13.0,11
CTTACCGAGTACCGGA_d05_w141,5,public,IGHV1-46,IGHM,CARDGTGSYAYFDYW,10.9,11.11,9
AAAGTAGTCCAAATGC_d04_w98,5,public,IGHV3-48,IGHM,CARYGSGSDYKDPFDYW,12.3,24.94,17
GTTAAGCAGTTCCACA_d02_w188,5,public,IGHV3-74,IGHM,CARGLLSGRYYDYW,9.0,14.75,8
CTCGAGGAGATATACG_d09_w136,5,public,IGHV3-74,IGHM,CARDGSGSLPLDYW,9.4,12.4,5
GTATCTTCAGGTGGAT_d10_w159,5,public,IGHV5-51,IGHM,CAKRTYFYDSSGYYLDYW,13.6,10.86,7
TTTCCTCGTACTTCTT_d10_w147,5,public,IGHV3-23,IGHM,CAKDRGPGPDFDYW,10.8,13.6,5
CGTGTAATCTGCTGCT_d05_w146,5,public,IGHV3-74,IGHM,CARDYGGPGSTNAFDIW,11.0,13.43,7
AATCGGTGTGAGGGTT_d09_w171,5,public,IGHV3-7,IGHM,CARIGYSSSSFDYW,10.0,19.0,6
ACTTACTGTGCTTCTC_d07_w156,5,public,IGHV3-23,IGHA2,CAKGDDYWSGGFDYW,12.2,17.6,5
ACGGGCTAGTACCGGA_d09_w113,5,public,IGHV3-23,IGHM,CAKGLYCIGGSCYSIVDYW,14.6,10.14,7
CGCTGGACAGATGGCA_d03_w133,5,public,IGHV3-74,IGHM,CVRDVWGGFDYW,9.2,13.0,8
CTTAACTGTCTAGAGG_d04_w124,5,public,IGHV2-5,IGHM,CAHRRSGYNWNDGDFDYW,13.8,13.0,6
GCTGGGTTCCACGTTC_d05_w143,5,public,IGHV3-74,IGHM,CARDSYQLVGTSYYYYGMDVW,14.2,10.18,22
ACACCAAGTGAGCGAT_d09_w172,5,public,IGHV1-18,IGHG2,CARDLSFWSGQRDYW,8.2,17.5,6
GATTCAGCAGGTCGTC_d01_w115,5,public,IGHV3-48,IGHM,CTRDPEALDFW,7.0,17.05,22
CTGAAGTAGCTGGAAC_d06_w99,5,public,IGHV3-74,IGHM,CARGKYSSIWSFDYW,12.1,10.2,10
CTACGTCCATCAGTAC_d06_w139,5,public,IGHV5-51,IGHM,CARQSSLVAFDYW,9.4,15.62,8
CACACAACAAGGTGTG_d06_w181,5,public,IGHV3-23,IGHM,CAKDRVNYDSSGYYSLLDYW,12.3,7.83,6
CTGGTCTGTGAGTATA_d06_w157,5,public,IGHV3-53,IGHA2,CARGPYGYLPDYW,9.0,7.91,11
AGCGTATAGAGACGAA_d02_w98,5,public,IGHV4-31,IGHM,CARVPYDSSGYGYFDYW,10.4,12.71,7
GTGTTAGAGGCTCTTA_d02_w111,5,public,IGHV3-53,IGHM,CARVNSAHDYFDYW,11.1,9.12,8
CGTCAGGAGGCTAGAC_d04_w107,5,public,IGHV1-46,IGHM,CARDGVGASLDYW,12.0,20.6,10
TGACGGCTCTCCCTGA_d07_w124,5,public,IGHV3-74,IGHA2,CARDFGGSSDYW,8.2,11.79,14
CTCACACGTAATCGTC_d06_w109,5,public,IGHV3-33,IGHM,CVRDWITGYFDYW,9.1,13.29,7
GTGCTTCCATGCCCGA_d02_w131,5,public,IGHV3-7,IGHM,CARDWGAAHFGYYYGMDVW,8.1,14.81,16
TCAATCTAGACTCGGA_d06_w157,5,public,IGHV1-2,IGHM,CARDRAGSYEYW,9.3,16.33,6
AGCTTGAAGGGATCTG_d07_w161,5,public,IGHV3-74,IGHM,CARGSLAVAGNYDAFDIW,11.3,15.0,7
ACAGCTAGTAGTACCT_d04_w100,5,public,IGHV4-39,IGHM,CARRVSGWFYFDYW,12.4,14.2,5
GCGCAGTAGACTGTAA_d11_w143,5,public,IGHV3-74,IGHM,CARDRGYTPDYW,7.9,9.55,11
GCGCGATAGGCGACAT_d01_w130,5,public,IGHV3-74,IGHM,CARDGHGDYPIDYW,11.2,12.38,8
GAATAAGTCTCTTGAT_d06_w181,5,public,IGHV4-39,IGHM,CARIRIAARTGWFDPW,11.8,16.17,6
GGGTTGCGTCGTGGCT_d06_w97,5,public,IGHV3-23,IGHM,CAKEYYDSSGYTFDYW,13.9,11.0,7
AGTGGGAAGTCAAGCG_d03_w98,5,public,IGHV2-5,IGHM,CAHRPSSSGYYGAYYFDYW,11.6,7.0,7
CACATTTCAACGATCT_d06_w109,5,public,IGHV3-53,IGHM,CARVGYTSGWYRDW,10.7,9.58,12
TGAGAGGGTTTGCATG_d01_w98,5,public,IGHV1-46,IGHM,CARDGCITTTCQGGGNWFDPW,16.4,10.25,8
TGGGAAGTCGAGAACG_d02_w192,5,public,IGHV3-33,IGHM,CARNGDGGRQDYW,8.8,6.62,13
TACACGAAGGCCCTCA_d06_w115,5,public,IGHV3-74,IGHM,CTRDRYDYW,6.8,11.33,6
CTGATAGAGCAGGTCA_d02_w159,5,public,IGHV3-74,IGHA2,CARGGIFHGFDIW,9.0,17.0,19
ATCTGCCGTTAAGGGC_d10_w156,5,public,IGHV1-18,IGHM,CARVSLASDYYPWFDPW,10.3,7.44,9
CTGCCTAGTCCTCCAT_d11_w157,5,public,IGHV3-48,IGHM,CARAGGDFNYYYYGMDVW,15.0,6.33,6
TGAAAGAGTAGGCATG_d08_w179,5,public,IGHV3-74,IGHM,CTRGYSGYGNFDYW,9.7,19.07,15
TGAGAGGTCCTAGGGC_d04_w113,5,public,IGHV3-48,IGHM,CARDRDYAFDIW,8.0,10.33,6
TGAAAGACAAGTTCTG_d04_w117,4,public,IGHV1-3,IGHM,CARGTYSSPNCFDPW,10.4,6.73,15
CCTTACGGTCTAGCCG_d10_w144,4,public,IGHV3-23,IGHM,CAKVKYNSGWQFDYW,11.8,11.11,9
TACGGTATCTTGCCGT_d11_w137,4,public,IGHV4-39,IGHM,CVRLPTGYPNWFDPW,13.2,19.88,8
TGCTACCTCATTGCCC_d07_w136,4,public,IGHV3-23,IGHM,CAKESSDFYVDSW,10.7,13.83,12
ACATCAGGTGTTAAGA_d07_w106,4,public,IGHV3-48,IGHM,CARVRGSYSMGGYFDYW,9.8,14.5,8
CATCGGGAGTTTGCGT_d09_w122,4,public,IGHV3-23,IGHM,CAKDLGDSSSDYYYYGMDVW,14.5,13.0,4
TCATTACAGACGACGT_d10_w168,4,public,IGHV3-23,IGHM,CAKALRGGGPPRFYYGMDVW,15.2,15.17,6
GTGCAGCCATCGGGTC_d09_w115,4,public,IGHV3-74,IGHM,CARSPHSWSLDYW,10.0,14.0,5
CACACTCTCTGTTTGT_d07_w144,4,public,IGHV3-7,IGHM,CARVLGNTYGRLDYW,8.8,15.0,4
TTCTACATCTATGTGG_d11_w152,4,public,IGHV6-1,IGHM,CARDPGGAVADW,9.0,12.33,6
ATTACTCAGGCTACGA_d07_w136,4,public,IGHV3-21,IGHM,CAREGDCSGGSCYIFDYW,14.2,15.6,5
CATCAAGCACATGGGA_d07_w116,4,public,IGHV1-3,IGHM,CARDRGDSSGYYLLYYFDYW,12.5,13.17,6
TTTGTCACAACTGCGC_d07_w106,4,public,IGHV5-51,IGHM,CARRLYGDDAFDIW,9.8,9.0,4
GTCGGGTAGCCACGCT_d03_w148,4,public,IGHV5-51,IGHM,CARQLGHFAFDIW,10.2,10.25,4
TGAAAGAGTGATAAGT_d07_w120,4,public,IGHV3-7,IGHM,CAREGSDWYFDYW,9.8,11.83,6
TGACAACAGTCGAGTG_d07_w189,4,public,IGHV3-48,IGHM,CARRATVTYYGMDVW,11.6,20.6,5
CGCTTCATCAGAAATG_d02_w145,4,public,IGHV3-74,IGHM,CARGLYGDPPGFDYW,8.2,10.8,5
TCAATCTCACCTATCC_d02_w122,4,public,IGHV3-48,IGHM,CARDVDWAFDYW,7.0,19.5,4
CAGCAGCGTCCTCTTG_d04_w100,4,public,IGHV3-23,IGHM,CARQLGYCSGGSCYFDYW,14.0,18.22,9
ATGGGAGAGGTGATAT_d07_w98,4,public,IGHV1-69,IGHG2,CARGTGLAGDNDAFDIW,10.2,34.75,4
CTAACTTCACCAGATT_d07_w98,4,public,IGHV3-48,IGHM,CARIGAGWTGFDYW,10.6,11.0,5
TAAGCGTCATGCCTAA_d03_w116,4,public,IGHV3-74,IGHM,CARAGSYRFDYW,8.8,19.0,4
GCGCCAAAGAGACGAA_d09_w137,4,public,IGHV3-7,IGHM,CARDDSRGYYYFDYW,13.2,8.6,5
TTTGTCAAGCTTTGGT_d09_w124,4,public,IGHV3-7,IGHM,CARDYYYGDYW,8.0,15.0,9
AGGGAGTCATTTGCTT_d03_w98,4,public,IGHV3-23,IGHM,CTKEGGLAAPGGGDYW,10.2,17.4,10
GTTCATTGTGCAGACA_d01_w135,4,public,IGHV3-23,IGHM,CAKDRRGNWKYVGAFDLW,13.2,12.75,12
TCGCGAGCAGATCCAT_d03_w115,4,public,IGHV3-74,IGHM,CARDLSYRSGWFDYW,10.8,15.38,8
GTCGGGTTCAGAGCTT_d03_w146,4,public,IGHV3-74,IGHM,CARDLSPAACDYW,8.8,14.75,4
AGAGTGGCACACGCTG_d04_w144,4,public,IGHV5-51,IGHM,CARGVYGDSGYYFDYW,11.6,14.2,5
ATTCTACGTCACCTAA_d06_w121,4,public,IGHV3-74,IGHM,CARGRGAGLYYFDYW,11.0,9.0,5
CTCGAAAAGGAGCGTT_d02_w185,4,public,IGHV4-39,IGHM,CARHSRGRDRASGTHFDYW,11.5,16.25,4
CGTGTAAGTAAGCACG_d02_w116,4,public,IGHV3-48,IGHA2,CARDSNWAFDYW,7.2,15.25,4
TCTTTCCAGTCTCAAC_d03_w98,4,public,IGHV1-3,IGHM,CARGGDYGDYW,8.5,13.25,4
CAGCAGCAGACGCACA_d01_w128,4,public,IGHV3-33,IGHM,CARDDAVTAFDYW,9.5,18.25,4
CTACATTCAGTGGAGT_d02_w108,4,public,IGHV3-74,IGHM,CARGGYGAVDYW,9.0,17.83,6
TGTGTTTTCATCGGAT_d02_w123,4,public,IGHV3-53,IGHM,CARVGYSSGWLRNW,10.0,10.14,7
TCTCATAAGCGTCAAG_d09_w180,4,public,IGHV5-51,IGHM,CARGDDRAPFDYW,11.8,16.75,4
GGGATGACACTAGTAC_d07_w141,4,public,IGHV3-74,IGHM,CARGLFSYGRYGMDVW,13.8,14.2,5
GGATTACGTTTGGGCC_d07_w129,4,public,IGHV3-23,IGHM,CAKVPLGYCSGGSCYFDYW,14.7,20.5,6
CGTCACTGTCGCCATG_d02_w130,4,public,IGHV4-39,IGHM,CARPRGSGYYYYFDYW,12.4,11.8,5
CAACCTCTCGTCGTTC_d07_w98,4,public,IGHV5-51,IGHA2,CARRKPYYDSSGYYYYFDYW,14.6,19.71,7
AGATCTGTCAAACAAG_d10_w129,4,public,IGHV3-74,IGHM,CARSDWFDPW,6.0,14.25,4
TTGTAGGAGGTGCTTT_d06_w109,4,public,IGHV3-48,IGHM,CARDTDWSFDYW,8.4,21.2,5
GGGAATGGTAGAGGAA_d07_w104,4,public,IGHV4-39,IGHM,CARQREGATRNWFDPW,11.2,10.6,5
ACAGCTATCTTAACCT_d02_w179,4,public,IGHV3-23,IGHM,CAKGGGSSGWYGMNHFDYW,11.3,16.0,6
ATCACGACACTTACGA_d06_w97,4,public,IGHV3-23,IGHM,CAKEMYSSGFFDYW,11.8,16.17,6
GACAGAGCACTGTCGG_d02_w140,4,public,IGHV3-23,IGHM,CAKARGSSSWYGEDYFDYW,11.7,14.78,9
CGAGCACTCTGCCCTA_d01_w115,4,public,IGHV3-74,IGHM,CVRVLYNWNDALDYW,11.0,15.5,4
TCTTCGGGTTATGCGT_d03_w113,4,public,IGHV3-7,IGHM,CARDGPAAGLYFDYW,10.5,9.5,4
TAGACCAGTGATGTGG_d02_w156,4,public,IGHV3-74,IGHM,CARELPFDYW,8.0,14.6,5
AGTCTTTCAGGGTACA_d02_w132,4,public,IGHV3-9,IGHG2,CAKDIGSSGYFYYFDYW,10.5,14.5,4
CACATAGGTCGCCATG_d09_w112,4,public,IGHV3-74,IGHM,CARGPYVDSGNYWVGDYW,10.7,8.67,6
CAAGTTGCATCCGGGT_d03_w98,4,public,IGHV4-39,IGHM,CARVLTLNWFDPW,11.8,6.75,4
TATCAGGTCCGGGTGT_d09_w102,4,public,IGHV3-74,IGHA2,CARLRGGYW,11.0,9.75,4
GGGATGAAGTCGATAA_d09_w179,4,public,IGHV4-39,IGHM,CAREIWVGQYYYGMDVW,13.5,15.75,4
AAAGCAAGTGTTAAGA_d01_w100,4,public,IGHV1-8,IGHM,CARGPPNWGFDYW,9.0,7.89,9
ACGCCAGCAGATGGGT_d03_w121,4,public,IGHV3-23,IGHM,CAKHDNGGNSYFDYW,10.4,12.75,12
CGTCCATTCCCTAATT_d05_w112,4,public,IGHV3-23,IGHM,CAKWRSGYNWFDPW,12.0,10.0,5
ACACCAATCAAACCAC_d02_w154,4,public,IGHV3-74,IGHG2,CVRDDIFGRPDYW,7.4,16.0,8
AAGTCTGAGGCGATAC_d04_w109,4,public,IGHV1-8,IGHM,CARGPPNWGFDYW,9.0,11.6,5
ACACCAACATAAAGGT_d02_w108,4,public,IGHV5-51,IGHM,CARGGTDSRVFDIW,10.8,13.5,4
TTCTACAAGGGAACGG_d06_w145,4,public,IGHV1-69,IGHG2,CARQYYDSSGYRHYYHYGMDVW,16.0,15.0,4
GGTGCGTGTTCACCTC_d02_w155,4,public,IGHV4-39,IGHM,CARYRPGGQFYFDYW,12.2,20.4,5
CTACCCACAAGTTGTC_d07_w184,4,public,IGHV3-7,IGHM,CAREYEGGPDYW,8.9,10.57,7
CGCGTTTCATTTCACT_d10_w104,4,public,IGHV6-1,IGHM,CARWRGHFDYW,8.5,5.67,6
TGAGCATTCGGACAAG_d05_w97,4,public,IGHV3-11,IGHM,CARGHYALDVW,7.0,22.51,43
TGCGGGTTCAGAGCTT_d04_w102,4,public,IGHV3-74,IGHG2,CARDTPHVGIDYW,9.1,16.22,18
CACAAACGTGACGGTA_d01_w107,4,public,IGHV2-5,IGHM,CVHRTTVTSVDHW,9.0,17.75,4
GATTCAGGTTCCCTTG_d05_w181,4,public,IGHV3-9,IGHA2,CAKDMSPGGADYW,9.0,24.4,10
TCTGAGAAGGCTCTTA_d02_w163,4,public,IGHV3-74,IGHM,CARYLSPYGMDVW,9.6,13.29,7
GTGCAGCAGCTATGCT_d02_w123,4,public,IGHV5-51,IGHM,CARCNYGSLGYYYAMDVW,14.6,9.8,5
AGTGGGAAGCCGATTT_d11_w140,4,public,IGHV3-74,IGHA2,CARAQLLPDDAFDIW,10.1,7.57,7
CGAACATAGGCAGTCA_d08_w122,4,public,IGHV3-7,IGHM,CARGHYGMDVW,7.0,16.33,6
ACTGTCCGTCCGAATT_d04_w129,4,public,IGHV3-21,IGHM,CARTEHYYYGVDVW,12.2,16.25,4
CGAGAAGGTTGAACTC_d11_w111,4,public,IGHV3-74,IGHM,CARAGDYSSGWYPHFDYW,11.0,11.17,6
GTGTGCGCACCCATGG_d04_w147,4,public,IGHV3-74,IGHA2,CARDPGDGYWYFDLW,13.4,18.38,8
TGGCTGGAGGGTGTGT_d08_w122,4,public,IGHV4-39,IGHM,CARHGDLGSYNWFDPW,13.5,12.5,4
TAAGTGCTCATGTAGC_d02_w105,4,public,IGHV1-2,IGHM,CARAVMGGSNWFDPW,14.2,24.25,8
CAGGTGCAGCCAGGAT_d09_w116,4,public,IGHV3-74,IGHM,CTRGVYSSSSDVW,10.2,14.0,4
AGGGTGAGTAGAGCTG_d09_w116,4,public,IGHV5-51,IGHM,CARRHDFWSGHYFDYW,9.8,10.5,4
ACATCAGTCTTCAACT_d04_w133,4,public,IGHV3-7,IGHM,CARDRGASGIEAFDYW,9.2,12.6,5
CTCGTCAGTTCCGGCA_d05_w174,4,public,IGHV3-23,IGHM,CAKDQQLVRPDYFDYW,12.4,14.4,5
AGTGGGAGTCAACTGT_d06_w181,4,public,IGHV5-51,IGHM,CARPSHGGYDAFDFW,11.2,11.22,9
GCATGTATCCTATGTT_d08_w191,4,public,IGHV6-1,IGHM,CARYGSSWYLDSW,9.0,15.75,4
CCGTACTTCACATACG_d05_w150,4,public,IGHV3-23,IGHM,CARKVGSGWYWDYW,10.0,13.0,5
AAGGCAGCAGTAACGG_d03_w123,4,public,IGHV1-2,IGHM,CARETLDNSNWYFDYW,8.8,12.17,6
TTGGCAATCCCTCAGT_d02_w156,4,public,IGHV3-74,IGHA2,CVRDNYGVDYW,7.3,14.27,11
GTGCAGCCATGGGACA_d02_w119,4,public,IGHV3-9,IGHM,CVKDMSPGGAGVW,9.0,23.5,6
GGAAAGCCAATGGAGC_d11_w126,4,public,IGHV3-7,IGHM,CARIGYSSSSLDYW,10.0,15.4,5
CGCGGTAGTGCAGTAG_d02_w130,4,public,IGHV3-23,IGHM,CAKALIAAAGTGAFDIW,13.0,23.0,8
GTCGTAACACGACTCG_d11_w99,4,public,IGHV3-74,IGHM,CARAGGGRELDYW,9.4,12.6,5
GACGGCTAGAGGTTAT_d07_w99,4,public,IGHV1-18,IGHA2,CARLAGDYFDSYYYYGMDVW,15.8,17.0,5
AGTGGGAAGTTAGGTA_d07_w139,4,public,IGHV3-23,IGHM,CAKGSIEGSTPYIHYFDYW,14.9,17.87,175
CCTACCACAGCCACCA_d08_w132,4,public,IGHV3-74,IGHM,CAKSDWFDPW,6.0,16.71,7
TCAGCAAGTCGGCACT_d10_w188,4,public,IGHV1-18,IGHM,CARGGMGSADYW,9.2,11.36,11
GGTGAAGTCGAGAACG_d04_w121,4,public,IGHV4-31,IGHG4,CARDYSGYGYFDFW,12.8,9.25,4
CGTGTCTGTTCCATGA_d03_w111,4,public,IGHV2-5,IGHM,CAHRRNSGWPFFDYW,11.8,7.0,4
CTTAACTGTAGAGTGC_d04_w159,4,public,IGHV3-74,IGHM,CIRAGGATGVGFDPW,10.2,10.8,5
GTAACGTGTCAGCTAT_d04_w181,4,public,IGHV3-23,IGHM,CAKAPSSTVIYYFDYW,13.5,13.0,4
TTGGCAAGTCCGAGTC_d06_w133,4,public,IGHV1-2,IGHM,CARDGNFDYW,6.0,16.17,12
TCAGGTATCATACGGT_d02_w189,4,public,IGHV3-7,IGHM,CARGPYGMDVW,11.5,11.0,4
CTCTGGTAGTGGTCCC_d03_w130,4,public,IGHV3-23,IGHM,CAKDRYYHFWSGYSPFDYW,10.9,14.57,7
AGTGGGAGTTGGTGGA_d02_w171,4,public,IGHV3-48,IGHM,CARWDYFDYW,8.2,14.67,6
AATCGGTAGTTCCACA_d02_w128,4,public,IGHV3-23,IGHM,CAKGSLYDSSGYYHSYYFDYW,14.6,11.0,5
CTACGTCGTCCAGTAT_d05_w187,4,public,IGHV5-51,IGHM,CARQDGDQLYYFDYW,10.2,5.6,5
TACGGGCTCTCCAACC_d07_w135,4,public,IGHV3-48,IGHM,CAREYSSSSGDAFDIW,12.2,6.05,21
ATGCGATGTCTGATTG_d04_w104,4,public,IGHV5-51,IGHM,CARLLSKGSGYSSGWPFDYW,15.2,13.92,13
GCGGGTTGTGGTCCGT_d04_w148,4,public,IGHV3-7,IGHA2,CARGHFGMDVW,7.0,21.83,6
CACCACTCACGGTAAG_d05_w113,4,public,IGHV3-74,IGHM,CARGGNAHAFDIW,10.2,12.0,5
CCCATACTCGAGAGCA_d02_w152,4,public,IGHV3-7,IGHM,CARIGYSSSSLDYW,9.8,9.17,6
CTCATTATCTTTACGT_d05_w97,4,public,IGHV3-48,IGHM,CARDSSSYYMDVW,9.5,12.75,4
GTCACAATCAGTGCAT_d09_w130,4,public,IGHV3-74,IGHA2,CVRGTSGWNGFDYW,10.0,21.8,5
CGGGTCAGTACAGCAG_d07_w120,4,public,IGHV5-51,IGHM,CARRDSGNTDAFDIW,11.2,12.0,4
CGATGGCAGGTCATCT_d05_w111,4,public,IGHV5-51,IGHM,CARLPTARIRGYYFDFW,9.0,10.5,8
GGGTCTGGTCATACTG_d03_w140,4,public,IGHV1-3,IGHM,CARDLYDSSGYFDYW,13.1,13.43,7
GTCACGGTCACAGGCC_d02_w104,4,public,IGHV1-8,IGHM,CARVNGDPDYW,7.0,14.35,60
TCGAGGCAGACAGGCT_d03_w129,4,public,IGHV3-21,IGHM,CARWRWRQSEFDYW,11.2,9.25,4
CATCGAAGTCAGAAGC_d02_w126,4,public,IGHV3-74,IGHA2,CVRDYYTFDYW,8.6,16.5,8
GACTGCGCATCACCCT_d03_w147,4,public,IGHV1-3,IGHM,CARAVVQNWFDPW,9.2,11.77,13
ATGGGAGGTTGAACTC_d07_w98,4,public,IGHV6-1,IGHM,CARGVHTTSPGDNWFDPW,12.3,8.17,6
ACTTACTGTGTGAAAT_d07_w126,4,public,IGHV3-74,IGHM,CARDGYTGYSSSWPDYW,10.5,9.67,6
TTCTTAGCATCCTAGA_d08_w102,4,public,IGHV3-23,IGHM,CAKGRYSGNYYGMDVW,13.8,14.0,4
GGCCGATTCAGCACAT_d11_w171,4,public,IGHV4-59,IGHM,CARGIGYYYYFDYW,12.3,13.5,6
ACGAGCCAGTGGGTTG_d04_w99,4,public,IGHV3-53,IGHA2,CARDRYYYDSSGGGAFDYW,13.2,14.75,4
ATTACTCGTTGAACTC_d07_w131,4,public,IGHV3-9,IGHM,CAKDRGIYSGSPRSNYYYGMDVW,16.0,7.0,4
GCTGCAGAGTGACTCT_d05_w167,4,public,IGHV3-7,IGHM,CVRDGSSGWHFDYW,8.7,17.67,6
GTTCGGGAGTATGACA_d05_w139,4,public,IGHV3-74,IGHM,CTRGLGDYW,7.0,11.5,4
GCGCCAACAAGCTGTT_d07_w140,4,public,IGHV3-48,IGHM,CARDLNYYGSGNYFSYW,13.3,11.17,6
TCAACGATCAGCTCGG_d08_w155,4,public,IGHV4-39,IGHM,CARLYSGSRPPDYW,10.8,13.5,4
CCCATACAGCTCAACT_d04_w99,4,public,IGHV3-23,IGHG2,CAKQSGYYVGYFDFW,12.0,12.0,4
GGACAGAAGTGGTAGC_d02_w152,4,public,IGHV3-23,IGHM,CAKGDSNSGYYYYYGMDVW,14.4,13.4,5
GATTCAGAGGACACCA_d07_w136,4,public,IGHV3-74,IGHG2,CARDGGSSTWRGLIDYW,10.8,9.5,4
GATCTAGCATTACGAC_d04_w100,4,public,IGHV3-72,IGHM,CARVTNGNRLYYFDHW,12.4,6.54,37
GTATTCTTCATGTCTT_d02_w135,4,public,IGHV3-74,IGHM,CARDKSGSQYYLDYW,11.0,11.4,5
TAGGCATAGGGCTTCC_d02_w143,4,public,IGHV3-7,IGHM,CARGRGLDDW,6.8,10.8,5
ACCGTAAAGGAACTGC_d04_w106,4,public,IGHV3-7,IGHA2,CARGYWDRYSSTSFLDYW,12.8,16.75,4
TTCTCCTTCCTGCCAT_d07_w154,4,public,IGHV3-48,IGHM,CANGGYYDSGRYFDYW,10.7,10.83,6
GTAACTGCACCTGGTG_d06_w124,4,public,IGHV3-23,IGHM,CAKDHSSGWYGGSFDYW,11.2,11.67,6
CTTCTCTCACGGCGTT_d05_w105,4,public,IGHV1-2,IGHA2,CARGYYDSRPQGDYW,10.3,13.0,6
GACCAATGTACCATCA_d06_w109,4,public,IGHV3-7,IGHM,CARAASAGTVDYW,9.0,14.67,6
TGTCCCATCACTATTC_d10_w155,4,public,IGHV3-21,IGHA2,CARDLGHVNYFDYW,11.5,12.75,4
CTTACCGCAAGTAGTA_d07_w141,4,public,IGHV1-18,IGHM,CSREKPTTGSDYW,7.4,13.8,5
TGGCCAGCACCATGTA_d09_w107,4,public,IGHV4-39,IGHM,CVRHAGYDTYSLYYMDVW,15.4,12.71,7
CCGGGATCACGGCGTT_d11_w136,4,public,IGHV3-7,IGHM,CARARGSYSFDYW,10.0,12.33,6
GATTCAGCAACTGCTA_d05_w99,4,public,IGHV3-33,IGHM,CARDRGKVALDYW,9.4,20.2,5
GACGCGTGTACCATCA_d08_w98,4,public,IGHV3-48,IGHM,CARDSQFAFDYW,9.2,7.8,5
CGATCGGGTAGCGCAA_d02_w168,4,public,IGHV3-23,IGHM,CAKDYCSGGTCYLDYW,14.1,12.91,11
ACGGGTCTCACCACCT_d07_w105,4,public,IGHV5-51,IGHM,CARRDYYGSGGYYGAFDYW,14.3,11.74,19
GGTGAAGAGTGACATA_d07_w104,4,public,IGHV3-23,IGHM,CAKDQRHCRGGGCYGWFDPW,14.8,16.0,8
TGGCCAGAGAACTCGG_d11_w111,4,public,IGHV3-23,IGHM,CAKGSAAARPYYFDYW,12.6,10.6,5
CGAGCACCAGTTTACG_d04_w135,4,public,IGHV5-51,IGHM,CARLSGGSYYDFDYW,13.4,9.4,5
CGAATGTCACGAGGTA_d02_w102,4,public,IGHV3-53,IGHM,CARNGYTSGWYRHW,10.0,13.77,13
GAACGGAGTTACCAGT_d08_w136,4,public,IGHV3-7,IGHM,CVRGDLDYW,6.5,19.17,6
CTCGAAAGTCCATCCT_d07_w99,4,public,IGHV3-7,IGHM,CARIMSGPCFDYW,9.8,12.6,5
GTCCTCATCAACACCA_d05_w128,4,public,IGHV3-23,IGHA2,CAKDAGYRSGWDYW,13.0,13.6,5
GGGAGATCATGGAATA_d02_w183,4,public,IGHV3-74,IGHM,CARDLEAGGLDYW,8.6,9.2,5
ACGGAGACAGACGCCT_d02_w100,4,public,IGHV3-74,IGHM,CVRGTTYWNGVDYW,10.0,23.29,7
AGAGTGGGTGGACGAT_d04_w115,4,public,IGHV3-53,IGHA2,CARLYYYDSSGYPGPFDYW,13.0,12.0,4
GCATACACACGGCTAC_d09_w185,4,public,IGHV3-53,IGHM,CVRQGLDYYYYGMDVW,13.8,14.0,4
GCATGATGTGCCTTGG_d02_w172,4,public,IGHV3-74,IGHA2,CQRGGLEPFDYW,7.5,12.25,4
ATTGGTGGTAGGGACT_d05_w184,4,public,IGHV5-51,IGHM,CARRSASYGFFDYW,10.8,12.75,4
GATCGATTCTCTAAGG_d08_w133,4,public,IGHV4-39,IGHM,CARESRYGRGWFDPW,11.5,9.5,6
CGGGTCAGTGCGATAG_d07_w98,4,public,IGHV5-51,IGHM,CARRYSSLEYFDYW,11.8,6.67,9
AGCGGTCGTATGGTTC_d07_w107,4,public,IGHV3-7,IGHM,CARDGSGWSAYW,8.0,25.87,15
TGGCTGGCACATTAGC_d05_w108,4,public,IGHV5-51,IGHM,CARQIHYGDYYFDYW,13.3,10.73,11
ACGCAGCTCTACTTAC_d04_w104,4,public,IGHV3-7,IGHM,CARDPDNYNSNGPEFDPW,14.0,18.74,19
CTGAAGTAGTCACGCC_d04_w97,4,public,IGHV3-30,IGHM,CARDLHRSAAYYFDYW,12.5,10.5,8
CGATCGGCAAGGTTTC_d02_w131,4,public,IGHV3-30,IGHM,CAREGYSSGHCGAFDIW,12.2,17.75,4
GGACATTTCAGCATGT_d07_w98,4,public,IGHV5-51,IGHG2,CARHKYTSSSGDYW,10.6,17.5,8
ATTTCTGAGTTTAGGA_d07_w124,4,public,IGHV5-51,IGHM,CARLDSSSSIYYYQYGMDVW,16.6,7.2,5
GATGCTACAGCTGTTA_d07_w139,4,public,IGHV3-74,IGHM,CTRDSGSYSDDYW,9.8,12.0,5
CGTAGGCTCATCTGCC_d10_w192,4,public,IGHV1-46,IGHM,CARDDIRYYYGMDVW,9.8,14.17,6
TCTTCGGGTTGATTGC_d11_w111,4,public,IGHV3-74,IGHM,CTRDSYDNFRYYGMDVW,13.5,18.8,10
TGAAAGATCGTGTAGT_d06_w145,4,public,IGHV3-7,IGHM,CARIGYSSSSFDYW,10.2,15.0,4
GCATGTAGTGCAGACA_d02_w143,4,public,IGHV4-39,IGHM,CTRHIRLGEFDYW,9.8,9.0,5
CCTACCATCGGATGGA_d09_w99,4,public,IGHV3-74,IGHM,CARQYSSSSGLDYW,10.8,13.2,5
GACAGAGTCATTTGGG_d07_w131,4,public,IGHV5-51,IGHA2,CARLQYSSGWYVDYW,11.3,5.67,6
GACACGCCAGATGGCA_d10_w167,4,public,IGHV3-23,IGHM,CAKDRGAYGSGSYYEYYFDYW,13.4,14.43,7
GCTGCTTCAGTTTACG_d02_w170,4,public,IGHV3-74,IGHM,CTRDLDHW,7.8,17.0,4
CTGATAGGTGCTTCTC_d03_w123,4,public,IGHV1-3,IGHG2,CARGATGFDYW,8.6,19.0,5
CGAGAAGGTTCCCGAG_d05_w98,4,public,IGHV3-23,IGHM,CAKDGFHYYDSSGYDWRGAFDIW,16.5,12.5,4
TACGGTACAAACTGCT_d09_w156,4,public,IGHV3-53,IGHA2,CARVRDRYTSAWATFDYW,11.7,25.33,6
CTTAGGATCAGCAACT_d07_w124,4,public,IGHV4-39,IGHM,CARQGGYPTYYFDYW,11.2,12.75,4
GCGCAGTAGTGCAAGC_d06_w181,4,public,IGHV3-23,IGHM,CAKDRAYDSSGYYYDSFDYW,14.0,8.67,6
CGTCCATAGGACAGCT_d08_w123,4,public,IGHV1-3,IGHA2,CARGTGTSWFDTW,10.0,18.6,5
CACTCCAAGACCTTTG_d07_w131,4,public,IGHV3-48,IGHM,CARDDNWGFDYW,9.7,16.71,7
CAGCTGGGTACGCTGC_d07_w131,4,public,IGHV5-51,IGHM,CARHVRGSFHFDYW,11.1,10.29,7
CTTAGGATCTAGAGTC_d09_w130,4,public,IGHV3-7,IGHM,CARGHYGMDVW,12.8,14.6,5
TACGGGCCAGCTCGAC_d03_w131,4,public,IGHV3-48,IGHM,CARGYYGDYYFDYW,11.6,12.8,5
TCGCGAGGTAAACCTC_d09_w129,4,public,IGHV2-5,IGHM,CAHSSYDSSGYYYFDYW,12.6,9.6,10
CTAGAGTTCGGTGTCG_d05_w150,4,public,IGHV3-74,IGHM,CAREVSGSYDYW,9.0,10.57,7
GCTCCTAAGTGGTAGC_d05_w170,4,public,IGHV3-7,IGHM,CARIGYRSSSFDYW,10.0,11.75,4
CATCAAGTCTTTACGT_d07_w129,4,public,IGHV2-5,IGHG2,CAHRIGEFNTGGLFDYW,10.4,12.2,5
AGCGTATGTCGCGTGT_d07_w170,4,public,IGHV3-23,IGHM,CAKDLYTMVRGEWDAFDIW,11.8,13.33,6
TGGCCAGCACATCTTT_d06_w133,4,public,IGHV3-74,IGHM,CARVRDLGRGTLYYYGMDVW,13.2,10.2,5
GAATAAGGTGAGGGAG_d06_w178,4,public,IGHV1-18,IGHA2,CARDPSSSTPYYYGMDVW,15.2,31.25,4
GTATTCTGTTACGGAG_d11_w105,4,public,IGHV3-23,IGHM,CAKVSPIGHWYFDLW,10.4,18.78,45
TGCCCATCATTCCTCG_d02_w144,4,public,IGHV3-23,IGHM,CAKVPRGSGWYYFDYW,11.7,18.17,6
CTCACACTCTGTCCGT_d04_w119,4,public,IGHV3-33,IGHA2,CARDLDGGPAYDYW,9.6,21.8,5
TTGTAGGTCTGCTTGC_d11_w160,4,public,IGHV3-7,IGHM,CARDGSGWGFDCW,10.2,10.3,10
CCTAGCTGTCGGCATC_d11_w147,4,public,IGHV5-51,IGHM,CARYDYVWGRYRYYFDYW,11.4,10.6,5
TAAACCGAGGACTGGT_d06_w188,4,public,IGHV3-48,IGHA2,CVRDFNWAFDYW,10.3,16.17,6
TTTGTCAGTACTTCTT_d03_w139,4,public,IGHV3-74,IGHM,CARDSPYGDHRFDYW,10.3,14.86,7
AGTCTTTCACTGTTAG_d01_w119,4,public,IGHV3-53,IGHA2,CARGPDATPWYYGMDVW,10.0,20.6,5
TACAGTGTCACTTACT_d06_w157,4,public,IGHV1-18,IGHM,CAKDSLYSSDWPYYFDYW,12.0,4.4,5
CTGGTCTGTGTGGTTT_d02_w153,4,public,IGHV3-23,IGHM,CVRDQLYYYGMDVW,13.0,19.75,4
GAGCAGACACGGATAG_d11_w192,4,public,IGHV3-23,IGHM,CAKGTISGTAYFDYW,11.4,18.82,11
TGTATTCCATTTGCTT_d11_w135,4,public,IGHV3-48,IGHA2,CVRDYDWAFDYW,9.1,19.57,7
AAAGATGAGTGTCTCA_d01_w109,4,public,IGHV3-23,IGHM,CAKGGGLLSGYNQYYFDYW,12.0,15.0,6
TCAATCTTCCCAAGTA_d06_w181,4,public,IGHV4-59,IGHM,CARRGYFDYW,9.0,11.5,4
CCACTACAGGTGCTAG_d08_w106,4,public,IGHV3-23,IGHM,CAKGSAPARPYYFDTW,12.0,15.5,12
CGTCCATTCCGTCAAA_d06_w169,4,public,IGHV1-18,IGHA2,CAREDSSGYYNFDYW,13.4,14.4,5
CAGCTAATCTGAGGGA_d09_w170,4,public,IGHV5-51,IGHM,CARQGTMVTLDYW,9.6,14.8,5
TGCCCTATCAGCACAT_d05_w112,4,public,IGHV3-7,IGHM,CARDAERYW,7.2,13.5,4
CCTTTCTCAGTTCCCT_d11_w119,4,public,IGHV3-48,IGHM,CARGGSQYDYNYYGMDVW,14.7,15.0,6
TGGGCGTTCCGTTGCT_d03_w139,4,public,IGHV3-48,IGHM,CARGGYCSGGLCYHFNAFDIW,15.9,16.83,12
AATCCAGAGAAGGACA_d09_w99,4,public,IGHV3-53,IGHM,CARGGQYQDSSGYRPFDYW,10.8,19.0,6
GGCAATTAGCGATAGC_d02_w131,4,public,IGHV3-7,IGHM,CARDVVGALDYW,8.4,18.38,8
CAGCCGAGTCATGCCG_d02_w170,4,public,IGHV3-48,IGHM,CARYGDFDYW,8.6,7.8,5
AGCTCTCCACATTAGC_d03_w106,4,public,IGHV3-7,IGHM,CARDMYGGTDYW,8.4,15.75,8
GTTCGGGGTGCGATAG_d06_w97,4,public,IGHV3-23,IGHM,CMKGGWGDEFDYW,12.0,13.75,4
GAACCTAAGTTTGCGT_d09_w100,4,public,IGHV3-30,IGHM,CARVYDYSNGFDYW,13.2,11.6,5
GGGCATCAGTCTCGGC_d07_w129,4,public,IGHV3-23,IGHM,CAKGQGYSSSWYLDYW,11.6,9.8,5
TCTCTAATCGTTACAG_d10_w153,4,public,IGHV3-23,IGHM,CAKAESGPWYFDLW,11.3,9.17,6
CTGTGCTCACAAGCCC_d02_w123,4,public,IGHV3-23,IGHM,CARDPNGDYVGAFDSW,12.0,25.57,7
CGCGGTAGTACAGACG_d07_w136,4,public,IGHV3-7,IGHM,CARAGSRGSVDYW,9.2,12.2,5
AAAGTAGGTGAGGGAG_d06_w108,4,public,IGHV3-74,IGHM,CARGYYYGSGSFYSPFDYW,11.2,13.6,5
ATTATCCTCGAGAGCA_d10_w150,4,public,IGHV4-39,IGHA2,CARRGPAGRGFDYW,11.5,12.75,4
CAAGTTGCACTCAGGC_d02_w148,4,public,IGHV4-39,IGHA2,CARHFWSSGSYQYFDYW,10.5,13.0,4
AGATTGCGTACTTGAC_d09_w140,4,public,IGHV3-21,IGHA2,CARDLLVGDSGDYYSWGFDYW,14.4,14.0,5
CCGGGATGTAAGTGGC_d03_w106,4,public,IGHV1-18,IGHM,CARDPSNTSGRYQYFDNW,11.1,15.71,7
CATGACACAAGTTGTC_d08_w170,4,public,IGHV3-74,IGHM,CARDLTWNQADYW,8.8,10.0,6
GTAACTGCATCGGACC_d10_w133,4,public,IGHV3-7,IGHM,CARDIEAFDYW,5.6,20.43,7
TCCACACGTTGCGCAC_d03_w131,4,public,IGHV3-48,IGHM,CARGLSSSWFAYW,10.5,10.25,4
TGACGGCTCAGCATGT_d09_w180,4,public,IGHV5-51,IGHM,CARQSELFEFDYW,10.0,10.2,5
TGCACCTCACAGCGTC_d09_w139,4,public,IGHV1-18,IGHM,CARGGYSSGYDYW,9.8,19.6,5
GTAGTCAGTCGCCATG_d07_w144,4,public,IGHV6-1,IGHM,CARAFHSYYFDYW,9.5,7.0,4
CTACCCATCCTTCAAT_d06_w169,4,public,IGHV3-23,IGHM,CAKVRIPGGGDFWYFDLW,13.2,21.2,5
CTTTGCGGTCAAGCGA_d09_w104,4,public,IGHV3-53,IGHA2,CARGEDFGGSWYYFDYW,12.2,19.8,5
GTAGTCATCAAGGTAA_d04_w104,4,public,IGHV1-3,IGHG2,CARYGDPSYYFDYW,12.3,27.5,6
CTCGAAACACCGATAT_d04_w98,4,public,IGHV3-33,IGHM,CARIGSSWQTDYW,11.8,6.4,5
ATCATGGCAGTATGCT_d08_w167,4,public,IGHV6-1,IGHM,CARGSTSSGSPMFFDYW,10.5,12.12,8
GGAGCAAAGAGAGCTC_d02_w133,4,public,IGHV3-7,IGHM,CARDGVAPGVYFDYW,10.0,11.25,4
GGGTTGCAGCATGGCA_d07_w104,4,public,IGHV3-49,IGHM,CTRETTNYW,8.0,9.4,5
GCAGCCATCGAGAACG_d02_w130,4,public,IGHV3-48,IGHM,CAREYSSSSGKCFDYW,10.0,9.5,6
CGGCTAGAGCCGTCGT_d02_w102,4,public,IGHV3-7,IGHA2,CARDSPTYDYW,7.7,12.33,6
TTTGCGCAGTACTTGC_d09_w117,4,public,IGHV3-74,IGHM,CARSSQNAFDIW,8.8,11.17,6
GTAACTGCATGCAACT_d09_w124,4,public,IGHV3-7,IGHM,CARWARGGDYW,4.7,17.14,7
ACACCAAAGGGAGTAA_d03_w102,4,public,IGHV1-18,IGHM,CARDVEGRIAARQDYYYMDVW,14.8,13.0,4
CATTATCGTTTGTTGG_d03_w102,4,public,IGHV3-7,IGHM,CARDGVAPGVYFDNW,11.0,12.36,14
AGCGTCGGTGTCTGAT_d11_w192,4,public,IGHV6-1,IGHM,CARWPGSGSRHFDYW,8.4,12.8,5
CTCGAGGGTCCGTGAC_d07_w104,4,public,IGHV3-7,IGHM,CARDSGEGWYFDLW,10.0,10.0,5
GGACATTCAACACGCC_d04_w171,4,public,IGHV3-74,IGHA2,CARDQDGAGGTVDYW,10.5,17.75,8
CGATGTACAGTCGTGC_d02_w161,4,public,IGHV1-18,IGHA2,CARGEFSGSHLGGFDYW,10.0,21.12,8
CATCAGAAGAAGAAGC_d07_w113,4,public,IGHV3-74,IGHA2,CARDWYYDSSGKFDYW,9.8,7.6,5
ACATGGTGTCGCATCG_d04_w102,4,public,IGHV3-23,IGHM,CAKGAPLDSFDYW,9.6,9.6,20
GATGAGGGTCCGAACC_d10_w187,4,public,IGHV3-7,IGHM,CARGVFTFDYW,7.2,8.66,32
CAGCATAAGTGAATTG_d07_w179,4,public,IGHV3-7,IGHM,CARDYSYSSSSPLYYFDYW,11.3,12.5,6
TCTATTGCAGGAATGC_d02_w161,4,public,IGHV5-51,IGHG2,CARRGYYESSGYGDYW,11.6,12.4,5
CAGGTGCGTATCTGCA_d06_w105,4,public,IGHV3-23,IGHM,CAKDLDGTGYQYYNYGMDVW,16.8,16.0,5
CATTCGCGTCTCCACT_d11_w143,4,public,IGHV3-7,IGHM,CARGHYGMDVW,7.0,18.56,9
CTTCTCTCACATGGGA_d03_w97,4,public,IGHV5-51,IGHM,CARNGGGPTPFDYW,10.2,12.75,4
ACTATCTTCTACGAGT_d03_w97,4,public,IGHV3-74,IGHM,CARDGVDYDGKAWGVDYW,13.0,12.24,21
CGAGCACAGTGTCTCA_d07_w155,4,public,IGHV3-23,IGHM,CARGAYGDYDYW,10.3,10.33,6
CTTTGCGTCCTCTAGC_d05_w176,4,public,IGHV3-74,IGHM,CARGGSYYGLGSYYYGMDVW,17.6,12.6,5
AGACGTTTCACTATTC_d02_w120,4,public,IGHV3-23,IGHM,CAKGSSSSRPYYFDYW,12.0,17.45,11
GTGCTTCTCTCGCTTG_d08_w145,4,public,IGHV3-74,IGHM,CARGGYNHAFDIW,9.0,20.5,18
TGCCAAACAGACGTAG_d03_w102,4,public,IGHV1-3,IGHM,CARWGDGGKIDYW,10.2,17.5,4
ACGCAGCTCACTATTC_d06_w97,4,public,IGHV3-48,IGHM,CARDGVIVGGIRSAFDIW,9.5,10.0,4
TCAGCAAAGGTGATTA_d04_w100,4,public,IGHV5-51,IGHG2,CARLLFRGGDFDPW,11.4,18.0,5
CTCGTACAGTTGTAGA_d01_w144,4,public,IGHV4-39,IGHM,CARLYSGSRPPDYW,9.6,13.67,9
GCGGGTTTCGCAGGCT_d07_w179,4,public,IGHV3-23,IGHM,CAKFASSDWYEDYW,11.4,11.5,8
GTGAAGGAGTCGAGTG_d02_w145,4,public,IGHV3-23,IGHM,CAKGGGSSPFDYW,9.6,15.29,7
GTACTCCCATTTGCTT_d05_w106,4,public,IGHV1-8,IGHM,CARGHSGSYAAYFDYW,11.6,15.4,5
TGACTTTTCCAAGCCG_d06_w181,4,public,IGHV4-34,IGHM,CARGGYGEYEYYYYGMDVW,15.8,14.8,5
GAACCTACAACTTGAC_d01_w97,4,public,IGHV1-18,IGHM,CARGRYGDYW,6.4,8.4,5
TCTGGAATCCGCGTTT_d09_w104,4,public,IGHV5-51,IGHM,CARSRYCSGGSCYPDYW,13.2,9.33,6
CGTCTACTCCGTTGTC_d03_w148,4,public,IGHV3-33,IGHM,CARWVQGVSFDYW,10.8,9.33,6
ACGGAGACAAGACACG_d07_w148,4,public,IGHV5-51,IGHM,CARRYLRDGSSEYHFDYW,10.3,12.33,6
GTGTGCGAGTGTGGCA_d05_w129,4,public,IGHV1-18,IGHA2,CARSGHYYDFYGMDVW,12.0,14.5,4
GCGCGATGTCAAAGCG_d07_w116,4,public,IGHV6-1,IGHM,CARGGYGAAVADFDYW,11.0,11.0,7
CGAGCACTCAGCTCGG_d08_w102,4,public,IGHV3-7,IGHM,CARIGYSSSSFDYW,10.0,16.75,4
AGCGTCGGTACCGCTG_d06_w109,4,public,IGHV5-51,IGHM,CARHKVRYYYYGMDVW,11.4,8.6,5
TCTTCGGTCCGGCACA_d11_w122,4,public,IGHV3-53,IGHM,CARGHCSGGSCYFDYW,11.8,12.5,4
GCCTCTAAGTACGATA_d10_w156,4,public,IGHV5-51,IGHA2,CARHPSGSYHFDYW,11.0,6.6,5
CCGTACTCAATCGGTT_d01_w120,4,public,IGHV3-74,IGHM,CAKSDWLDPW,6.0,22.75,4
GTCACGGTCTTAACCT_d02_w150,4,public,IGHV1-3,IGHM,CARQYESSGYCFDYW,14.0,15.25,4
GATGAAATCTGCGACG_d02_w185,4,public,IGHV5-51,IGHM,CARLPGPFYFDYW,9.2,10.4,5
TGGCTGGCAGCGTCCA_d01_w113,4,public,IGHV2-5,IGHG2,CAHSPAGGIWFDPW,10.4,17.4,5
ACGTCAACATCCTTGC_d11_w108,4,public,IGHV3-23,IGHM,CAKGRPSDYSGYDYRGFDYW,12.2,9.5,4
GGCCGATTCGTCACGG_d05_w167,4,public,IGHV5-51,IGHM,CTRGGNGYPFDYW,11.5,15.83,6
ACGAGCCAGCTAGTTC_d10_w168,4,public,IGHV3-23,IGHA2,CAKGDYIGATQYYFDYW,10.8,16.25,4
ATCCGAAGTAGCGTAG_d08_w126,4,public,IGHV3-7,IGHM,CARGGHWSFDLW,10.6,12.2,5
AGCTCCTCAGTATGCT_d11_w183,4,public,IGHV4-31,IGHA2,CARERLDSGDLYYFDYW,9.6,12.6,5
TGGCTGGCACGAAATA_d07_w104,4,public,IGHV6-1,IGHM,CARGGYGAAVADFDYW,10.0,12.57,7
TTATGCTCACTTACGA_d08_w179,4,public,IGHV3-48,IGHM,CARDPYISTPGYFDYW,9.6,17.6,5
AGCCTAACAGGTCGTC_d11_w100,4,public,IGHV5-51,IGHM,CARLEGGPPDYW,10.0,9.0,8
CTACACCAGGACACCA_d04_w98,4,public,IGHV5-51,IGHM,CGRRRGLSYDDAFDIW,11.8,16.89,36
GATCGTATCGTTACAG_d09_w135,4,public,IGHV3-74,IGHM,CARQSGYSFDYW,9.0,11.0,4
GAGGTGACAATGTAAG_d07_w99,4,public,IGHV5-51,IGHM,CARLSARPEDYFDYW,11.6,11.0,5
TCACGAATCGGAGCAA_d06_w169,4,public,IGHV3-7,IGHM,CARDRTWGYSYGYDGMDVW,14.2,8.75,4
GGAAAGCAGGTAAACT_d03_w123,4,public,IGHV1-3,IGHM,CARGACSGCYLIDYW,13.5,8.0,4
ACTATCTAGGTGTTAA_d07_w128,4,public,IGHV3-33,IGHM,CARWVGATTKGGYYFDYW,11.6,7.0,5
GTAGTCAAGCTAAGAT_d07_w102,4,public,IGHV5-51,IGHA2,CARRDYRDSKDYW,10.6,10.6,5
TGGCCAGGTCTTCGTC_d07_w137,4,public,IGHV3-23,IGHM,CAKNGLAFDYW,10.4,19.2,5
CGGGTCAGTGTAATGA_d02_w130,4,public,IGHV5-51,IGHM,CARHGGSSVFDGMDVW,11.8,6.25,4
GATGAGGGTTACCGAT_d04_w100,4,public,IGHV3-48,IGHM,CARDRDLGDYVEFDYW,11.2,5.88,8
GCTGCTTAGCGTCAAG_d09_w153,4,public,IGHV3-74,IGHM,CARGGGYSYGKFDYW,10.3,10.0,6
CGATGGCAGGAATCGC_d11_w174,4,public,IGHV3-7,IGHM,CARGPDYGDFYFDYW,9.6,12.14,7
CGGAGTCCAATCACAC_d10_w156,4,public,IGHV1-46,IGHM,CARAGSGTVGVDYW,11.2,9.0,4
TGACTAGTCCTTGGTC_d11_w189,4,public,IGHV1-2,IGHM,CAKAGGATYTYFDYW,12.5,18.5,4
CCTTTCTGTCGTCTTC_d07_w115,4,public,IGHV3-74,IGHM,CARGVGGMSYFDSW,9.2,9.6,5
CCTAGCTCACCTTGTC_d08_w133,4,public,IGHV3-74,IGHM,CAKSDWFDPW,7.4,18.71,7
CGAGCACGTCGACTGC_d11_w160,4,public,IGHV3-74,IGHM,CARAGRTWLPEYYGMDVW,9.4,17.0,5
TCGCGAGGTTCCCTTG_d03_w146,4,public,IGHV1-18,IGHM,CARGTSGPPDYW,10.0,11.0,4
ACCAGTACAGCGATCC_d02_w100,4,public,IGHV3-21,IGHM,CARDRGSPFYMDVW,10.2,16.0,4
GCTGCTTTCCGATATG_d09_w115,4,public,IGHV3-74,IGHG2,CARDTTLSGTGPHFDLW,10.8,20.0,5
CACTCCACAGTCGATT_d07_w97,4,public,IGHV5-51,IGHM,CARGLSGYGYFDYW,11.5,13.83,6
ATCATCTGTAGTAGTA_d04_w108,4,public,IGHV3-72,IGHA2,CARDKIGSYDYW,8.0,19.33,6
ACTATCTTCCTCGCAT_d07_w98,4,public,IGHV3-23,IGHM,CAKVVGAAAGTFPFDYW,9.6,12.8,5
CCCATACGTTCTGAAC_d09_w111,4,public,IGHV5-51,IGHM,CARRGGTNFLSWYYGMDVW,15.7,9.67,6
CGCTATCGTCGAAAGC_d07_w135,4,public,IGHV3-23,IGHM,CAKEVSGWSIFDSW,12.0,17.0,4
CAACCAAGTCAAAGAT_d06_w133,4,public,IGHV1-2,IGHG4,CARDLQDYW,6.8,14.0,5
CTCGAGGAGCCTCGTG_d10_w140,4,public,IGHV5-51,IGHM,CARRDFLSPWFDPW,12.0,10.0,4
TAAACCGAGACCTTTG_d02_w143,4,public,IGHV4-59,IGHM,CARDRRGGSDLDYW,9.2,10.83,6
GTGGGTCCACCACGTG_d03_w148,4,public,IGHV3-23,IGHM,CARDLRGSGNYGWFDPW,13.4,20.18,11
CTACATTAGTACGCGA_d03_w129,4,public,IGHV5-51,IGHM,CARRSDGSGSYYIPMFDYW,13.5,9.0,4
GTATTCTGTAGCACGA_d04_w178,4,public,IGHV3-23,IGHM,CAKGLNTVMVPYFDYW,13.2,10.75,4
CAACCTCTCACTTACT_d09_w104,4,public,IGHV3-7,IGHM,CARWVYISGFYYLDYW,10.2,16.33,6
GGTGCGTGTAGCCTAT_d04_w107,4,public,IGHV6-1,IGHM,CARYTTTWYLDSW,9.0,16.83,6
GTACTTTGTGATGTCT_d08_w99,4,public,IGHV3-74,IGHM,CARGGLHHGFDIW,10.6,10.4,5
TCAGGATCAGATCTGT_d02_w144,4,public,IGHV3-9,IGHA2,CTRDISPGGADVW,9.0,25.04,26
CATGACAAGTCTCGGC_d08_w98,4,public,IGHV3-74,IGHM,CAKSDWFDPW,7.4,14.71,7
CCTATTATCGTACCGG_d01_w115,4,public,IGHV3-74,IGHM,CARDPTGYSSGWSPGDYW,10.6,14.6,5
GTAGTCAAGATATGCA_d06_w181,4,public,IGHV5-51,IGHM,CARLESSSWYLGYW,10.8,11.25,4
TGGTTAGTCGAGGTAG_d03_w117,4,public,IGHV3-74,IGHM,CARSDVDSEDYW,8.5,11.17,6
TGCCCATAGTAGGTGC_d10_w176,4,public,IGHV3-74,IGHM,CARDGDGDYDLDYW,9.6,15.8,5
TTCGGTCAGATCTGCT_d04_w183,4,public,IGHV3-72,IGHM,CVRVHGWHFDYW,7.9,11.86,7
TCGCGAGCAACACCCG_d07_w99,4,public,IGHV3-7,IGHM,CARDKSYGDSEDYW,9.2,9.69,16
GACTAACAGTTGTAGA_d03_w117,4,public,IGHV2-5,IGHM,CAHRRDISGYWNYGDFDYW,15.5,14.75,4
AGTGAGGAGTCCCACG_d09_w109,4,public,IGHV3-48,IGHM,CARDRVGYTDSVAYFDYW,11.0,19.25,4
TAGTGGTAGTAGTGCG_d02_w169,4,public,IGHV1-18,IGHA2,CARDDSGGRSFDYW,11.0,22.5,4
GTACTCCTCCTAAGTG_d03_w102,4,public,IGHV3-15,IGHM,CTTDHEGPRYW,8.0,7.0,4
CACAGGCAGTACATGA_d02_w189,4,public,IGHV3-74,IGHM,CVRGAVGYGNFDYW,10.0,19.0,4
CGTCACTGTGATGATA_d02_w129,4,public,IGHV1-3,IGHG2,CARERAAWIRDNFDYW,8.2,22.0,4
GAACGGAAGTAGTGCG_d06_w97,4,public,IGHV3-48,IGHM,CARGDAVTTLYYAMDVW,13.5,7.5,4
ACGGAGACAGGCTCAC_d03_w104,4,public,IGHV3-74,IGHM,CAREAGHRDAFDIW,9.0,15.11,9
TCGCGTTAGTAACCCT_d02_w155,4,public,IGHV3-48,IGHM,CATLGGDYNRDYW,10.6,12.29,7
GTCTTCGTCGTCCGTT_d11_w131,4,public,IGHV3-7,IGHA2,CTRDPYGGMFGAFDYW,9.9,25.29,7
AGATCTGCAGGGATTG_d09_w98,4,public,IGHV3-48,IGHM,CAREYSSSSGRAFDIW,12.0,9.36,14
AGCTCTCCAGATGGGT_d07_w176,4,public,IGHV3-7,IGHM,CARDGVAPGIYFDYW,9.5,18.17,6
CTCGTACTCAAACCAC_d10_w122,4,public,IGHV3-30,IGHG2,CARDRYGDYDFDYW,9.8,16.25,4
TGACTAGTCGTTACAG_d02_w164,4,public,IGHV3-23,IGHM,CAKWGGVPYYYYNMDVW,13.8,15.5,6
CCCATACCACCAGGTC_d04_w98,4,public,IGHV1-3,IGHM,CARGNWNYLDYW,9.5,12.67,6
CTGCCTACATGTCTCC_d06_w97,4,public,IGHV3-23,IGHM,CAKQGNHAYYYYGMDVW,15.2,10.25,4
TGTTCCGGTCGAATCT_d11_w177,4,public,IGHV3-48,IGHM,CARDGSGWYYFDHW,10.8,18.5,4
TACGGGCCACGGCTAC_d02_w107,4,public,IGHV3-74,IGHM,CVRGGKSPGDYW,8.5,17.83,6
GGGAATGTCGAATGGG_d07_w122,4,public,IGHV3-7,IGHM,CARDSGVTRFDYW,10.3,15.83,6
TACGGATTCCAGATCA_d06_w109,4,public,IGHV3-23,IGHM,CAKLVYYYDTSGYHYDYW,14.2,9.11,9
CGGCTAGTCTGATACG_d04_w104,4,public,IGHV3-74,IGHA2,CARDADGVGGTSDYW,10.7,20.43,7
CTCGGGACATCGGGTC_d05_w115,4,public,IGHV3-23,IGHM,CAKASGSTLTKGFDYW,12.0,5.25,4
TTTATGCTCCTCATTA_d02_w191,4,public,IGHV3-23,IGHM,CAKDSSGYSYRGPVDYW,13.0,12.75,4
GCTTGAATCTTGCATT_d05_w117,4,public,IGHV3-48,IGHM,CARDRRSWGRWFDPW,13.0,16.4,5
TTCTCCTCACTGCCAG_d06_w181,4,public,IGHV3-23,IGHM,CAKGGSTSSIRSYYYYMDVW,14.0,15.5,6
GGACATTGTATATGAG_d11_w137,4,public,IGHV4-31,IGHA2,CARRAFDRYASGYYFDYW,9.6,12.0,8
TCTTCGGAGCTACCGC_d06_w185,4,public,IGHV3-23,IGHM,CAKYFYYMDVW,8.6,10.29,14
TGCCCATAGCTGAAAT_d03_w121,4,public,IGHV3-33,IGHM,CARDIRWEPGEDYW,11.3,24.0,6
TGACAACGTAGCAAAT_d11_w100,4,public,IGHV6-1,IGHM,CARNWDTSFDYW,9.8,10.8,5
GATTCAGCATGATCCA_d11_w153,4,public,IGHV3-7,IGHM,CVRSYSTSSQGMDVW,11.0,13.0,6
CCACGGAGTTAGAACA_d05_w171,4,public,IGHV5-51,IGHM,CARLNGGNGWYGDSW,9.4,16.0,5
CACCTTGTCCCTAACC_d06_w145,4,public,IGHV4-39,IGHM,CARAFERSSTSCYSYW,13.8,14.0,6
ATCTACTTCGGAATCT_d07_w116,4,public,IGHV3-33,IGHM,CARDQRSWYFDLW,11.4,13.6,5
GACAGAGTCGCCTGTT_d04_w98,4,public,IGHV5-51,IGHM,CARGGGDSAFDIW,12.5,7.21,19
AAAGTAGTCCTCTAGC_d02_w123,4,public,IGHV3-23,IGHM,CAKGTFTGSGAYYYYGMDVW,14.9,9.43,7
TGGCCAGTCTCGAGTA_d04_w105,4,public,IGHV3-74,IGHM,CARDWHYDSW,7.3,14.83,6
CCTCAGTAGAGGTTGC_d04_w100,4,public,IGHV2-5,IGHM,CAHSSYDSSGYYYFDYW,15.6,8.0,5
GAAGCAGTCCGTTGTC_d06_w157,4,public,IGHV3-53,IGHM,CARGYPSDGVFDYW,10.0,11.67,6
AACTCAGTCATGTGGT_d07_w189,4,public,IGHV5-51,IGHM,CARRSNSDYFEPFDYW,10.0,11.6,5
GAGCAGAGTTAGAACA_d03_w143,4,public,IGHV3-15,IGHM,CTTGGDYGFTSDYW,12.5,13.5,4
GCGAGAAAGGCCGAAT_d07_w112,4,public,IGHV3-7,IGHM,CARDPHFGALDYW,8.9,18.13,15
CGGACTGCAAAGGAAG_d02_w177,4,public,IGHV3-9,IGHM,CAKDLGYGSGSYLFDYW,10.9,5.57,7
CTAAGACTCAGAGCTT_d06_w133,4,public,IGHV3-74,IGHM,CARGADGAFDIW,8.6,16.6,5
CGGACACGTTCGCGAC_d06_w181,4,public,IGHV1-18,IGHM,CARDLLDGYDLSYFDYW,13.1,6.64,11
CAAGTTGTCGTTTAGG_d02_w155,4,public,IGHV3-74,IGHM,CARSSGFIDYW,8.4,14.6,5
CCATTCGAGCCGTCGT_d04_w104,4,public,IGHV3-23,IGHA2,CAKGRYSYGYEFDYW,11.2,11.5,4
GGACAAGAGCATCATC_d07_w163,4,public,IGHV3-23,IGHM,CAKGGYTSDYVYYW,11.5,9.5,4
TCGCGTTCACCAGCAC_d05_w183,4,public,IGHV5-51,IGHM,CARYVAVTGKYYFDYW,11.6,15.0,5
TCTCATATCTAACGGT_d10_w152,4,public,IGHV3-7,IGHM,CARKNGDYCFDYW,11.0,11.33,6
GTACGTATCCAAGCCG_d02_w135,4,public,IGHV3-23,IGHM,CAKDTSGGWYYFDYW,11.2,15.0,5
CAGCATAGTAGCGTCC_d02_w179,4,public,IGHV3-7,IGHM,CVRGGAFLDYW,9.4,20.8,5
TCTATTGTCCGAGCCA_d10_w147,4,public,IGHV3-48,IGHM,CARDGRRGWELDYW,9.5,15.5,4
ACTGCTCCATTGCGGC_d07_w165,4,public,IGHV3-23,IGHM,CAKDRAYSSSWYTIFDYW,12.0,10.25,4
GATTCAGAGTATGACA_d04_w164,4,public,IGHV3-7,IGHM,CARVSSSGFDYW,10.3,12.9,10
CGATTGAAGCCGCCTA_d02_w131,4,public,IGHV3-23,IGHM,CAKDPNGDYMGAFDSW,10.7,17.67,12
CTGAAGTGTCACTTCC_d04_w105,4,public,IGHV5-51,IGHM,CARGVYGDSGYYFDYW,11.6,13.89,9
CTAGTGACACCAGCAC_d04_w106,4,public,IGHV3-74,IGHM,CARGGCSSTSCLDYW,11.0,16.12,8
TTGGCAATCAACGCTA_d05_w117,4,public,IGHV3-21,IGHA2,CARDSLPVPFDSW,10.0,17.25,4
GACTAACAGAGACTAT_d10_w117,4,public,IGHV4-39,IGHM,CARHGDGGYDPLDYW,11.4,7.2,5
CTCCTAGGTTATCGGT_d02_w132,4,public,IGHV3-48,IGHM,CARDYSGSFDYW,8.6,10.0,8
ACGCCGAGTCTAGTGT_d07_w161,4,public,IGHV3-74,IGHM,CARDLNWNQADYW,8.4,9.4,5
CAAGTTGGTGGACGAT_d03_w117,4,public,IGHV3-74,IGHM,CARGGDHHGFDIW,8.2,15.2,5
CTGAAACCACGCTTTC_d02_w165,4,public,IGHV3-74,IGHM,CVRGTSAWKGLDYW,9.5,11.5,6
TTGTAGGTCATATCGG_d07_w184,4,public,IGHV3-33,IGHA2,CARDGGGGVLDYW,10.5,14.25,4
AGTGTCAAGCTAAGAT_d03_w141,4,public,IGHV3-7,IGHM,CARDYPGAYFDYW,9.8,14.25,4
TACTCATCACGAAAGC_d07_w104,4,public,IGHV3-7,IGHM,CARGHYGLDVW,7.0,25.0,6
GGTATTGGTCACTGGC_d02_w143,4,public,IGHV3-72,IGHA2,CARDNRGSYDYW,8.0,19.56,9
GCGCGATCAATCAGAA_d08_w111,4,public,IGHV3-23,IGHM,CARVFGSYYFDYW,10.4,12.78,9
GTCTTCGCACACTGCG_d10_w147,4,public,IGHV1-3,IGHM,CARDLGYRYYMDVW,10.9,16.6,15
CAAGATCGTACTCTCC_d03_w98,4,public,IGHV7-4-1,IGHM,CARDGGGYSFGEHKFDYW,10.2,13.0,4
TGAGAGGGTCTAGTGT_d07_w136,4,public,IGHV5-51,IGHM,CARQEYYYDSSGYSFDYW,12.8,11.25,4
GCACTCTTCATCTGCC_d07_w143,4,public,IGHV3-33,IGHM,CARDLRPNQYYFDYW,10.0,20.25,4
ATCGAGTTCTGTCCGT_d10_w165,4,public,IGHV3-7,IGHM,CAREGAGGFDYW,9.3,14.17,6
CGTCTACCAGGAACGT_d09_w129,4,public,IGHV1-2,IGHM,CARLGENWRFDYW,11.2,16.56,9
GCATGATGTTAAGAAC_d11_w123,4,public,IGHV1-46,IGHM,CARPVSGSYYVYDYW,11.8,9.83,6
ACGGCCAGTTCGCGAC_d07_w150,4,public,IGHV1-3,IGHM,CARDKAGGSGWYFDYW,12.0,19.0,4
TGCCCATAGGGCATGT_d07_w144,4,public,IGHV3-7,IGHA2,CARDQGPIGYDSYDYW,9.7,11.0,6
AGTGTCAGTAAGAGGA_d07_w121,4,public,IGHV3-7,IGHM,CARGDYYGSGSYFIDAFDIW,15.8,10.06,34
GGTGAAGAGGACTGGT_d04_w167,4,public,IGHV3-74,IGHG2,CARGGPFHAFDIW,11.0,24.75,4
TACGGATCACCTTGTC_d02_w97,4,public,IGHV3-74,IGHM,CARVGGSPPRGFDYW,11.5,8.75,4
CTGCTGTTCTTACCTA_d02_w130,4,public,IGHV3-74,IGHA2,CARDRDLAFDIW,9.0,11.0,4
TTGGAACCAATCCAAC_d05_w98,4,public,IGHV4-39,IGHM,CARMSPTNWFDPW,11.6,23.6,5
CTGAAGTCAGAGTGTG_d06_w128,4,public,IGHV3-7,IGHM,CARIGYSSSCNDYW,10.0,14.22,9
CAGGTGCAGCTACCGC_d04_w144,4,public,IGHV3-33,IGHM,CARDSSGGRVGAGAFDYW,13.4,14.1,10
CGTTGGGCAACTGGCC_d11_w119,4,public,IGHV1-3,IGHG2,CARSPYTSGWYYYFDYW,10.0,18.0,4
GGGACCTTCCAGAAGG_d02_w137,4,public,IGHV3-7,IGHM,CARGGSGWPYYVYFDYW,10.4,11.4,5
CCTCTGACATCAGTAC_d06_w137,4,public,IGHV3-7,IGHM,CVRSIDYW,6.2,15.5,6
CTGATCCGTTTAGCTG_d02_w107,4,public,IGHV3-53,IGHA2,CARKSGSGWSFDSW,11.0,13.8,5
TCAATCTCATTATCTC_d06_w192,4,public,IGHV1-18,IGHM,CARDRSGWPFDYW,9.3,14.17,6
AACTGGTTCACATGCA_d03_w147,4,public,IGHV6-1,IGHM,CARDQFLSSSRPYYFDYW,10.8,8.0,5
GCTGCGAGTCTCCACT_d11_w99,4,public,IGHV3-74,IGHA2,CARDTASWQFDYW,9.6,16.0,5
ATCTACTAGTTGTCGT_d07_w183,4,public,IGHV3-7,IGHM,CAREGWGGFDYW,7.3,12.67,6
CCTCTGAAGGTAGCTG_d02_w147,4,public,IGHV3-48,IGHM,CAREGDYSSGWIDYW,8.1,8.71,7
CCGGGATAGCTAGTGG_d02_w108,4,public,IGHV5-51,IGHM,CARLRAAAGTSAKYFDYW,12.0,11.86,7
GAACCTATCAGTTTGG_d02_w107,4,public,IGHV5-51,IGHM,CARTWRSGDFDYW,10.6,10.0,5
CTCTGGTGTGACTACT_d09_w135,4,public,IGHV1-18,IGHG2,CARGRIAVAGSNWFDPW,14.9,11.0,8
CTAATGGCATTAGCCA_d07_w192,4,public,IGHV3-7,IGHM,CARDRSGGSCYHYW,10.2,12.5,4
ACGAGCCGTAGTAGTA_d11_w126,4,public,IGHV5-51,IGHM,CARLANTGWYGMDVW,8.8,11.0,4
TCAGCAACAGCCTGTG_d09_w176,4,public,IGHV3-74,IGHM,CARGIVATSFDYW,8.6,10.71,7
AACTCTTGTCTGCAAT_d03_w130,4,public,IGHV1-3,IGHM,CARDRLGYSSSCFDYW,9.8,11.75,4
CCTTACGTCGTCACGG_d05_w160,4,public,IGHV3-72,IGHM,CARGSSGDYW,8.0,14.6,5
GGCCGATAGTGACTCT_d05_w154,4,public,IGHV1-3,IGHM,CTRGGIPAHFDYW,10.4,13.4,5
CTCGGGACACAACTGT_d02_w159,4,public,IGHV3-23,IGHM,CAKDYYDSSGYPDNFHYW,16.4,9.2,5
TATGCCCGTTCCTCCA_d03_w115,4,public,IGHV3-48,IGHM,CARGGYCSGGTCYYYNAFDIW,17.0,17.5,6
GTAGTCATCAGAAATG_d07_w97,4,public,IGHV3-74,IGHM,CARDYGGNQLDYW,10.1,13.22,9
CAGGTGCTCTGCGGCA_d04_w135,4,public,IGHV1-69,IGHG2,CARGLVVAGIIQKDFYYYGMDVW,16.8,22.25,4
CGATTGAAGTTTAGGA_d07_w107,4,public,IGHV3-23,IGHG4,CAKAARPGTYYFDSW,11.1,21.71,7
TCTCTAATCAACCAAC_d10_w167,4,public,IGHV3-21,IGHM,CARDEYSGNSFDYW,11.0,7.5,4
TTTGCGCCATACGCTA_d11_w145,4,public,IGHV3-33,IGHM,CAREQLGSLDYW,9.2,21.55,11
CAGCCGATCTGTCTAT_d02_w169,4,public,IGHV5-51,IGHM,CARHRRDDPFDYW,9.5,7.75,4
TGCCAAATCCTTTACA_d09_w191,4,public,IGHV3-23,IGHM,CAKAGSPYYYPDYW,11.6,15.4,5
CCCAATCTCTGAGTGT_d08_w148,4,public,IGHV3-48,IGHM,CARHGMVDYW,8.0,19.67,6
TCTTCGGAGTGGTAGC_d03_w136,4,public,IGHV1-3,IGHM,CARGGGDGYKPFDYW,12.6,11.91,11
GTCGGGTCAGCCACCA_d04_w178,4,public,IGHV3-23,IGHM,CAKMEGAYSNWFDPW,14.2,16.2,5
TCAGCAACATGAGCGA_d06_w169,4,public,IGHV1-18,IGHM,CARDSSAYPNWFDPW,12.0,21.75,4
TTTGTCAGTGTTAAGA_d04_w123,4,public,IGHV3-7,IGHM,CARDKAYNSFDYW,10.2,13.5,4
ATCCACCGTCATTAGC_d07_w163,4,public,IGHV3-7,IGHM,CAREGVPFGSDYW,6.8,16.4,5
GATCAGTGTTGGAGGT_d02_w121,4,public,IGHV3-74,IGHM,CARDARGDCSGGSCLNWFDPW,13.6,10.12,8
CATGACATCGCCTGTT_d07_w109,4,public,IGHV3-23,IGHM,CAKDRPYDGSGSYYKYFDYW,12.8,11.0,4
CGTGTCTAGTGTGAAT_d04_w97,4,public,IGHV1-3,IGHM,CARDHHWGGDYW,9.3,16.83,12
TGTATTCTCTGCAGTA_d07_w136,4,public,IGHV1-2,IGHM,CARGGDSGGYYPSDYW,10.6,20.0,5
CGATGGCGTCACTTCC_d06_w171,4,public,IGHV3-74,IGHM,CARLGYW,6.8,11.8,5
GGTGCGTTCTGGTGTA_d06_w177,4,public,IGHV3-74,IGHM,CARGRYFWSGFDYW,11.2,11.75,4
CTTAACTTCGCACTCT_d03_w115,4,public,IGHV3-23,IGHM,CAKDIGARVGYW,8.5,12.75,4
CACACCTAGGTACTCT_d03_w105,4,public,IGHV3-48,IGHM,CARQPGPFDYW,8.8,10.25,4
TGAGCCGGTATGAAAC_d10_w136,4,public,IGHV3-48,IGHM,CARDQGYSSGPFDYW,11.2,9.0,6
ACTTACTCATCCCACT_d09_w99,4,public,IGHV3-74,IGHM,CVRDSFRNNYYYGMDVW,13.3,17.94,16
CAAGATCCATCTATGG_d07_w111,3,public,IGHV1-18,IGHG2,CARDRGGSYPPVGLDAFDIW,13.0,4.8,5
AGCAGCCGTTGTTTGG_d02_w178,3,public,IGHV3-74,IGHA2,CARSRVGGYDYFDYW,8.0,12.43,7
AGGGTGAGTATTCGTG_d03_w148,3,public,IGHV5-51,IGHM,CARSMCSGGSCYSRPFDYW,15.7,6.67,3
AACCGCGCACGGTTTA_d02_w169,3,public,IGHV3-7,IGHM,CARDRGYDGFWSGNDYW,10.0,6.25,4
CATCCACAGCCAGGAT_d04_w153,3,public,IGHV3-7,IGHG2,CARDILVQGVSAFDYW,10.3,15.67,3
TCTCTAAGTCTCTTAT_d02_w176,3,public,IGHV3-7,IGHM,CARDRGWSTFDYW,9.7,13.33,3
GCTGGGTGTGACTCAT_d07_w144,3,public,IGHV3-21,IGHA2,CARDRIAVAGRGYYYGMDVW,10.0,25.25,4
CCTACACTCAGAGCTT_d11_w132,3,public,IGHV4-39,IGHM,CARGPIGSSWYRVDPW,13.8,16.0,4
CTGCGGATCAGTCCCT_d02_w159,3,public,IGHV5-51,IGHM,CARRTFGDYYFDYW,11.3,40.67,3
CCTCTGATCCGTCAAA_d02_w152,3,public,IGHV1-18,IGHM,CARDGFGFYYGMDVW,13.0,15.75,4
CGATGGCCAGTAACGG_d05_w176,3,public,IGHV3-33,IGHM,CARGFDNYYMDVW,11.0,15.25,4
ACTGAACGTCCAAGTT_d07_w102,3,public,IGHV6-1,IGHM,CARYTFSSRVFDYW,8.6,9.8,5
GACTACATCACTGGGC_d03_w104,3,public,IGHV3-23,IGHM,CAKRSSGYYYFDYW,12.0,11.0,4
TCGCGAGTCAGTCAGT_d04_w156,3,public,IGHV5-51,IGHM,CARASSGSDAFDIW,12.0,10.33,3
ACTTACTAGCAGATCG_d09_w99,3,public,IGHV3-7,IGHM,CARGDYTSGTSFDYW,10.8,19.5,8
CATCGAAGTAGCTTGT_d05_w187,3,public,IGHV3-23,IGHM,CAKDLGTHPSYYGSGSYDYW,14.2,6.5,4
CTCTAATGTATATGGA_d11_w163,3,public,IGHV3-53,IGHM,CARGGGSRAFDIW,8.7,12.33,3
CATCGAAGTCTACCTC_d10_w128,3,public,IGHV5-51,IGHA2,CARLPGSGYYHEHYFDYW,12.3,12.0,3
TAGTTGGGTAGCGCTC_d04_w104,3,public,IGHV1-69,IGHM,CARDPLGELWYYYGMDVW,16.9,7.29,7
GTTCTCGAGAGATGAG_d02_w131,3,public,IGHV5-51,IGHM,CARHERSSSSYYYYGMDVW,12.7,5.67,3
GGACAAGAGATAGGAG_d03_w139,3,public,IGHV3-49,IGHM,CTRDQTVDGAKYYFDSW,13.0,23.33,3
AACCGCGCAGTATCTG_d05_w119,3,public,IGHV5-51,IGHM,CARRGGSSGWYSPPDYW,11.5,8.75,4
GAGCAGAAGCAATATG_d06_w116,3,public,IGHV3-64D,IGHM,CVKDRYVDYW,6.0,14.25,8
AGCAGCCTCTAACTGG_d07_w146,3,public,IGHV6-1,IGHM,CARGGHGFAVANLDSW,9.8,18.0,5
TTATGCTCAGTCTTCC_d09_w159,3,public,IGHV1-18,IGHM,CARVRLGYCSGGSCFDYW,15.0,10.25,4
TGAGGGACACTTAAGC_d05_w160,3,public,IGHV3-11,IGHM,CARGHYGLDVW,7.0,18.0,3
CGAGCCAAGAGACTTA_d06_w97,3,public,IGHV3-74,IGHM,CARGGWYSDYW,7.2,12.25,4
ATGTGTGTCCGGGTGT_d05_w99,3,public,IGHV3-23,IGHM,CAKVAVAGKGDYWYFDLW,13.9,12.8,20
GTAACGTAGAGCTATA_d09_w180,3,public,IGHV3-15,IGHM,CTTDAGGARYW,9.0,21.0,3
GTACTCCAGGTAGCTG_d04_w113,3,public,IGHV3-30,IGHM,CARDIGSGWYVFDYW,14.5,6.75,8
GGTATTGCACATCTTT_d04_w135,3,public,IGHV3-23,IGHA2,CAKRIYYASGSFDQW,13.0,16.67,3
GAGTCCGCACGGCGTT_d11_w105,3,public,IGHV3-23,IGHG2,CAKDSSYSGNYYGYFDLW,12.5,17.5,4
ATCCACCTCATCTGTT_d04_w106,3,public,IGHV1-69,IGHM,CAKRRGSTLFDAFDIW,11.2,12.5,4
GGCTCGAAGCTCCTCT_d06_w106,3,public,IGHV3-13,IGHM,CARDPSGHGLDVW,9.0,14.0,7
TACCTTAAGTCAATAG_d04_w145,3,public,IGHV3-7,IGHM,CVRYGDYYFDYW,10.7,12.67,3
CTCTGGTCAGGTGGAT_d05_w157,3,public,IGHV3-74,IGHM,CARGSGYYYFDYW,11.2,17.0,6
CACAGTACAACTGCTA_d02_w183,3,public,IGHV5-51,,CARLRGRQLVEYYFDYW,11.7,7.0,3
CAGCATAAGCGCCTTG_d09_w123,3,public,IGHV1-3,IGHM,CARDPTNCSGGRCYSLYFDYW,14.7,9.0,3
CCGTTCAGTATAAACG_d11_w172,3,public,IGHV3-74,IGHM,CARSLGAVVDYW,9.5,12.25,4
GACTAACGTCACTTCC_d02_w157,3,public,IGHV4-39,IGHM,CARQRNGYFDYW,10.0,10.4,5
GCATGATTCAACACGT_d07_w106,3,public,IGHV3-48,IGHM,CARGGYCSGGTCYSFNAFDIW,16.3,18.0,6
ACGGGCTGTTTAGCTG_d11_w172,3,public,IGHV3-48,IGHM,CARPGGSYLHMDVW,10.7,9.33,3
GCGCCAACACCATCCT_d02_w145,3,public,IGHV1-2,IGHM,CARGGYTVDTPFDYW,9.7,12.67,3
AACTCAGTCGCTTGTC_d07_w102,3,public,IGHV1-3,IGHM,CARASLGAYGFPDYW,8.5,15.5,6
CCATGTCTCAGGATCT_d11_w105,3,public,IGHV3-7,IGHM,CARDPYDSGGYGAFDLW,13.6,25.43,7
AGCTTGACAGGCGATA_d04_w97,3,public,IGHV1-3,IGHG2,CARVGGWGAFDVW,12.6,26.27,11
GTTCATTAGTGATCGG_d04_w117,3,public,IGHV3-20,IGHA2,CASGQGDYW,11.0,12.0,3
ATTGGTGGTGAGGGTT_d07_w120,3,public,IGHV3-23,IGHM,CAKDPVVPAAMRGGYYYYGMDVW,15.3,13.0,6
GCTGCAGCACGGTAAG_d06_w181,3,public,IGHV3-23,IGHM,CAKDYRSYYYYNYMDVW,14.7,10.67,3
GTTAAGCAGCCTCGTG_d07_w136,3,public,IGHV3-74,IGHA2,CARDRSGEYFDFW,9.8,17.5,4
TACTTACCACTTCGAA_d07_w102,3,public,IGHV4-39,IGHM,CARRNSGSYPNWFDPW,11.7,7.0,3
ATGAGGGTCACTCTTA_d06_w121,3,public,IGHV3-23,IGHM,CAKGGIAVAGYPLYYYGMDVW,14.0,7.0,3
GAGCAGAGTGATGTGG_d10_w122,3,public,IGHV1-8,IGHM,CARGRGYYGSPYFDYW,11.0,12.67,3
CCTAGCTCACAAGTAA_d07_w180,3,public,IGHV3-7,IGHM,CARDPTESGIGLSNYW,9.7,14.0,3
CCACGGATCTTGCAAG_d11_w150,3,public,IGHV3-7,IGHA2,CAREKPGGATAMDYW,9.4,23.6,5
AAACCTGAGGAGTTGC_d08_w131,3,public,IGHV3-23,IGHM,CAKGGYSSGWYTHSFDYW,11.6,10.8,5
CTGTTTAGTACTCTCC_d05_w177,3,public,IGHV3-74,IGHA2,CARSAIPGAFDTW,10.7,14.0,3
TCAATCTCATGAGCGA_d02_w131,3,public,IGHV3-7,IGHM,CARGSGHYW,8.2,17.0,4
CGGCTAGTCTAGCACA_d07_w97,3,public,IGHV3-48,IGHM,CARKYSFDAFDIW,9.8,14.8,5
TGGCGCACACGGACAA_d05_w181,3,public,IGHV1-8,IGHM,CARVHGSGSYFDYYYYGMDVW,18.3,9.67,3
TCGTACCTCCAGATCA_d06_w172,3,public,IGHV3-7,IGHM,CARDAGTWFDPW,9.3,17.0,3
GATCGATCACGGTAGA_d09_w111,3,public,IGHV5-51,IGHM,CARTYCRGGSCYFYSLDYW,12.7,8.33,3
CGTCCATCAGTAACGG_d04_w97,3,public,IGHV3-23,IGHM,CAKIPSSYYDFWSGYFPQGGFFDYW,17.4,12.5,8
GAACCTAAGTACCGGA_d07_w132,3,public,IGHV4-61,IGHG2,CARARPYDFTTGVYFDYW,10.7,18.33,3
ACTGAGTAGCGTTCCG_d02_w180,3,public,IGHV4-39,IGHM,CARQNLDGVGHFDGGSCFPPDYW,12.7,30.0,3
CCATTCGAGTGGAGAA_d09_w178,3,public,IGHV3-53,IGHM,CARGGDYGDYTGAYLFDYW,11.5,13.75,4
TTTGGTTTCGGAAATA_d04_w99,3,public,IGHV3-7,IGHM,CARGQLVGAYW,6.9,13.18,22
GATCAGTCATTAGCCA_d05_w108,3,public,IGHV3-33,IGHM,CARDLGRGSYLDYW,10.4,13.6,5
AGGTCATGTGTGCGTC_d02_w181,3,public,IGHV3-7,IGHM,CARMGLRGSGRGDYW,9.7,6.33,3
CGATTGAGTGCTCTTC_d03_w129,3,public,IGHV5-51,IGHM,CARQETNYYGSGSYYFDYW,15.0,10.67,3
CGCTTCAGTCCGACGT_d04_w109,3,public,IGHV3-48,IGHM,CARGLDSSGTDAFDIW,15.8,6.75,4
AGGCCACTCTCCTATA_d03_w131,3,public,IGHV3-74,IGHM,CARVYYYRADYW,6.5,10.0,4
GGGATGATCACTATTC_d07_w97,3,public,IGHV1-2,IGHM,CARGHYSSGLEYW,12.8,11.4,5
ATGCGATGTTCCACTC_d01_w105,3,public,IGHV3-74,IGHM,CARGHSSGNLYDAFDIW,13.0,7.2,10
GCTGGGTGTCAAACTC_d04_w177,3,public,IGHV3-13,IGHA2,CTRGGEIGFDYW,10.7,20.0,3
CTAGCCTCACGAGGTA_d05_w185,3,public,IGHV1-46,IGHM,CARGPEMFYW,8.2,25.75,4
TTCGGTCAGGGATGGG_d07_w124,3,public,IGHV3-48,IGHA2,CARERVAFDIW,8.0,15.0,3
CCACTACCAAGCGATG_d07_w129,3,public,IGHV2-5,IGHG2,CAHRRSPAPVDTDWFDPW,12.2,19.0,5
GATCGATCAAGCCGTC_d02_w100,3,public,IGHV3-74,IGHG2,CVKAGGATGMGFDPW,9.0,22.17,6
GGCTGGTTCTTGGGTA_d04_w128,3,public,IGHV6-1,IGHM,CARGRPEYSSGHNWFDPW,14.0,10.0,5
CACTCCACAGGGAGAG_d06_w107,3,public,IGHV3-21,IGHM,CARDRGTYGSGSYFDHW,11.3,9.33,3
ACATACGCATTGTGCA_d03_w116,3,public,IGHV5-51,IGHM,CARQTVTGLLYFDYW,10.7,9.33,3
GATCAGTAGTGAATTG_d09_w129,3,public,IGHV3-23,IGHM,CAKALGLHTFDYW,10.7,10.0,3
CACACAAAGCTATGCT_d02_w146,3,public,IGHV3-7,IGHM,CARDGVAPGVYFDYW,11.0,13.33,3
GTCTTCGCAGGTGCCT_d10_w157,3,public,IGHV3-7,IGHM,CVRGYCSGGSCFAPFDYW,13.5,13.0,4
GACACGCAGATCCCAT_d07_w154,3,public,IGHV3-74,IGHA2,CARDWYFAVDYW,9.4,20.0,5
GTGCATAGTGACGCCT_d07_w163,3,public,IGHV2-5,IGHM,CAHHTIAAGFYDYW,12.0,8.0,3
ACGCCGAAGTAACCCT_d02_w133,3,public,IGHV3-48,IGHM,CARYCSGGSLWCYW,8.2,15.0,4
TAGCCGGCAAGTCATC_d07_w140,3,public,IGHV3-74,IGHM,CARDQRYNSGWYYW,11.2,4.2,5
ACATACGAGAGGTAGA_d07_w140,3,public,IGHV3-74,IGHM,CAREGYSSSGFDYW,10.0,5.75,4
CGACTTCGTTAAAGTG_d02_w147,3,public,IGHV3-21,IGHM,CARDTYGDYSFDYW,10.0,10.5,4
CCTCAGTAGAGGTAGA_d11_w123,3,public,IGHV1-46,IGHA2,CARFGYGSAYDYW,10.0,14.33,3
CTCGAGGTCTCGTTTA_d04_w116,3,public,IGHV3-53,IGHM,CARSRDGYYFDYW,10.3,17.67,3
CCACGGAAGAGTACAT_d10_w153,3,public,IGHV3-23,IGHM,CAREQQGSGNYGLYYYGMDVW,11.0,24.0,4
ACGATGTTCGTGGTCG_d02_w133,3,public,IGHV3-23,IGHM,CAKEIATIGRPLFDYW,12.0,22.75,4
TATCAGGAGTGACATA_d07_w157,3,public,IGHV1-2,IGHA2,CARGEASGFDYW,9.0,19.33,3
ACTATCTTCCGGCACA_d02_w113,3,public,IGHV5-51,IGHM,CARHRGDGYNPVDYW,12.4,9.4,5
TTTATGCTCCGCATAA_d11_w128,3,public,IGHV3-48,IGHM,CARVPSGDNNWFDPW,11.3,17.86,7
GAATGAAAGATGGGTC_d04_w170,3,public,IGHV3-7,IGHM,CARIGYSSSSFDYW,12.0,16.67,3
GTTCATTAGTGAATTG_d03_w143,3,public,IGHV1-2,IGHM,CARGGSGYFFDYW,7.2,6.0,4
CGATTGACAGCGTCCA_d02_w145,3,public,IGHV3-74,IGHM,CARGGAGCFDYW,9.2,14.25,4
ATCTGCCCAGGTCGTC_d03_w100,3,public,IGHV4-31,IGHM,CARVGFLVPRGWFDPW,10.8,17.17,6
TTTCCTCAGGAACTGC_d07_w98,3,public,IGHV3-23,IGHM,CAKGYYYDSTYWNYGMDVW,16.7,12.0,3
CTCTAATAGAGCTGCA_d06_w121,3,public,IGHV3-7,IGHM,CAREYEGGPDYW,8.6,8.29,7
AGGTCATTCGGTTAAC_d06_w133,3,public,IGHV3-74,IGHM,CARVLEMANGVWYSFDIW,10.7,17.67,3
CATCGAAGTTCCGTCT_d05_w167,3,public,IGHV3-74,IGHM,CARMYIYGMDVW,9.7,11.0,3
CGCTGGATCACCACCT_d05_w117,3,public,IGHV3-7,IGHM,CVRGCGRASCPYYLDYW,10.3,19.67,3
GTATTCTAGTTAACGA_d07_w98,3,public,IGHV5-51,IGHA2,CARRASRDLYYGMDVW,11.7,8.67,3
GTCACAACAGGAATGC_d09_w139,3,public,IGHV3-7,IGHM,CARDGVAAGIYFDYW,12.0,15.0,3
GTCACGGTCTTGCCGT_d06_w145,3,public,IGHV3-23,IGHM,CAKDGYSSGRPYYFDYW,13.5,4.5,4
ACGATACGTTTACTCT_d11_w116,3,public,IGHV3-15,IGHM,CTTLTVTDIHGDYW,6.0,21.33,3
CGTCAGGCAGCGTCCA_d04_w104,3,public,IGHV3-23,IGHA2,CVKGGWLDYW,6.0,12.75,4
CGTCCATGTAGCGTCC_d07_w97,3,public,IGHV3-7,IGHM,CTRDGVAPGYYFDWW,11.0,14.08,12
TGTGTTTTCAGTGTTG_d08_w168,3,public,IGHV4-39,IGHM,CARNNGHCDGGSCFPFGYW,15.0,26.4,5
AACTCCCGTACAGTGG_d05_w185,3,public,IGHV3-74,IGHM,CARGMGDYW,5.2,21.11,9
CTCCTAGTCATGCAAC_d05_w129,3,public,IGHV4-39,IGHM,CARRGSGSYYRYW,10.1,13.09,11
CAGCATAGTAACGTTC_d09_w188,3,public,IGHV5-51,IGHM,CARRLESTEYFDYW,9.3,3.67,3
TTGTAGGTCGTACCGG_d02_w137,3,public,IGHV3-23,IGHG2,CAKGHGGVDYW,9.0,24.6,5
AAAGTAGGTGTTAAGA_d04_w98,3,public,IGHV1-18,IGHG2,CARDPTGGSGPYRDHYYYYGFDVW,15.3,20.33,3
CTTAGGAAGCGTGTCC_d04_w113,3,public,IGHV1-46,IGHM,CAREGSRDGYNFKAFDIW,12.2,16.0,4
CTGCGGAGTGTGTGCC_d09_w140,3,public,IGHV3-48,IGHA2,CARDSDRYPDAFDIW,9.3,9.33,3
CCGGTAGAGGGATGGG_d02_w106,3,public,IGHV3-23,IGHM,CAKDNFYYGSGSPWYFDYW,13.0,13.0,9
AGCCTAAAGCACCGTC_d02_w146,3,public,IGHV3-23,IGHM,CVKDQLYYYGMDVW,13.2,16.0,4
ACGATGTAGATCACGG_d02_w132,3,public,IGHV3-23,IGHM,CAKDRTPLSNSWYYFDYW,10.8,14.17,6
CGTAGGCAGGCAGGTT_d08_w181,3,public,IGHV5-51,IGHM,CARLPLASSWYYFDYW,13.4,17.11,9
TCTTTCCCACCTCGTT_d02_w170,3,public,IGHV3-74,IGHA2,CARGIYGDPPGLDSW,9.4,8.0,5
TGAGAGGTCGTCGTTC_d11_w106,3,public,IGHV4-31,IGHA2,CARETYGSDPGPW,10.0,16.0,3
GCGCCAAGTCATGCAT_d02_w133,3,public,IGHV3-74,IGHM,CARAKSSSGMDVW,9.0,10.25,4
ATTGGACGTTCAGACT_d04_w104,3,public,IGHV3-48,IGHG2,CARGSSYYDSSGYSYGYFDFW,15.8,14.0,4
GTTCGGGCAATTCCTT_d05_w170,3,public,IGHV1-2,IGHM,CARDLFSAAEDYW,10.7,17.0,3
TGCCCTACACGAAACG_d10_w128,3,public,IGHV3-7,IGHM,CARDSGVVRFDYW,10.3,11.67,3
CTACACCAGGCTAGCA_d10_w141,3,public,IGHV3-23,IGHM,CAKGHRHSGRFDYW,11.3,8.33,3
AGCAGCCAGTGCCAGA_d04_w102,3,public,IGHV3-23,IGHM,CVKGGRGWDLIFDYW,11.0,23.11,9
ATTGGACGTGCAACTT_d02_w111,3,public,IGHV3-33,IGHG2,CARDWQGRYYYMDVW,11.0,12.33,3
CAGCAGCCAAAGTCAA_d04_w131,3,public,IGHV3-53,IGHA2,CTRDEYGMDVW,14.5,21.5,4
GACACGCTCCCATTTA_d09_w106,3,public,IGHV3-48,IGHM,CARESVAGHYYYGMDVW,14.3,7.0,3
AGGTCATCACAGATTC_d07_w128,3,public,IGHV1-18,IGHG2,CARDNGSGNYYVVGFDYW,11.5,15.5,4
TGCCCTAAGCCTATGT_d08_w188,3,public,IGHV5-51,IGHM,CARHWSMGNYYYYMDVW,15.3,11.67,3
CGGACACAGTAGCCGA_d01_w115,3,public,IGHV1-3,IGHM,CARDADVDTTMLDAFDIW,14.0,7.75,4
GCGCGATAGGACAGCT_d09_w180,3,public,IGHV1-2,IGHA2,CARGSGSGYDLDYW,9.0,15.33,6
GCATGATTCCTGCAGG_d11_w170,3,public,IGHV5-51,IGHM,CARREYSSTWFDPW,11.3,16.0,3
AACTCTTTCTTGAGAC_d02_w128,3,public,IGHV1-18,IGHM,CARGLDGSSWDNWFDPW,12.3,14.0,3
CATTCGCTCATCGCTC_d04_w102,3,public,IGHV3-48,IGHM,CARDGMEIVGRGAQLDYW,13.0,15.75,4
GATCTAGTCTCCAACC_d04_w100,3,public,IGHV4-59,IGHM,CARAAGCSGGSCYSAEYYYYMDVW,19.1,6.12,8
CGATGGCGTCTCAACA_d04_w99,3,public,IGHV3-21,IGHM,CARVPADYW,5.0,4.84,19
GGTGTTAGTGAACCTT_d02_w143,3,public,IGHV3-23,IGHA2,CAKDRQGIAVAGQYFDYW,12.0,9.33,3
AAACGGGGTCTCCACT_d11_w129,3,public,IGHV1-2,IGHM,CARDPVEGFADDFDYW,10.3,23.33,3
GCTGCGAAGCTCAACT_d05_w109,3,public,IGHV3-7,IGHM,CARDVRRLSAFDLW,10.7,15.83,6
ATGCGATCACAGGTTT_d04_w100,3,public,IGHV5-10-1,IGHM,CARHLTYSGSVAFDFW,11.5,7.5,6
TCCCGATAGCGTTCCG_d03_w124,3,public,IGHV1-3,IGHM,CAREYYDLDYW,7.7,14.33,3
TTGCCGTTCTCGCTTG_d02_w191,3,public,IGHV1-3,IGHA2,CAREWLPDYFDYW,9.3,15.11,9
ACCTTTAAGGCTAGGT_d04_w120,3,public,IGHV5-51,IGHM,CARRYFSSGYSRHFDYW,13.0,11.67,3
ACTGAGTCATATGAGA_d06_w133,3,public,IGHV3-23,IGHM,CAKPIVGTMRGFDYW,10.8,11.25,4
GACGCGTTCTACTTAC_d07_w150,3,public,IGHV3-23,IGHM,CAKGEDSSGWVRYGMDVW,11.8,9.6,5
TGAAAGACATCCGTGG_d05_w169,3,public,IGHV3-15,IGHM,CSTDPPDCGGDCYSGW,13.3,8.0,3
AGCGGTCCACCGGAAA_d06_w133,3,public,IGHV3-7,IGHM,CARVTYRDYDYSFDYW,8.7,14.0,6
TAGAGCTGTCTGCGGT_d06_w106,3,public,IGHV3-74,IGHM,CARDPTTELTLDSW,10.0,24.14,7
ATCTACTTCACAAACC_d07_w116,3,public,IGHV4-31,IGHM,CARSDSSGYYFDDW,10.4,15.4,5
TTCGAAGCACTGAAGG_d02_w120,3,public,IGHV3-74,IGHM,CARGLVSSGRPIDYW,9.5,12.0,6
GAGGTGAGTATCAGTC_d04_w119,3,public,IGHV3-7,IGHM,CARVNLGELWFTRDPDYYYYMDVW,18.7,10.67,3
CCGTACTAGACTAGAT_d06_w99,3,public,IGHV5-51,IGHM,CARHLKPGGSLQNWFDPW,12.3,12.33,3
TTGCCGTAGCATCATC_d02_w132,3,public,IGHV5-51,IGHM,CARSHGAYW,6.8,17.0,4
CGGACTGCACCTCGTT_d07_w146,3,public,IGHV3-48,IGHM,CARAYPGDYAVRNDAFDIW,11.7,6.33,3
TGGGAAGCACGTGAGA_d04_w143,3,public,IGHV3-48,IGHG2,CARQVGRAGWAWMDVW,11.0,28.67,3
CTCCTAGTCGAGAACG_d02_w119,3,public,IGHV3-23,IGHM,CAKEYYYDSSGYPFDSW,15.0,11.5,4
TTCGAAGTCTAAGCCA_d04_w100,3,public,IGHV3-23,IGHM,CAKDQYGDGYYYYGMDVW,15.2,7.25,4
ACGCAGCTCGAGGTAG_d11_w119,3,public,IGHV3-74,IGHM,CARDTGGYDFGTTGWFDPW,12.3,12.0,3
CCACGGACACACCGCA_d02_w132,3,public,IGHV3-23,IGHM,CAKGRGYTYGYYYYYGMDVW,14.3,13.67,6
CGGGTCATCTGCGACG_d10_w141,3,public,IGHV4-39,IGHM,CARHVHMPTYIPVYYFDYW,14.2,15.25,4
TGCACCTGTACTCTCC_d02_w106,3,public,IGHV3-23,,CAKDGKTSDHYYYYMDVW,15.7,27.0,3
ACTGTCCAGCAGCGTA_d07_w111,3,public,IGHV4-4,IGHM,CARGALWSGYNNFDYW,10.3,11.67,3
GGTGAAGAGACGACGT_d11_w169,3,public,IGHV3-74,IGHM,CVRGAPFDYW,6.0,18.67,3
GTGCATATCATCTGTT_d05_w97,3,public,IGHV3-48,IGHM,CARGDGGYYYGMDVW,10.3,12.17,6
AGCAGCCTCTTCCTTC_d06_w145,3,public,IGHV1-18,IGHM,CARGGSYIPGSFDHW,10.8,13.2,5
TGACTTTGTTCGTGAT_d06_w97,3,public,IGHV4-61,IGHA2,CAREGSGWYRPFDYW,9.5,11.0,4
AGCTCTCGTGTGAAAT_d07_w192,3,public,IGHV3-74,IGHM,CARGGPSDWSIPRDYW,10.7,8.83,6
TTTGGTTTCGCCATAA_d04_w161,3,public,IGHV4-31,IGHG2,CARDLGRAHFDYW,9.0,11.33,3
GGAGCAATCACGCGGT_d05_w126,3,public,IGHV3-48,IGHM,CARDYNSAFDYW,8.5,13.0,4
AGCAGCCAGCGCTTAT_d05_w106,3,public,IGHV3-23,IGHM,CARGRGASGTYFDYW,10.9,15.57,7
CACATAGCACATGGGA_d02_w181,3,public,IGHV3-7,IGHM,CARVSPSIGDW,6.7,16.0,3
TTCGGTCTCCTCCTAG_d11_w124,3,public,IGHV6-1,IGHM,CARVGSSGSLDYW,9.5,9.75,4
CAAGATCCAAGCCGTC_d07_w99,3,public,IGHV3-74,IGHM,CARDVWLGGAFDFW,9.3,15.67,3
ATTCTACGTACCGCTG_d02_w145,3,public,IGHV5-51,IGHM,CARGRGAAAGQNWFDPW,11.7,12.33,3
CGAATGTTCACATGCA_d05_w133,3,public,IGHV3-7,IGHM,CARDPLGRDGYNSLDYW,11.5,11.25,8
GAGCAGACAAGTAATG_d02_w107,3,public,IGHV1-3,IGHG2,CARTAARSYYGMDVW,14.0,13.0,3
TCGAGGCGTGAAATCA_d04_w141,3,public,IGHV5-51,IGHM,CARQTIGVEPFDFW,10.9,18.7,10
AAGTCTGAGCTCCCAG_d06_w146,3,public,IGHV4-39,IGHM,CARQAFPYSSGRPGYYFDYW,12.7,5.33,3
TCCACACCACATGGGA_d07_w154,3,public,IGHV3-7,IGHM,CAREALVTHYFDYW,11.7,11.0,3
TAAGCGTTCGTTTAGG_d05_w113,3,public,IGHV5-51,IGHA2,CARRLYGDDAFDIW,10.4,13.0,7
AAACCTGCAAGCGTAG_d02_w132,3,public,IGHV4-59,IGHM,CARWEYSGDPGPFDYW,9.0,12.25,4
AGGTCATGTGAAAGAG_d11_w126,3,public,IGHV3-7,IGHM,CARDRIYMWELTVAFDYW,10.0,5.0,4
CTGCCTATCATTGCCC_d09_w126,3,public,IGHV1-18,IGHG2,CARVGSRNAFDIW,11.2,12.2,5
CTGCGGAAGTTACGGG_d09_w140,3,public,IGHV3-7,IGHM,CARIGYSSSCCDYW,8.7,10.67,3
ATAAGAGCACAGTCGC_d06_w130,3,public,IGHV4-39,IGHM,CARQEGYSSSWFPIDSW,10.7,17.33,3
ACTGCTCGTGACTCAT_d04_w111,3,public,IGHV3-30,IGHM,CAREVPRVGATDYW,8.0,19.0,3
CCCAATCAGTACGATA_d06_w165,3,public,IGHV2-5,IGHA2,CAHMSNWVFDYW,10.0,8.0,3
ACTGCTCCAGACGCTC_d03_w141,3,public,IGHV4-38-2,IGHM,CARDFRGYSTGSIDYW,9.3,12.67,3
TGGGAAGGTATCACCA_d07_w171,3,public,IGHV3-48,IGHM,CARTWGDVW,5.2,11.9,20
CGAACATAGATCTGCT_d05_w176,3,public,IGHV3-21,IGHG2,CAREGSEYNYYGMDVW,14.2,17.75,4
GTTTCTAAGTTAGGTA_d07_w124,3,public,IGHV3-23,IGHM,CAKARSDYPPFDYW,10.8,12.4,5
GAATAAGGTTACTGAC_d04_w109,3,public,IGHV3-48,IGHM,CARDSERSGSFYFDYW,12.0,9.8,5
GTGTTAGAGATAGGAG_d01_w98,3,public,IGHV5-51,IGHM,CARQYGGNSYFDYW,11.2,13.25,4
TCTCATAAGCAGGTCA_d08_w99,3,public,IGHV3-53,IGHM,CARGSRPYYFDYW,9.7,17.33,3
CATCGAACATGCCACG_d04_w128,3,public,IGHV3-23,IGHG2,CAKDMGIGSGLSPFDYW,12.0,17.0,3
CTACCCACACCTCGTT_d05_w169,3,public,IGHV3-11,IGHM,CARDRGAVAGQYFDYW,12.0,9.33,3
CTCAGAAAGCGTCAAG_d04_w113,3,public,IGHV1-18,IGHG2,CVRDAERTLDYW,11.3,16.0,6
ACATCAGCAGCGTCCA_d04_w119,3,public,IGHV3-53,IGHG2,CARGGYDYGEHDAFDIW,11.7,17.0,3
CGTCAGGCACTCTGTC_d07_w131,3,public,IGHV1-69,IGHA2,CARDPSGNYDILTGYYMGYYFDYW,16.3,7.33,3
ATTACTCCAATGGACG_d07_w116,3,public,IGHV3-48,IGHM,CVRGGAARPDYW,5.8,10.25,4
CGTGTCTGTCAGCTAT_d06_w108,3,public,IGHV3-23,IGHM,CAKAGSIGYRYYFDYW,12.0,14.6,5
CTACGTCGTACCGCTG_d11_w133,3,public,IGHV3-74,IGHM,CARDSYTGKYYYGMDVW,15.0,17.25,4
TTCTACATCTGGCGTG_d05_w106,3,public,IGHV4-39,IGHM,CARGARVAAFDYW,10.0,22.33,3
TCAGCTCAGGAACTGC_d02_w169,3,public,IGHV3-23,IGHM,CAKDYKPDSGWDLDYW,12.0,26.0,4
GTTCGGGGTTATCCGA_d03_w124,3,public,IGHV1-3,IGHM,CARDSRSGWYYFDYW,11.7,10.67,3
CATCAGACAAAGCGGT_d02_w131,3,public,IGHV3-74,IGHA2,CARDRGNPDSFNIW,9.0,19.75,4
ATAACGCAGCCCAATT_d06_w181,3,public,IGHV1-2,IGHM,CARGPRGRLDYW,8.4,19.2,5
TCGGTAAAGTTTGCGT_d07_w159,3,public,IGHV1-2,IGHM,CAREALGDFDYW,9.4,14.2,5
ACACCCTTCATGCAAC_d06_w133,3,public,IGHV5-51,,CARRDGNYGKFDYW,8.3,14.33,3
AGTTGGTAGAATAGGG_d03_w128,3,public,IGHV6-1,IGHM,CAREGGTYSFDYW,8.7,10.0,3
ACTGAACTCGGATGTT_d02_w129,3,public,IGHV1-3,IGHM,CAREWWELPSDYYYGMDVW,11.7,10.67,3
AAGGAGCAGAGTACAT_d07_w124,3,public,IGHV2-5,IGHM,CAHRRNSGWPFFDYW,10.0,6.5,4
CTAACTTCACTGAAGG_d09_w132,3,public,IGHV3-33,IGHM,CARDGQRLARYAMDVW,12.0,20.67,3
GACGTGCCATCTACGA_d07_w140,3,public,IGHV3-74,IGHA2,CAREGSATLDYW,9.8,5.5,4
TACGGATCATGGATGG_d05_w105,3,public,IGHV3-74,IGHM,CARAGSYRFDYW,8.0,17.33,3
TCAGGATCAAAGGTGC_d05_w159,3,public,IGHV3-23,IGHM,CAKDVLRWAFDYW,9.0,21.75,4
ACCCACTTCTGTTTGT_d02_w188,3,public,IGHV3-9,IGHA2,CAKDGSSSLPLADYGMDVW,11.7,13.67,3
GACACGCAGATACACA_d04_w99,3,public,IGHV2-5,IGHM,CAHRRVSGAPWDWGDFDYW,15.0,15.68,19
GAAACTCGTCTTCGTC_d09_w129,3,public,IGHV1-3,IGHA2,CAREFSWLGGEYFDYW,10.5,7.25,4
CGGCTAGAGATAGCAT_d04_w154,3,public,IGHV3-23,IGHM,CAKDRGSLSHILWYFDLW,12.3,20.67,3
AAATGCCGTTTGACTG_d03_w124,3,public,IGHV3-33,IGHM,CARVFDTYHMDVW,9.0,16.5,4
CATGGCGGTGACTACT_d02_w146,3,public,IGHV3-23,IGHM,CAKAGQGASSSPYYFDYW,12.4,11.6,5
CATGCCTAGACTAGGC_d09_w172,3,public,IGHV5-51,IGHM,CARHSELEFDYW,10.2,17.5,4
CAGCAGCAGGCCCTCA_d02_w107,3,public,IGHV3-7,IGHM,CARGHIGMDVW,10.5,13.25,4
GTTCGGGCAGCTCGAC_d04_w102,3,public,IGHV1-3,IGHM,CARRLGRAFDIW,10.0,28.0,4
TGAGAGGAGCAATATG_d03_w97,3,public,IGHV2-5,IGHM,CAHSGGYGDYFEYW,12.0,8.67,3
GCCAAATGTCCAGTTA_d11_w140,3,public,IGHV3-23,IGHA2,CAKDSDLWGHFDSW,10.0,15.0,3
CTACACCGTCAACTGT_d04_w97,3,public,IGHV4-34,IGHM,CARISVGQYSSGRMGVYYYYYGMDVW,21.4,1.4,20
CGCCAAGAGTCTCCTC_d05_w135,3,public,IGHV1-69,IGHM,CARDWGEYSSSSGDYYYGMDVW,17.6,5.67,9
AAAGCAATCAGGTTCA_d04_w100,3,public,IGHV3-74,IGHM,CVRGPSGNSYGDYW,8.8,13.5,4
CCTTCCCTCAACGCTA_d05_w116,3,public,IGHV4-4,IGHM,CAREGSMERPLDYW,10.8,6.0,4
CTTAACTGTGTTGAGG_d04_w115,3,public,IGHV3-48,IGHG2,CARDRHWGGLIDYW,8.7,18.33,3
TCACAAGTCGCACTCT_d11_w171,3,public,IGHV3-21,IGHM,CARDPMPYCGGDCSGWFDPW,16.7,8.33,3
TTGCGTCCACCATGTA_d02_w187,3,public,IGHV3-23,IGHM,CAKYEGGSYHDYW,11.0,12.0,3
GTAACTGAGCTCCTCT_d07_w112,3,public,IGHV3-23,IGHM,CAKGGSAWYFDYW,9.8,16.9,10
ATAACGCTCAACCAAC_d11_w192,3,public,IGHV3-74,IGHM,CVRDGPGSIMYDYW,8.0,20.25,4
CATCCACCACATTAGC_d11_w171,3,public,IGHV3-74,IGHM,CARSRYSGSNLDYW,10.0,15.6,5
GCTGCGAAGCTAGCCC_d04_w140,3,public,IGHV3-21,IGHA2,CARDLQVDTAGRGYYGMDVW,12.0,12.67,3
AATCGGTAGAGCAATT_d11_w121,3,public,IGHV1-18,IGHA2,CARGGSGWDYFDYW,9.0,18.25,4
GGCGACTCAGGCTCAC_d11_w150,3,public,IGHV5-51,IGHM,CARQDGSGLYYFDYW,12.4,7.0,7
ATCACGAAGTCATGCT_d02_w140,3,public,IGHV1-2,IGHM,CARRSRGGYDYFDYW,11.3,11.71,7
GCATGTAAGAGGTTGC_d01_w126,3,public,IGHV3-23,IGHM,CAKDSAMGGYYYYYGMDVW,15.3,9.33,3
TCAGGATGTTCGTCTC_d04_w106,3,public,IGHV1-46,IGHA2,CARDPEGSAYFDYW,12.0,16.33,3
ACTTGTTGTTCCCGAG_d02_w113,3,public,IGHV3-23,IGHM,CAKRGASSGWYDHYFDYW,11.0,14.67,3
GGCAATTAGAGTCGGT_d05_w176,3,public,IGHV3-48,IGHM,CARGGSVTYLWNAFDIW,15.7,16.33,3
GAATAAGTCCGCAAGC_d05_w126,3,public,IGHV3-23,IGHM,CAKTSGSSSKHIDYW,10.0,11.0,3
TTATGCTCAAGCTGAG_d10_w179,3,public,IGHV3-23,IGHM,CAKDSRRSSGWYYFDSW,13.3,12.67,3
CTCATTATCACAGGCC_d11_w117,3,public,IGHV5-51,IGHM,CARQPEYGTADYW,10.7,9.0,3
TGCCCTACAGCCTGTG_d07_w106,3,public,IGHV4-39,IGHM,CARLGQLGHNWFDPW,11.2,17.5,4
CCACGGAAGATATACG_d02_w128,3,public,IGHV3-33,IGHM,CARDGATSYFDYW,10.8,18.38,8
GCACATATCCAAACAC_d04_w144,3,public,IGHV3-74,IGHG2,CARAGPSWYGSQSYVDSW,12.7,25.33,3
CGGACACCAATGCCAT_d06_w181,3,public,IGHV4-39,IGHM,CARRPVVFTTPFDYW,10.7,17.0,3
TGTGGTATCGTGGTCG_d06_w174,3,public,IGHV1-18,IGHA2,CARAGHGYSYGDFW,10.7,22.0,3
TATTACCCAATAACGA_d09_w104,3,public,IGHV5-51,IGHM,CARLTSRYCDYW,10.0,11.2,5
TACAGTGGTCGATTGT_d10_w107,3,public,IGHV2-5,IGHM,CAHPNSGNFYYFDYW,11.3,10.67,3
TCAGCAATCCAAGTAC_d03_w124,3,public,IGHV3-74,IGHM,CARGHSYGYGFDYW,9.8,16.8,5
TAGACCAAGTCCTCCT_d01_w116,3,public,IGHV3-74,IGHA2,CVRDGGGTFDSW,9.0,22.0,3
GATGCTACATTGGCGC_d04_w102,3,public,IGHV3-7,IGHM,CVRGIDYW,6.6,11.29,7
ATCATCTAGTGGAGTC_d05_w121,3,public,IGHV1-8,IGHM,CAKSPRNWGFDYW,9.0,7.25,4
TTTGCGCCAGGTGGAT_d08_w121,3,public,IGHV4-59,IGHM,CARGHTVLSYW,7.4,17.2,5
CAGATCACAAAGCGGT_d08_w122,3,public,IGHV4-39,IGHM,CARDKGDSSSDYW,11.0,14.5,8
CACCACTTCGTACGGC_d06_w100,3,public,IGHV5-51,IGHM,CARPVEPIAGFDYW,9.2,10.0,4
ACCCACTAGTTGTAGA_d06_w123,3,public,IGHV3-23,IGHM,CARDAGLARAFDYW,9.7,17.67,3
TGGCGCATCCACGACG_d03_w141,3,public,IGHV3-53,IGHM,CARGWYTGYNYFDYW,11.3,12.0,3
TGGCCAGAGTACGCGA_d07_w105,3,public,IGHV5-51,IGHM,CARRSPYSSAWYFDYW,11.3,16.33,3
AACCGCGAGTTACGGG_d04_w111,3,public,IGHV1-3,IGHM,CARGSVGIPRSNMFDYW,11.5,20.33,6
TTCGGTCCACGGCGTT_d09_w140,3,public,IGHV3-7,IGHM,CARGTGKYATFDYW,10.7,10.0,3
TCGGTAAGTTCTGTTT_d02_w105,3,public,IGHV1-2,IGHA2,CARETGSYGMDVW,13.0,17.0,3
GACGTTAGTCTGCCAG_d06_w109,3,public,IGHV3-23,IGHM,CAKERSTTVRTNWFDPW,12.3,10.33,3
TCCACACAGAAGCCCA_d07_w97,3,public,IGHV3-7,IGHM,CVRGPLIHSTGNLW,9.0,19.38,8
GGTATTGGTCTTTCAT_d05_w143,3,public,IGHV5-51,IGHA2,CARRTTHFDYW,7.5,21.67,6
GACTGCGAGACTGGGT_d02_w133,3,public,IGHV4-31,IGHM,CARGHDYGGNSGVGYFDSW,13.3,24.0,3
ACACTGATCCTTTCTC_d04_w157,3,public,IGHV3-72,IGHM,CVRGAYCSGTYCPDAFDIW,15.0,17.33,3
GACTACATCCTTTACA_d06_w181,3,public,IGHV3-7,IGHM,CARGSTSWDYW,9.0,9.0,3
TGCCCATTCCACGACG_d11_w154,3,public,IGHV5-51,IGHM,CARHERSARDSGRRWFDAW,12.5,11.75,4
GAAATGAAGACACGAC_d07_w154,3,public,IGHV3-74,IGHM,CARGGSYSSSYFDYW,10.7,10.0,7
GATGCTAGTACATCCA_d03_w133,3,public,IGHV5-51,IGHM,CARHGTPGTTSWFDPW,13.0,10.0,3
GGGCACTGTTAAGACA_d07_w131,3,public,IGHV3-74,IGHG2,CVRDNFGVDYW,7.5,12.67,6
AAGACCTAGGACGAAA_d05_w167,3,public,IGHV3-13,IGHM,CVREGRSSSWDDWYFDLW,14.0,19.5,6
AGGCCACAGCTGAACG_d07_w143,3,public,IGHV3-23,IGHM,CAKDQTSGYPYNWFDPW,14.0,12.33,3
GTGCATAAGCCCAACC_d07_w188,3,public,IGHV3-74,IGHM,CARGNDMDVW,8.2,7.5,6
CCTTTCTCACCAGATT_d06_w117,3,public,IGHV3-23,IGHA2,CAKHQERSHDYW,8.0,25.52,29
TGTTCCGTCAGTGCAT_d08_w131,3,public,IGHV3-23,IGHM,CAKVPSSSSYVYFDYW,11.0,10.0,4
TGAGGGAGTGCAACTT_d02_w113,3,public,IGHV4-39,IGHA2,CARLSSMWYVDYW,9.7,13.33,3
ATCATCTGTTACCGAT_d07_w97,3,public,IGHV4-34,IGHM,CARGPIGGSHDFDYW,12.7,21.33,3
AACCGCGTCAAGGCTT_d07_w109,3,public,IGHV3-23,IGHM,CAKDPGLVGATPYNWFDPW,11.5,10.62,8
CGGAGCTCACGGCTAC_d06_w123,3,public,IGHV5-51,IGHM,CARSPRRLGPYFDYW,13.3,6.33,3
CCTACACAGGACCACA_d04_w119,3,public,IGHV4-59,IGHM,CARDFSTDNNYYYYMDVW,13.3,9.0,3
CGCGGTACACGACTCG_d10_w98,3,public,IGHV1-2,IGHM,CARGGVLRFLRVGDRDAFDIW,14.3,10.86,7
GAAGCAGTCGTAGGAG_d05_w174,3,public,IGHV3-74,IGHM,CARGGYSYGVFDYW,9.5,10.25,4
TACACGACAGCCTATA_d02_w157,3,public,IGHV3-9,IGHM,CAKGTAAMLSYGMDVW,13.3,8.33,3
ACGGGCTAGTGGAGAA_d06_w144,3,public,IGHV3-23,IGHA2,CAKDRKWLERAYYYYYGMDVW,13.7,17.67,3
CTCGTACTCTTCAACT_d07_w99,3,public,IGHV3-48,IGHM,CVRGQTGADNWFDPW,11.0,19.38,8
GGACAGATCAGTTAGC_d02_w185,3,public,IGHV3-23,,CAKAPEGYWSGRLLKYFFDSW,13.0,14.67,3
AACACGTGTGCTAGCC_d07_w130,3,public,IGHV5-51,IGHG2,CARLDGTQHFYYGMDVW,11.7,12.33,3
CGTGTAAGTCTCAACA_d04_w137,3,public,IGHV3-7,IGHG4,CARDGVAPGIYFDHW,11.0,19.67,3
TCATTACGTCGCCATG_d02_w168,3,public,IGHV3-23,IGHM,CAKDYIWGYHFDSW,10.3,12.77,13
CCGTACTAGAGGTTAT_d04_w104,3,public,IGHV4-38-2,IGHA2,CARNTSGGYFDSW,10.3,17.67,3
GACTACATCACTTACT_d09_w116,3,public,IGHV3-33,IGHG4,CARDAGYSYGFSGYHGMDVW,12.7,16.33,3
CGTTGGGAGAGAGCTC_d04_w99,3,public,IGHV1-3,IGHM,CARDRYYGSGHYNFFDHW,14.0,30.0,13
GGCAATTCATAAGACA_d06_w145,3,public,IGHV5-51,IGHM,CARHRFCRGGDCYSDYW,11.3,6.67,3
ATTGGTGCACGAAAGC_d07_w104,3,public,IGHV3-23,IGHG2,CAKDRGNTYGYENYFDPW,11.4,12.4,5
ACGATACTCAACTCTT_d02_w123,3,public,IGHV3-23,IGHM,CAKDRGYIYGPLYHYYGMDVW,15.0,16.33,3
TGACTAGAGCTAGTTC_d03_w129,3,public,IGHV1-3,IGHM,CARDPFITDAFDIW,12.5,13.5,4
GGTGCGTTCCCTTGCA_d05_w176,3,public,IGHV3-74,IGHM,CARGGSTYYDYW,9.7,15.33,3
ATGTGTGCATACGCTA_d11_w124,3,public,IGHV1-2,,CAREPGYYYGLGRFADYW,12.0,10.67,3
CAAGGCCAGGCCCGTT_d07_w119,3,public,IGHV3-74,IGHM,CARVLYSGSYYEDYW,9.4,15.8,5
TGGGCGTGTAGGCATG_d07_w99,3,public,IGHV3-7,IGHM,CARDQRIVGATGIDYW,11.2,9.4,5
GCATGCGTCAACGAAA_d04_w163,3,public,IGHV4-34,IGHM,CARGYGSGSYYHYW,10.0,14.0,3
GGTATTGGTGCATCTA_d07_w124,3,public,IGHV1-46,IGHA2,CSRDVTSDGMDVW,11.0,21.33,3
TGCTACCCAAAGTGCG_d11_w160,3,public,IGHV3-23,IGHA2,CARDSGNSGWYFDYW,11.0,20.0,3
AAATGCCAGTCAATAG_d06_w112,3,public,IGHV1-46,IGHG2,CARIPFGSGSYSYFDYW,10.0,20.75,4
TTTGCGCGTATGGTTC_d05_w113,3,public,IGHV3-7,IGHG2,CARDQSGSSDYW,12.7,17.67,3
GGAATAAGTCCTCTTG_d07_w99,3,public,IGHV3-7,IGHM,CARAIAAAGSYW,8.0,12.86,29
GTTAAGCAGTAGGCCA_d10_w145,3,public,IGHV3-23,IGHM,CAKDVGGATTDYW,11.5,9.5,4
CATATGGAGCGTGTCC_d05_w163,3,public,IGHV1-46,IGHM,CAREMSGGHFDYW,10.9,12.86,7
GTAGTCACACCCAGTG_d04_w112,3,public,IGHV3-74,IGHM,CARGGSTSCYGW,8.0,5.33,3
GGATTACTCAACGCTA_d06_w167,3,public,IGHV3-74,IGHA2,CTRDLGYW,8.7,16.33,3
AGTGAGGTCTATGTGG_d04_w105,3,public,IGHV3-23,IGHA2,CAKSRSGWYVFDCW,10.0,15.67,9
TACGGGCTCGTGGTCG_d09_w181,3,public,IGHV3-48,IGHM,CARGSTYYYGMDVW,11.7,16.33,3
TCGAGGCAGCTAGTTC_d04_w139,3,public,IGHV3-48,IGHA2,CARVAGDNGMDVW,11.7,10.67,3
AACGTTGGTAAATACG_d05_w152,3,public,IGHV4-59,IGHM,CARVAYGSGTYYIDYW,10.7,14.33,3
CATCAGAGTAGCGCTC_d07_w169,3,public,IGHV4-39,IGHM,CARHASWFDPW,7.7,18.33,3
TGTATTCCATTCTTAC_d04_w147,3,public,IGHV5-51,IGHM,CARRADSRNFDYW,9.4,8.8,10
GTATCTTCAGTACACT_d10_w113,3,public,IGHV3-23,IGHM,CAKDFTRWSFDIW,9.3,12.67,3
AATCCAGCATGCTAGT_d07_w185,3,public,IGHV3-23,IGHA2,CAKGRYDLEWYFDLW,13.0,17.67,3
CATCGAATCTGCTGTC_d09_w102,3,public,IGHV3-53,IGHA2,CARGGASSKPFDYW,11.6,17.6,5
ACTGAGTGTCCGAAGA_d05_w141,3,public,IGHV3-15,IGHM,CTTRCNTTKCSGNWFDPW,14.0,12.2,5
CGGACTGGTCGCATAT_d02_w129,3,public,IGHV3-15,IGHM,CTTITMMLVHPDYW,10.0,11.43,7
CGTTCTGTCCAAATGC_d02_w126,3,public,IGHV3-7,IGHM,CARDPNPMAGVSFDYW,11.8,13.75,8
GATCGCGCACATAACC_d04_w97,3,public,IGHV5-51,IGHG2,CARQDGAFDMW,10.0,33.0,4
TAGCCGGGTCTGGTCG_d05_w152,3,public,IGHV3-21,IGHA2,CARAHEIW,7.5,10.5,4
TGCACCTGTTGTTTGG_d06_w179,3,public,IGHV3-48,IGHM,CARDSAYAFDIW,9.0,14.67,3
CTGAAACGTGCCTTGG_d04_w161,3,public,IGHV3-30,IGHM,CAREYCDGGTCYRNYYYYGMDVW,16.5,8.0,4
CAACCAACAAGGGTCA_d02_w184,3,public,IGHV3-33,IGHM,CARGRTYSSGWFPVYFDYW,12.0,13.0,3
GGACAGATCACCAGGC_d05_w97,3,public,IGHV3-74,IGHA2,CVRGFPLPDYW,5.7,19.67,3
CTAGCCTGTTACTGAC_d02_w98,3,public,IGHV5-51,IGHM,CARHGGGLGVVVHFDYW,10.7,9.67,3
CCTCAGTAGGAGTTGC_d07_w97,3,public,IGHV1-46,IGHM,CARRGGAGDYGYYFDYW,10.0,10.25,4
GATCGATCAAAGTGCG_d08_w172,3,public,IGHV3-48,IGHM,CARDPHSLDYW,7.0,14.62,8
TCACAAGCATCCGCGA_d08_w146,3,public,IGHV7-4-1,IGHA2,CARGTRGFYGMDVW,10.8,25.0,4
ATCACGACACGAAAGC_d02_w122,3,public,IGHV1-2,IGHM,CAREGGQNGFDYW,10.2,12.43,14
CATATTCGTTGGTTTG_d07_w140,3,public,IGHV4-4,IGHG4,CARGHTSGYDFLDYW,9.7,21.0,3
TCGAGGCCAATGGAGC_d02_w148,3,public,IGHV3-23,IGHM,CAKGGGSSGWYGMNHFDYW,13.2,14.7,10
ACGCCGAAGGTGATTA_d11_w145,3,public,IGHV1-2,IGHM,CVKSLRGDSASRDYW,6.7,17.0,3
CACACCTCAATGGTCT_d09_w117,3,public,IGHV3-21,IGHA2,CARDPYYYDSSGYHYYFDYW,14.4,5.8,5
TGAGGGAGTGTTCTTT_d02_w129,3,public,IGHV1-46,IGHM,CAREPENSGSFDYW,11.0,19.75,4
ACTGCTCCAGTTAACC_d02_w129,3,public,IGHV3-23,IGHA2,CAKAVDDSSGYYYQYYFDYW,13.7,13.0,3
GTTACAGTCACGATGT_d07_w133,3,public,IGHV5-51,IGHM,CARRGTDFDYW,8.8,11.5,4
TGGTTAGTCCTCTAGC_d09_w154,3,public,IGHV3-23,IGHM,CAKDRSKWPDAFDIW,10.2,13.6,5
GCTCTGTCACTTAACG_d04_w109,3,public,IGHV3-23,IGHM,CAKEGSGSYLDAFDIW,12.8,25.4,5
TATCAGGGTACCGTTA_d07_w104,3,public,IGHV3-23,IGHG2,CAKDWENSWYYFDYW,12.0,14.33,3
CCTAGCTAGTAAGTAC_d07_w176,3,public,IGHV3-23,IGHM,CAKDLLTIFPYNFDYW,13.3,12.33,3
AGGGATGAGATAGCAT_d03_w106,3,public,IGHV4-38-2,IGHM,CARVTDSGYFDYW,9.3,17.09,11
TGAGGGAAGTCCCACG_d11_w160,3,public,IGHV3-74,IGHG2,CARGAGDYWYFDLW,10.0,14.33,3
CGAGAAGAGATGCGAC_d02_w168,3,public,IGHV3-74,IGHM,CTRWESGHAFDIW,10.1,13.71,7
AAGGCAGCAAGACACG_d05_w112,3,public,IGHV4-39,IGHM,CARHWVVTTIGTNWFDPW,11.0,11.33,3
GCTTCCAGTTAGGGTG_d02_w170,3,public,IGHV1-3,IGHM,CARVEGGFDYW,8.7,14.33,3
CTGAAGTGTTATTCTC_d04_w100,3,public,IGHV1-3,IGHM,CARGRWSASSVAYYLDFW,14.0,23.5,28
CCACCTAGTCTCTCGT_d05_w100,3,public,IGHV3-74,IGHM,CARDSSSWGSRSAPYFDYW,13.7,8.73,15
CTGATAGGTACGCTGC_d11_w135,3,public,IGHV5-51,IGHA2,CARQGGHRYCSGGTCVLDYW,10.0,20.0,3
TATTACCCAATACGCT_d02_w155,3,public,IGHV3-74,IGHM,CARDNSGWNYFDYW,10.4,11.0,5
TGCTGCTTCGGCGGTT_d01_w117,3,public,IGHV3-23,IGHA2,CAKDGGYGRVDYW,10.0,13.67,3
GGACAAGGTTGAACTC_d03_w141,3,public,IGHV5-51,IGHM,CARRGYSNYDGIWFDPW,11.0,11.0,3
CTAGAGTTCTATCCCG_d02_w161,3,public,IGHV5-51,IGHM,CARRYSSLEYFDYW,11.3,8.33,3
ACGCAGCAGTGTCTCA_d07_w122,3,public,IGHV3-23,IGHM,CAKGTYCSISNCYGTSFDYW,14.2,12.5,4
AGTCTTTCAAGACACG_d09_w115,3,public,IGHV3-21,IGHA2,CARIFGSGSSPLSGMDVW,12.0,21.33,3
AAATGCCAGGGTCTCC_d09_w99,3,public,IGHV5-51,IGHA2,CARHNEGSGSWYFDYW,10.2,16.4,5
AGCCTAAAGCGTTCCG_d05_w188,3,public,IGHV3-74,IGHM,CARGAFGDLFLYYFDYW,10.3,14.33,3
GTCGTAAAGGAATCGC_d04_w98,3,public,IGHV3-15,IGHM,CTTDPLGTGTTYW,9.0,5.25,16
AACGTTGGTAAGGGAA_d03_w132,3,public,IGHV3-74,IGHM,CARSDVDTEDYW,7.0,14.0,3
CGGACGTTCGGGAGTA_d10_w165,3,public,IGHV1-3,IGHM,CAREHYDILTGYYENYFDYW,12.7,16.0,3
GGGATGAGTGCCTGCA_d04_w116,3,public,IGHV1-18,IGHM,CARGYDYGDYIGGFDYW,11.3,13.33,3
CATCCACCAACACCTA_d07_w178,3,public,IGHV3-74,IGHM,CARGGRPVRKAAGGTNYYYYGLDVW,12.6,19.0,5
GATCGTAAGTGGGCTA_d07_w104,3,public,IGHV5-51,IGHM,CARLDYGSGWYEGDFDYW,12.0,14.33,3
CGTCTACAGGGTGTTG_d07_w107,3,public,IGHV5-51,IGHM,CARRADSSGYFDSW,12.2,10.25,4
TGACTTTCAAAGCAAT_d02_w98,3,public,IGHV7-4-1,IGHM,CARDGPYGYYFDYW,11.3,10.0,3
TGTGTTTCATCACCCT_d04_w104,3,public,IGHV3-53,IGHM,CARSSGSTVPSRHFDYW,11.8,15.25,4
TTCTACATCTCGATGA_d03_w115,3,public,IGHV3-7,IGHM,CARIGYSSSSFDYW,10.0,15.0,3
CACACAACATGGTCTA_d11_w123,3,public,IGHV3-23,IGHM,CAKGRDDYGDYRYNWFDPW,12.2,10.4,5
AGGTCCGCAGCCTGTG_d02_w163,3,public,IGHV5-51,IGHM,CARPYGMDVW,8.7,16.33,3
GTGAAGGTCTTCCTTC_d02_w130,3,public,IGHV5-51,IGHM,CARGFYYFDYW,10.2,13.75,4
TCAACGACACACTGCG_d10_w160,3,public,IGHV3-21,IGHM,CARDLAAAAYYYYYGMDVW,15.4,11.2,5
AGGTCATAGGATATAC_d04_w128,3,public,IGHV3-49,IGHM,CTRGFGFLEWPVDYW,10.0,9.67,3
GCATGCGGTCAACTGT_d02_w121,3,public,IGHV1-3,IGHA2,CARVLLSGVAVAANDYW,10.3,18.0,3
CTAGCCTAGACCACGA_d07_w99,3,public,IGHV3-48,IGHM,CARGGPCGGDCYYYGMDVW,15.8,11.4,5
CTGATCCAGAGGTTGC_d09_w120,3,public,IGHV1-46,IGHA2,CAREKRDDYYFDYW,11.0,21.0,3
TACGGGCCACGGTGTC_d02_w148,3,public,IGHV3-23,IGHM,CAKEKWPGAYFDFW,11.7,12.0,3
AAACGGGGTAAATACG_d10_w159,3,public,IGHV3-48,IGHM,CARGPQYSSGWFPIDYW,11.3,10.67,3
AAAGTAGGTGTCAATC_d07_w104,3,public,IGHV1-2,IGHG2,CARDFRGGPLDYW,8.0,16.33,3
AACGTTGTCACATGCA_d08_w133,3,public,IGHV1-2,IGHM,CARGRNRWESSSYYFDYW,11.1,9.43,7
CACACTCTCACCTCGT_d05_w130,3,public,IGHV1-69,IGHM,CARSVVVSGAAYYYYGMDVW,15.0,16.0,4
TTTGCGCCACAGGTTT_d06_w157,3,public,IGHV3-7,IGHM,CVRGVDYW,4.7,19.67,3
TTCCCAGAGTGTTTGC_d07_w177,3,public,IGHV1-18,IGHM,CARDDGSGGMDVW,9.7,10.67,3
GAAACTCGTGATGCCC_d03_w104,3,public,IGHV4-39,IGHM,CARVDYSNYYYYYYMDVW,12.3,12.67,3
ACGGCCAGTGTCCTCT_d04_w106,3,public,IGHV2-5,IGHM,CAYRSLAVPTTLTFDYW,12.2,13.0,5
CGATTGAAGGCAGGTT_d09_w102,3,public,IGHV6-1,IGHG2,CARGQHSAFDIW,8.0,12.25,4
TCTTCGGAGTACGACG_d04_w112,3,public,IGHV3-74,IGHM,CARGRGGSPDYW,9.0,13.33,3
GTCTCGTAGCCGTCGT_d04_w145,3,public,IGHV1-69,IGHA2,CARSSAIAAAGPYYFDYW,18.0,18.0,3
CCTTCCCCATTGGCGC_d03_w132,3,public,IGHV3-21,IGHM,CAREGYCSSSSCYYDYW,13.0,9.33,3
CGCTATCAGCGGCTTC_d05_w135,3,public,IGHV2-5,IGHM,CAHSPYDSSGYYYFDYW,15.0,11.33,3
GGGAATGCAGAAGCAC_d02_w147,3,public,IGHV3-72,IGHM,CSRVVCSGGSCYSGDYW,13.0,16.12,8
CGACCTTGTATATCCG_d02_w152,3,public,IGHV1-2,IGHM,CARGTPTSNSNWFDTW,11.6,9.8,5
GCATACACAGATGAGC_d07_w98,3,public,IGHV4-39,IGHM,CARDVINNYMDVW,11.3,8.33,3
CGTGTCTTCTCGCTTG_d11_w117,3,public,IGHV3-74,IGHA2,CTRSFNYW,4.0,16.5,4
GATCGATAGACACGAC_d07_w148,3,public,IGHV1-18,IGHA2,CARDERGYGGDLYYFDYW,11.0,14.0,3
CCCAATCTCCGCGGTA_d05_w99,3,public,IGHV3-23,IGHM,CAKGIAPSGYYYYGMDVW,14.5,11.5,4
GTGTGCGTCAAAGACA_d03_w124,3,public,IGHV3-74,IGHA2,CARGGVMHAFDIW,10.7,13.0,3
AGCGTATTCAGGCAAG_d02_w181,3,public,IGHV3-21,IGHA2,CVRNFDYW,7.3,11.67,3
CTACACCTCATCTGTT_d02_w171,3,public,IGHV7-4-1,IGHM,CARDASTIQFDYW,10.0,12.75,4
CCTAGCTGTTATCGGT_d02_w183,3,public,IGHV3-7,IGHM,CARDPGQSDGYNNLFDYW,12.2,11.25,4
TCAATCTTCTGGCGTG_d09_w98,3,public,IGHV5-51,IGHM,CARLLQDYGGTYWYFDLW,13.0,10.67,3
AATCCAGAGGCTATCT_d11_w104,3,public,IGHV3-48,IGHG2,CARDWVEEDSGSSSGFDYW,12.3,18.33,3
CCGTTCATCAACGGGA_d03_w133,3,public,IGHV5-51,IGHM,CARRPTNWNEGRGAFDIW,11.2,8.4,5
GTTCTCGCACGTTGGC_d05_w147,3,public,IGHV3-23,IGHM,CAKYFHYMDVW,12.3,13.67,3
AGCGTATTCCCGACTT_d07_w109,3,public,IGHV4-39,IGHM,CARLWGDYAFDYW,9.9,17.0,7
CAGTAACGTCATGCAT_d07_w148,3,public,IGHV3-23,IGHM,CAKDSRGYYYMDVW,10.2,12.45,22
GTCTTCGAGGGCATGT_d02_w119,3,public,IGHV3-74,IGHM,CARSISGWYHFDYW,10.0,9.67,3
ATCGAGTAGACTAGGC_d07_w105,3,public,IGHV4-39,IGHM,CARDTGWYGRDYFDYW,10.2,11.75,4
CAGGTGCCAGACTCGC_d03_w115,3,public,IGHV5-51,IGHG2,CARRLAARRDTGEGFDYW,10.7,7.33,3
GCGCCAAGTGCATCTA_d06_w109,3,public,IGHV4-31,IGHM,CARGVRAETYYFDYW,10.6,11.2,5
GATGCTAGTCAAGCGA_d06_w130,3,public,IGHV1-46,IGHG2,CARAIGSIAAAGTFDSW,11.9,24.43,7
CCTCAGTCATCCCACT_d09_w128,3,public,IGHV3-72,IGHM,CARLRKVGVKGGDFDYW,10.3,10.33,3
AGCGGTCGTGTGACGA_d02_w159,3,public,IGHV3-9,IGHM,CTKDIGAVAGTVYFDYW,11.0,15.67,3
GCCAAATTCCAAACTG_d09_w132,3,public,IGHV3-7,IGHM,CARDLRAYDYFDYW,11.0,12.67,3
AACTGGTGTAAGGGCT_d02_w174,3,public,IGHV3-7,IGHM,CARDHTYYFDRSGPYYDAFDIW,17.7,16.0,3
TACAGTGGTTCGGGCT_d04_w187,3,public,IGHV3-48,IGHM,CARGTYYYDSSGYYHPTGFDYW,17.0,5.33,3
TTATGCTAGGGTGTTG_d02_w102,3,public,IGHV3-7,IGHM,CARGGGYGPW,6.7,10.17,12
TACGGATTCTAAGCCA_d04_w150,3,public,IGHV3-53,IGHM,CARDSIWYFDLW,9.6,6.2,5
GACAGAGAGTGCGATG_d07_w132,3,public,IGHV1-18,IGHM,CARDRSNSDYW,8.2,17.5,4
ACGGGCTCACTCGACG_d05_w189,3,public,IGHV3-74,IGHA2,CGRDLGGRYSYW,8.0,18.33,6
GCAATCACACACCGAC_d07_w126,3,public,IGHV3-23,IGHA2,CAKNYGSGSFDYW,10.3,15.67,3
CGTGAGCAGACCCACC_d02_w129,3,public,IGHV1-18,IGHM,CARGGFGVALYGMDVW,12.4,17.6,5
GCGAGAACAATAGCAA_d08_w163,3,public,IGHV4-4,IGHA2,CARRSASPDYW,8.3,13.33,3
CAGTCCTGTAACGACG_d10_w156,3,public,IGHV5-51,IGHM,CARRHWSGSGPGDYW,12.2,12.5,4
CAGGTGCGTTACGGAG_d10_w145,3,public,IGHV3-21,IGHM,CARGSGSYGHYYFDYW,12.0,10.25,4
CGTTAGAGTATAAACG_d07_w122,3,public,IGHV3-33,IGHA2,CARDSWGPSGYDGAIDYW,12.5,25.0,4
GAGCAGAGTGTTTGGT_d04_w117,3,public,IGHV3-7,IGHM,CARGSGYTTSPFDYW,10.3,11.33,3
AGATCTGAGCGACGTA_d03_w128,3,public,IGHV1-18,IGHM,CARDRGPFGEHEPLDYW,12.0,10.12,8
CACTCCACAGACTCGC_d11_w99,3,public,IGHV3-23,IGHM,CAKTPGYDYDFWSGYFNLW,15.0,11.4,5
TATCAGGCACTACAGT_d02_w100,3,public,IGHV3-43,IGHM,CVREMSTIWFDYW,9.0,23.67,3
TATGCCCCACCTCGTT_d03_w147,3,public,IGHV3-53,IGHM,CARDAYGSGSCFDYW,11.0,10.67,3
CAGCGACCAAGCCGTC_d02_w164,3,public,IGHV6-1,IGHM,CARGGRGVFDYW,8.3,4.0,10
CCACCTATCCTATTCA_d07_w180,3,public,IGHV1-46,IGHG2,CVRGSLVSKMYGGYGGFDYW,10.7,29.33,3
AGCGGTCAGTGTCCAT_d04_w184,3,public,IGHV1-46,IGHA2,CARGYPPQELERRGFDYW,13.0,16.67,3
CGCTGGATCCACGAAT_d11_w159,3,public,IGHV3-23,IGHM,CAKNNGYNYGTSIDYW,10.2,18.75,4
TGTCCCACAGCTCCGA_d07_w107,3,public,IGHV1-46,IGHA2,CARDNSVYDLSWWFDPW,13.2,16.75,4
CAGCAGCAGGACGAAA_d04_w120,3,public,IGHV3-7,IGHM,CARDIEAFDYW,7.2,10.0,4
CCGTGGATCACGAAGG_d05_w129,3,public,IGHV5-51,IGHM,CARPRGGTMIVVDYW,9.0,7.33,3
CGGAGTCCATAGAAAC_d02_w121,3,public,IGHV5-51,IGHM,CARVRDRDGYTRIYYGMDVW,14.0,13.75,4
GACCAATTCTGTGCAA_d09_w124,3,public,IGHV3-53,IGHM,CARGGGAYCGDDCYRNFDYW,12.0,15.33,6
AACTCAGCATGATCCA_d06_w133,3,public,IGHV7-4-1,IGHM,CARDSVSWYNWFDPW,10.7,15.67,3
CACCAGGCAGGATTGG_d08_w112,3,public,IGHV4-59,IGHM,CARGLEWLFDYW,9.2,13.5,4
CTCGTCAAGTCCATAC_d02_w153,3,public,IGHV5-51,IGHA2,CVRRDGGGYWYFDLW,12.0,33.33,3
CATCGGGAGTAATCCC_d05_w111,3,public,IGHV3-7,IGHM,CARDSGWYRLDYW,11.4,14.4,5
AGCCTAAGTTACTGAC_d07_w184,3,public,IGHV3-7,IGHM,CARGSNGRNVGPFDYW,9.2,12.5,4
AGTAGTCTCTCTGTCG_d07_w121,3,public,IGHV1-18,IGHG2,CARGSKPYDYW,7.0,18.33,3
TGACTTTGTACGCTGC_d08_w157,3,public,IGHV4-31,IGHM,CARSRYDSSGYYFFDYW,12.7,11.67,3
ACGATACTCAGCCTAA_d02_w147,3,public,IGHV3-74,IGHM,CARTYYDSGWHYFDYW,9.7,12.67,3
GCGAGAAAGATCGGGT_d04_w98,3,public,IGHV4-34,IGHM,CAREPGYCSGGSCFGGWFDPW,17.0,9.06,18
AGGGTGAGTCTTGTCC_d07_w150,3,public,IGHV3-48,IGHM,CARESDYGDYADAFDIW,11.7,11.67,3
CTCAGAAGTGATAAGT_d07_w192,3,public,IGHV1-18,IGHM,CAREKYTSGWYGGSYGMDVW,15.3,10.0,3
GCATGCGGTCACTGGC_d02_w107,3,public,IGHV3-30,IGHM,CARGGVAPDHDAFDIW,13.0,18.33,3
CGAACATGTTAAAGTG_d04_w188,3,public,IGHV3-9,IGHG2,CAKDSTLRSYNYDAFDIW,12.7,7.33,3
CACTCCATCTTGGGTA_d05_w136,3,public,IGHV1-46,IGHM,CARGPMRGWFAPW,8.8,20.0,5
GAGCAGAGTATCACCA_d02_w153,3,public,IGHV1-3,IGHM,CARGGDTAYYFAYW,12.2,13.25,4
CGTAGGCCATGGATGG_d11_w140,3,public,IGHV1-3,IGHM,CARNGGYANGGVSWYFDLW,10.3,15.33,3
ATCCACCGTGCGGTAA_d02_w147,3,public,IGHV3-48,IGHM,CARDMVRGGLGYGMDVW,11.0,17.67,3
TAAGCGTTCACCAGGC_d11_w128,3,public,IGHV3-7,IGHM,CVRGVDYW,7.3,19.67,3
GCTGGGTGTCTGGAGA_d09_w141,3,public,IGHV3-23,IGHM,CAKDFWPTHGTPSPFDSW,11.0,13.75,4
CTCCTAGCAGCTCCGA_d04_w107,3,public,IGHV3-74,IGHM,CAREGSGDYYLYFDYW,10.2,12.75,4
CGAATGTAGACTGTAA_d07_w178,3,public,IGHV4-39,IGHM,CARLLYDYFSGSYYYFDYW,13.0,9.25,4
CGAGCACCACTACAGT_d05_w177,3,public,IGHV3-23,IGHM,CAKGGRWQGVDSW,10.2,4.75,4
CTCCTAGCACACATGT_d02_w123,3,public,IGHV3-23,IGHM,CAKRSYDSSVRHFDYW,12.0,7.75,4
CTACCCATCGTTACGA_d03_w98,3,public,IGHV4-59,IGHM,CARGYSSGWTFYYFDYW,11.2,16.5,4
ACTTACTGTGAGGCTA_d03_w144,3,public,IGHV5-51,IGHM,CARRRGTSGYHFDSW,11.3,9.67,3
CCTTTCTCATGGTCTA_d02_w105,3,public,IGHV3-74,IGHM,CARTPYFYGMDVW,10.8,17.0,4
CATCGAAGTCAGAAGC_d02_w184,3,public,IGHV3-53,IGHM,CARDPPPGTTGRGDAFDIW,12.3,18.33,3
GAAACTCAGAGTAAGG_d01_w102,3,public,IGHV3-23,IGHM,CAKDFISGNGIYDAFDIW,12.3,23.0,3
CGGTTAAGTTCTGGTA_d04_w140,3,public,IGHV4-59,IGHM,CARDKGASDYGGNYFDYW,12.3,13.33,3
GTGCATAAGATGCCTT_d10_w106,3,public,IGHV3-48,IGHM,CARGYSAYAYW,9.0,16.6,5
ATCATGGGTCGTGGCT_d05_w133,3,public,IGHV1-2,IGHA2,CARGSDYDVWVGYYPFDYW,11.5,20.0,4
TTCTTAGAGTCCGTAT_d02_w177,3,public,IGHV3-74,IGHM,CARGAGGYSYGW,8.0,4.5,6
GCTGCTTTCTGTACGA_d03_w130,3,public,IGHV3-23,IGHM,CAKDRVGTSSPIHFDYW,10.8,11.4,5
CTTCTCTCATCGGACC_d07_w115,3,public,IGHV3-72,IGHM,CARRVTTRGNSFDYW,7.7,11.0,3
GTTTCTATCTTTAGTC_d04_w97,3,public,IGHV3-48,IGHM,CARVRGAAFGYW,9.2,14.0,5
AGGGAGTCATCGACGC_d04_w189,3,public,IGHV3-74,IGHM,CARGGNSGSFDYW,9.2,20.0,4
CTCGTCATCCGTCATC_d11_w171,3,public,IGHV3-74,IGHM,CVRDYYGLDYW,8.3,13.33,3
GCTCTGTGTAAATGTG_d04_w102,3,public,IGHV3-21,IGHM,CARALHYCSSTSCPFDYW,17.0,6.0,4
GTCATTTGTCTTCGTC_d06_w169,3,public,IGHV3-53,IGHA2,CARGRSGSWYSSSYYGMDVW,16.0,13.33,3
GCAATCAGTTGTCGCG_d05_w129,3,public,IGHV1-18,IGHA2,CARRPSGSPSPDYW,8.2,23.5,6
ATCATGGCACATGGGA_d07_w153,3,public,IGHV3-74,IGHM,CAREPIDYW,6.0,7.33,3
CTCACACAGACACTAA_d07_w104,3,public,IGHV1-2,IGHA2,CARDVDGSQGGAFDIW,12.0,8.75,4
GCTGCTTGTTTGTTGG_d07_w147,3,public,IGHV5-51,IGHA2,CARHVGRLPYYFDYW,11.7,12.0,3
ATGAGGGTCTATCGCC_d11_w146,3,public,IGHV4-59,IGHM,CARGRGYGGAYLRSFDYW,9.3,19.0,3
CAACTAGAGGTCATCT_d07_w155,3,public,IGHV1-2,IGHM,CARDHCSSAGCYEYYYYGMDVW,18.0,11.75,8
ATAGACCGTGATAAGT_d07_w106,3,public,IGHV3-23,IGHM,CAKGNIEGSTPYIHFFDPW,13.2,16.0,6
CGGACACTCAGTGTTG_d04_w143,3,public,IGHV3-23,IGHM,CARDGYGDYADYYSYYGMGVW,17.0,14.0,3
GACAGAGTCCTTGACC_d07_w155,3,public,IGHV5-51,IGHM,CARGSRGWFTRWFDPW,11.7,15.67,3
CACTCCAGTTGTTTGG_d07_w137,3,public,IGHV3-48,IGHM,CARRYCSSSSCTFDYW,11.7,8.33,3
CAGAATCCACATTCGA_d01_w111,3,public,IGHV5-51,IGHM,CARHLRGKSSYYYDYW,9.2,8.8,5
ACTTGTTAGGAGTTTA_d09_w160,3,public,IGHV4-59,IGHM,CARDGGAGTTYIDYW,9.0,6.0,3
ACTGATGTCAAAGTAG_d07_w97,3,public,IGHV5-51,IGHM,CARRKPYYDSSGYYYYFDYW,15.0,9.2,5
ACACTGATCGATGAGG_d05_w171,3,public,IGHV3-15,IGHM,CTTGGYYFDYW,7.0,16.33,3
TGGCTGGAGAATGTGT_d03_w148,3,public,IGHV1-3,IGHM,CSKDEEYW,9.7,16.0,3
GATCAGTAGCCTCGTG_d02_w113,3,public,IGHV3-53,IGHM,CARDVGGMGKMDVW,9.8,12.33,6
GTAACTGAGCGTAATA_d10_w97,3,public,IGHV3-23,IGHM,CARGQGYQFDYW,13.2,11.5,4
GAAGCAGTCATGGTCA_d03_w111,3,public,IGHV6-1,IGHG2,CTRGQYSGFDYW,8.0,15.75,4
GTACTCCCATCCGGGT_d07_w98,3,public,IGHV4-59,IGHM,CVRVGGYPLGAFDIW,12.1,18.11,9
AATCGGTGTGAGCGAT_d07_w153,3,public,IGHV5-51,IGHM,CARMPGGNSPFDYW,7.4,9.4,5
GCAGTTAAGGCATGGT_d03_w102,3,public,IGHV3-23,IGHM,CAKDGSGAYNDYW,11.0,12.67,3
ACCAGTATCAACGAAA_d11_w112,3,public,IGHV3-23,IGHA2,CAKGASGGSGWYYFDSW,11.7,21.67,3
CTGTTTAGTCGCTTTC_d09_w153,3,public,IGHV3-53,IGHG2,CARGGALDVW,7.7,12.67,3
GCAGTTATCAGCTCTC_d07_w159,3,public,IGHV1-3,IGHM,CARGTYYDFWSGFDYW,12.8,14.5,6
GTAACGTTCCCAACGG_d09_w132,3,public,IGHV3-53,IGHG2,CARDLGYFDYW,9.0,14.12,8
ACGTCAAAGGACATTA_d02_w145,3,public,IGHV3-23,IGHG2,CAKDKWDCSSTSCYALFDYW,14.3,17.33,3
CGTAGCGAGTGATCGG_d04_w98,3,public,IGHV5-51,IGHA2,CARQTNSAYYDSSGYQLGPLDYW,17.5,1.5,8
ATGGGAGTCCTCAATT_d06_w181,3,public,IGHV5-51,IGHM,CARQPGGYYGMDVW,12.0,24.0,3
GAGTCCGAGACTGGGT_d10_w157,3,public,IGHV3-74,IGHM,CARGGDHSFDYW,9.7,9.33,3
CTTGGCTGTATAATGG_d09_w144,3,public,IGHV1-8,IGHM,CARGAPGSYCSGGSCPYFDYW,17.0,7.0,12
AACTGGTGTGCACTTA_d11_w170,3,public,IGHV3-48,IGHM,CARDISPGYADYDSGFDYW,13.0,19.33,3
GCCTCTACAAGGACTG_d03_w133,3,public,IGHV3-48,IGHM,CARDPAYPNYFDYW,8.7,14.67,3
AGTGTCATCTCTGAGA_d02_w163,3,public,IGHV3-74,IGHM,CARDVPHNWFDPW,8.6,15.4,5
CATGGCGCATTAACCG_d05_w172,3,public,IGHV3-21,IGHM,CARDTSGSDWSPEMYYFDYW,12.8,9.5,4
ATTGGACCAATAAGCA_d04_w104,3,public,IGHV4-39,IGHM,CVRDPGAGTGFYYYYYMDVW,13.7,8.0,3
AGGGAGTAGCATGGCA_d01_w129,3,public,IGHV3-74,IGHM,CARELTIFGVVVNNWFDPW,11.2,12.0,4
GTCCTCATCAACACCA_d05_w99,3,public,IGHV5-51,IGHM,CARLGRSGWQSGVDYW,9.3,9.0,3
TACACGATCAAGCCTA_d08_w160,3,public,IGHV1-18,IGHM,CARDLGDYFDYW,9.3,13.67,3
CCACGGACAGTATCTG_d05_w112,3,public,IGHV3-23,IGHM,CAKAVKVSGGGHFDYW,11.7,15.0,3
GCATGTAAGTAGGCCA_d07_w145,3,public,IGHV3-74,IGHM,CARNDYSSYYFDYW,9.2,11.0,6
TTATGCTCACAGACTT_d02_w165,3,public,IGHV3-74,IGHG2,CARDDLDYW,7.7,14.33,3
GATGCTAGTCCGAACC_d05_w111,3,public,IGHV3-23,IGHM,CAKDWVVGTTNTYDYFDYW,13.4,10.0,5
CAAGATCCACTAAGTC_d05_w143,3,public,IGHV3-48,IGHM,CARDLWDGWNYIRYFDYW,10.4,7.4,5
ACACTGAAGCAGATCG_d03_w144,3,public,IGHV3-74,IGHM,CARDDSRPQGGFDSW,10.0,15.2,5
GATTCAGTCACCGGGT_d09_w174,3,public,IGHV1-18,IGHG2,CARGGRDFDYW,7.7,19.0,3
GTCATTTGTACACCGC_d07_w147,3,public,IGHV5-51,IGHM,CARHVRDGDLRKLDYW,11.2,10.17,6
GCACATACACCAACCG_d03_w133,3,public,IGHV5-51,IGHM,CARRPTDYSNWFDPW,11.0,7.5,4
TGCCCATTCCTCCTAG_d07_w130,3,public,IGHV3-48,IGHM,CVRGGYCTSTNCYRFNAFDIW,17.0,17.55,11
ACCGTAACATTGCGGC_d04_w126,3,public,IGHV3-23,IGHA2,CAKPIMVRGYSPYHYGMDVW,15.3,18.33,6
CTCGAAAAGGACAGAA_d06_w169,3,public,IGHV3-74,IGHM,CARVATYYYDSSGYYYDYW,14.2,8.5,4
GTGCGGTTCACAACGT_d07_w189,3,public,IGHV3-74,IGHM,CAREGISDAFDIW,11.0,6.33,3
GCCTCTATCTCAAGTG_d11_w157,3,public,IGHV2-5,IGHM,CAHSRDYGAYFDYW,11.0,8.67,3
CACAGTATCCGTAGGC_d06_w157,3,public,IGHV1-2,IGHG2,CAREGLLEKFFDYW,10.0,16.0,3
ACTGTCCAGCGTGAGT_d07_w99,3,public,IGHV1-46,IGHM,CARDQLPTYLGVRDPYFDYW,13.2,12.25,4
AATCGGTAGAAACGCC_d09_w117,3,public,IGHV3-7,IGHM,CARDGVAAGIYFDFW,10.9,16.65,20
CTCGGAGTCAACCATG_d04_w150,3,public,IGHV3-74,IGHM,CARVRSSASLQYYYYYYMDVW,15.3,14.0,3
TCTCATAGTAAATACG_d04_w98,3,public,IGHV1-18,IGHM,CARDPSNTSGRSIYFDYW,14.0,18.0,19
ACTGCTCGTCAGAATA_d03_w124,3,public,IGHV4-39,IGHM,CARGLSSGQTGRWFDPW,10.5,15.83,6
TTTGCGCAGACTTTCG_d07_w105,3,public,IGHV3-48,IGHM,CARDLSGMDVW,10.2,12.75,4
GTGTGCGAGTGCGTGA_d08_w136,3,public,IGHV2-5,IGHG2,CAHRLGGYFDYW,9.3,14.33,3
GACTAACTCCGCATAA_d09_w146,3,public,IGHV3-23,IGHM,CAKGVIATGPRSYFDYW,12.3,13.33,3
GGTGCGTAGAGGACGG_d04_w152,3,public,IGHV3-48,IGHM,CARVRGRIDQYGMDVW,11.6,11.71,7
GCTGCTTCATGTCTCC_d07_w104,3,public,IGHV3-13,IGHA2,CARDPAGHGMDVW,9.0,19.86,7
ATCCACCCATTTCACT_d11_w141,3,public,IGHV3-23,IGHA2,CAKDVDFSSSSRPFDYW,10.7,20.33,3
GTGCGGTAGCTGATAA_d11_w112,3,public,IGHV5-51,IGHM,CARPAARSSWYYFDSW,12.0,12.67,3
CTTCTCTGTTGCGCAC_d03_w123,3,public,IGHV1-46,IGHM,CARGSGWSGFDYW,10.0,8.67,3
TTTACTGTCGGTCTAA_d08_w146,3,public,IGHV3-7,IGHG2,CARDPGFSAFDVW,10.0,20.33,3
ACGCCGAAGAGCAATT_d07_w184,3,public,IGHV3-48,IGHA2,CVRETSGGGNFDYW,8.7,13.67,3
TTAGGACAGTGCGTGA_d04_w167,3,public,IGHV5-51,IGHA2,CARHVARDYDGGRRVDFW,16.0,11.67,3
GGGCACTTCTTGCCGT_d02_w148,3,public,IGHV3-48,IGHM,CARQQYSYGPFDQW,10.0,16.25,4
CCTAAAGCAGCTGTGC_d01_w100,3,public,IGHV3-53,IGHM,CARDLGLDYW,8.7,11.33,3
CCGTTCACACCTCGGA_d08_w187,3,public,IGHV3-7,IGHM,CGRGHYGLDVW,7.0,23.0,3
TACCTATAGTTAAGTG_d07_w109,3,public,IGHV1-18,IGHG2,CGRGWYLDFW,8.0,16.75,4
AGTGTCAAGACAGACC_d05_w133,3,public,IGHV3-74,IGHM,CARGSPGSAYYPFDYW,9.7,8.67,3
CGAGCCACATGAAGTA_d07_w137,3,public,IGHV5-51,IGHM,CARRDIGYEFFDYW,11.6,9.0,5
GTGGGTCAGATGTGGC_d07_w98,3,public,IGHV3-21,IGHM,CARSTSVDYYFDYW,11.3,15.67,3
CAGATCATCCATGCTC_d03_w130,3,public,IGHV6-1,IGHM,CARIATRHDDYW,9.3,7.33,3
ACTGTCCGTGGTACAG_d04_w105,3,public,IGHV3-74,IGHM,CARGRLAGAPNYYYMDVW,13.4,11.6,5
TAGCCGGGTTCACGGC_d02_w112,3,public,IGHV1-18,IGHM,CARDPLTPRYQRGMDVW,14.7,25.0,3
GTTTCTACATTAGGCT_d06_w133,3,public,IGHV1-69,IGHG4,CARLVGEGYHYYGMDVW,13.7,29.67,3
AACTCAGGTTGCGCAC_d02_w139,3,public,IGHV4-31,IGHM,CARQSGAFGYGDYVDYW,10.6,14.2,5
ACGCAGCAGACAGACC_d05_w164,3,public,IGHV3-15,IGHM,CTTGVVRYATLDYW,7.7,16.0,3
GGGAGATCATCACGTA_d04_w146,3,public,IGHV3-48,IGHM,CARVYNYYMDVW,10.7,10.0,3
TTTGCGCCACGAGAGT_d11_w105,3,public,IGHV3-33,IGHM,CARDVDTSSHYGWFDPW,13.0,22.33,3
TCGAGGCGTGATGTCT_d03_w146,3,public,IGHV3-33,IGHM,CARITSAATIDYW,10.3,15.0,3
TCAGATGGTGCACCAC_d02_w146,3,public,IGHV3-7,IGHM,CVRDGWSSLFDYW,9.0,18.14,7
CGAGAAGAGGCCCGTT_d02_w177,3,public,IGHV3-7,IGHM,CARQRYGDYW,8.0,21.5,4
GTTCGGGCAATGGACG_d03_w104,3,public,IGHV5-51,IGHG2,CARRPTVAGSWFDPW,12.3,11.33,3
GTACTTTTCCCTAACC_d11_w161,3,public,IGHV3-23,IGHM,CAKDLKWTYSFDYW,11.0,5.33,3
CGTAGGCCAAACCCAT_d07_w106,3,public,IGHV3-7,IGHM,CARDPGSSAFDVW,8.5,14.75,4
CTCGGGAAGTGTTAGA_d05_w150,3,public,IGHV3-30,IGHA2,CARDSSGWYYFDYW,10.8,13.75,4
TGATTTCAGCCAGGAT_d06_w133,3,public,IGHV3-7,IGHM,CARDVYPQGTPLDYW,10.7,1.13,15
CGATTGACAAGCCGTC_d06_w169,3,public,IGHV3-72,IGHM,CVRGRGGAYSDFDYW,9.6,11.0,5
GGACATTTCTTCGGTC_d05_w148,3,public,IGHV3-74,IGHM,CARQVGYGMDVW,11.7,13.67,3
AGAGTGGAGCCACGCT_d02_w98,3,public,IGHV5-51,IGHM,CARHGSIAARQNYFDYW,9.3,7.67,3
GCTGCAGCACAGGAGT_d02_w181,3,public,IGHV3-48,IGHM,CARVSYYW,5.8,1.5,4
CCCAGTTTCAGTTAGC_d05_w178,3,public,IGHV3-74,IGHM,CAREGYSSSGFDYW,9.0,11.67,3
CAGTAACTCCACTGGG_d05_w141,3,public,IGHV3-9,IGHM,CAKDKYSSSHYYFDYW,12.3,5.33,3
ACATCAGTCGGCGGTT_d07_w99,3,public,IGHV3-23,IGHM,CAKELYYADSSGSFDYW,13.0,13.0,3
TGACTTTAGCTGAAAT_d09_w163,3,public,IGHV3-74,IGHM,CTRDSYMYGRYYGMDVW,14.7,11.0,3
AGGCCGTCATCGGGTC_d02_w181,3,public,IGHV3-48,IGHM,CARKLKPGGPARPDFDYW,9.3,8.0,3
CTGAAACAGGAGCGTT_d07_w128,3,public,IGHV5-51,IGHM,CARQGGSISYYYGDSFDYW,12.1,11.56,9
CGGACGTAGAGACTAT_d09_w109,3,public,IGHV1-2,IGHM,CARDLGHVAVAGDFDYW,13.8,14.0,4
CCGGTAGGTATATGGA_d04_w98,3,public,IGHV3-23,IGHM,CAKDSRGRYSDFDFW,10.8,13.0,17
AGGTCCGGTCTAACGT_d02_w179,3,public,IGHV7-4-1,IGHM,CARDPLGSRNWFDPW,9.8,10.75,4
GGGCATCCAATGCCAT_d03_w123,3,public,IGHV3-23,IGHM,CAKSVAISGPYYFDYW,13.7,11.67,3
CTTTGCGGTATGGTTC_d10_w159,3,public,IGHV3-53,IGHM,CARLSWGGYW,6.3,4.0,3
TCCACACTCTAACTGG_d04_w108,3,public,IGHV5-51,IGHM,CARGGGYCSRNLCYNWYFDLW,16.0,15.71,7
CGGAGTCGTCGTTGTA_d08_w117,3,public,IGHV3-7,IGHM,CARSGRGDYW,9.8,11.56,9
GAACGGATCCGAATGT_d03_w143,3,public,IGHV5-51,IGHM,CVRHSAVPFDYW,9.4,18.6,5
CCATTCGGTGTTGGGA_d07_w128,3,public,IGHV1-69,IGHG2,CARVPRQEGIYGGYYYYGMDVW,15.7,17.33,3
ATGCGATCATTAGGCT_d02_w135,3,public,IGHV3-53,IGHM,CARGVPSGGNCCVFDYW,11.0,13.4,5
GGCAATTTCAGCTCGG_d04_w97,3,public,IGHV3-30,IGHM,CARDATTVTIMYYFDYW,11.1,15.5,8
GATCGTAAGTTGAGTA_d11_w179,3,public,IGHV3-23,IGHM,CAKDRGFGGYEPCDYW,11.0,18.67,3
CCCAGTTTCAGCGACC_d10_w137,3,public,IGHV5-51,IGHM,CARHSRSGYFNWFDPW,12.3,10.0,3
CCTAGCTGTCGGGTCT_d05_w184,3,public,IGHV1-18,IGHM,CARDWALGDYYYYMDVW,11.9,8.57,7
TGACTTTCACAGGAGT_d02_w157,3,public,IGHV5-51,IGHM,CARWVPTGNYGMDVW,9.3,15.0,3
GCATGCGAGGTACTCT_d11_w113,3,public,IGHV5-51,IGHM,CARLSTESSGYYYFDYW,11.6,7.4,5
ATGAGGGTCTTGAGAC_d06_w133,3,public,IGHV5-51,IGHM,CARHSCSGCPFDYW,11.0,10.8,5
AGCAGCCGTTCAGGCC_d01_w144,3,public,IGHV1-18,IGHG2,CAREGDVIDRFDWW,8.0,21.0,3
GTGGGTCCATCACCCT_d02_w100,3,public,IGHV3-7,IGHM,CARGGPGGTFDYW,10.7,10.33,3
CAGAATCGTTTAAGCC_d05_w99,3,public,IGHV3-33,IGHM,CARDQDFWSGYFDYW,14.3,9.18,11
TAAGCGTCATTACGAC_d06_w181,3,public,IGHV3-53,IGHA2,CARDPGFSYGMDVW,11.3,11.33,3
AAGGTTCTCTGCTGCT_d09_w115,3,public,IGHV3-7,IGHM,CARSPEGWPTDYW,8.0,7.33,3
TGCTGCTTCTTCAACT_d05_w119,3,public,IGHV1-8,IGHM,CARVAGAIDYW,7.0,16.0,3
TGACTTTCAAACTGCT_d09_w156,3,public,IGHV3-23,IGHM,CAKDEWSPYWYFDLW,12.0,28.0,3
TGGTTCCAGACGCACA_d02_w130,3,public,IGHV3-74,IGHA2,CARANYYGMDVW,9.2,9.6,5
CCTAAAGTCTCTGAGA_d04_w120,3,public,IGHV3-48,IGHA2,CARVVAMSGQGFIDYW,9.3,20.67,3
CTGTTTACATCGGTTA_d07_w155,3,public,IGHV3-23,IGHA2,CARRTSTVAGSGFDSW,10.0,22.67,3
GGCGTGTGTCTAGCGC_d10_w144,3,public,IGHV3-7,IGHM,CARVRGDYYYDYW,7.8,8.8,5
TACTTACAGTAGGTGC_d04_w115,3,public,IGHV3-74,IGHM,CVRGGQLGSLDYW,9.0,17.5,8
TCTGGAAAGGCCCTCA_d07_w107,3,public,IGHV1-2,IGHM,CARDRHGSPSDYW,9.0,12.8,5
CCCATACCATTGGGCC_d04_w185,3,public,IGHV5-51,IGHG2,CARRPYCGFDCYSSPARRDYYLDSW,15.3,18.0,3
TGTGGTAAGAGTTGGC_d04_w99,3,public,IGHV3-7,IGHM,CARDAGSAYAFDIW,14.2,13.17,6
TGCCCTATCGTGGGAA_d07_w105,3,public,IGHV3-23,IGHM,CAKGSIEGSTPYIHYFDYW,13.4,11.43,14
ATGCGATTCAGTACGT_d10_w113,3,public,IGHV4-31,IGHM,CARYNSGYDIAPFDYW,10.2,9.0,4
GGTGCGTTCTACTTAC_d05_w106,3,public,IGHV1-46,IGHM,CARGTDTHYFDYW,11.0,17.25,4
CCTCTGAAGGCGCTCT_d09_w156,3,public,IGHV1-8,IGHM,CARGGFGYDSSSRGFDYW,9.8,18.25,4
GTAGGCCCACTGCCAG_d07_w129,3,public,IGHV4-39,IGHM,CARHLGDHSSYPSYFDYW,14.0,18.67,3
CTGATAGGTCCAAGTT_d04_w113,3,public,IGHV3-53,IGHA2,CARRQSHWYFDLW,11.0,11.0,3
CGAATGTTCAATACCG_d02_w108,3,public,IGHV3-48,IGHG2,CARTPGVGVGFDYW,9.7,17.67,3
GTGTTAGGTATGAATG_d01_w116,3,public,IGHV6-1,IGHM,CARYTGWFYFDYW,9.0,13.0,4
AACTCTTTCTTGAGAC_d02_w147,3,public,IGHV5-51,IGHG2,CARQAARGWLREGDYYYYGMDVW,15.5,8.25,4
TTCTACAAGGATCGCA_d09_w130,3,public,IGHV5-51,IGHG2,CARRDDDTATFDYW,11.7,29.67,3
CTGCTGTTCCCTAATT_d06_w155,3,public,IGHV3-53,IGHM,CARGWYTGYNYFDYW,10.0,9.42,24
TACTTGTGTGAACCTT_d02_w160,3,public,IGHV3-48,IGHM,CARDRGSRGFDPW,10.2,10.75,4
TCACAAGCAAGGTGTG_d04_w100,3,public,IGHV3-74,IGHM,CARGGPDHGFDIW,9.0,15.71,14
GGGACCTAGCCGGTAA_d11_w148,3,public,IGHV3-23,IGHM,CAKRGDTKYFDYW,9.0,11.67,3
CTAATGGTCAGGCGAA_d07_w152,3,public,IGHV3-74,IGHM,CARDGSGWYVYW,8.7,15.33,3
ATAGACCTCAACACGT_d02_w169,3,public,IGHV5-51,IGHM,CARRAGNWFDPW,10.7,6.67,3
GGATTACTCAAGGCTT_d05_w102,3,public,IGHV3-7,IGHM,CARDVGTGDDYW,11.0,17.0,4
ACGGCCACACAGACAG_d04_w117,3,public,IGHV3-74,IGHM,CARGGAGAIDYW,8.0,14.0,4
GCTCTGTGTCCAGTGC_d07_w154,3,public,IGHV4-NL1,IGHG2,CARQSAIGWFDPW,10.2,17.25,4
GAACCTAGTGATGTGG_d02_w167,3,public,IGHV1-8,IGHM,CARARRLGEIDYW,9.5,11.25,4
GACGGCTGTGATAAAC_d04_w97,3,public,IGHV3-48,IGHM,CARDHRRRHAFDVW,10.8,11.0,5
CACCTTGGTTCCAACA_d05_w111,3,public,IGHV4-39,IGHM,CARVLGAFDIW,10.4,15.4,5
TGTGGTAGTGGCCCTA_d04_w117,3,public,IGHV3-53,IGHM,CARRNGGYGYWYFDLW,14.7,18.67,3
CGATCGGAGTGGTAGC_d04_w108,3,public,IGHV1-18,IGHA2,CARVWFSSAWYPLDSW,12.8,20.75,4
GCATGATCAAACCTAC_d04_w105,3,public,IGHV3-23,IGHM,CAKDKYNYYFDYW,10.0,5.25,4
CGTAGCGAGTGAAGAG_d06_w157,3,public,IGHV5-51,IGHM,CARGAGTYYGSGSYPDYW,10.8,12.0,8
AGCGTCGAGCTGATAA_d02_w143,3,public,IGHV5-51,IGHM,CVRRAYARVSGARYFDYW,10.7,14.33,3
TCTATTGCAGGAATGC_d02_w152,3,public,IGHV5-51,IGHM,CARRYCSGGSCYGGDFDYW,14.3,12.0,3
TACTCGCTCCTTTACA_d02_w106,3,public,IGHV3-74,IGHM,CARGKWLDEFDNW,9.1,11.23,31
AGAGCTTCAACGATGG_d04_w140,3,public,IGHV3-7,IGHM,CARDSDHYFDYW,6.3,11.0,3
CTAACTTGTCTCCCTA_d07_w126,3,public,IGHV4-NL1,IGHA2,CARRPRPVYYMDVW,11.0,13.33,3
CAGCTGGAGGCCGAAT_d02_w143,3,public,IGHV3-7,IGHM,CARIGYSSSSFDYW,8.7,17.0,3
ATCCACCGTAGGAGTC_d02_w156,3,public,IGHV5-51,IGHM,CARVSSTRWFDPW,9.3,11.67,3
CCACGGATCATTGCCC_d04_w135,3,public,IGHV4-61,IGHM,CARGARGYSYGW,8.0,7.33,3
AACCATGTCTAAGCCA_d06_w113,3,public,IGHV5-51,IGHM,CARHDGYTYDQW,7.2,18.25,4
CAAGTTGGTCAACTGT_d09_w146,3,public,IGHV3-13,IGHA2,CAREIGTPGTWYFDLW,12.0,13.86,14
CATCGAAAGTCATCCA_d09_w104,3,public,IGHV5-51,IGHM,CARHGGLNSDDYW,10.3,12.33,3
CTTCTCTAGGGAACGG_d07_w140,3,public,IGHV1-3,IGHM,CARGPSVTYYFDYW,8.0,10.0,4
TATCAGGAGTCCAGGA_d09_w170,3,public,IGHV5-51,IGHG2,CARRKGGLDVW,7.8,16.5,4
CAGCAGCTCCACGAAT_d06_w181,3,public,IGHV3-21,IGHM,CARDRYDSSGLHYW,10.3,9.33,3
GACGCGTGTGTTAAGA_d08_w188,3,public,IGHV3-7,IGHA2,CARAVDVADYW,7.7,19.0,3
CTACCCACAGACGTAG_d04_w152,3,public,IGHV1-18,,CARDGWDYW,9.7,15.33,3
CGGTTAACACATCTTT_d03_w130,3,public,IGHV3-74,IGHA2,CAKDMLWGTSDYW,8.8,17.25,4
GTCATTTCATCGATTG_d07_w148,3,public,IGHV4-39,IGHM,CARLQRGGCSSPSCYTDYW,13.7,11.33,3
GACGTTATCGACGGAA_d05_w172,3,public,IGHV3-74,IGHM,CARENSGWYIDYW,8.7,12.83,6
TTCGAAGGTTTGGGCC_d02_w123,3,public,IGHV3-30,IGHM,CAKDSHNSGYYYYYYMDVW,13.7,13.0,3
GTGAAGGCAGCCACCA_d10_w155,3,public,IGHV3-74,IGHM,CARGHRDGYYVDYW,11.6,10.8,5
GCGACCATCGCAGGCT_d11_w147,3,public,IGHV3-74,IGHM,CARDPAGAVSIDYW,11.0,17.33,3
AAGCCGCGTTCTGTTT_d02_w179,3,public,IGHV3-23,IGHM,CAKSGASMVRGVVVGANWFDPW,15.7,11.33,3
TCGCGTTAGAACTCGG_d09_w116,3,public,IGHV3-53,IGHA2,CARDLDSSGAFDYW,11.0,6.5,4
TACTTACTCGCAAACT_d02_w135,3,public,IGHV4-59,IGHM,CAREPDGSGTGHFDYW,12.0,20.0,3
CGTCCATTCTTGGGTA_d07_w107,3,public,IGHV3-33,IGHA2,CARDRDYSGLSYWYFDLW,10.7,10.67,3
GATCGCGCAACAACCT_d11_w169,3,public,IGHV3-74,IGHM,CARDWYYAIDYW,8.0,3.33,3
CACATAGGTGGGTATG_d08_w147,3,public,IGHV3-23,IGHM,CAKFNSIPYTSSWYYFDYW,12.7,12.0,3
CCCAGTTGTACACCGC_d03_w141,3,public,IGHV1-18,IGHM,CARGQYTWNQPYYFDYW,11.0,4.67,3
GATCGCGGTCTGGAGA_d10_w180,3,public,IGHV3-23,IGHM,CAKGRIGATRGYGMDVW,12.8,17.75,4
ACAGCTAGTGACCAAG_d07_w135,3,public,IGHV3-48,IGHA2,CARDAGRGHLDYFDYW,9.3,21.33,3
TATGCCCCAAAGGTGC_d07_w104,3,public,IGHV4-4,IGHG2,CARGPGSYSSIFDLW,10.3,19.67,3
CATCGGGGTTAGATGA_d04_w97,3,public,IGHV3-53,IGHG2,CARCRGWYGLCAFDMW,11.2,16.25,4
CTACGTCCAGGTGCCT_d11_w157,3,public,IGHV3-72,IGHM,CARGSGSSPYYYGMDVW,13.5,7.5,6
GGAATAAAGTTTCCTT_d02_w177,3,public,IGHV4-39,IGHM,CARHSYYDSSGYSFDYW,13.7,23.0,3
ACAGCCGGTTCGGCAC_d07_w98,3,public,IGHV5-51,IGHM,CARRDYYGSGGYYGAFDYW,14.0,11.52,27
TCAATCTTCCCATTTA_d06_w133,3,public,IGHV3-23,IGHG2,CAKGQWELGLFDYW,11.7,18.67,3
GCTGCTTCAAGGTTCT_d02_w152,3,public,IGHV3-74,IGHM,CARSDWFDPW,6.0,17.25,4
GTACGTATCACTTATC_d07_w130,3,public,IGHV3-7,IGHM,CARANYYDSSRIDYW,12.8,5.67,6
GCGCAACCATTCTCAT_d06_w157,3,public,IGHV3-21,IGHM,CARDLYGDYAFDYW,10.0,10.2,5
GGGTTGCGTAAGGATT_d02_w181,3,public,IGHV3-7,IGHM,CARLEQWLVRDYW,7.8,14.4,5
ACGGGCTCATGACGGA_d05_w124,3,public,IGHV3-15,IGHM,CTTNDAFDIW,8.7,16.33,3
AGTTGGTTCTCTGAGA_d02_w157,3,public,IGHV3-53,IGHM,CAREGDGGNYGGGLDYW,10.8,11.5,6
AACTTTCAGTTAAGTG_d06_w169,3,public,IGHV2-5,IGHM,CAHRPGRDRTWDYW,10.3,4.0,3
CGTCAGGTCTCTTATG_d03_w115,3,public,IGHV3-48,IGHM,CARGASRQYDYW,7.7,10.33,3
TCTTTCCCAGGACCCT_d02_w105,3,public,IGHV3-23,IGHM,CAKSAAGAVFDYW,10.3,14.0,3
CCATTCGGTTGACGTT_d06_w97,3,public,IGHV4-59,IGHM,CARVLPVRYYFEYW,9.2,7.75,4
CCCTCCTAGGCTCAGA_d10_w189,3,public,IGHV3-7,IGHM,CARGGGWSVQYW,8.7,14.33,3
TACCTATCAATACGCT_d06_w120,3,public,IGHV3-33,IGHA2,CARGNWYFDLW,7.5,15.75,4
GCTCCTACAGATTGCT_d02_w147,3,public,IGHV3-74,IGHM,CARGGLEPFDDW,7.3,9.0,3
ATGAGGGGTAAACACA_d04_w181,3,public,IGHV3-48,IGHA2,CARGDILTGYYNHFDYW,11.7,7.33,3
GTCTTCGCACAACGCC_d05_w172,3,public,IGHV3-23,IGHM,CAKDLGYNWNYWDYW,11.7,11.33,6
GTCTCGTAGGCCATAG_d07_w154,3,public,IGHV4-39,IGHA2,CARLLAGTFEYW,9.3,25.33,3
ACCAGTATCAGTCCCT_d05_w111,3,public,IGHV3-23,IGHM,CAKVAVAGKGDYWYFDLW,12.6,12.4,5
AGGTCCGCAGGTGGAT_d04_w187,3,public,IGHV3-74,IGHM,CARDRVAGSGSLDYW,9.3,18.67,6
CCTACACTCGGTGTCG_d08_w172,3,public,IGHV3-7,IGHA2,CVRGSWGGRYW,5.5,11.0,4
TCCCGATCACAAGACG_d07_w98,3,public,IGHV1-69,IGHA2,CARVRGQGTSSGWREFDYW,12.7,25.0,3
CTACATTCATCGGGTC_d02_w123,3,public,IGHV1-3,IGHM,CARGYGSWPYYYYYYGMDVW,12.6,7.0,5
AAAGTAGCATGCATGT_d07_w104,3,public,IGHV3-23,IGHM,CAKDASSIGSGWYTSDYW,11.3,10.0,3
ACGCCGATCACCGGGT_d07_w102,3,public,IGHV3-7,IGHM,CGRPGAVAGRDYW,9.8,6.8,5
TCGGGACGTCTCATCC_d07_w171,3,public,IGHV4-39,IGHM,CARPSHYYDSSGLYFDYW,14.7,15.0,3
CTGATAGAGGTGATTA_d04_w174,3,public,IGHV1-18,IGHA2,CARDGAYSSIFDYW,12.7,14.0,3
CAGCTAATCGGATGGA_d02_w155,3,public,IGHV3-7,IGHM,CARDTEAFDYW,7.4,12.67,9
CGTCCATTCTCAAGTG_d03_w131,3,public,IGHV3-30,IGHM,CARDSGNTACDYW,10.2,11.6,5
TCACAAGAGAGCTGCA_d04_w168,3,public,IGHV3-21,IGHG2,CARETFGSGYDYW,10.3,13.67,3
GGGAATGCACCCAGTG_d02_w112,3,public,IGHV3-23,IGHM,CAKDPMTGYYFDYW,11.3,12.0,3
TGGCCAGAGTGGAGTC_d05_w141,3,public,IGHV1-8,IGHM,CARSPHDYW,7.7,15.67,3
CGTGTCTCATCACCCT_d02_w105,3,public,IGHV4-31,IGHG2,CARGGYEFDYW,9.0,13.33,3
CCATGTCGTCGGGTCT_d06_w169,3,public,IGHV1-18,IGHM,CARDRSNSDYW,6.3,14.67,3
ACACCGGAGAAGGACA_d10_w117,3,public,IGHV7-4-1,IGHA2,CARGGGIRGKYYMDVW,10.7,22.78,9
AACTCAGGTGTGACCC_d07_w156,3,public,IGHV3-48,IGHM,CARDRGGIDYVPHSFDYW,10.4,9.8,5
TCAGCTCAGACTAGGC_d11_w135,3,public,IGHV3-23,IGHM,CARDLRAVAGYYFDYW,13.5,13.25,4
GAACCTATCCAAATGC_d02_w107,3,public,IGHV3-74,IGHM,CARVVPAGHYYGMDVW,8.5,11.25,4
CCGTGGAAGGATATAC_d06_w180,3,public,IGHV3-21,IGHG2,CARDAPGAGYYGINDYW,10.7,15.33,3
GCGCAGTTCACGGTTA_d09_w180,3,public,IGHV4-4,IGHM,CARDGYNSPLDYW,10.3,15.33,3
CTACATTAGGGATACC_d06_w157,3,public,IGHV3-21,IGHM,CARAIYDSGGYYYDYW,11.3,16.33,3
AAAGTAGAGGGAGTAA_d04_w153,3,public,IGHV6-1,IGHM,CARLSTNDGFDYW,8.8,13.75,4
TGACGGCTCCAAATGC_d08_w122,3,public,IGHV3-23,IGHM,CAKDKIAVAGEGFDYW,11.8,11.0,5
CTACATTTCGTTACAG_d07_w143,3,public,IGHV4-4,IGHM,CARGGSGAFDIW,10.0,14.0,4
CTCGTACCAAGCCTAT_d02_w102,3,public,IGHV3-74,IGHM,CAKPRVPGRRTDAFDIW,9.4,27.33,9
AGAGTGGAGATGCCTT_d08_w117,3,public,IGHV3-7,IGHM,CARIVDMGRAHYGMDVW,11.0,11.33,3
GAACCTACACGAAACG_d04_w106,3,public,IGHV3-72,IGHM,CVRGRRGWPFDYW,8.6,8.4,5
TCAGGATAGCAAATCA_d10_w180,3,public,IGHV3-48,IGHA2,CARGDQYDPIDYW,11.0,21.0,3
CGCGGTAAGGTGCTTT_d10_w131,3,public,IGHV3-74,IGHA2,CVRDLDTFDYW,8.0,16.0,4
GAGTCCGGTGCGGTAA_d01_w139,3,public,IGHV1-24,IGHA2,CATGGGLAVTSRYYFDYW,14.0,15.0,3
ACTGTCCAGCGTTCCG_d04_w167,3,public,IGHV5-51,IGHA2,CARQGYHDDAFDIW,9.5,10.83,6
CGTTGGGAGCTGCGAA_d09_w107,3,public,IGHV3-74,IGHA2,CSRGGWDHAFDIW,9.0,14.37,52
GCGACCATCATCGATG_d11_w126,3,public,IGHV3-23,IGHA2,CAKNAVAGAPSPFDYW,9.3,26.0,3
AAGACCTGTGGCTCCA_d09_w177,3,public,IGHV3-7,IGHM,CARGHFGLDVW,7.0,23.67,3
TACGGTAAGGCAATTA_d03_w106,3,public,IGHV3-21,IGHM,CARGAAAGTDYYYGMDVW,13.0,12.33,3
CGATCGGCATTAGGCT_d02_w97,3,public,IGHV3-23,IGHA2,CAKDNFGDHVAGYFYYGMDVW,14.0,19.67,3
CCTAAAGCACATGGGA_d04_w124,3,public,IGHV3-23,IGHA2,CAKDWVRWAFDIW,10.5,10.0,4
CTTACCGGTTCGGGCT_d08_w111,3,public,IGHV1-46,IGHM,CARSPGPRDAFDIW,12.7,16.67,3
GACCAATGTTAGTGGG_d11_w153,3,public,IGHV5-51,IGHM,CARHLSGWYIDSW,10.7,12.33,3
TGCACCTCATTCTCAT_d07_w116,3,public,IGHV3-48,IGHM,CAREFCTGGNCYYGMDVW,14.1,6.12,8
TGGCCAGAGAGCTGGT_d11_w131,3,public,IGHV3-7,IGHM,CARTYGSGSFDYW,10.3,22.0,3
CTGTTTAAGACAGACC_d07_w109,3,public,IGHV3-7,IGHM,CARMRYADYW,8.3,8.0,3
ACGATACTCAAACAAG_d08_w116,3,public,IGHV3-53,IGHG2,CAREAVIVAAGNYYYYGMDVW,11.8,20.25,4
GATCAGTGTCTAGGTT_d07_w146,3,public,IGHV3-7,IGHM,CARNLWPFDYW,9.0,11.0,3
GACGTGCGTACCAGTT_d03_w128,3,public,IGHV3-23,IGHM,CVKGSRGSRPYYFDYW,12.0,22.0,3
TGAGCCGTCACTGGGC_d04_w105,3,public,IGHV3-74,IGHA2,CARDDFGDLPIDYW,10.7,18.0,3
TTGTAGGCATAACCTG_d02_w163,3,public,IGHV4-39,IGHM,CGRAPPDW,6.0,17.0,3
CGGACACCACTGAAGG_d05_w119,3,public,IGHV3-74,IGHM,CAREVIVGDSSGFDPW,9.3,14.67,3
TCTTCGGTCGGCATCG_d04_w99,3,public,IGHV3-33,IGHG2,CARRRQVGHYFDYW,13.3,18.67,3
GCCAAATAGGACTGGT_d11_w191,3,public,IGHV2-5,IGHM,CTRKLWPRLDYW,13.6,12.6,5
CGTAGCGAGCTATGCT_d05_w170,3,public,IGHV1-8,IGHM,CARGPAWSGYYYYFDDW,13.0,7.62,8
CATGACATCCGAAGAG_d02_w132,3,public,IGHV3-23,IGHM,CAKGLSRHYYGMDVW,13.4,9.4,5
TGTGGTATCCCTCTTT_d02_w139,3,public,IGHV3-23,IGHM,CARPGGYCSSTRCDYYYYMDVW,17.2,13.83,6
TCCCGATCACTGTGTA_d07_w140,3,public,IGHV1-18,IGHM,CARGNNWFDPW,9.3,4.0,3
CGACCTTTCCTGCTTG_d09_w113,3,public,IGHV4-4,IGHM,CARESPGDYGRGFDYW,11.0,8.0,5
GCGCCAAAGCAATATG_d05_w169,3,public,IGHV3-74,IGHM,CAREPLRSSNFPYYFDYW,11.3,11.17,6
AACTCCCAGGGTTTCT_d08_w111,3,public,IGHV3-74,IGHG2,CARDWTYYFDSSGYSFDSW,12.5,15.5,4
ATCCGAATCGCCAGCA_d04_w99,3,public,IGHV3-74,IGHM,CVRGLGVEALGRVFDYW,11.4,17.4,5
TCTCATACATCACGTA_d07_w141,3,public,IGHV5-51,IGHM,CARRYSSLEYFDYW,11.2,8.5,4
GTAGGCCGTAGCGTGA_d02_w130,3,public,IGHV3-48,IGHA2,CARDNVWASDYW,9.3,14.0,3
GGGTTGCGTTGGGACA_d03_w98,3,public,IGHV3-74,IGHM,CARSYGGHSYVNDYW,9.5,11.5,6
CGGTTAAAGCCACCTG_d11_w183,3,public,IGHV3-23,IGHA2,CAKRYSSGWEFDYW,12.0,5.0,3
TTCGGTCAGCAACGGT_d07_w157,3,public,IGHV3-74,IGHM,CTRQRPSGWGGLDVW,11.2,24.75,4
ATTTCTGTCACGATGT_d02_w143,3,public,IGHV1-18,IGHG2,CARPGDYGGNPLGDYW,10.0,26.0,3
GTTCATTTCTTTCCTC_d04_w163,3,public,IGHV3-23,IGHM,CAKDRGGYNYYYGMDVW,13.5,18.25,4
GACTACATCAGCTCTC_d05_w129,3,public,IGHV1-18,IGHM,CARGRYFDYW,10.5,12.75,4
AAGCCGCAGCGCCTCA_d07_w165,3,public,IGHV3-23,IGHM,CAKEIFDYGGNSGDYYYGMDVW,15.0,6.33,3
TTTCCTCAGCCTATGT_d08_w172,3,public,IGHV4-39,IGHA2,CVRLPTGYPNWFDPW,11.0,22.2,5
CGGACTGGTATCAGTC_d11_w100,3,public,IGHV3-74,IGHM,CARVGYHHSSGLDFDYW,10.6,7.2,5
GGGATGAAGCTAGTGG_d11_w122,3,public,IGHV3-53,IGHM,CARDLGNRGYFDYW,10.8,6.3,10
AGGGATGGTAAATGTG_d03_w141,3,public,IGHV3-74,IGHG2,CAREADGAGMWYMDVW,9.6,25.2,5
CTGCTGTTCTTGTCAT_d02_w117,3,public,IGHV4-39,IGHM,CARFPYYDSSGSEFYFDYW,14.7,14.64,14
TCTATTGTCCATGCTC_d07_w143,3,public,IGHV1-69,IGHM,CARDYSGSWYGWFDPW,11.6,14.12,8
GCTGGGTTCCCAGGTG_d02_w117,3,public,IGHV5-51,IGHM,CARQGVRHYGMDVW,11.3,15.0,3
AGCTCTCGTCTACCTC_d11_w105,3,public,IGHV1-2,IGHA2,CARGGYYYDSGGYYSFDYW,13.0,21.33,3
CGTCTACAGTACATGA_d06_w145,3,public,IGHV3-23,IGHM,CAKGYSGHWHFDLW,9.7,16.0,3
TACGGGCTCCCATTTA_d03_w98,3,public,IGHV7-4-1,IGHA2,CARGSFDAFDIW,10.0,9.33,3
ACGATGTCACTTAAGC_d09_w188,3,public,IGHV4-59,IGHM,CARDPQDDPACAFDIW,10.0,19.33,3
ACGTCAAAGTCATCCA_d07_w123,3,public,IGHV3-74,IGHM,CGRSLNAFYFW,5.2,18.2,5
TACTTGTCATGCAACT_d05_w112,3,public,IGHV3-53,IGHM,CARSTHSNVFDYW,8.7,19.2,10
GGTGAAGGTCGCTTTC_d07_w99,3,public,IGHV1-2,IGHA2,CARGPSTGDFDYW,10.2,16.5,4
GGCGTGTGTCAGTGGA_d11_w183,3,public,IGHV5-51,,CARRVFSDTWFDPW,11.0,21.5,4
GCAAACTCAGCAGTTT_d01_w98,3,public,IGHV1-18,IGHM,CARGGSDYDYW,7.3,24.67,3
AAGGCAGGTGCGGTAA_d09_w191,3,public,IGHV3-23,IGHM,CAKDRTWLLGVIYWYFDLW,12.0,10.75,4
AAAGCAAGTGTCCTCT_d07_w97,3,public,IGHV3-7,IGHM,CARNTRYYGSTFFDYW,9.3,13.33,3
GGCCGATCAAGGTTCT_d03_w129,3,public,IGHV3-21,IGHM,CARVTDYYYGMDVW,13.0,14.33,3
GACGTGCCAAACCTAC_d02_w148,3,public,IGHV5-51,IGHM,CVRHEGGADRAFDIW,9.0,16.67,3
TATCTCAGTTCCACTC_d09_w155,3,public,IGHV5-51,IGHM,CARQHGGYVFDYW,10.7,10.0,3
AGATTGCTCACATACG_d06_w126,3,public,IGHV1-3,IGHM,CARALNSGFDYW,8.9,10.86,7
AGTTGGTTCCAAACTG_d07_w123,3,public,IGHV3-48,IGHM,CARDLPRCGGGTCYDYW,9.0,15.8,5
GTGCGGTAGACTAGAT_d04_w187,3,public,IGHV3-74,IGHM,CVRDTGTVWFDYW,9.7,18.33,3
CAAGTTGTCCCAGGTG_d02_w154,3,public,IGHV3-21,IGHA2,CARVLYGYWYFDPW,10.3,3.33,3
GCCAAATGTTAGTGGG_d05_w169,3,public,IGHV3-21,IGHM,CARDSHPYCSGGSCTNFDYW,17.3,7.67,3
CGTCTACTCACAAACC_d06_w174,3,public,IGHV3-74,IGHM,CARGRLGEYFDYW,10.0,18.67,3
CAGTCCTGTTTAGCTG_d05_w176,3,public,IGHV5-51,IGHA2,CARLPTARIRGYYFDYW,9.2,7.25,4
TTCGGTCAGCTAACAA_d02_w104,3,public,IGHV4-31,IGHA2,CAREASRYYSFDYW,10.0,21.67,3
AGGGTGAAGCTCCTCT_d03_w123,3,public,IGHV5-51,IGHA2,CARQRPRPGFDYW,10.0,8.25,4
CGGACGTTCCAGAAGG_d10_w183,3,public,IGHV3-23,IGHM,CAKRMGSSWPFDYW,11.0,12.75,4
TGGCGCAGTAGGGACT_d11_w154,3,public,IGHV6-1,IGHM,CARYIGWFYFDYW,8.3,7.33,3
TTAGGACCATCACCCT_d06_w157,3,public,IGHV1-18,IGHG4,CARDGATTYGDYW,10.0,14.67,3
GGATTACAGAATAGGG_d02_w147,3,public,IGHV3-74,IGHM,CAREYGDSVLPVDYW,9.5,11.4,10
AGAGTGGAGTCATGCT_d05_w105,3,public,IGHV1-18,IGHM,CARGTSDAFDIW,11.4,11.8,5
TCAACGAAGATCACGG_d04_w106,3,public,IGHV5-51,IGHA2,CARRDDWSRNFDYW,13.3,8.0,3
AGGGATGGTACCGTAT_d02_w119,3,public,IGHV3-23,IGHA2,CAKFRGTPNSAFDYW,11.0,15.67,3
GCCTCTATCCTTCAAT_d07_w165,3,public,IGHV3-23,IGHM,CAKEVSPNDYW,10.3,22.67,3
ACTTACTTCCGGCACA_d01_w112,3,public,IGHV3-7,IGHM,CARGGSRRETSGFVDYW,10.0,11.5,4
TTCTACACAGCATACT_d04_w111,3,public,IGHV5-51,IGHM,CARPGTDFW,9.0,18.0,3
AGAATAGGTGAAAGAG_d07_w98,3,public,IGHV3-48,IGHM,CARDLISGAYTFDYW,11.0,9.6,5
GGGACCTAGATAGCAT_d04_w188,3,public,IGHV4-34,IGHA2,CARGQLGEYYFDYW,12.0,16.33,3
CGTTAGACATTGTGCA_d04_w107,3,public,IGHV3-48,IGHM,CARAHSGSYHRYFDYW,12.7,24.33,3
GCGGGTTCAATGGAGC_d02_w147,3,public,IGHV7-4-1,IGHM,CVRAYYYDTSGYYWGDYW,14.7,20.67,3
GGAGCAAGTGTCAATC_d03_w146,3,public,IGHV5-51,IGHM,CARTNYWVDYW,9.3,6.0,3
TGAGAGGAGCCCAACC_d06_w181,3,public,IGHV3-23,IGHM,CAKAGRLVADYFDYW,12.0,15.0,4
GATCGTATCATGCATG_d04_w105,3,public,IGHV5-51,IGHM,CARGSGYLGYW,12.2,12.12,8
ACTGTCCGTGAGCGAT_d11_w135,3,public,IGHV3-74,IGHM,CVRDGPGSIMYDYW,8.5,23.25,4
CGTGAGCTCTTAGAGC_d06_w97,3,public,IGHV1-18,IGHG2,CARGNSYGIDSW,9.7,18.67,3
CGCTTCATCTTCGAGA_d03_w140,3,public,IGHV1-2,IGHM,CAREPAYW,5.8,18.0,5
TCATTACGTATTCGTG_d05_w145,3,public,IGHV5-51,IGHM,CARPYGGYYFDYW,9.3,8.67,3
CATCAGAGTCGCGGTT_d07_w159,3,public,IGHV1-46,IGHA2,CARDEYSSSSIEYW,10.5,9.5,4
TCTATTGAGATGGCGT_d07_w131,3,public,IGHV5-51,IGHM,CARRTPQGNWYFDLW,10.5,16.1,10
TTAGTTCCATCGACGC_d07_w141,3,public,IGHV3-23,IGHM,CAKDVPKWAFDYW,11.5,18.0,4
TACCTATCAGTATGCT_d05_w130,3,public,IGHV3-23,IGHM,CAKDKRTIDAFDMW,10.7,15.0,3
CGATGGCAGCTTATCG_d04_w122,3,public,IGHV3-23,IGHA2,CAKDQGPYSSGWSGNDYW,12.3,8.0,3
CGATGGCTCTTTAGTC_d10_w136,3,public,IGHV5-51,IGHM,CARRGSDYGDFDYW,11.3,5.67,3
AACTCAGGTGTTGGGA_d03_w117,3,public,IGHV5-51,IGHM,CARHLADSGRTKDAFDIW,13.3,6.33,3
TGTATTCTCACGGTTA_d04_w123,3,public,IGHV4-39,IGHA2,CARDLRYGGPDYW,12.8,17.0,4
CAAGTTGCAGCTATTG_d07_w98,3,public,IGHV3-48,IGHM,CVRKGGFYFDYW,11.8,19.0,5
AAGGAGCTCTTGCATT_d04_w106,3,public,IGHV1-18,IGHA2,CARAGGIIVGATTAFDIW,13.5,8.38,8
CGCTATCGTAGGCTGA_d10_w147,3,public,IGHV4-31,IGHM,CARERSSSWSGYYFDYW,11.7,11.33,3
ACTGATGAGCCCTAAT_d07_w188,3,public,IGHV3-74,IGHM,CARGGGGNSYFDYW,9.0,10.67,3
CCGGGATGTCATGCCG_d04_w99,3,public,IGHV3-7,IGHM,CARGHYGMDVW,7.0,22.12,8
CCTTACGGTATTCGTG_d07_w169,3,public,IGHV3-74,IGHM,CARDQYYYETSGRTHFDYW,11.7,12.67,3
TCAGCTCTCTCGTATT_d03_w97,3,public,IGHV3-74,IGHM,CVREYSSSSGRAFDIW,12.0,18.35,17
ACCGTAACATGCTGGC_d06_w169,3,public,IGHV5-51,IGHM,CARHLGRGYSYAADYW,11.0,7.67,3
CGCTGGATCACTCCTG_d04_w98,3,public,IGHV3-7,IGHM,CARTRSSGSRDYW,12.4,6.86,7
GTTTCTAAGGAGTCTG_d07_w177,3,public,IGHV1-18,IGHA2,CARDWGGSSLFDPW,11.2,22.25,4
CGAGCACCAACGCACC_d07_w187,3,public,IGHV3-13,IGHM,CVREAFSSSWNNWYFDLW,14.0,21.67,3
CACTCCAAGATGTGGC_d05_w119,3,public,IGHV1-18,IGHM,CARAGAAVTTHFDYW,11.0,15.25,4
CGAACATTCAACACTG_d07_w115,3,public,IGHV3-48,IGHM,CAKSKTYYFDYW,11.7,10.33,3
ATGGGAGTCAGAAATG_d11_w120,3,public,IGHV3-74,IGHM,CARGGSRSGFRGFDYW,10.2,11.25,4
CTGGTCTCACGTCAGC_d10_w109,3,public,IGHV3-74,IGHM,CARGGAGAVDYW,8.2,19.33,6
TTCCCAGGTTCTCATT_d02_w128,3,public,IGHV3-48,IGHM,CARVGLGVYGMDVW,11.7,12.0,3
CGCTATCCACGACGAA_d04_w97,3,public,IGHV5-51,IGHA2,CARQRYCSSDTCRFFDYW,13.7,16.33,3
CCACGGAAGCCCAGCT_d03_w143,3,public,IGHV4-31,IGHM,CARDYGGHGIDYW,10.0,12.33,3
CTAGCCTTCTTTCCTC_d06_w133,3,public,IGHV4-39,IGHM,CARRQYDSSGNFDYW,11.3,9.67,3
CACCTTGAGCGACGTA_d08_w108,3,public,IGHV3-72,IGHM,CTRGGTSRSSYYDPMDVW,13.5,20.42,12
ACGCCGATCGTTTATC_d09_w170,3,public,IGHV3-74,IGHA2,CARGGSPDYW,8.0,20.67,3
TTAGGACAGTTAAGTG_d06_w145,3,public,IGHV3-23,IGHM,CAKDRHYYDSSDYYYYFDYW,15.3,9.0,3
GCAGTTACAACAACCT_d05_w143,3,public,IGHV1-2,IGHM,CARDSGSYGGPDYW,11.0,9.5,4
AACTCAGTCGATAGAA_d05_w137,3,public,IGHV4-39,IGHM,CARRAPSRQPNWFDPW,10.3,18.0,3
CGACTTCTCGAGCCCA_d07_w169,3,public,IGHV1-8,IGHM,CARAPREWGFDYW,9.0,8.67,3
CAGGTGCTCAAACAAG_d05_w135,3,public,IGHV3-72,IGHM,CTRGYSGLSTYAFDVW,12.0,23.33,6
ATTGGTGAGCCCGAAA_d10_w150,3,public,IGHV3-23,IGHM,CAKDGPGYWGYFDYW,12.0,8.33,3
CTGCGGACACCTGGTG_d07_w105,3,public,IGHV3-74,IGHM,CARVPYCGAPSCYARGAFDIW,15.2,15.79,19
TTATGCTTCAGGTAAA_d06_w133,3,public,IGHV1-46,IGHA2,CARGEYYGSGSYFDHW,11.0,22.0,3
CCATGTCGTTCCATGA_d11_w171,3,public,IGHV3-23,IGHM,CAKDKPPIDYTSYYFDYW,11.8,10.25,4
GCATGCGGTTTAAGCC_d02_w180,3,public,IGHV3-48,IGHM,CARGYSYYYGMDVW,12.2,8.75,4
TAAGTGCGTCTTCAAG_d04_w128,3,public,IGHV2-5,IGHM,CAHRLIPRPFDYW,12.3,11.67,3
GAAATGAAGCGATCCC_d01_w98,3,public,IGHV3-74,IGHM,CARDRDGYNFLGYW,9.8,6.8,5
AATCCAGAGGACCACA_d07_w119,3,public,IGHV4-31,,CARGYSGYIGKYFDYW,10.0,10.67,3
TTTGTCAGTGTGAAAT_d07_w98,3,public,IGHV3-23,IGHA2,CAKTPGLRGWFDPW,11.0,33.0,4
TGCTGCTAGAGTACCG_d11_w183,3,public,IGHV4-39,IGHM,CARVRGSRAADFW,10.2,14.75,4
AGTAGTCCACTGTGTA_d07_w97,3,public,IGHV4-39,IGHA2,CARLEAGIQLWFGHYFDYW,12.2,10.75,4
CAACCAACATACTCTT_d02_w98,3,public,IGHV3-23,IGHA2,CAKSRVSSSWYYFDYW,13.0,13.33,3
TTGAACGCACTTCGAA_d07_w185,3,public,IGHV3-48,IGHM,CARDPRGGIDYW,9.0,14.75,4
AGGGATGAGCGATTCT_d05_w124,3,public,IGHV1-2,IGHA2,CARRGVPAAITYYFDYW,11.0,15.0,3
TGCGCAGGTCGAGATG_d02_w165,3,public,IGHV3-23,IGHA2,CAKRFGSGTYYLYYFDYW,15.7,15.67,3
AGGCCGTAGTGGAGTC_d05_w148,3,public,IGHV3-21,IGHM,CARQRFCSSTSCRDFDYW,10.7,11.33,3
CTGGTCTAGAAACCAT_d07_w97,3,public,IGHV5-51,IGHM,CARGSNGYNYDYW,10.0,8.33,3
GTGGGTCTCAGCTCTC_d06_w121,3,public,IGHV5-51,IGHM,CARHPYYDTLSGYLYYFDYW,18.0,11.0,3
TGCCCATGTTCCGTCT_d07_w123,3,public,IGHV5-51,IGHM,CARRSSSWFDYW,9.7,10.33,3
ACTATCTAGAGTCTGG_d07_w99,3,public,IGHV3-23,IGHM,CAKFEGGGYPTYRFDYW,9.7,22.86,7
CTCGTACAGGTGGGTT_d07_w106,3,public,IGHV3-48,IGHM,CAREYSSSSGRAFDIW,12.0,9.67,3
ACACCCTCAATGGACG_d02_w159,3,public,IGHV3-23,IGHM,CAKDRYCSGGSCYSSFDCW,14.7,16.42,12
CGGACACGTACTTCTT_d02_w113,3,public,IGHV3-7,IGHM,CARDVGTGDDYW,9.4,6.8,5
CACATAGCATCAGTAC_d04_w130,3,public,IGHV3-74,IGHA2,CARAREAAAGRALDYW,10.7,7.67,3
TGGCCAGAGGAGTACC_d03_w146,3,public,IGHV5-51,IGHM,CARGDVRFDYW,9.5,3.38,8
CCTTTCTGTATAGGTA_d07_w145,3,public,IGHV3-7,IGHM,CARGIGWYPDYW,8.5,13.0,4
GCATGATTCCGCGCAA_d07_w131,3,public,IGHV5-51,IGHG4,CARFEGHFDYW,8.3,18.33,3
GCTGGGTCAATAGAGT_d01_w106,3,public,IGHV1-3,IGHM,CARSGVAGVTVAGTLDFW,11.3,24.33,3
GCACATAAGGTGCAAC_d09_w181,3,public,IGHV3-30,IGHM,CARGDLRTPDYW,9.8,13.0,4
TGCCCTATCAACACTG_d10_w155,3,public,IGHV7-4-1,IGHM,CARGGYRDPFDYW,10.2,4.5,4
ACGGCCAAGGGATGGG_d06_w169,3,public,IGHV3-23,IGHA2,CAKDSISSLDYW,8.0,22.33,3
CTCGAAAAGTCCTCCT_d07_w128,3,public,IGHV1-3,IGHA2,CARAWGQWELDYW,10.0,25.0,4
CATATGGGTGTGAATA_d11_w188,3,public,IGHV4-4,IGHA2,CAREAHYGPNRYFDSW,9.7,21.0,3
GTTCTCGCAATCTGCA_d02_w99,3,public,IGHV3-53,IGHM,CARDPWFDPW,7.7,16.0,3
GGACATTCACCATCCT_d02_w179,3,public,IGHV3-74,IGHM,CARDSRGAIDYW,8.3,11.0,3
TATGCCCCAGGTGGAT_d04_w98,3,public,IGHV3-15,IGHM,CTTEYYYDNSGLFDYW,12.0,10.8,5
GGACATTGTTACGACT_d11_w139,3,public,IGHV3-23,IGHM,CAKVGTYCSSTSCPFDYW,14.0,8.0,4
GTCACGGGTACAGACG_d01_w104,3,public,IGHV1-2,IGHM,CARGMAPDGFDPW,10.7,19.67,3
GAATGAAGTTGTACAC_d06_w121,3,public,IGHV3-33,IGHM,CANGDYGRYYGMDVW,11.0,14.0,3
CCCTCCTTCTAGCACA_d03_w132,3,public,IGHV5-51,IGHM,CARRGYCSGGGCHSAAFDIW,16.0,10.0,3
CAAGATCTCCGGGTGT_d04_w97,3,public,IGHV5-51,IGHM,CARLSIEARTKDFDYW,11.3,9.4,10
CACACCTTCATCGGAT_d10_w155,3,public,IGHV5-51,IGHA2,CARGNFYLDYW,9.2,14.0,4
ATCTGCCTCATCACCC_d07_w140,3,public,IGHV3-74,IGHM,CARVGYSTVPYFDYW,11.0,10.25,4
GACAGAGAGTCCGGTC_d10_w160,3,public,IGHV5-51,IGHA2,CARTDAFDIW,11.2,19.0,4
CCTTCCCGTTTGTTGG_d05_w156,3,public,IGHV5-51,IGHA2,CARRLTSQETFDYW,7.6,22.0,5
TGGCCAGAGTGATCGG_d05_w174,3,public,IGHV3-48,IGHM,CARGGSVGYDLNAFDIW,14.3,10.67,3
CAACCAAGTTTGGCGC_d02_w154,3,public,IGHV1-2,IGHA2,CARGTDYGDYGAFDIW,10.8,19.5,4
AGCGGTCAGTAGTGCG_d02_w177,3,public,IGHV3-7,IGHG2,CARDADRGGDFDYW,8.6,12.0,5
TGACTAGCAATCTGCA_d07_w107,3,public,IGHV3-23,IGHA2,CAKDSGRSGWYFDYW,12.0,16.0,3
AGCTCCTTCGCTTAGA_d06_w109,3,public,IGHV3-74,IGHM,CVRGGYGSIDYW,8.3,16.0,3
CAGCGACCAGGACGTA_d02_w167,3,public,IGHV5-51,IGHA2,CARQLDYSSDYYGMDVW,10.3,9.33,3
CTCGTCAAGGCCGAAT_d07_w97,3,public,IGHV3-48,IGHM,CARDYYGDYYFDYW,11.3,11.67,3
GATTCAGAGTATGACA_d04_w147,3,public,IGHV3-7,IGHM,CARVVWSAGRALDYW,11.7,6.33,3
CATATGGTCCGCGCAA_d05_w128,3,public,IGHV3-15,IGHM,CTTGGRGAFWSSDYW,8.3,14.67,3
ATCCACCCAGTGGGAT_d07_w116,3,public,IGHV6-1,IGHM,CARDAWSSGRGFDYW,10.4,12.0,11
TTTGTCACATAGACTC_d02_w185,3,public,IGHV3-7,IGHM,CARDWGRRPHDYW,8.7,12.33,3
ACAGCCGGTCCATCCT_d05_w141,3,public,IGHV3-23,IGHM,CAKDYYDSGSYWGAFDYW,11.7,10.33,3
CACCACTGTTGATTGC_d02_w185,3,public,IGHV3-53,IGHA2,CARDLPFDYW,4.7,21.0,3
CGCGGTATCGGAGGTA_d05_w128,3,public,IGHV3-48,IGHM,CARGPLFDYW,7.2,10.25,4
CACAAACGTGCGATAG_d02_w159,3,public,IGHV3-23,IGHA2,CAKGEVYTDHQYFYAMDVW,12.7,22.33,3
GTGCTTCAGTGAACGC_d09_w106,3,public,IGHV3-30,IGHM,CARGPSHSRSWVEDVSYYYGMDVW,13.2,18.0,4
GTTCTCGCATTCCTGC_d03_w99,3,public,IGHV3-23,IGHM,CAKEAAMVDYYFDYW,10.7,11.67,3
CGGACTGCAGGGTATG_d11_w130,3,public,IGHV3-30,IGHM,CAKDRRGGYHSGHIYYYYGMDVW,15.0,17.33,3
CACCAGGGTAACGACG_d06_w145,3,public,IGHV1-2,IGHM,CARAYSGSYRFDYW,10.0,14.67,3
TCAGGTACAGCGATCC_d11_w106,3,public,IGHV3-74,IGHM,CVRGYFSNTNYNWFDPW,10.1,18.86,7
CCACGGAAGATCGATA_d02_w139,3,public,IGHV4-4,IGHA2,CARGGLSSGWPYYFDYW,11.3,14.67,3
AGCTCTCAGACAATAC_d03_w128,3,public,IGHV3-74,IGHM,CARDRGFPDAFNIW,9.7,20.0,3
CTCGTACGTGTTGAGG_d09_w98,3,public,IGHV3-15,IGHM,CTTGTRWSSDFDYW,11.8,10.5,4
AACTGGTCATGTCGAT_d02_w144,3,public,IGHV1-3,IGHM,CARVSGYTAGGFDPW,12.3,13.67,3
CTGGTCTGTCGGCTCA_d04_w112,3,public,IGHV3-23,IGHM,CAKTPNNIDAAGAFFDHW,12.7,20.33,3
CATTATCCATGTTCCC_d08_w99,3,public,IGHV3-23,IGHM,CAKDATPSSSWSEYFDYW,13.6,19.56,16
TCGGGACGTCCTCCAT_d07_w136,3,public,IGHV4-59,IGHM,CARGGYGLFDYW,11.0,13.67,3
TGCGCAGAGTTGAGTA_d04_w99,3,public,IGHV1-18,IGHG2,CAREGGYYEFDFW,12.2,13.8,5
GTCTCGTAGCTGAACG_d05_w115,3,public,IGHV3-74,IGHM,CARASWSGYYPGCW,11.2,12.75,4
ACGGAGAAGGGTTCCC_d09_w180,3,public,IGHV4-59,IGHM,CARDNYVWGSYPYIPYYFDYW,13.7,11.67,3
TGCCCATTCACGCATA_d05_w119,3,public,IGHV5-51,IGHM,CARRDAAMVFDYW,10.5,10.5,4
GGAAAGCAGGGAGTAA_d03_w102,3,public,IGHV1-2,IGHA2,CARGPSTGDFDYW,10.2,13.5,4
TGGGAAGAGAGTGAGA_d06_w169,3,public,IGHV4-59,IGHM,CARGRAYYYDSSGYYLDYW,16.0,5.67,3
CTGTTTACACGAAACG_d07_w124,3,public,IGHV1-2,IGHM,CAREGIPAPATNWFDPW,12.1,11.12,8
AGCGTCGCAGCTGTGC_d06_w121,3,public,IGHV3-23,IGHM,CAKDHTGSYYYMDVW,11.7,21.33,3
CCGTTCAAGAATCTCC_d09_w177,3,public,IGHV1-18,IGHM,CARVNLGTNYYYYGMDFW,15.7,17.67,3
CACATAGTCGCCCTTA_d05_w122,3,public,IGHV3-23,IGHM,CAKGTSWARDYFDYW,11.0,15.67,3
ATCATCTCACTTACGA_d04_w106,3,public,IGHV3-11,IGHM,CARAAGWFDPW,7.0,9.83,6
ACGTCAAGTCACTTCC_d04_w177,3,public,IGHV3-23,IGHM,CAKDRLRGYSYGYYFDYW,14.0,20.5,4
ACGGCCATCAACGGCC_d07_w152,3,public,IGHV3-7,IGHM,CARDWDHYGSGSYHHYFDYW,12.7,10.0,3
CAGCTAATCGGCGCAT_d08_w161,3,public,IGHV3-48,IGHM,CARDPARSNYHYYAMDVW,10.0,11.5,4
GGATTACGTTAAGATG_d09_w140,3,public,IGHV1-18,IGHM,CARDDSGGRSFDYW,10.8,12.25,4
TTTCCTCGTACTTGAC_d11_w122,3,public,IGHV1-2,IGHM,CARGTAFDYW,6.5,14.0,4
CATTATCCATACCATG_d04_w108,3,public,IGHV3-7,IGHA2,CARDRGCDYW,8.0,7.0,3
TGACTAGGTGTGGTTT_d04_w154,3,public,IGHV3-74,IGHG2,CVRDGVGDPPFDYW,10.0,24.0,5
TGGGCGTCAAATTGCC_d09_w180,3,public,IGHV7-4-1,,CARLVPGRSSDYW,7.2,11.0,4
GTCTTCGAGTAGCGGT_d02_w131,3,public,IGHV1-18,IGHM,CARDSSTWEAGRGMDVW,17.5,18.25,4
CCACGGAAGGGAAACA_d05_w135,3,public,IGHV6-1,IGHM,CARGVGNNLFDPW,10.5,12.0,4
CTGCCTAAGCACCGCT_d02_w113,3,public,IGHV1-18,IGHM,CARGWGWGYSSSGYFDYW,12.5,10.5,4
TTATGCTCACGAAAGC_d07_w171,3,public,IGHV1-18,IGHM,CARAYSGSYFNAFDIW,10.0,15.0,6
AACTCCCTCCCTAACC_d02_w154,3,public,IGHV3-23,IGHM,CAKGSGGWPYYFDYW,10.6,12.0,8
AACCATGTCAGAGACG_d04_w156,3,public,IGHV1-3,IGHM,CARGRWVATSAAYYFDSW,14.0,20.5,4
GCACTCTCACACGCTG_d02_w152,3,public,IGHV1-3,IGHA2,CARDEKSWYSDW,9.5,13.5,4
AAGTCTGGTACAGTGG_d04_w143,3,public,IGHV2-26,IGHM,CARIQEGSGSHGFDIW,12.0,20.0,7
AGAGCTTTCCAGGGCT_d02_w135,3,public,IGHV3-48,IGHM,CAREYSSSSGRAFDIW,12.5,8.38,8
CCAGCGACACTAAGTC_d02_w155,3,public,IGHV3-30,IGHM,CARDYDSRGDYYW,7.2,15.0,4
TAGAGCTGTCTTCGTC_d02_w184,3,public,IGHV3-23,IGHM,CAKDSRGAFDIW,8.0,15.25,4
CAACCAAAGTGTACTC_d10_w183,3,public,IGHV1-3,IGHA2,CAKGGASPPGNWFDAW,12.0,24.8,10
CACAGTATCACGCGGT_d07_w129,3,public,IGHV3-23,IGHM,CAKCFGYGSGTYYFDYW,10.7,15.67,3
GACGCGTGTAGAGTGC_d09_w183,3,public,IGHV1-2,IGHM,CARGPWDCSGLTCHYYYYYGMDVW,18.1,12.86,7
GACGGCTCATCGATGT_d07_w99,3,public,IGHV3-23,IGHM,CAKEPREYCSSSSCPNWFDSW,16.4,15.86,14
CGAGAAGAGTAAGTAC_d07_w97,3,public,IGHV5-51,IGHM,CARRGDSGTYPDYW,7.5,8.25,4
GGGTCTGAGAGGTACC_d04_w108,3,public,IGHV2-26,IGHM,CARSTRDSDGTYWGSDYYYYGMDVW,19.0,9.67,3
GGACGTCTCAAAGTAG_d09_w116,3,public,IGHV1-69,IGHG2,CARDRERGALGNYYGLDVW,17.0,18.0,3
CAACTAGCACGTAAGG_d05_w169,3,public,IGHV1-2,IGHM,CARGPSTGAFDYW,9.0,22.22,9
TGTCCCAGTCATTAGC_d07_w147,3,public,IGHV3-23,IGHM,CAKDRGSGYYDFVHW,12.2,10.0,4
AGGGATGCACTACAGT_d02_w192,3,public,IGHV3-23,IGHM,CAKEWDAYSKYRHYGMDVW,13.3,27.0,3
GGTGAAGAGTCGTTTG_d02_w137,3,public,IGHV3-74,IGHM,CTRGGLEPFDDW,8.0,9.17,12
TCTTCGGAGAGTCGGT_d05_w100,3,public,IGHV1-2,IGHM,CARTAVAGTDWFDPW,12.5,11.0,4
TTAGGACCATTCGACA_d06_w97,3,public,IGHV1-2,IGHM,CAREPAYW,7.8,15.75,4
GGAGCAAAGCAATATG_d08_w136,3,public,IGHV5-51,IGHM,CARVEYGACDYW,10.7,9.0,3
CAAGGCCGTTGGACCC_d09_w100,3,public,IGHV3-7,IGHM,CARIGYSSSSMDYW,10.0,21.75,4
TTATGCTGTGGGTCAA_d05_w165,3,public,IGHV4-59,IGHM,CARAAAGHDYW,9.0,15.67,3
CGGACACTCTTTCCTC_d04_w98,3,public,IGHV3-23,IGHM,CAKDDSTGWYDYW,10.7,14.83,6
CAGAATCCAAATCCGT_d03_w100,3,public,IGHV1-3,IGHM,CARGVTRSGWIKDYW,9.8,19.0,4
TGACTAGGTAGAGCTG_d02_w181,3,public,IGHV4-31,IGHM,CARLQFSGYVFFDYW,10.7,10.33,3
CGATGGCAGCTGCAAG_d07_w106,3,public,IGHV3-23,IGHM,CAKKYCSGGGCYYFDYW,11.8,20.0,4
TACTCATGTCTGCCAG_d05_w107,3,public,IGHV5-51,IGHM,CARDYSLENAFDIW,11.3,16.33,3
TCACGAAGTCTCCATC_d09_w131,3,public,IGHV3-48,IGHA2,CARRGDYW,6.8,18.33,6
TCAACGATCGGCGCTA_d07_w130,3,public,IGHV3-7,IGHM,CARLISGVRWGDAFDIW,11.6,11.8,10
AATCGGTAGCCTTGAT_d04_w139,3,public,IGHV3-21,IGHA2,CARDLQVDTAGRGFYGMDVW,15.2,10.17,6
CTGCCTACAGCCTTTC_d05_w140,3,public,IGHV3-48,IGHM,CARGGYCSGGVCYYLNAFDIW,17.0,15.8,5
GACACGCCAAGCTGAG_d08_w104,3,public,IGHV3-7,IGHM,CARGVTADYW,8.7,12.67,3
CGGACGTGTGCACTTA_d07_w99,3,public,IGHV3-7,IGHA2,CARDVTGTLDYW,7.3,14.33,3
ACTGCTCGTAAGGGCT_d11_w163,3,public,IGHV3-74,IGHM,CVRGRVVGTRDYDYYGLDVW,11.7,11.33,3
ACGAGCCGTTTGGCGC_d01_w104,3,public,IGHV3-23,IGHM,CAKDSRRTSGWYYFDFW,11.0,12.2,5
CGCTATCAGCAGCGTA_d07_w107,3,public,IGHV1-8,IGHM,CARALSWSGYYFFDYW,13.3,9.11,9
AGAGTGGTCCCTTGTG_d05_w124,3,public,IGHV1-2,IGHM,CARDGSLSGTEYYFDYW,10.8,10.8,5
CATTCGCGTACCAGTT_d11_w135,3,public,IGHV3-53,IGHM,CARDGSNYYGMDVW,14.1,16.56,9
TCGGGACAGCCCGAAA_d10_w160,3,public,IGHV3-30,IGHM,CARGPGSGYDYFDYW,10.8,17.0,4
ACTGCTCGTATATGAG_d06_w133,3,public,IGHV1-18,IGHA2,CARDKRWELPYFDYW,12.5,9.0,4
CTCATTACAGGGCATA_d02_w189,3,public,IGHV5-51,IGHM,CARHRALSGYTDYW,10.2,8.0,9
ACACTGAAGACAGACC_d07_w116,3,public,IGHV3-74,IGHM,CARVEYSGSYAHFDYW,11.0,7.75,4
ACATCAGAGAGCTTCT_d02_w102,3,public,IGHV3-33,IGHA2,CARAFGYYFYGMDVW,14.3,35.33,3
CCTTCCCAGCGTTTAC_d07_w181,3,public,IGHV1-18,IGHM,CARDPENAIDYW,10.2,20.0,4
TCAGATGGTCCGTGAC_d07_w102,3,public,IGHV4-39,IGHM,CARRGRVGGSWSGFDYW,15.0,11.0,3
AAGCCGCCAGTCAGCC_d07_w128,3,public,IGHV4-39,IGHM,CARDPVAPYSGYPYYFDYW,12.0,16.0,3
GCATGATTCGTCTGAA_d05_w185,3,public,IGHV5-51,IGHG2,CARETYFDTSGAYYFDFW,11.3,20.67,3
ATCATCTGTCGAGTTT_d07_w152,3,public,IGHV5-51,IGHM,CARHLMGSGMDVW,9.2,9.0,6
CCGGTAGTCCCTAACC_d07_w183,3,public,IGHV3-21,IGHM,CARGYGGYSYGYAFDYW,11.0,13.4,5
AGTGGGACATGACATC_d07_w137,3,public,IGHV3-74,IGHG2,CARGLMGNNPFDIW,12.0,12.0,3
TAAGAGACATCTGGTA_d07_w109,3,public,IGHV1-2,IGHM,CARDGGIGVTGTFDYW,11.0,12.9,10
CAGCTGGGTCCCTTGT_d07_w143,3,public,IGHV5-51,IGHM,CARPFSGGDFDYW,9.7,10.29,7
CATGCCTTCGCCGTGA_d04_w100,3,public,IGHV3-23,IGHA2,CAKDLAGVDYW,7.5,23.25,4
CGAGCACTCCACGACG_d05_w154,3,public,IGHV1-69,IGHM,CARGITGTPGYFDYW,12.9,16.12,8
CAGTAACGTCGTGGCT_d10_w191,3,public,IGHV1-2,IGHM,CARSSLDTAMGGDFDYW,10.7,12.33,3
TGCTGCTTCAGCTCTC_d06_w160,3,public,IGHV3-23,IGHM,CAKGTRSGAVAFDYW,11.0,14.0,3
ATCATCTCATCGATTG_d11_w147,3,public,IGHV4-4,IGHA2,CARGDDSGDYYFDNW,13.0,22.25,4
AATCGGTTCACCATAG_d04_w154,3,public,IGHV3-23,IGHA2,CAKYPFEDGYSRGFDYW,11.7,15.0,3
TGGACGCCAAATCCGT_d05_w126,3,public,IGHV1-18,IGHA2,CARTSSEYGMDVW,9.7,8.67,3
TTGTAGGCACAGACAG_d02_w122,3,public,IGHV3-48,IGHM,CARVRPGYYFDYW,10.3,12.67,3
ACGATACAGGAATGGA_d07_w137,3,public,IGHV3-48,IGHM,CARAYSSSSGREAFDIW,13.0,8.33,3
GGCGACTAGTACCGGA_d03_w131,3,public,IGHV3-33,IGHG2,CARGGAAAGAFDYW,8.6,14.2,5
TCTCATACACATCCAA_d06_w145,3,public,IGHV1-69,IGHG2,CARVGYSNLYFDNW,11.0,20.33,3
GTGCGGTAGGGATACC_d04_w117,3,public,IGHV5-51,IGHM,CARQESSSNYYGMDVW,12.5,10.25,4
AAGGTTCGTCCGAAGA_d01_w113,3,public,IGHV3-74,IGHM,CARDSAAAGTLNWFDPW,11.4,8.6,5
TTCGAAGAGAGTAAGG_d02_w148,3,public,IGHV3-7,IGHM,CARGSGVPDYW,8.2,12.5,4
TGCTACCAGATGTTAG_d04_w169,3,public,IGHV1-69,IGHA2,CARDRNNYGLDVW,11.7,24.33,3
TCACGAAAGCTAGTCT_d09_w141,3,public,IGHV4-39,IGHM,CARRAGSFDYW,9.7,15.0,3
AATCGGTAGTTAACGA_d06_w133,3,public,IGHV1-69,IGHM,CARDRGSSGYYFDYW,11.2,21.5,4
ACGCCAGGTGTCTGAT_d06_w157,3,public,IGHV4-39,IGHM,CARPGSSSGWYYFDFW,10.5,10.5,4
AGGGAGTTCGAACTGT_d05_w130,3,public,IGHV5-51,IGHM,CARSYDTQGIDYW,9.0,8.33,3
AGCGGTCCATGCATGT_d05_w172,3,public,IGHV5-51,IGHA2,CARNRYDYVWGTTYAPDYW,13.0,24.6,5
GCATACACAGTGGAGT_d06_w157,3,public,IGHV3-74,IGHM,CGRWNYGMDVW,11.3,13.67,3
CGATCGGTCCCATTAT_d09_w183,3,public,IGHV4-39,IGHM,CARLKWGGYDTEYYFDYW,11.0,10.67,3
TAAGAGAGTAGAGCTG_d02_w156,3,public,IGHV1-8,IGHA2,CARGVEAGYDYW,8.0,13.25,4
TTCTCCTGTTAGAACA_d02_w164,3,public,IGHV5-51,IGHM,CARRRGTGYYYVDYW,13.0,9.67,3
ACGTCAACACACTGCG_d04_w97,3,public,IGHV3-64,IGHM,CARDSGGSYDYW,8.0,25.21,19
CAGCTGGGTCAGAGGT_d04_w126,3,public,IGHV3-74,IGHA2,CARGGDYHGFDIW,9.0,14.73,11
CTAGCCTAGGAGCGAG_d06_w145,3,public,IGHV3-23,IGHM,CAKGYDFWSGYYTAPFDYW,12.3,10.33,6
CACAAACTCTCCAGGG_d03_w116,3,public,IGHV1-3,IGHM,CARDRLGYSSSCFDYW,9.1,19.52,21
GTATTCTTCCACGCAG_d10_w163,3,public,IGHV1-18,IGHG2,CTREWDYW,8.7,28.0,3
CTGAAACTCAACGAAA_d09_w152,3,public,IGHV4-39,IGHG2,CVRLPTGYPNWFDAW,11.0,25.33,3
GAGGTGAAGAATTCCC_d09_w100,3,public,IGHV2-5,IGHM,CAHAYGSYYFDYW,12.2,8.0,5
CAGGTGCTCATGTAGC_d01_w116,3,public,IGHV1-46,IGHM,CARSLVNDAFDMW,9.8,22.25,4
GCTGCAGTCTCCGGTT_d08_w185,3,public,IGHV3-53,IGHA2,CARGRPTYYFDYW,10.3,9.0,3
TTAACTCAGCGACGTA_d04_w102,3,public,IGHV4-31,IGHA2,CARGGYGGNFDYW,12.0,21.25,4
CTACATTAGGCAAAGA_d09_w104,3,public,IGHV3-23,IGHM,CAKGQDYGGNSDYW,11.0,12.67,3
GGCCGATAGTTGTAGA_d11_w144,3,public,IGHV3-74,IGHM,CARDRETAEDYW,9.4,14.14,7
CCCAATCTCGCCAGCA_d10_w157,3,public,IGHV5-51,IGHM,CARVDRESGRGYYFHLGMDVW,15.5,13.33,6
CCTATTACAATACGCT_d04_w155,3,public,IGHV3-23,IGHA2,CAKAERGYCSGDSCLYYGMDVW,16.7,14.0,3
AGAATAGCAATAGCGG_d01_w112,3,public,IGHV4-59,IGHM,CARDARSSGWSLDYYYMDVW,12.3,8.67,3
GACCAATGTCTTGTCC_d03_w140,3,public,IGHV4-59,IGHM,CARDQARWGGRGAFDIW,8.7,16.33,3
GTATCTTAGCTGAAAT_d06_w97,3,public,IGHV1-18,IGHM,CARIRGDSRGYYFDYW,13.3,9.0,3
CTCACACCAAAGGTGC_d04_w102,3,public,IGHV5-51,IGHM,CVRNWFFDLW,10.0,15.0,4
TCAATCTTCCCAGGTG_d09_w130,3,public,IGHV3-7,IGHM,CARSYSNAW,7.0,19.0,3
CCACTACGTTGCGCAC_d04_w99,3,public,IGHV3-33,IGHA2,CARDLGFGDVDDYW,9.2,23.5,4
GGGTCTGTCCACTGGG_d06_w150,3,public,IGHV6-1,IGHM,CARDRGEPSSLDYW,11.2,19.5,4
CGACTTCTCGTCGTTC_d02_w180,3,public,IGHV3-74,IGHM,CVRDRGRPDSFDIW,11.0,20.5,4
TCTGGAAAGGGCACTA_d02_w106,3,public,IGHV3-23,IGHM,CAKDVPIEAFDIW,11.0,11.33,3
GCATGATTCATGTAGC_d04_w97,3,public,IGHV5-51,IGHM,CARTAATSHYYYYMDVW,13.1,8.47,15
CATGACAGTTACCGAT_d07_w104,3,public,IGHV3-7,IGHG2,CARGIGWFDPW,10.7,17.0,3
TTGAACGAGACTTTCG_d07_w112,3,public,IGHV3-48,IGHM,CTRDGGLSGDAFDIW,13.5,11.5,4
GTGCTTCTCGCTTGTC_d02_w163,3,public,IGHV7-4-1,IGHM,CARARDCSDGNCYSDYW,13.0,13.67,6
AGCGGTCAGTTCCACA_d04_w180,3,public,IGHV3-7,IGHM,CARVNLGELWFTRDPDYYYYMDVW,16.3,12.33,3
GTGGGTCAGCCACGCT_d07_w137,3,public,IGHV3-23,IGHM,CAKPAIYSGSFDYW,10.3,12.86,7
CCAATCCAGCGTCTAT_d04_w97,3,public,IGHV3-53,IGHM,CARDADSHGYPLYFDFW,12.9,13.27,22
TGAGGGAGTCAAACTC_d07_w143,3,public,IGHV3-11,IGHM,CARFPSGWPFDYW,9.2,15.5,4
CATTATCAGTATCGAA_d06_w169,3,public,IGHV4-39,IGHM,CARTYSSSWGRFDYW,10.2,15.0,4
AGGTCCGGTCGCATAT_d07_w132,3,public,IGHV3-23,IGHM,CAKDRAYSSSWYTIFDYW,12.0,9.8,5
GCTGCAGAGTACCGGA_d02_w161,3,public,IGHV5-51,IGHM,CARRAADAFDIW,9.3,13.0,3
TGTCCCATCCATGCTC_d07_w155,3,public,IGHV1-46,IGHA2,CARSDYLKYFDNW,10.4,18.2,5
TACAGTGAGGCCCTTG_d03_w146,3,public,IGHV3-23,IGHM,CAKGASSSSFYSYYYMDVW,11.7,18.67,3
CCCATACAGAGGTTGC_d04_w183,3,public,IGHV1-3,IGHM,CARCLVAGTVGWFDPW,11.0,14.0,3
CCAGCGATCTTAGAGC_d02_w188,3,public,IGHV1-2,IGHM,CARDGVRGGAFDIW,13.5,11.0,4
TAAGTGCTCTAACTCT_d02_w111,3,public,IGHV3-48,IGHM,CAREVIGDYYFDYW,10.0,14.67,3
TAGAGCTTCCCAAGTA_d06_w157,3,public,IGHV1-2,IGHM,CARVGASDYW,6.2,12.5,4
CCTACACAGATGTAAC_d09_w191,3,public,IGHV3-74,IGHM,CARVGYTYGFLHW,10.0,9.33,3
AACCGCGGTGCAGGTA_d09_w168,3,public,IGHV3-53,IGHA2,CARGGFSYGVIYFDYW,10.0,14.33,3
GCATGATTCCAAGCCG_d01_w133,3,public,IGHV3-7,IGHM,CARIGYSSSCTDYW,10.4,9.8,5
GGAACTTGTACATCCA_d09_w102,3,public,IGHV3-53,IGHA2,CARCSGGDCYYGMDIW,12.8,21.5,4
CTCGTCAAGTGGCACA_d03_w141,3,public,IGHV3-30,IGHM,CARVYTSGWSLPFDYW,13.4,12.4,5
CGTCACTAGAAACCTA_d06_w161,3,public,IGHV3-23,IGHM,CAKDWGLCSSTSCYFDYW,14.7,15.0,3
GGAAAGCTCAGCACAT_d07_w130,3,public,IGHV5-51,IGHM,CARRYVSLDWFDPW,10.5,10.25,4
GATGAGGCACATTAGC_d11_w179,3,public,IGHV1-18,IGHM,CARDGYFDYW,8.2,12.2,5
TGCCAAATCTCTAGGA_d03_w102,3,public,IGHV3-74,IGHM,CARDLTGPFDYW,10.0,12.33,3
GTATTCTGTTAGATGA_d07_w120,3,public,IGHV5-51,IGHM,CARRDDAFEIW,13.6,7.27,11
TAGTGGTGTACCGGCT_d09_w185,3,public,IGHV1-46,IGHM,CARAGEYFDSDHW,9.7,11.33,3
AAACCTGAGATACACA_d07_w115,3,public,IGHV3-23,IGHG2,CAKDLYSYGSGSYDLDYW,11.0,7.0,3
TCAACGAGTAGGAGTC_d02_w108,3,public,IGHV3-7,IGHM,CARDPDPILGVSFDSW,12.0,18.31,16
CTCGAAATCGTATCAG_d07_w106,3,public,IGHV3-48,IGHM,CARDGDDYYGSGSYFGYW,15.2,10.0,5
CGTGTAAAGGGTTTCT_d06_w156,3,public,IGHV3-48,IGHM,CARGWFDYW,7.3,11.33,3
TCGAGGCAGAACAATC_d03_w102,3,public,IGHV1-18,IGHM,CARRETTYYYYMDVW,10.7,19.67,3
ACATCAGAGAAGGTTT_d06_w157,3,public,IGHV3-7,IGHM,CARDSVVLGGWYPLDYW,10.0,10.33,3
GAATAAGTCCTAAGTG_d01_w135,3,public,IGHV5-51,IGHM,CARRGARTHQTDNYFDPW,10.7,28.33,3
GTCGGGTGTACCCAAT_d11_w177,3,public,IGHV4-31,IGHM,CARDISLRNHYYYYMDVW,15.7,14.33,3
AATCCAGAGCTTATCG_d07_w147,3,public,IGHV1-18,IGHM,CARVGGTQSSYGYIDYW,10.3,19.67,3
CTCTAATCACAGGCCT_d07_w147,3,public,IGHV3-7,IGHA2,CARGTRGSGDYW,7.8,12.8,5
CCCTCCTCATGCCACG_d07_w99,3,public,IGHV3-23,IGHM,CAKDGLGTYGVLDYW,12.3,12.0,3
TTCCCAGCAGTAGAGC_d09_w154,3,public,IGHV4-39,IGHM,CARVGGENPLFDYW,11.3,11.33,3
TGCGCAGGTCCTCTTG_d11_w130,3,public,IGHV1-2,IGHG4,CARAPDYW,9.0,12.33,3
GTATCTTAGGCATTGG_d10_w154,3,public,IGHV5-51,IGHM,CARPSSGPVSSFDYW,11.7,14.33,3
CTCACACGTGTCTGAT_d11_w147,3,public,IGHV1-2,IGHM,CARDGYIGGAFDIW,10.5,12.25,4
GCATACAAGCAATATG_d03_w123,3,public,IGHV3-74,IGHM,CARDLGYRDNYW,7.0,18.0,3
ATAACGCTCAAACCGT_d04_w108,3,public,IGHV3-7,IGHM,CARVVCCVGSGYSDYW,11.3,9.33,6
TCTGAGAAGGACAGAA_d02_w121,3,public,IGHV4-34,IGHG2,CARGPTGTSENYYYYGLDVW,18.0,18.67,3
ACTGCTCTCAGTGTTG_d03_w117,3,public,IGHV3-48,IGHM,CARGGYCSGGTCYSFNAFDIW,17.0,20.6,5
CTCAGAATCACTCCTG_d07_w124,3,public,IGHV3-48,IGHM,CARVFGDFWGYGGGYYYAMDVW,14.7,12.67,3
GCAGCCAAGAAAGTGG_d01_w120,3,public,IGHV5-51,IGHM,CARRARHNWNNPPDAFDIW,14.4,4.6,5
GTGTTAGAGCGTCAAG_d02_w145,3,public,IGHV3-33,IGHM,CARDRGDYYYMDVW,11.7,19.33,3
TACGGGCCATGCATGT_d11_w130,3,public,IGHV3-23,IGHM,CAKVDSGPYWYFDLW,11.3,9.33,3
TGACGGCCACTTAACG_d02_w111,3,public,IGHV3-7,IGHM,CARDPEWGAIDYW,8.5,17.25,4
ACTTGTTTCGGCGGTT_d06_w124,3,public,IGHV3-21,IGHM,CARDYYDSSGYPYYMDVW,11.8,11.25,4
TCTCTAAAGTGTACGG_d08_w124,3,public,IGHV3-74,IGHM,CARGLVGSVSTRGVFDFW,11.5,21.25,4
CCTTTCTGTGATAAAC_d03_w98,3,public,IGHV3-21,IGHM,CARDSYSSGWPYYFDYW,12.7,5.67,3
GCGCAACAGATCGGGT_d07_w144,3,public,IGHV1-3,IGHM,CARARFLESHYGMDVW,10.6,8.0,5
CCGGTAGAGAACAACT_d02_w102,3,public,IGHV3-74,IGHM,CARDRAEGATTGDLLDYW,12.0,11.25,4
ATAAGAGTCGTCTGCT_d11_w121,3,public,IGHV3-7,IGHM,CARPYGYNYYAYGMDVW,10.3,20.67,3
TGGGAAGTCCGGCACA_d10_w145,3,public,IGHV4-59,IGHM,CARPVLRGGAFDIW,11.3,15.0,3
TAAGTGCAGTTGCAGG_d02_w99,3,public,IGHV3-53,IGHM,CARDAGYRYGLDYW,11.3,14.0,6
GCATACACAAGTTAAG_d02_w112,3,public,IGHV3-23,IGHM,CAKGDSSGYSYYFDYW,13.7,13.67,3
CTAGCCTAGACCTAGG_d05_w107,3,public,IGHV4-59,IGHM,CARENSGHFDYW,8.6,12.8,5
CATCCACGTTGCGTTA_d11_w159,3,public,IGHV3-48,IGHM,CAKEKGDYGMDVW,11.0,13.4,5
TCAATCTAGGACAGCT_d08_w135,3,public,IGHV1-46,IGHA2,CAREGGRGYYSNWFDPW,14.3,17.33,3
CGCCAAGCACATTTCT_d07_w105,3,public,IGHV3-48,IGHM,CLRSSDYW,12.6,17.4,5
TGCTACCTCCTCAATT_d04_w99,3,public,IGHV1-3,IGHM,CARAQNYYDSSGYYNYW,15.7,9.33,3
CGTGAGCAGTGGTAAT_d07_w99,3,public,IGHV1-8,IGHA2,CARGRLDYW,5.7,18.33,3
AGGGTGATCTTCTGGC_d04_w128,3,public,IGHV3-74,IGHA2,CARYTVADKGAFDYW,9.0,13.0,4
TCCACACAGGCCGAAT_d05_w145,3,public,IGHV1-18,IGHG2,CANERLGGYFDYW,10.0,14.0,3
GATGCTACAAGTCTGT_d02_w102,3,public,IGHV5-51,IGHM,CARASGSYLPRYFDYW,10.2,5.6,5
CCAGCGACATCGGGTC_d07_w98,3,public,IGHV3-7,IGHM,CVRGRAGAVWIFDYW,8.2,18.75,4
AGATCTGAGTGTACGG_d04_w97,3,public,IGHV3-23,IGHM,CAKDTDDSGDYFLRGSFDYW,14.8,14.0,4
ACATCAGAGGTAGCCA_d02_w121,3,public,IGHV7-4-1,IGHM,CARARDCSGGNCYSDYW,11.0,14.75,4
GGAATAACACGGTAGA_d09_w157,3,public,IGHV3-53,IGHA2,CARGGDYLPFDFW,10.5,13.5,4
TACCTTAAGCGTAGTG_d07_w99,3,public,IGHV5-51,IGHA2,CARLQTLSSGWYFDFW,12.5,23.25,4
GATCGTAAGGTGTGGT_d02_w161,3,public,IGHV3-48,IGHM,CARGDGGYYYGMDVW,9.8,8.4,5
ATGTGTGAGAACTGTA_d04_w150,3,public,IGHV1-18,IGHG2,CARDARVEHLGPAIQSAYYYGMDVW,19.0,0.0,3
AACACGTAGACGCTTT_d02_w171,3,public,IGHV5-51,IGHM,CARGLRIVGATGPVDYW,12.0,6.33,3
CATCGAAGTCTGGAGA_d02_w107,3,public,IGHV4-39,IGHM,CARLPTGYPNWFDTW,11.0,21.0,5
TTGCGTCAGGCATTGG_d05_w102,3,public,IGHV3-48,IGHM,CARVHNMDVW,8.3,9.0,3
TAGCCGGTCTGACCTC_d11_w126,3,public,IGHV3-48,IGHM,CAREPFDYW,7.0,10.33,3
TCGCGTTTCTTAACCT_d07_w107,3,public,IGHV3-48,IGHM,CARGDGGYYYGMDVW,11.4,8.12,8
AGCTCTCGTCTAGAGG_d04_w99,3,public,IGHV3-48,IGHG2,CARGYSRTALDYW,10.6,16.4,5
AGAGTGGTCCGCAAGC_d08_w153,3,public,IGHV3-74,IGHM,CARGYYGDSCDYW,7.0,19.33,3
TGGCTGGGTGTTCTTT_d07_w97,3,public,IGHV4-59,IGHM,CARGTLGRPDYW,8.3,12.33,3
TTCCCAGCAGTCGATT_d03_w123,3,public,IGHV3-23,IGHM,CAKQVGYCSDGNCYFDYW,16.0,15.67,3
ACATACGCAGGTCCAC_d05_w189,3,public,IGHV5-51,IGHA2,CARHGTVGATTNWFDPW,12.0,14.0,3
GAATAAGAGTGATCGG_d02_w163,3,public,IGHV4-39,IGHM,CARGLLNIDYW,8.7,8.33,3
TAGGCATAGCTACCGC_d08_w181,3,public,IGHV3-74,IGHM,CARDSSLVHW,8.0,12.67,3
CTTGGCTGTTATGCGT_d07_w124,3,public,IGHV3-23,IGHM,CAKDKADIRWFDPW,11.3,20.0,3
TGTGGTAAGAGGGCTT_d02_w115,3,public,IGHV5-51,IGHM,CARSPAARSGMDVW,10.8,16.25,4
TGAGGGAAGCTTATCG_d08_w133,3,public,IGHV3-53,IGHM,CARSTHFYFDYW,7.3,13.33,3
AACTTTCCAACTTGAC_d04_w144,3,public,IGHV3-48,IGHA2,CARGLDSAMVLNIYYHYGMDVW,16.3,15.67,3
CTACGTCAGGTAAACT_d04_w161,3,public,IGHV3-30,IGHM,CARGGVYSYGSSNPYYYAMDVW,14.7,11.0,3
GGGAGATTCGAACGGA_d06_w169,3,public,IGHV3-23,IGHM,CAKDRYSSSPYYYYGMDVW,14.3,11.33,3
CTCTGGTTCTCGTATT_d04_w112,3,public,IGHV3-11,IGHM,CARDYYGSGSYSWFDPW,13.8,12.6,5
TTCTCCTCAAGCCGTC_d05_w126,3,public,IGHV3-53,IGHM,CARGGAHSGFDYW,10.3,13.0,3
TTCCCAGAGAAGATTC_d09_w169,3,public,IGHV3-48,IGHM,CARDSGRGYGMDVW,10.2,18.2,5
CCCATACCAAACCCAT_d03_w148,3,public,IGHV6-1,IGHM,CARAEWGDSSGMDYW,9.7,13.33,3
TTGTAGGTCGGAATCT_d03_w112,3,public,IGHV5-51,IGHG2,CARLQNAGGFDIW,9.8,23.5,4
TGCTACCTCTGAGGGA_d02_w132,3,public,IGHV3-48,IGHM,CARDTDWSFDYW,8.7,11.17,6
CTGCGGATCCACTCCA_d04_w159,3,public,IGHV3-74,IGHA2,CARGSNYYYDTSVRQGFDYW,11.7,14.33,3
CGATGTACAGAAGCAC_d07_w192,3,public,IGHV4-59,IGHM,CAREVGVIVSEAYSLSHYDSSGALDYW,13.7,9.33,3
CACAGTAGTTTGTTTC_d09_w104,3,public,IGHV3-23,IGHA2,CARTQSSGYYFFDYW,13.0,18.33,3
CATCCACTCACAAACC_d05_w176,3,public,IGHV3-23,IGHM,CAKGSLVVPAATGGGITDYW,13.3,13.67,3
TTTGGTTCAGTCGATT_d02_w154,3,public,IGHV1-2,IGHM,CARDDSLDYW,10.0,23.0,3
TGATTTCAGAGGGCTT_d07_w155,3,public,IGHV4-NL1,IGHM,CARHVGKWGFDYW,10.0,4.75,4
CCTTACGGTACTCGCG_d07_w116,3,public,IGHV3-48,IGHM,CVRGGYCSGGSCYLLNAFDIW,17.0,13.0,3
TTCGGTCTCAAGCCTA_d07_w177,3,public,IGHV5-10-1,IGHG2,CARHKGTDYLDFW,10.0,26.33,3
CTCGGGATCTCGGACG_d04_w168,3,public,IGHV1-46,IGHM,CARELTAFYFDYW,10.3,12.0,3
CACCACTAGTGCGATG_d07_w179,3,public,IGHV3-23,IGHM,CAKDKVPDSGYNFDYW,13.8,10.75,4
CAGGTGCAGCGAAGGG_d07_w143,3,public,IGHV3-48,IGHM,CARDGGDYGDHVDAFDIW,10.7,12.67,3
TCACGAACATGTTGAC_d06_w174,3,public,IGHV3-74,IGHM,CTKDNAYYMDVW,11.2,20.0,4
CGCGTTTTCTCGCTTG_d05_w107,3,public,IGHV3-72,IGHM,CTRGGTSSNSYYSPMDVW,13.5,18.5,4
AAGGCAGGTATGGTTC_d07_w160,3,public,IGHV3-72,IGHM,CARGRGNGGYFDYW,10.8,10.0,4
CACAGGCCATAGAAAC_d01_w98,3,public,IGHV3-48,IGHM,CARDWSYSFDYW,7.3,17.33,3
ACTGAGTTCGCACTCT_d07_w98,3,public,IGHV1-8,IGHM,CARGDYW,3.0,20.31,64
GCGCAACGTCGAGTTT_d02_w133,3,public,IGHV1-2,IGHM,CVRDGVRGGAFDYW,11.8,11.25,4
CTTAACTGTCATACTG_d08_w181,3,public,IGHV3-23,IGHM,CAKGSAAARPYYFDYW,12.0,21.67,3
TCGAGGCCAGTCTTCC_d04_w139,3,public,IGHV3-7,IGHA2,CARDPYIGSYGAFDIW,15.3,33.67,3
TCAGCTCGTACCGAGA_d05_w165,3,public,IGHV3-74,IGHA2,CARERGVAQYGMDVW,13.0,11.33,3
TACACGAAGACAGACC_d02_w105,3,public,IGHV1-3,IGHA2,CARSYPLPDYW,8.0,7.0,4
CAGCATAGTAACGCGA_d02_w147,3,public,IGHV3-74,IGHM,CVRDNYGVDYW,6.2,14.25,4
CGTCCATGTTTGTGTG_d07_w177,3,public,IGHV3-21,IGHM,CARRGGGDSSWPGWFDPW,10.6,13.4,5
GCTGCTTCACCCATTC_d04_w137,3,public,IGHV3-23,IGHM,CAKGAHFDYW,6.0,22.33,6
TAGCCGGTCACAGGCC_d03_w99,3,public,IGHV3-74,IGHM,CSRDRGHAFDIW,8.7,14.33,3
GTTAAGCAGGACGAAA_d03_w130,3,public,IGHV1-18,IGHM,CARTNPGDYYYYGMDVW,15.0,10.0,7
GCTGCGAAGAAGATTC_d03_w111,3,public,IGHV3-74,IGHM,CARGYSSGYRIDYW,9.2,7.0,4
GTCTCGTGTTCCACTC_d04_w106,3,public,IGHV1-46,IGHG4,CAREPAGQGGFDYW,11.2,24.25,4
CTCGGAGGTATCACCA_d02_w176,3,public,IGHV1-18,IGHG2,CARDDGAGFDYW,9.7,17.0,3
TTGGAACGTAGCGTCC_d02_w97,3,public,IGHV5-51,IGHM,CARQPGPGWFDPW,11.0,14.5,4
TTAGGACTCGCCAGCA_d02_w135,3,public,IGHV3-48,IGHM,CARDDRWGFDYW,8.8,13.0,6
GGACGTCCACACAGAG_d05_w136,3,public,IGHV3-74,IGHM,CARDRGANSAIDYW,11.7,10.67,3
ATTACTCTCACAATGC_d07_w145,3,public,IGHV3-74,IGHM,CARDRRAVPGLFDYW,12.0,14.75,4
TGCGCAGCAAGCCATT_d02_w159,3,public,IGHV4-59,IGHM,CARGWETLDYW,9.0,10.75,4
GTACGTATCGTGGGAA_d02_w99,3,public,IGHV3-53,IGHM,CAREGLFDSSGYNDALDIW,12.0,13.6,5
CGAGAAGTCAAACAAG_d02_w164,3,public,IGHV3-23,IGHM,CAKGSSSSRPYYFDYW,12.0,15.5,12
TGAGAGGCATCTACGA_d04_w174,3,public,IGHV3-21,IGHM,CARGYCSSTSCNGW,15.0,10.0,3
TGAGAGGCAAGCCGTC_d08_w169,3,public,IGHV3-23,IGHM,CAKDARRSDGWYYFDYW,13.0,14.67,3
GCAATCATCTGTGCAA_d04_w102,3,public,IGHV5-51,IGHM,CARKSGFIEYW,9.7,12.0,3
GCTGCAGCATTGTGCA_d09_w184,3,public,IGHV5-51,IGHM,CARRYYDSSGYSLDSW,12.0,13.33,3
CCTTTCTAGGCCGAAT_d04_w105,3,public,IGHV3-7,IGHM,CARVLRFSRFSYYYYMDVW,16.8,11.4,5
CCATTCGTCGCAAGCC_d04_w165,3,public,IGHV3-21,IGHA2,CARGTGGYYYDYW,11.2,10.25,4
GAATAAGTCTGATTCT_d02_w140,3,public,IGHV3-74,IGHA2,CARGLTFDYW,8.0,19.0,3
GCGAGAAAGTGTACGG_d02_w133,3,public,IGHV3-23,IGHM,CAKGHSYSGSWYLDYW,9.7,18.33,3
GGACAGATCTCCAGGG_d02_w170,3,public,IGHV4-31,IGHM,CARSWAGHYFDYW,9.8,19.25,4
TAAGCGTGTATTCGTG_d04_w105,3,public,IGHV3-23,IGHM,CAKDQRPPGNYGYFDYW,14.5,14.0,4
CTGATCCGTAAGCACG_d07_w140,3,public,IGHV3-74,IGHM,CARRLTSFYYGMDVW,11.5,7.0,10
GCTGCGAGTTCCCTTG_d05_w171,3,public,IGHV3-48,IGHM,CARDIYYDSSGYYGMDVW,15.0,11.67,3
CCAGCGAGTGCAACTT_d07_w102,3,public,IGHV3-23,IGHM,CAKDPNGDYIGAFDSW,12.0,24.5,4
ACTGTCCGTTCCATGA_d07_w179,3,public,IGHV3-23,IGHM,CAKARHSSGWNYELGFDSW,12.2,16.0,5
CATGCCTAGGGAGTAA_d08_w157,3,public,IGHV1-3,IGHM,CARGVSNMVYYFDYW,12.8,10.33,6
GCTGCAGCACCGAATT_d06_w145,3,public,IGHV3-74,IGHM,CARDISWNQADYW,9.0,13.0,3
CATGCCTAGACTAGGC_d09_w145,3,public,IGHV5-51,IGHM,CARQSIVAAGTEFDYW,9.2,18.5,4
AGCAGCCAGTGCCATT_d07_w99,3,public,IGHV1-46,IGHM,CARDQGSGYYRTFDYW,10.7,9.67,3
AGCGGTCTCTACCAGA_d07_w181,3,public,IGHV3-23,IGHM,CAKSGGGGVYGDPRDYW,10.0,8.33,3
GCCAAATCACCTATCC_d04_w130,3,public,IGHV3-74,IGHM,CARDKVAGSGSLDYW,10.0,16.25,4
AACCGCGTCCGTCAAA_d10_w161,3,public,IGHV3-53,IGHM,CARGGLGVRGLSFDYW,10.0,15.67,3
GTTCTCGGTTATGCGT_d02_w100,3,public,IGHV3-7,IGHM,CARAVDVADYW,8.0,13.5,4
GCATGTAAGGCGACAT_d06_w133,3,public,IGHV4-59,IGHA2,CARVNHKPNYYYYGMDVW,15.3,19.67,3
TTCCCAGGTACTCGCG_d02_w131,3,public,IGHV3-23,IGHM,CVKDARRYDGWYYFDSW,11.0,23.0,3
CAGCTAAGTGCGATAG_d09_w112,3,public,IGHV1-2,IGHA2,CARDAGSYSFDYW,10.6,9.6,5
TTTGTCAGTGAGGGTT_d05_w170,3,public,IGHV1-2,IGHG2,CARDRGTVTNYWFDPW,10.5,23.75,4
AGCGTATCACGCGAAA_d07_w179,3,public,IGHV5-51,IGHM,CARGMVMDGSTSAFDIW,11.6,13.6,5
CAAGAAATCGGCATCG_d02_w129,3,public,IGHV1-3,IGHM,CARGFIEVAGSASYYFDYW,13.0,12.33,3
GGCTGGTGTACAGTTC_d07_w156,3,public,IGHV2-5,IGHM,CAHRRPDTVNDYW,10.8,10.0,4
CGCTTCAAGGCTCATT_d05_w102,3,public,IGHV3-23,IGHM,CAKVAGSYRFDYW,11.3,14.0,3
CTGAAACCAAGCTGGA_d11_w111,3,public,IGHV1-46,IGHM,CARGGYGSGSYPFDYW,12.0,13.62,8
TGAAAGATCTCGTATT_d04_w119,3,public,IGHV1-3,IGHA2,CARDGFYNTDYW,11.0,16.5,4
GGGATGAGTCTTGCGG_d02_w170,3,public,IGHV3-7,IGHM,CARDGVAAGVYFDYW,9.2,8.4,5
CAGAATCTCCTACAGA_d11_w141,3,public,IGHV4-59,IGHM,CARVNWGSVWYFDLW,11.0,10.67,3
GCAGTTATCGAATGCT_d07_w104,3,public,IGHV1-2,IGHM,CARDFGGSHSRTFDYW,7.7,15.33,3
AAAGATGCACTCGACG_d02_w164,3,public,IGHV5-51,IGHM,CARLGYSSSWGQRYYYGMDVW,14.2,9.4,5
CAGCAGCAGTCCATAC_d05_w145,3,public,IGHV3-53,IGHA2,CARDSSGYYYWDYW,10.8,11.75,4
CTGTGCTTCAACGCTA_d06_w169,3,public,IGHV1-46,IGHA2,CARGKIAAADYWFDPW,12.3,17.33,3
AGGTCCGAGTGGAGAA_d03_w140,3,public,IGHV4-4,IGHM,CARLDPNRWFDPW,9.3,17.47,15
CTCGGGAAGTTTGCGT_d04_w102,3,public,IGHV1-8,IGHG2,CSRGDYW,3.0,20.36,11
TATGCCCCATCCGGGT_d02_w108,3,public,IGHV3-53,IGHM,CARGGSYVDYW,9.0,9.33,3
CTTACCGAGACTTGAA_d04_w124,3,public,IGHV1-18,IGHA2,CTRDGKNGIAVAVDPW,10.7,24.67,3
TCAATCTAGAAGGTTT_d08_w108,3,public,IGHV3-7,IGHM,CARGAGVSDYW,7.7,13.67,3
CTAGTGACATGATCCA_d01_w136,3,public,IGHV3-23,IGHA2,CAKSDNGKGGFRLSYFDYW,9.0,19.67,3
CGAGAAGTCTTGTATC_d09_w192,3,public,IGHV3-7,IGHG2,CARAGSVGAVDYW,9.5,15.5,4
CTCGGAGCAGGTGGAT_d04_w105,3,public,IGHV6-1,IGHA2,CARYSSGWYIDYW,9.0,6.6,5
TTGCCGTCAGGATTGG_d09_w154,3,public,IGHV3-74,IGHA2,CAREGYSSSGFDYW,11.3,11.0,3
AGAGTGGTCTAACCGA_d08_w188,3,public,IGHV3-7,IGHM,CARGDEDSGDYW,9.2,13.5,4
CATATTCTCAACGAAA_d11_w109,3,public,IGHV3-7,IGHM,CARDPDYSSSEYW,10.7,18.67,3
TGGACGCGTCGAATCT_d03_w147,3,public,IGHV3-23,IGHM,CAKDFTSYNGVYDPFDIW,14.0,19.5,4
TTCCCAGGTGCAACGA_d07_w128,3,public,IGHV3-23,IGHM,CAKGGHFDSW,11.7,25.33,3
TATGCCCGTATCGCAT_d06_w157,3,public,IGHV1-18,IGHM,CARAMSSTSPFDYW,9.6,11.6,5
CTGTGCTTCGCTGATA_d04_w97,3,public,IGHV4-59,IGHA2,CARGGDFWSGYDMYYGMDVW,15.7,18.67,3
GCAAACTCAGCTCCGA_d04_w163,3,public,IGHV3-30,IGHM,CARAGGAWNPFDYW,13.3,17.0,3
GTAGTCATCGCAAACT_d04_w113,3,public,IGHV3-53,IGHM,CARSPRDGYSYYYGLDVW,12.3,13.67,6
CAAGGCCGTATAAACG_d06_w181,3,public,IGHV3-21,IGHM,CGRNFDSW,10.2,6.25,4
CAGTCCTGTACAGACG_d10_w156,3,public,IGHV1-18,IGHA2,CARDVPGWGAFDTW,10.3,17.0,3
CATATTCAGTATTGGA_d03_w131,3,public,IGHV6-1,IGHG2,CARGRHSAFDIW,8.0,11.67,3
ACATGGTTCCAATGGT_d07_w180,3,public,IGHV3-23,IGHM,CAKGGMGSSALYNWFDPW,12.0,9.33,3
CGAACATGTAAATACG_d08_w106,3,public,IGHV4-39,IGHA2,CARYSSSNYFDSW,8.8,22.0,4
CGGAGCTTCATTGCGA_d10_w120,3,public,IGHV3-7,IGHM,CARDRGWQQFDYW,9.2,6.0,8
ACACTGAGTCTCTTTA_d09_w181,3,public,IGHV3-48,IGHA2,CARDHNWGFDYW,7.3,21.67,3
GTGGGTCAGGCACATG_d06_w145,3,public,IGHV3-23,IGHA2,CAKEIAVGGTPRFDYW,11.3,14.67,3
AGAGCGACAGGGTATG_d07_w189,3,public,IGHV3-23,IGHM,CAKGVDSGSYHSPYYFDYW,12.4,13.4,5
CTGCGGAGTCGCATAT_d06_w97,3,public,IGHV3-53,IGHA2,CARDLSTAPYYYFGMDVW,13.3,19.67,3
CCGGGATTCGTACCGG_d09_w161,3,public,IGHV3-53,IGHA2,CVRGGMDVW,9.3,25.0,3
CAAGAAATCTTGTACT_d05_w113,3,public,IGHV3-13,IGHA2,CAREGLSSSWNDWYFDLW,14.6,12.8,5
TGACTAGGTAGCTAAA_d08_w124,3,public,IGHV3-21,IGHM,CARGGSYPYYFHYW,10.5,11.5,4
GAGTCCGCAGGCTGAA_d09_w174,3,public,IGHV3-48,IGHM,CARDRGYYFDSW,6.7,14.33,3
AGATTGCAGGGATACC_d04_w106,3,public,IGHV3-21,IGHA2,CVRDLEWFGDGSGYW,10.8,33.17,18
CGTTGGGAGTCAAGGC_d04_w111,3,public,IGHV3-74,IGHG2,CARGLRGPDYW,7.0,29.0,3
CCCAATCAGGTGATTA_d04_w129,3,public,IGHV1-18,IGHA2,CARGTKLGGDIYW,7.7,27.67,3
GCCAAATTCTTTAGTC_d04_w97,3,public,IGHV5-51,IGHM,CARQQQWEFDYW,10.2,9.5,4
CACACAAGTACGACCC_d07_w98,3,public,IGHV4-39,IGHM,CARSYYYDSSGYSSPYGAFDIW,17.3,7.67,3
CATGGCGAGATATGGT_d03_w105,3,public,IGHV3-74,IGHM,CAREAPGSFDYW,9.7,15.0,3
GTCATTTGTCTAGTGT_d09_w121,3,public,IGHV3-23,IGHM,CAKDSGRIAAREVFDYW,12.5,23.83,6
AGCATACGTCCGAAGA_d08_w104,3,public,IGHV3-74,IGHM,CARDRGGSYGRPNDYW,9.0,16.0,5
ACTGTCCAGCGAAGGG_d07_w98,3,public,IGHV1-18,IGHM,CARGYKWNDGSYFDYW,9.3,12.67,3
CGTGTAAAGGTACTCT_d11_w135,3,public,IGHV4-39,IGHM,CARPVSVAGTPYYFDYW,10.2,15.25,4
GCTGCGATCTGCCCTA_d04_w187,3,public,IGHV3-11,IGHM,CARVGSTAAAGTSDFW,12.0,14.75,4
CACCAGGGTAGCACGA_d04_w113,3,public,IGHV3-74,IGHM,CTRVQGSSGWYDYW,9.0,19.0,3
TTGCGTCTCACTGGGC_d05_w189,3,public,IGHV5-51,IGHM,CARPSSTGFDYW,9.7,8.33,3
TATTACCTCCAAATGC_d09_w111,3,public,IGHV4-34,IGHA2,CARGRDPYKSGNYW,7.6,23.38,8
AGGCCGTGTTACGTCA_d11_w115,3,public,IGHV5-51,IGHM,CARLISGSWGDAFDIW,12.0,15.67,3
TGACTAGCACAACGCC_d02_w136,3,public,IGHV3-23,IGHM,CAKRGGGYYFDSW,10.8,21.25,4
TCCACACTCTGAAAGA_d07_w177,3,public,IGHV3-7,IGHM,CGRVAFDYW,7.0,10.5,4
CACACAAGTAAGAGGA_d06_w179,3,public,IGHV2-5,IGHM,CAHRSVAGGNWFDPW,11.0,19.6,5
ATGGGAGGTTAAGTAG_d07_w139,3,public,IGHV3-21,IGHM,CARLSASSGYYWTSYFDYW,11.8,8.0,4
TCGCGAGAGTTAGGTA_d04_w164,3,public,IGHV3-53,IGHA2,CARDNYHIYFDYW,11.0,33.33,3
CAGCCGAGTCGGCATC_d03_w111,3,public,IGHV3-30,IGHM,CAKEYSSSWYYFDYW,12.7,11.33,3
ATGTGTGGTCTACCTC_d05_w119,3,public,IGHV1-46,IGHA2,CARGDSGSNRRYRGYFDYW,11.7,13.67,3
ATGAGGGAGTGAAGAG_d04_w131,3,public,IGHV5-51,IGHM,CARLNGGGGWYGDFW,10.0,15.67,3
TAGTTGGTCTACTCAT_d09_w130,3,public,IGHV1-46,IGHA2,CARDSGHTESFW,9.8,24.0,4
CAACTAGGTCGCGTGT_d04_w154,3,public,IGHV1-18,IGHA2,CARAGGAGGAGTYW,10.7,24.67,3
CCTTCGACAAACGCGA_d02_w180,3,public,IGHV4-39,IGHM,CARHADRGAETQKAFDIW,11.0,10.33,3
GGCTGGTGTTAAGACA_d11_w133,3,public,IGHV1-18,IGHA2,CARDRSGMVPGYW,10.0,17.0,3
GCGAGAAGTGACTCAT_d09_w150,3,public,IGHV1-18,IGHA2,CARERTSFDYW,8.3,14.67,3
GGGTTGCGTTGTCTTT_d07_w98,3,public,IGHV3-23,IGHM,CAKRSSDWYFDYW,10.3,16.06,16
CATTCGCAGAGGTTAT_d04_w104,3,public,IGHV2-26,IGHM,CARILRDYDTFTGYYYYAMDVW,17.0,14.75,4
CTCGTACCACCTCGTT_d05_w102,3,public,IGHV3-74,IGHA2,CARGKWEQLDYGMDVW,10.0,9.67,3
ACATACGTCAGTCAGT_d04_w157,3,public,IGHV1-3,IGHA2,CARDRCDISNCYPPENWFDPW,16.3,15.67,3
CTGAAACAGCTATGCT_d04_w153,3,public,IGHV3-7,IGHM,CARVPGYYYMDVW,12.3,12.67,3
TACGGGCCACGACTCG_d07_w126,3,public,IGHV1-46,IGHA2,CARAVAGPLEYW,8.3,16.33,3
CATATTCGTGGTCTCG_d05_w179,3,public,IGHV5-51,IGHM,CARCLVSNWYGETAYYGMDVW,13.7,14.33,3
CTTGGCTAGAGTACAT_d05_w139,3,public,IGHV3-30,IGHM,CAKGSGRKSGWYFDYW,10.7,17.33,3
CACCTTGGTACGCTGC_d08_w178,3,public,IGHV3-23,IGHM,CAKYRVSGSRNFDYW,12.8,22.0,4
TGACTAGAGATGCCAG_d05_w170,3,public,IGHV3-74,IGHM,CTRGSISDYW,9.0,18.25,4
TTCTCCTAGGGTTTCT_d02_w160,3,public,IGHV3-72,IGHM,CVRVKLGAPTRVFDYW,10.0,10.33,3
CGGAGTCGTCTCTTAT_d11_w191,3,public,IGHV6-1,IGHM,CARLSTNDGFDYW,9.0,16.33,3
AGTGGGATCAGCCTAA_d03_w144,3,public,IGHV3-49,IGHM,CTRVKCSSTRCYIGAFDIW,15.0,13.67,3
TTCGAAGGTAGCGTCC_d04_w97,3,public,IGHV3-23,IGHM,CAKSIYGDHDAFDIW,11.0,12.02,61
CCTTCGAGTCCAGTGC_d02_w161,3,public,IGHV3-74,IGHM,CARAGGSYFPYYFDYW,10.0,11.33,3
TAGTTGGGTTATTCTC_d05_w97,3,public,IGHV3-72,IGHG2,CVRLSPTYTSDYW,12.6,3.14,22
AGTCTTTAGGAGTAGA_d06_w121,3,public,IGHV1-18,IGHG2,CARGELNFDYW,7.3,14.33,3
CTTTGCGCAGCATACT_d06_w97,3,public,IGHV3-7,IGHM,CAREDDAPFDYW,10.0,13.25,4
CGCTATCCAGAAGCAC_d05_w177,3,public,IGHV5-51,IGHM,CARQTTIFGVVTPFDYW,11.3,14.0,3
AAGCCGCAGATGCCAG_d04_w170,3,public,IGHV3-7,IGHM,CARDHLPLTELRFDYW,10.7,14.67,3
TTGACTTCACTACAGT_d06_w121,3,public,IGHV1-46,IGHM,CAREAIGVAGTDFDYW,10.7,10.67,3
AACTCAGGTACCGGCT_d04_w98,3,public,IGHV2-5,IGHM,CAHRGPPFYSTSWYPFDYW,14.4,6.22,9
CTACACCCATGCTGGC_d06_w145,3,public,IGHV4-34,IGHA2,CARTSLGVDESTNWLDPW,15.0,15.17,6
GGGTCTGCAGATGAGC_d08_w106,3,public,IGHV3-15,IGHM,CSTDPPGYW,6.8,19.0,5
GGATTACGTTCGGGCT_d07_w102,3,public,IGHV3-74,IGHA2,CARGGSAHAFDIW,10.3,14.83,6
CATTATCTCTAACGGT_d07_w143,3,public,IGHV3-23,IGHM,CAKGGSPQYYYGMDVW,12.3,16.33,3
CGAGAAGTCGTTACAG_d02_w155,3,public,IGHV3-7,,CARGGRDYW,8.0,10.0,3
GCTGCGAGTCGGCACT_d02_w156,3,public,IGHV1-18,IGHM,CARDWSGYW,7.0,7.25,4
TCCCGATTCTGGTATG_d02_w116,3,public,IGHV3-30,IGHM,CARDSGTWGYYYGMDVW,13.4,18.4,5
CGATGTAAGTTAGCGG_d07_w136,3,public,IGHV3-7,IGHM,CARDAGWGKFDYW,10.2,15.75,4
CCACGGAAGTTTGCGT_d04_w126,3,public,IGHV4-38-2,IGHM,CARGGYSYGVDYW,8.5,7.5,4
CGTCCATGTCGCGGTT_d03_w144,3,public,IGHV3-33,IGHM,CARDRGGSPFDSW,10.7,11.0,3
AAAGCAATCAGTTTGG_d04_w184,3,public,IGHV3-53,IGHA2,CARGRDTYTGWFDPW,11.0,8.0,3
TATCAGGAGACCTAGG_d05_w185,3,public,IGHV3-48,IGHM,CARETDYARSGDAFDIW,10.0,15.33,3
TGGTTCCTCGTCCGTT_d03_w97,3,public,IGHV3-48,IGHM,CARDLGGSGHYW,8.0,12.67,3
CTCGTCAGTCAAAGAT_d06_w133,3,public,IGHV3-23,IGHM,CAKDSSSSNYYFGMDVW,14.2,14.25,4
CGAATGTAGTCGTACT_d07_w107,3,public,IGHV5-51,IGHM,CARHDFAYDYW,8.3,15.89,9
CCATTCGTCGTCCAGG_d04_w154,3,public,IGHV3-7,IGHM,CARNWNNDYYGMDVW,11.0,15.67,6
GTCGGGTGTCCCTACT_d04_w105,3,public,IGHV3-74,IGHM,CVRPLGPYFYYYMDVW,11.7,16.67,12
TTGAACGCACCAGGCT_d05_w120,3,public,IGHV3-53,IGHM,CARDNWGFGWFDPW,10.0,14.33,3
CACATAGGTCCAGTAT_d04_w121,3,public,IGHV3-48,IGHM,CARQGIAAAGEIYYYYYGMDVW,16.3,11.33,3
CCCTCCTGTCTTCTCG_d06_w170,3,public,IGHV4-4,IGHM,CARLDLLTGYYFDYW,10.2,9.75,4
GTCATTTAGTTGCAGG_d07_w105,3,public,IGHV3-72,IGHM,CARGSKSFDYW,7.0,19.8,5
ACGAGCCGTAGCGTGA_d09_w187,3,public,IGHV1-18,,CARGGRDYYDSSGYYQGSYFDYW,15.5,7.75,4
CACATAGTCGAATGCT_d07_w109,3,public,IGHV3-23,IGHM,CAKLGATTPYYYGMDVW,14.2,23.75,4
AGCTTGACATCGGAAG_d06_w121,3,public,IGHV4-59,IGHM,CARRDSSWYYFDYW,10.0,7.25,4
CAGGTGCCACGAAACG_d02_w104,3,public,IGHV1-18,IGHM,CARDKRAKGSRTTVTPFDFW,14.5,16.23,13
TGGGAAGCACTAGTAC_d10_w139,3,public,IGHV3-48,IGHG2,CARVSATGYHDYW,9.4,16.2,5
ATCTACTTCTCGATGA_d01_w120,3,public,IGHV3-7,IGHM,CARLIVGAIDYW,8.0,5.33,3
AGCTTGACAAGTAATG_d04_w102,3,public,IGHV1-3,IGHM,CAREDLSYSSGWYGGHYYGMDVW,17.3,21.67,3
GTACTTTTCGGTTCGG_d02_w132,3,public,IGHV3-7,IGHM,CARDFFGTGSHDYW,12.0,15.25,4
GGACAGAAGGCAAAGA_d11_w139,3,public,IGHV3-48,IGHA2,CVRGNWFDPW,7.4,20.0,5
TACAGTGGTGTGACGA_d05_w126,3,public,IGHV5-51,IGHM,CARGGIESRLFDYW,11.3,8.71,7
GTACGTAAGGATCGCA_d04_w146,3,public,IGHV3-33,IGHM,CARDPVYGDTAFYFDYW,12.6,17.43,7
TGTATTCAGGTGATTA_d09_w113,3,public,IGHV5-51,IGHG2,CARHSTELVWFGESYDYW,11.8,24.0,4
AGGTCCGAGGATTCGG_d02_w177,3,public,IGHV3-74,IGHM,CARAGSYRLDYW,8.0,20.67,6
GACGTTAGTTCCATGA_d05_w140,3,public,IGHV3-23,IGHM,CAKGQTYFDYW,9.0,10.5,4
ACTGATGAGACGCAAC_d06_w181,3,public,IGHV3-74,IGHM,CARAKDISGWPDAFDIW,9.2,9.5,4
TACGGGCCACCTATCC_d11_w147,3,public,IGHV4-59,IGHM,CARGSSGYSYGW,10.0,9.0,5
GTCAAGTGTAATCACC_d02_w132,3,public,IGHV3-23,IGHM,CAKDGGRGGFSSGWSDAFDIW,14.8,14.75,4
AGGCCGTTCGCCCTTA_d07_w128,3,public,IGHV1-2,IGHA2,CARPYTSGWSSFDYW,9.3,14.33,3
TATCAGGTCAGTTAGC_d07_w116,3,public,IGHV3-23,IGHM,CAKDPYYYDSPDYFDYW,13.3,10.33,3
CATCAGAAGGTGCAAC_d08_w174,3,public,IGHV3-21,IGHM,CARWYGNYYYGMDVW,11.0,16.67,3
CGAGCACAGCCTCGTG_d07_w104,3,public,IGHV4-39,IGHM,CARGSYYGSGLDYW,11.3,12.83,6
AATCGGTGTCACCTAA_d02_w130,3,public,IGHV3-74,IGHM,CTRDKGPWGNPLDYW,9.0,13.75,4
ACCTTTATCAGCTCGG_d07_w109,3,public,IGHV6-1,IGHM,CARVIPGTGRFDYW,8.5,7.25,4
CAAGTTGCATGACATC_d06_w121,3,public,IGHV4-39,IGHM,CARHHAGSPGYVGSFDPW,14.0,9.0,3
ATTTCTGTCTCGAGTA_d02_w176,3,public,IGHV4-39,IGHM,CARHGSCTGGSCYRRPYYYYGMDVW,15.0,13.67,3
GGGCATCAGGGATCTG_d09_w102,3,public,IGHV3-33,IGHM,CARDLWRGSARFLDYW,10.7,17.0,3
CATCGGGGTAGGCTGA_d02_w170,3,public,IGHV3-33,IGHM,CVRERGPFDGFDIW,10.0,21.33,3
TACGGTAGTGAGGGAG_d03_w143,3,public,IGHV5-51,IGHM,CARHGAAAARGGFDPW,10.0,9.75,4
GAGTCCGAGTAATCCC_d09_w150,3,public,IGHV2-5,IGHM,CAHRPGGYSSFDYW,12.0,22.5,4
AAGCCGCTCCTAGAAC_d08_w128,3,public,IGHV1-2,IGHM,CTRHRPVAGTGDYW,11.3,13.17,6
GTCACGGGTCATACTG_d09_w169,3,public,IGHV5-51,IGHM,CARETPVPAYGMDVW,12.3,5.83,6
CATCGGGCACAGTCGC_d11_w141,3,public,IGHV3-23,IGHM,CAKRMASGSFYDYW,12.0,14.67,3
GATGCTAAGTCCAGGA_d05_w143,3,public,IGHV3-53,IGHM,CARGWYTGYNYFDYW,10.7,8.0,3
TCAGGATCAAGCCTAT_d02_w111,3,public,IGHV3-23,IGHM,CAKRSPGGTYYFDYW,12.2,13.4,5
CTGCGGAAGTTACCCA_d07_w104,3,public,IGHV1-2,IGHM,CARDHCTSSGCYEYYYYGLDVW,18.0,11.54,24
AAATGCCTCCGCGGTA_d08_w113,3,public,IGHV3-7,IGHM,CARDLLQLGPSFDYW,8.3,10.0,7
CTCTACGTCTTAGAGC_d09_w129,3,public,IGHV3-74,IGHM,CTRGLRFPDYW,8.6,8.4,5
ATTGGACGTGATGATA_d11_w121,3,public,IGHV3-48,IGHM,CARVPNGHDNWFDPW,11.5,16.6,10
AAACGGGGTATGGTTC_d07_w143,3,public,IGHV3-74,IGHM,CARTSWFGDQHFDYW,8.3,9.0,3
AGTTGGTCAGGCGATA_d03_w126,3,public,IGHV5-51,IGHM,CARRGLGYCSGGSCYFDSW,15.3,11.67,3
CTCGAGGCATTCACTT_d07_w154,3,public,IGHV3-7,IGHM,CARDSRHGIFDYW,9.4,18.6,5
AGTAGTCAGTCACGCC_d11_w179,3,public,IGHV1-2,IGHM,CARSRGWSPYDAFDIW,10.7,18.33,3
CTTCTCTAGCTAGTGG_d07_w161,3,public,IGHV1-46,IGHA2,CAREPSAGYRFDYW,9.3,19.67,6
TCAGCAAAGTTTCCTT_d06_w102,3,public,IGHV1-3,IGHM,CAKAGASPPGNWFDSW,12.0,21.5,8
CCTCTGAAGTCACGCC_d09_w164,3,public,IGHV3-74,IGHM,CARYKDASGSFDYW,10.7,9.67,3
TATCTCACAAGGGTCA_d04_w187,3,public,IGHV6-1,IGHA2,CARLVGTGAFDTW,12.3,10.0,3
GTCGGGTCATACTCTT_d03_w105,3,public,IGHV3-48,IGHM,CARAGYCSGGTCYPWNAFDIW,16.2,17.8,5
TTAGGACGTGAACCTT_d11_w123,3,public,IGHV1-46,IGHM,CAKIVGGSRGFDYW,9.7,19.33,3
CGCTTCATCTGATACG_d06_w157,3,public,IGHV3-21,IGHM,CARSPTVQYGMDVW,12.0,11.67,3
TAGGCATTCAGTCCCT_d02_w178,3,public,IGHV3-23,IGHM,CAKPPGVDYYFDFW,11.0,15.67,3
AGCATACCATCCGGGT_d07_w147,3,public,IGHV3-7,IGHA2,CARDRTGGYFDYW,10.7,13.67,3
CACATAGCAATGGACG_d08_w100,3,public,IGHV3-74,IGHM,CARGGLRGATPDYW,8.0,19.75,4
ACGTCAATCACCCGAG_d02_w178,3,public,IGHV3-74,IGHM,CARGPVYSGTFLMDYW,9.7,14.67,3
GCACTCTTCGTAGGAG_d07_w136,3,public,IGHV3-48,IGHM,CARDSNWAFDYW,8.0,14.2,5
CTACATTCACATCCAA_d09_w156,3,public,IGHV3-74,IGHM,CARAGSNWKIDYW,10.4,12.0,5
TGGCCAGGTACGCTGC_d02_w99,3,public,IGHV3-7,IGHM,CARDPYDNVYGAFDIW,12.3,23.0,3
GGACATTGTAGAAAGG_d08_w147,3,public,IGHV5-51,IGHM,CARQDGSGLYYFDYW,12.7,8.33,3
TGCTACCCACCTGGTG_d02_w136,3,public,IGHV1-46,IGHM,CARRGSSANSGYYGMDVW,15.7,12.67,3
AGTGGGAGTTTGTTTC_d03_w148,3,public,IGHV2-5,IGHM,CAHRSPYSNTGVFDYW,10.0,9.67,3
GCATACACATCCGGGT_d04_w179,3,public,IGHV3-23,IGHM,CAKARSVVVVAATNYW,12.0,16.33,6
CTAGAGTGTACGCACC_d02_w98,3,public,IGHV3-74,IGHA2,CTRDSYYNSRYYGMDVW,15.0,15.25,4
CATGGCGCACTACAGT_d02_w99,3,public,IGHV3-53,IGHM,CVRGWGYSYGYNYFDYW,11.0,12.8,5
GTTACAGGTTATCACG_d07_w97,3,public,IGHV3-48,IGHM,CAREYSSSSGRAFDIW,12.0,7.25,4
TAGGCATTCTACTATC_d04_w141,3,public,IGHV1-69,IGHG2,CARGDYSTSYGMDVW,14.0,29.0,4
CCCATACCACCAGGTC_d10_w156,3,public,IGHV3-48,IGHM,CARGTSRHYYFDYW,8.7,17.33,3
GAGGTGAAGGCCATAG_d03_w124,3,public,IGHV3-23,IGHM,CAKGPPFDPW,8.0,12.33,3
AACCGCGTCAACGGGA_d05_w107,3,public,IGHV3-7,IGHM,CARIGYSSSSLDYW,10.0,13.0,3
CCTTTCTGTAAAGGAG_d11_w107,3,public,IGHV3-48,IGHM,CARDVSNYFDYW,8.7,14.17,6
GTACTTTTCGGTTCGG_d02_w102,3,public,IGHV3-7,IGHM,CARLNYYGSGRGYFDYW,12.5,15.0,4
CTTGGCTGTCATGCAT_d01_w119,3,public,IGHV3-7,IGHM,CARDRGWLQFDSW,9.0,19.67,3
GATCGTACAGACACTT_d02_w188,3,public,IGHV3-74,IGHM,CARESAVSGRYFDYW,10.5,10.17,6
TTAGGCATCCCGACTT_d07_w111,3,public,IGHV3-7,IGHM,CARGGGYDWGDYW,11.0,12.75,4
CTCCTAGAGGCATTGG_d04_w112,3,public,IGHV3-7,IGHM,CARGRGDYW,10.3,17.33,3
CAGCTGGTCATCGGAT_d02_w169,3,public,IGHV3-21,IGHM,CARDPSPDSGFDYW,9.3,9.67,3
TGGTTAGTCAAGGTAA_d02_w131,3,public,IGHV4-31,IGHG2,CARVQPGSSWPVSWFDPW,11.3,4.67,3
CTAATGGTCCACGAAT_d04_w100,3,public,IGHV5-51,IGHG4,CARTDGAGDTTYRYGMDVW,13.0,36.0,4
TTTGCGCCACTAGTAC_d04_w176,3,public,IGHV2-5,IGHM,CAHRRVSGWDFDYW,13.3,16.33,3
TTTATGCAGAGGACGG_d11_w98,3,public,IGHV1-3,IGHM,CARRGGGYLDYW,8.8,17.0,5
GTTTCTAGTAAGGGCT_d07_w130,3,public,IGHV3-48,,CARDGYCSGGSCYATVDYW,13.3,12.33,3
GAGGTGAAGGACATTA_d05_w98,3,public,IGHV1-8,IGHM,CARDREGGSGWFDPW,10.9,10.29,24
GCATACACAACACCTA_d04_w133,3,public,IGHV3-74,IGHM,CARAGSNWKIDYW,8.5,14.0,6
TCTATTGAGTGGTAGC_d06_w145,3,public,IGHV3-23,IGHM,CAKDYRGQEIQFDYW,10.6,16.29,7
ACTGCTCCATGCCTAA_d07_w140,3,public,IGHV5-51,IGHA2,CAKFARYGDYAYYYYGMDVW,12.7,15.33,3
GGACGTCTCAAACCAC_d11_w150,3,public,IGHV1-46,IGHM,CAREMSDTYYFDYW,10.0,23.0,3
TAAGCGTGTCTAACGT_d09_w133,3,public,IGHV5-51,IGHM,CARLWTTVSAYFDYW,13.7,12.14,7
TAGCCGGTCGTTTGCC_d04_w100,3,public,IGHV5-51,IGHA2,CARGGYYFDYW,11.0,15.0,3
GGGTCTGTCACGGTTA_d02_w140,3,public,IGHV3-23,IGHM,CAKDRAPEGIWDFDYW,10.2,10.5,4
CCTTCGATCCGTTGCT_d05_w185,3,public,IGHV3-21,IGHM,CARDEEDSNGYYYFDYW,11.7,7.67,3
TCAGCTCCATAAGACA_d07_w107,3,public,IGHV3-7,IGHM,CARDRGWQQFDYW,7.9,7.71,7
TCGGTAACAACACCTA_d04_w106,3,public,IGHV3-7,IGHM,CARVVCCIGSGYSDYW,11.3,11.83,6
TACGGATGTTAAAGTG_d07_w106,3,public,IGHV1-2,IGHM,CARVGVGDCCYFEYW,10.7,24.33,3
TACAGTGCACTATCTT_d02_w191,3,public,IGHV5-51,IGHM,CARKGSFSYYGMDVW,10.3,18.33,3
ACAGCCGCATGCGCAC_d04_w102,3,public,IGHV3-15,IGHM,CITDPGDYASYW,8.0,20.67,3
GTCTCGTAGGGTATCG_d04_w97,3,public,IGHV3-23,IGHG2,CVRRGGSGWGAFDYW,11.0,24.8,15
AAGGCAGCAGCCTTGG_d05_w116,3,public,IGHV3-74,IGHM,CARDRDGPGALVDYW,9.6,9.5,8
TAGCCGGCACTGAAGG_d02_w98,3,public,IGHV3-7,IGHM,CTRDPRGWRVLWYFDLW,11.5,4.5,4
CGTAGGCGTATCACCA_d02_w123,3,public,IGHV1-8,IGHA2,CARDGMAYW,6.3,14.67,3
GATCGCGGTTAAGATG_d02_w132,3,public,IGHV5-51,IGHM,CARHLTGGIDYW,9.6,12.6,5
GACACGCCAACCGCCA_d04_w152,3,public,IGHV3-53,IGHG4,CARVKSGIMFPYGMDVW,11.7,22.67,3
GTGGGTCAGGGCTTCC_d02_w135,3,public,IGHV2-5,IGHM,CAHSFHSRNFDYW,10.0,4.75,4
CGTCCATTCATGTAGC_d02_w148,3,public,IGHV3-9,IGHA2,CVKDLRAGGADVW,9.0,31.35,26
ACTGATGTCATGGTCA_d02_w130,3,public,IGHV3-33,IGHM,CARDLGGSYDYW,10.0,12.0,5
GACGCGTAGCTGGAAC_d07_w111,3,public,IGHV3-7,IGHM,CARLGYCSGGSCYYDYW,12.3,4.67,3
ACCCACTCACAACGCC_d02_w124,3,public,IGHV1-18,IGHA2,CARPQSGYYYAMDVW,11.5,30.25,8
GTGCATACAGCTCGCA_d07_w144,3,public,IGHV1-3,IGHM,CARGNPSYGMDVW,11.0,14.2,5
GTATCTTCAGGTGCCT_d04_w172,3,public,IGHV3-48,IGHM,CARDVGYGDGSDYW,13.0,12.0,4
AAGGAGCTCACTCCTG_d03_w141,3,public,IGHV3-48,IGHM,CARGMHSSPESPDYW,5.8,9.25,4
TCCACACAGCCGGTAA_d06_w109,3,public,IGHV1-2,IGHM,CARGAGNGNFDPW,9.3,14.0,6
ATTCTACTCCTCTAGC_d04_w102,3,public,IGHV2-70,IGHM,CARMIRETSSYNGGWFDPW,13.8,11.75,4
GGACGTCCAGTGGGAT_d02_w165,3,public,IGHV3-30,IGHM,CARPYYYDSSGLDAFDIW,13.2,10.5,4
CTCGTACAGATGCCAG_d04_w115,3,public,IGHV3-74,IGHA2,CARGDYGDNNWLDPW,11.0,13.2,5
TTGACTTTCCGGCACA_d06_w160,3,public,IGHV4-39,IGHM,CARHGGRNYYDYW,11.7,10.0,3
TTTGTCATCCTATGTT_d09_w117,3,public,IGHV5-51,IGHA2,CARLGDTGWFFDYW,10.2,23.75,4
TCAGATGGTGCACGAA_d06_w145,3,public,IGHV3-7,IGHM,CARYSGYRLAYW,9.3,14.67,3
CAGATCAGTGTGTGCC_d07_w99,3,public,IGHV5-51,IGHM,CARPLNRNYDAFDIW,12.4,8.5,8
CGCTATCTCAGCGATT_d02_w188,3,public,IGHV3-7,IGHM,CARDPDGDYFDYW,10.2,14.5,6
GCATACAGTCGGCTCA_d06_w133,3,public,IGHV1-8,IGHA2,CVRYKDSYYGMDVW,11.6,14.2,5
TCTCTAATCAGCAACT_d03_w144,3,public,IGHV1-2,IGHM,CARVPGGYNYQLDYW,10.7,15.83,6
TACTTGTGTCGGGTCT_d06_w181,3,public,IGHV3-53,IGHM,CARGRGGSYFCYGMDVW,13.5,13.25,4
TAGTTGGGTAGCTTGT_d05_w98,3,public,IGHV3-74,IGHM,CGRWNYAMDVW,11.7,11.33,3
ACTATCTTCCACGTTC_d01_w99,3,public,IGHV3-23,IGHM,CAKDRRGNWNYVGAFDIW,14.0,12.0,3
CACCTTGCAATGACCT_d04_w99,3,public,IGHV3-7,IGHM,CARENYYDYW,8.3,10.0,3
TGACTTTCATTGAGCT_d04_w105,3,public,IGHV5-51,IGHM,CARRRSAMDYW,8.0,16.0,3
AGAGCGACATCGGAAG_d07_w147,3,public,IGHV3-33,IGHG2,CARWTGPDGSGSYDYW,9.3,26.0,3
GACCTGGGTCTGCGGT_d02_w108,3,public,IGHV1-18,IGHM,CARDPGQSGRPDYW,10.8,17.4,5
TCTTCGGGTCGAATCT_d05_w171,3,public,IGHV1-8,,CARGDYW,4.2,19.4,5
CTCACACCACAGGTTT_d04_w160,3,public,IGHV3-23,IGHG4,CAKDSEISSAWYGYFDYW,12.7,13.0,3
CTCATTAAGCACACAG_d05_w159,3,public,IGHV3-23,IGHM,CAKDYDFQYW,8.0,15.0,3
GACGTTATCCGAGCCA_d07_w168,3,public,IGHV3-7,IGHM,CARGQYGMDVW,9.8,13.5,4
TGAGAGGAGACAAGCC_d03_w129,3,public,IGHV2-5,IGHM,CAHRPSGTYRFDYW,10.8,15.75,4
CTACCCATCTCGTATT_d05_w154,3,public,IGHV3-23,IGHM,CAKSHSSNYYLFDYW,11.0,14.67,6
GCGACCACATGTCGAT_d07_w179,3,public,IGHV3-74,IGHM,CARDASLPDYW,8.0,16.0,4
ACATCAGAGAGTACAT_d02_w178,3,public,IGHV1-18,IGHM,CARDPAVDYGDSEAWFDPW,12.0,9.33,3
AGAGCGAGTCCAGTTA_d03_w131,3,public,IGHV5-51,IGHM,CARGRDYGDYYFDYW,9.7,8.33,3
ACGGAGAAGACTGTAA_d05_w167,3,public,IGHV4-4,IGHM,CARHGIGGYFYADYW,9.5,8.0,4
ATCATCTTCCGCAAGC_d04_w154,3,public,IGHV1-46,IGHA2,CARDSILYPPINCFDPW,11.7,20.33,3
TGAGAGGAGTACGTTC_d02_w133,3,public,IGHV3-74,IGHM,CARGRYYGMDVW,10.0,9.5,4
GACAGAGCACTGCCAG_d04_w124,3,public,IGHV3-53,IGHG4,CAREHPYYGMDVW,17.2,20.0,4
TCAGGATTCTAACCGA_d04_w108,3,public,IGHV2-5,IGHG2,CARRQYYDFWFGYYDWFDPW,16.0,14.0,3
TTCTTAGTCGCGTAGC_d07_w144,3,public,IGHV4-34,IGHM,CARGHVGSYVYYYYYGMDVW,16.0,14.5,4
GATCGTATCAGTGCAT_d09_w172,3,public,IGHV1-2,IGHM,CARDGISKMVEFDYW,11.3,13.33,3
GGTGAAGAGATGTGGC_d05_w108,3,public,IGHV3-74,IGHM,CARSSYDFDYW,8.3,19.67,3
CGGAGCTAGGATGTAT_d07_w130,3,public,IGHV3-23,IGHM,CAKRSVSGDHYFEYW,8.7,12.0,3
GAAATGAAGACACGAC_d07_w121,3,public,IGHV3-48,IGHM,CARDLGRRLGLHYW,10.4,11.6,5
GCGCAACTCATTCACT_d09_w111,3,public,IGHV1-18,IGHA2,CARGSSSSPFDYW,10.3,5.0,3
ACTGTCCGTCCGAAGA_d03_w123,3,public,IGHV1-18,IGHA2,CARVLPDSYGSNYYYYMDVW,12.8,8.5,4
ACGGCCATCCTAGGGC_d03_w126,3,public,IGHV1-2,IGHM,CARDPFLVTTGAGGYW,9.8,18.75,4
CTTAACTTCCACGTGG_d02_w99,3,public,IGHV3-23,IGHM,CAKGRGYCSGGSCYTDYW,14.4,9.56,9
CCAATCCCACCATCCT_d05_w99,3,public,IGHV5-51,IGHM,CVRLVCSSASCYTGSSYYFDYW,18.0,13.67,3
CTCGGGAAGCTAAGAT_d07_w106,3,public,IGHV5-51,IGHM,CARGMVVAGSTSAFDIW,10.5,13.5,8
AAGACCTTCCTAGAAC_d09_w174,3,public,IGHV1-2,IGHM,CARGLLEVNSGSYPPFDYW,11.7,17.83,6
GACTACACAGGATCGA_d06_w157,3,public,IGHV3-23,IGHM,CAKERVSSGYFDYW,12.0,14.33,3
AGCGTCGAGCCATCGC_d02_w163,3,public,IGHV1-3,IGHA2,CAREGYSFGYAGFDYW,10.2,15.6,5
GTCATTTAGACCTAGG_d07_w183,3,public,IGHV3-74,IGHM,CARDKLGAYFDYW,10.7,2.33,3
GTACGTAAGGCTATCT_d07_w133,3,public,IGHV1-18,IGHM,CARHGSGDDYW,9.6,13.88,8
TTCTCCTCAGGGAGAG_d07_w106,3,public,IGHV3-23,IGHM,CAKGLQWYDAFDIW,12.4,15.2,5
ACTTGTTTCCTCATTA_d09_w104,3,public,IGHV3-7,IGHM,CARDRLDYW,5.5,10.75,4
ACTTTCAAGATCTGAA_d08_w146,3,public,IGHV3-48,IGHM,CARGGRYYYDSSGWRGPFDYW,15.7,9.33,3
ACGTCAAAGCGTAATA_d05_w123,3,public,IGHV3-53,IGHM,CARGSGFGPSTNWYFDLW,11.0,16.75,4
AACGTTGAGTAGCCGA_d04_w97,3,public,IGHV1-69,IGHM,CARARRGYTGYDPLRHPYYYYGMDVW,19.0,14.25,4
GTTCGGGCAATGGTCT_d02_w159,3,public,IGHV3-74,IGHM,CARGGTARIDYW,8.8,14.75,4
CGATGGCTCCCTTGTG_d02_w102,3,public,IGHV3-21,IGHA2,CAREGSEYNYYGMDVW,10.0,15.67,3
GCACATATCTGTTGAG_d02_w108,3,public,IGHV3-23,IGHM,CAKDRLVHDYW,8.3,9.67,3
AACGTTGTCGCAAACT_d04_w99,3,public,IGHV3-72,IGHM,CARDGMRGGGFDYW,10.0,30.75,16
AACCGCGAGGGATACC_d05_w140,3,public,IGHV1-18,IGHG2,CARYRNYYDSSGYYLTPFDYW,16.0,10.0,5
CCTATTAAGAGGTAGA_d04_w153,3,public,IGHV3-33,IGHA2,CARDRSSWYADYW,8.8,10.25,4
TCACAAGCAGCTCCGA_d07_w141,3,public,IGHV2-5,IGHM,CAHSDRGYSGYELFDYW,11.7,8.67,3
TCAGCAAGTAGTGAAT_d02_w99,3,public,IGHV5-51,IGHM,CARDARDNSGYYGDYW,10.6,9.0,12
AAACCTGCATACTCTT_d05_w165,3,public,IGHV3-7,IGHM,CARDGVQPGLYFDKW,10.4,12.2,5
CTAGCCTAGAGGGCTT_d07_w192,3,public,IGHV4-39,IGHM,CARDYYDSSGYAIW,12.7,13.33,6
CAAGAAATCTCGGACG_d02_w130,3,public,IGHV5-51,IGHM,CARYNGPSLRSNWFDPW,11.5,30.5,4
CTCTGGTAGAGCTATA_d08_w167,3,public,IGHV4-39,IGHM,CARVGSSGWDFFDYW,11.7,16.33,3
CAGCGACTCGCACTCT_d02_w143,3,public,IGHV3-7,IGHM,CARDPFYGAFDIW,11.2,17.33,6
TTCTTAGGTAGAGGAA_d09_w130,3,public,IGHV1-2,IGHM,CARIREIAERHNWFDSW,11.8,10.4,5
GTCGGGTAGCTGTCTA_d11_w179,3,public,IGHV3-74,IGHM,CARDGSGSLPLDYW,10.3,17.0,3
CTGGTCTCACCAGGCT_d05_w181,3,public,IGHV3-30,IGHM,CARDLSGGGCDYW,11.3,9.67,3
TTAGTTCCACCCTATC_d04_w126,3,public,IGHV1-8,IGHA2,CARGRRGAAGTDYW,13.3,10.33,3
GACTGCGGTTATCGGT_d05_w115,3,public,IGHV3-23,IGHM,CGKDPNGDYIGAFDFW,12.0,17.0,3
ACGCAGCAGGTGGGTT_d07_w180,3,public,IGHV3-23,IGHA2,CAKFGASRWTTRSKVGYYGMDVW,13.0,8.67,3
CTCGTACCACTTCGAA_d07_w98,3,public,IGHV3-23,IGHM,CAKDRTYSSGWGLFDYW,12.6,14.33,18
CCCAATCGTTGTCTTT_d06_w169,3,public,IGHV1-46,IGHM,CARNVDSGLDYW,9.7,12.33,3
AATCCAGCACTTCGAA_d07_w136,3,public,IGHV3-23,IGHA2,CAKVVDTAMAFWYFDLW,11.0,18.33,3
CTTACCGAGGAATGGA_d02_w165,3,public,IGHV3-74,IGHM,CARIGNGLYYGMDVW,8.8,18.11,9
CTGCTGTGTTCCATGA_d06_w133,3,public,IGHV7-4-1,IGHM,CARGYDFRNGYYSDYW,12.0,10.0,4
ATCATGGGTATAGTAG_d03_w128,3,public,IGHV3-48,IGHA2,CARSGGYCSGGSCYAGYFDYW,15.7,11.33,3
TATCTCAGTATAATGG_d05_w130,3,public,IGHV4-61,IGHM,CARDTRGDGYSPFDYW,11.8,13.1,10
CGTAGCGTCTAAGCCA_d04_w105,3,public,IGHV3-72,IGHM,CARDFWGSYEYW,9.3,18.67,3
AAGACCTGTTCGCTAA_d04_w136,3,public,IGHV3-74,IGHA2,CARGRYYGMDVW,8.0,12.29,7
CTCATTAGTCACCTAA_d10_w165,3,public,IGHV4-39,IGHM,CARREYGDATSYW,10.4,13.8,5
GATGAGGCAATCTGCA_d02_w123,3,public,IGHV5-51,IGHA2,CARGRLGDYAFDIW,10.7,16.67,3
CTGCGGACAGCTTCGG_d03_w117,3,public,IGHV3-74,IGHM,CARSDSGWFSW,9.7,10.33,3
AGGCCGTTCTAAGCCA_d07_w169,3,public,IGHV4-39,IGHM,CARHDGSGHYNSFDYW,13.0,14.52,23
GTCATTTTCAACCATG_d07_w128,3,public,IGHV3-74,IGHA2,CARWGLGTPGLDYW,10.8,18.5,6
TCGCGAGAGTGTACGG_d04_w121,3,public,IGHV3-53,IGHM,CARGYCPDYW,8.7,9.67,3
TTCTACACAAGTTCTG_d09_w171,3,public,IGHV5-51,IGHA2,CARQGYGDDAFDIW,11.3,7.0,3
TAAGCGTTCGCACTCT_d04_w164,3,public,IGHV4-4,IGHA2,CARGGGSGGYYDYW,12.0,13.67,3
GCATACACAGCTCGAC_d05_w119,3,public,IGHV3-48,IGHM,CVRDPDALDYW,7.0,18.0,4
TTGCCGTCATTGGTAC_d02_w123,3,public,IGHV5-51,IGHA2,CARGYFFDYW,11.2,12.83,6
GAGTCCGAGGGTCGAT_d04_w109,3,public,IGHV3-33,IGHA2,CARDDQWLVRGPDFW,12.0,10.67,3
CTACATTTCTAGAGTC_d07_w170,3,public,IGHV1-3,IGHM,CARGMVGATRVFGYW,12.3,14.0,3
TAAACCGTCTGCCCTA_d07_w187,3,public,IGHV3-7,IGHM,CARGTTRPYYYDSSGFDYW,15.5,11.07,14
GTGTTAGCACCGAAAG_d02_w144,3,public,IGHV1-8,IGHM,CMRNPPNSGWFDPW,9.0,21.0,3
GCATGCGCAAGCCGCT_d01_w150,3,public,IGHV4-59,IGHM,CVRGERYGGDYW,8.0,14.43,7
ATTATCCGTATTCGTG_d03_w144,3,public,IGHV1-3,IGHM,CARVFSPWVDYFDYW,8.7,13.0,3
CGGAGCTGTAGGCTGA_d02_w154,3,public,IGHV1-18,IGHG2,CARVETYYSGSSGYFFDSW,15.0,22.0,9
GCTGCGAAGCTAGCCC_d04_w129,3,public,IGHV5-51,IGHM,CARRYSVMEFFDHW,11.2,9.0,8
AAGGTTCGTCGGCATC_d10_w139,3,public,IGHV3-7,IGHM,CARGGRVVGAAIEYW,9.5,17.75,4
CACTCCACACACCGAC_d06_w171,3,public,IGHV3-48,IGHM,CARGPQPRGWFDPW,11.3,12.33,3
TGAGAGGAGATCCTGT_d05_w176,3,public,IGHV3-23,IGHM,CAKSFGASAATPNFDYW,10.8,16.6,5
AAATGCCCACAAGCCC_d07_w170,3,public,IGHV3-7,IGHM,CARDILRVGATRYFDYW,11.7,11.0,3
ATCATGGCAATCCGAT_d04_w191,3,public,IGHV3-7,IGHM,CARVAPNDYWSGPDNRGGYYLNYW,16.3,17.33,3
GTCAAGTAGCCGCCTA_d06_w169,3,public,IGHV4-39,IGHM,CARYRPGRQYYFDYW,10.7,12.33,3
ACTTACTTCATGTAGC_d06_w109,3,public,IGHV4-39,IGHM,CARPRGFWSGYTDAFDIW,13.0,12.33,3
CTGAAGTAGCGTCAAG_d03_w115,3,public,IGHV1-8,IGHM,CARGPPNWGFDYW,9.0,7.0,8
TACTTGTAGCGTGTCC_d09_w99,3,public,IGHV2-5,IGHM,CAHTGSWQLLHFDYW,10.7,14.67,3
CCTTTCTCAACTGCGC_d07_w167,3,public,IGHV5-51,IGHM,CARRNTTGYPYYFDYW,10.2,12.5,8
TTTGTCATCGGCTACG_d08_w126,3,public,IGHV3-53,IGHA2,CARDPGLYAFDIW,9.7,23.33,3
AGTGGGAAGATGGCGT_d11_w133,3,public,IGHV1-46,IGHM,CARGAAGTWGRYFDYW,10.5,21.75,4
CCTTCGAGTCAACTGT_d09_w130,3,public,IGHV1-8,IGHA2,CARGVSGVAYLGYW,8.0,13.0,3
TGGCCAGCAAGGCTCC_d07_w109,3,public,IGHV3-23,IGHM,CTKDPPWFDPW,9.5,19.75,4
ACAGCTACAATGGACG_d11_w160,3,public,IGHV3-23,IGHM,CAKDVVSMTGYYLDYFDYW,12.7,13.0,7
GACCTGGAGCCCAACC_d06_w184,3,public,IGHV4-59,IGHA2,CARTPLANGGRYYYYGMDVW,14.2,8.0,4
TAAGAGAAGCCACTAT_d09_w126,3,public,IGHV3-74,IGHM,CARQYSSSSGLDYW,10.2,11.0,4
CACAGGCCAGATGGCA_d05_w164,3,public,IGHV3-23,IGHM,CAKGGVARPEYW,9.7,15.0,3
AAAGTAGTCTTCTGGC_d06_w109,3,public,IGHV1-46,IGHA2,CAREGSVYYYGMDVW,12.3,20.33,3
CGATGTATCCGAAGAG_d06_w120,3,public,IGHV6-1,IGHM,CVRVVRGLFDYW,8.0,11.0,6
CCAATCCTCACCACCT_d05_w154,3,public,IGHV3-13,IGHA2,CAREHIASGFWYFDLW,12.0,14.67,3
GCTCTGTAGGCTAGAC_d11_w154,3,public,IGHV3-23,IGHM,CVKGSAAARPYYFDYW,12.0,16.67,3
ACATACGGTGTTGGGA_d11_w148,3,public,IGHV1-18,IGHM,CARVGLSSAYSLYYYYGMDVW,14.2,8.75,4
CGGGTCAGTCTTCGTC_d06_w99,3,public,IGHV5-51,IGHM,CARRRGSGTTDYW,9.0,11.67,3
CTCGTCAGTATAGGTA_d11_w163,3,public,IGHV5-51,IGHG2,CARRRFSSGPFDYW,10.5,12.33,6
CCGTTCACAAGCTGGA_d07_w131,3,public,IGHV3-7,IGHM,CARDAVLGGYDCW,9.3,18.0,3
TTTGTCAAGTGCCAGA_d07_w112,3,public,IGHV1-18,IGHG2,CARNLGSSGWFDYW,8.1,17.5,8
CCTTACGCAGCGATCC_d04_w126,3,public,IGHV3-23,IGHM,CAKDGDDPGIYWGTLYYGMDVW,17.0,16.33,3
TCTTTCCTCGTTTATC_d07_w123,3,public,IGHV3-23,IGHM,CAKGVVTRYFDYW,10.2,4.75,4
AGTCTTTCAAAGGAAG_d09_w188,3,public,IGHV3-48,IGHM,CARGLGYCSGGSCSEAYYYYGMDVW,17.7,15.0,3
ACAGCCGGTCTCATCC_d02_w177,3,public,IGHV1-18,IGHG2,CARDLGYCSGGRCTRNWFDPW,14.0,14.5,4
GGGAGATTCAGGCAAG_d07_w133,3,public,IGHV4-39,IGHM,CARRGYCGGDCYYDYW,13.3,8.33,3
TTTGGTTCACTTACGA_d11_w188,3,public,IGHV1-3,IGHM,CARDLGPFDYW,8.3,26.33,3
GTAACTGAGAGGTTAT_d07_w191,3,public,IGHV4-31,IGHM,CARGPNGDKYFDYW,11.0,16.67,3
TATCAGGCACTCAGGC_d03_w98,3,public,IGHV1-46,IGHM,CARGVRSSSGWYAVDYW,11.6,15.2,5
TCGTAGACAACGATCT_d02_w129,3,public,IGHV5-51,IGHM,CARPGRDMAFDIW,11.8,13.25,4
TCACGAAAGCGACGTA_d08_w191,3,public,IGHV3-23,IGHM,CARDRTYWYFDVW,10.8,18.0,4
AGTAGTCGTTACGCGC_d05_w143,3,public,IGHV5-51,IGHM,CARLSGYYYGFLHHDYW,11.4,9.6,5
TGAGCATAGGTGTTAA_d05_w133,3,public,IGHV3-23,IGHM,CAKDRMTIRSGFDYW,12.8,12.0,4
GTTAAGCGTGTTCGAT_d06_w168,3,public,IGHV4-31,IGHM,CARVASDNSPFDYW,10.3,7.0,3
CAGATCAGTTCGCGAC_d04_w99,3,public,IGHV3-7,IGHM,CARVVCCIGSGYSDYW,11.5,7.83,6
CTCGAAACAGATCGGA_d02_w116,3,public,IGHV3-23,IGHM,CAKDQRGPEAGTWYFDLW,14.0,16.0,5
TCGTAGAAGTGCGTGA_d09_w102,3,public,IGHV1-18,IGHG2,CARGGWCDYW,8.3,18.33,3
CAAGATCCATAACCTG_d06_w157,3,public,IGHV1-18,IGHA2,CARSGYYDYW,11.3,15.67,3
CGACTTCAGGTGTGGT_d05_w161,3,public,IGHV3-74,IGHM,CARGGVSGALDIW,10.7,16.67,3
GGGTTGCTCAGTTGAC_d06_w99,3,public,IGHV3-74,IGHM,CARDPRLRYW,7.2,12.4,5
ACTGAGTAGATCCTGT_d04_w129,3,public,IGHV3-7,IGHA2,CARDSSGSYYLHWDNW,11.0,13.0,3
AACTCTTTCCGCATCT_d04_w117,3,public,IGHV1-18,IGHG2,CARGGTGSYFFVAPDYW,11.0,13.0,3
ATTCTACAGTGACATA_d11_w113,3,public,IGHV3-48,IGHM,CVRDYKWGFDYW,9.3,18.0,3
TTCTACAGTCGTCTTC_d07_w98,3,public,IGHV3-7,IGHM,CARLISDVRWGDAFDIW,11.4,10.8,5
ACGAGCCGTGGCGAAT_d10_w102,3,public,IGHV3-21,IGHM,CARDTGPYGDHPTFDYW,11.0,12.33,3
ACCCACTAGGGCTTGA_d04_w121,3,public,IGHV5-51,IGHA2,CARQYYDFWSGSYTANSYFDYW,17.0,15.2,5
CAGTAACCACAGGAGT_d11_w128,3,public,IGHV3-23,IGHM,CAKDRVGSGTNSPRDFDYW,11.8,14.2,5
GATCGCGGTCGCTTCT_d07_w115,3,public,IGHV3-74,IGHA2,CARLVGTSTPDVDYW,8.3,13.33,3
TTCTACACATTGGGCC_d02_w104,3,public,IGHV3-74,IGHA2,CARALAVAGTGGFYW,11.3,6.33,3
ACTGATGAGCGTGAGT_d05_w160,3,public,IGHV3-23,IGHM,CAKDLVAVAFSPTLFDYW,11.5,8.0,4
GTGCATACATGACGGA_d10_w188,3,public,IGHV4-39,IGHM,CARLGNYEGFYW,10.0,11.67,3
ACACCCTCACAAGACG_d05_w143,3,public,IGHV3-23,IGHM,CAKDGYCGGDCYDFDYW,11.7,10.33,3
CAGCTGGCAATCCGAT_d07_w98,3,public,IGHV1-18,IGHM,CARDLNSYYESSGYLAFDYW,15.1,9.6,10
CCTAAAGTCAAGGCTT_d06_w181,3,public,IGHV3-9,IGHM,CAKVSTAVYYYYGMDVW,12.3,10.0,3
GACACGCAGAAGATTC_d07_w181,3,public,IGHV5-51,IGHM,CARHGGGLVDW,8.8,9.0,5
CTTACCGCACCCATTC_d07_w187,3,public,IGHV3-7,IGHM,CARKLYYYDTSANGWFGPW,15.0,14.0,5
ATAACGCAGATAGTCA_d02_w131,3,public,IGHV3-23,IGHM,CAKDSMGTSYFFDYW,10.0,11.75,4
AAGACCTAGAATCTCC_d05_w128,3,public,IGHV3-48,IGHM,CARGGYCDGDTCYRFNAFDIW,17.0,17.2,5
CATGACATCACTTACT_d07_w98,3,public,IGHV4-34,IGHM,CARTTGGGNFDYW,11.4,14.86,7
TCTATTGCATCGTCGG_d04_w169,3,public,IGHV1-18,IGHA2,CARSGYSGSYYFDYW,14.3,7.67,3
TGAGAGGTCTTACCGC_d07_w177,3,public,IGHV5-51,IGHM,CARAYDSSGRYFDYW,12.2,11.8,5
CTTAACTGTCGGCATC_d07_w136,3,public,IGHV5-51,IGHM,CARHPRGDGYNYAFDHW,11.3,14.0,3
CTACACCAGCTTTGGT_d02_w192,3,public,IGHV3-7,IGHM,CARDTGQKSVDYW,11.7,14.0,3
AGGGAGTCATTAGCCA_d05_w150,3,public,IGHV1-18,IGHA2,CARDRYDFWSGFDNW,15.9,33.59,34
CATTCGCGTCAATACC_d09_w128,3,public,IGHV3-33,IGHM,CARSFVVVSGSISNWFDPW,15.0,14.47,15
TACTCGCGTCGTGGCT_d09_w131,3,public,IGHV3-53,IGHM,CARGGDSSGYYYFDYW,12.5,13.0,4
TGAGAGGTCCATGAGT_d03_w99,3,public,IGHV6-1,IGHM,CARDQFLSSSRPYYFDYW,12.0,7.8,5
TCCACACTCGGTTCGG_d10_w120,3,public,IGHV5-51,IGHM,CARSPSGISSPFHFDFW,12.7,14.0,3
TCAACGATCTGCTGCT_d03_w111,3,public,IGHV3-74,IGHM,CARDLMRSGSVDYW,10.6,8.6,5
TTATGCTGTGTCGCTG_d10_w115,3,public,IGHV3-7,IGHM,CARGLRTFDYW,7.9,7.57,7
CGTTCTGTCTGAGGGA_d03_w130,3,public,IGHV3-7,IGHM,CARGDAADWW,5.7,28.33,3
GGAGCAAAGTTTAGGA_d04_w185,3,public,IGHV3-23,IGHM,CAKLRGVSTWFFDYW,13.2,18.75,4
GTTCTCGCATAGTAAG_d09_w154,3,public,IGHV1-18,IGHG2,CARDLLALELATMPFDYW,11.3,18.0,3
TGTTCCGTCAACTCTT_d07_w126,3,public,IGHV3-48,IGHM,CAREDFLDAFDIW,9.0,12.17,6
CGAATGTGTAGGACAC_d10_w122,3,public,IGHV2-5,IGHM,CAHRIIGFAFDIW,9.7,7.11,9
TTGCCGTGTCATATGC_d07_w107,3,public,IGHV5-51,IGHA2,CARRGNYSSPENWFDPW,12.7,9.67,3
CTACCCATCCAACCAA_d02_w115,3,public,IGHV1-46,IGHM,CARVVGSGWYFTNW,11.0,12.8,5
CCTTCGAAGCTGTTCA_d11_w147,3,public,IGHV5-51,IGHM,CARLAGGGDYFDYW,9.8,8.25,4
CTACCCATCGCCGTGA_d11_w159,3,public,IGHV1-46,IGHG2,CARGPMRGWFAPW,10.3,13.33,3
ACGGAGATCCTGCCAT_d07_w154,3,public,IGHV1-2,IGHM,CARDPPSAPGMTIDYW,10.0,16.9,10
TGCCCATGTAAATGAC_d02_w123,3,public,IGHV3-23,IGHM,CAKRDDSGSYPYYLDYW,13.0,13.17,6
CTGCCTAGTGCTAGCC_d06_w179,3,public,IGHV3-33,IGHM,CARGMGSTSCDYW,9.7,9.0,6
CACCAGGCAGATGGCA_d04_w97,3,public,IGHV3-72,IGHM,CARSPVGTTPFDYW,11.7,12.0,7
CCTTCCCCAAGCGAGT_d04_w99,3,public,IGHV3-53,IGHM,CARDRRYCSSTSCYEGYYYAMDVW,21.0,14.0,4
CAAGAAAAGCGTGTCC_d04_w97,3,public,IGHV3-48,IGHA2,CARVGGSQDYW,9.0,10.0,3
CAACCTCAGATCCGAG_d02_w144,3,public,IGHV1-2,IGHM,CARDGYIGGAFDIW,10.8,18.5,6
ACATGGTAGCTGCGAA_d04_w98,3,public,IGHV5-51,IGHM,CARHRSDENSGYYYDAFDIW,13.5,14.5,4
ACTTACTAGCTAGTCT_d11_w141,3,public,IGHV3-74,IGHM,CARENGYSGYDWFDPW,13.5,11.25,4
CGTGTCTCATCCGTGG_d07_w98,3,public,IGHV3-23,IGHM,CAKNGPIGYYYDDSGYGYFDYW,16.0,12.33,3
GTCTCGTTCAGTGTTG_d07_w122,3,public,IGHV3-7,IGHM,CARVRGDYYFDYW,10.2,9.25,4
TACCTTAGTAAAGGAG_d07_w135,3,public,IGHV3-21,IGHM,CARVPGDYW,5.8,8.4,5
CCTTCCCCAGTCGTGC_d02_w119,3,public,IGHV4-31,IGHA2,CARDRGYYMDVW,10.0,23.33,3
ACTGAACCAGCTCGAC_d09_w117,3,public,IGHV5-51,IGHM,CARHNPLGRRSAGFYYGMDVW,14.2,9.8,5
GAATGAATCAGGATCT_d11_w157,3,public,IGHV3-74,IGHM,CARDGWSGDYFDYW,10.8,13.0,5
GTGCGGTTCTCGCATC_d03_w100,3,public,IGHV3-48,IGHM,CARPTIFGYEFDYW,10.3,10.33,6
GGATGTTCACATGACT_d09_w150,3,public,IGHV2-5,IGHM,CAHRTTLITFDYW,10.7,15.33,3
AAACGGGAGAGATGAG_d03_w133,3,public,IGHV5-51,IGHM,CARHGPYGASTGNWFDPW,12.3,12.33,3
TTTACTGGTCGACTGC_d04_w115,3,public,IGHV1-3,IGHM,CVRGGGDYW,7.0,16.67,3
AAACGGGGTGTGCGTC_d05_w191,3,public,IGHV3-21,IGHM,CARGGVYNYYYYGMDVW,11.5,7.5,4
GTACTCCAGGTGCACA_d04_w102,3,public,IGHV1-46,IGHA2,CARARRGDYW,11.3,17.67,3
GGACGTCAGAAAGTGG_d06_w97,3,public,IGHV1-69,IGHA2,CARAYGDNSNYYYYMDVW,15.0,15.33,3
TAGACCAGTGGCAAAC_d02_w100,3,public,IGHV3-23,IGHM,CAKESEHPLSYFDYW,11.0,11.0,3
CTGATCCAGCTGATAA_d04_w97,3,public,IGHV1-18,IGHG2,CARCGAAVTTHFDLW,11.0,23.75,51
CCCAGTTGTTCAGCGC_d02_w136,3,public,IGHV3-7,IGHM,CARGGGSPDYW,8.0,11.0,4
CCTCAGTTCGTACCGG_d04_w100,3,public,IGHV4-61,IGHM,CARDTRGDGYSPFDYW,11.3,10.5,6
CGTCAGGCACGAAACG_d02_w126,3,public,IGHV3-53,IGHM,CARDDGRGGPFDYW,10.5,14.67,6
TGTGTTTTCATTCACT_d09_w135,3,public,IGHV3-23,IGHM,CAKDPRIAVADQW,10.3,11.33,3
CGGACGTAGCATGGCA_d11_w128,3,public,IGHV3-23,IGHG2,CAKCLAVGPGSRFDPW,13.0,15.0,3
TAGTGGTGTGCTGTAT_d07_w163,3,public,IGHV3-23,IGHM,CAKDDEGFDYW,6.6,11.0,5
CTAACTTGTCGGCATC_d04_w131,3,public,IGHV3-13,IGHM,CARGNSMAARATPGDDAYDIW,17.0,14.2,5
AACTCAGTCTTATCTG_d03_w143,3,public,IGHV5-51,IGHA2,CARHGYDGYAIDYW,11.8,10.75,4
CCCATACGTTCCACTC_d05_w146,3,public,IGHV1-2,IGHA2,CARDNGDYYGSGSRFDPW,11.6,24.0,5
AGATCTGAGGGCTTCC_d07_w122,3,public,IGHV3-9,IGHA2,CGKDLTPGGLESW,9.0,28.88,24
GGAAAGCTCTACTCAT_d06_w169,3,public,IGHV3-23,IGHM,CVKVIDYWYFDLW,10.0,18.33,3
TCGCGAGGTACAAGTA_d11_w143,3,public,IGHV3-74,IGHM,CARDGISARRGNLGIYYYYGMDVW,14.0,12.0,3
GGTGTTAGTAAATACG_d07_w107,3,public,IGHV3-15,IGHM,CTTDPGDLGYW,6.3,15.0,3
AACTGGTAGAGTCGGT_d04_w144,3,public,IGHV3-21,IGHM,CARESGGSYGEGFDYW,10.2,12.25,4
CATTCGCCAAGAAGAG_d09_w187,3,public,IGHV1-3,IGHM,CARDEDYW,6.0,18.8,5
CTGTTTAAGCCCAATT_d09_w126,3,public,IGHV5-51,IGHM,CARAPSSTWHPQYFDYW,10.3,9.67,3
TAAGTGCGTGATGTGG_d05_w100,3,public,IGHV4-39,IGHM,CARLWSGERPPDYW,10.0,10.83,12
ACTGAGTAGCCGCCTA_d10_w136,3,public,IGHV5-51,IGHA2,CARGGGTFLPRYYFDYW,10.6,12.0,5
TATGCCCCATTCCTCG_d02_w132,3,public,IGHV1-2,IGHA2,CARGDWKSNDYW,9.3,17.0,3
CCTACACAGTCAAGCG_d02_w165,3,public,IGHV3-74,IGHA2,CARGGDFHAFDIW,9.0,16.25,4
AGTGGGAAGGGATACC_d07_w143,3,public,IGHV3-7,IGHA2,CARVAGIAVAGIWYFDLW,14.3,14.33,3
TAGAGCTAGGTCATCT_d11_w131,3,public,IGHV3-48,IGHA2,CARDSGICTGDNCHHFDYW,12.3,18.67,3
CTCGGAGAGCTTATCG_d06_w181,3,public,IGHV3-21,IGHM,CARGGGSYGSYYFDYW,11.0,12.33,3
TCGCGTTCATGTCCTC_d04_w98,3,public,IGHV5-10-1,IGHA2,CARRDISAAGPYYYGMDVW,13.0,11.8,5
TACGGTACACGGCCAT_d07_w111,3,public,IGHV1-18,,CARGRYGDYW,7.3,17.33,3
TGAAAGAGTATTAGCC_d07_w155,3,public,IGHV3-33,IGHM,CARDLSGYSMDVW,10.3,9.67,3
CGACCTTTCTCTTATG_d02_w153,3,public,IGHV3-23,IGHM,CAKDRYCSGGSCYASFDNW,13.0,13.0,3
TGACTAGCACAGCCCA_d05_w106,3,public,IGHV3-23,IGHM,CAKTYNGRENWFDPW,12.3,15.33,3
ATGTGTGTCTTCCTTC_d03_w141,3,public,IGHV3-74,IGHM,CARDLKGGRPDYW,9.5,12.75,4
GTGCGGTTCCCAAGAT_d06_w121,3,public,IGHV3-7,IGHM,CARVAAPRTNYFDYW,8.0,13.0,4
AGATCTGAGAAACGCC_d02_w132,3,public,IGHV3-23,IGHM,CAKDVWYSSGWGFYFDYW,12.0,10.8,5
GACCAATTCGGAGCAA_d07_w136,3,public,IGHV3-21,IGHA2,CARDRIAVAGRGYYYGMDVW,13.5,10.25,4
GTGTGCGAGGACGAAA_d03_w146,3,public,IGHV3-74,IGHM,CVRDLRSAFSDPW,10.0,12.0,3
TTTGGTTAGAAGATTC_d08_w156,3,public,IGHV3-23,IGHM,CAKGSRSGRPYYFDYW,12.0,20.67,3
ACGGCCACAAACTGTC_d02_w128,3,public,IGHV1-18,IGHM,CARGHLLGSPEEDWFDPW,11.3,16.67,6
GTCGTAATCTTCATGT_d07_w132,3,public,IGHV3-48,IGHM,CARVVSGWYFDLW,9.7,23.33,3
AGGGAGTAGTGGTAAT_d01_w117,3,public,IGHV3-15,IGHM,CATGVVSNDAFDIW,10.0,6.0,4
GCTGCGAGTCTTCTCG_d05_w98,3,public,IGHV3-7,IGHM,CARVSELLYGSQRRDYYYGMDVW,15.7,7.0,3
ACACCAATCTTAGCCC_d05_w183,3,public,IGHV3-74,IGHM,CARESGYWSGVYNGLDYW,11.3,20.33,3
GTCGTAAGTTCATGGT_d09_w126,3,public,IGHV1-8,IGHA2,CARGGSSSWVGYNWFDPW,10.8,16.0,4
TAGGCATTCAAACCAC_d06_w157,3,public,IGHV3-7,IGHM,CASGINYAFDIW,11.0,20.0,3
TGGGCGTTCTGGTATG_d09_w102,3,public,IGHV4-34,IGHG4,CARVHDPDYW,8.3,15.0,3
TGCGCAGTCTATGTGG_d09_w112,3,public,IGHV1-18,IGHM,CARSGSLSPDWFAPW,11.3,13.33,3
TACCTTAGTAGGGACT_d02_w146,3,public,IGHV3-23,IGHM,CAKEWQQFDYW,8.3,7.67,3
CCACCTAAGAAGGGTA_d06_w133,3,public,IGHV5-51,IGHM,CARGIGGWSYDAFDIW,11.3,15.0,3
CGAATGTTCGAATCCA_d05_w159,3,public,IGHV1-46,IGHA2,CARGGESADRWFDPW,12.7,13.0,3
TACCTATCAATCCAAC_d11_w172,3,public,IGHV3-33,IGHM,CARERGGWWFDPW,12.2,14.75,4
TGGTTAGTCACCTCGT_d02_w140,3,public,IGHV3-74,IGHA2,CSRDQVGIGIDYW,10.3,14.0,3
CTTGGCTGTACGAAAT_d08_w154,3,public,IGHV3-74,IGHM,CARDISWNQADYW,9.0,14.0,5
GAACGGACACGAAATA_d05_w99,3,public,IGHV5-51,IGHM,CARQTTIFGVVTPFDYW,11.0,9.5,6
CGCGTTTTCTGGCGTG_d02_w164,3,public,IGHV3-23,IGHM,CAKGSSSSRPYYFDYW,11.7,14.67,3
CACCTTGTCCTATTCA_d02_w157,3,public,IGHV3-7,IGHM,CARDPYTGSYGAFDIW,12.0,14.9,10
GACAGAGGTCCGAACC_d05_w139,3,public,IGHV5-51,IGHM,CARSAAPDNAEFDYW,10.0,9.4,5
CCCATACAGGCCCTTG_d09_w148,3,public,IGHV1-24,IGHA2,CATLKYDSGAYSLFDYYYAMDVW,16.0,8.2,5
CTTTGCGCACTTCGAA_d02_w102,3,public,IGHV1-18,IGHM,CARDQAGTTGYW,10.0,20.25,4
AGTGGGAAGTAAGTAC_d04_w122,3,public,IGHV3-53,IGHA2,CARSFEGLLSSGWFTSRYWYFDLW,18.3,12.67,3
CATCGAAGTTCCACTC_d02_w115,3,public,IGHV5-51,IGHM,CARRDPYYYGMDVW,11.3,9.0,3
GGCGACTGTCCCTACT_d09_w113,3,public,IGHV3-48,IGHM,CARDTYHYYGMDVW,12.3,12.67,3
TCAGGATTCAGTTAGC_d05_w169,3,public,IGHV3-7,IGHM,CARDPYIGSYGAFDIW,12.3,19.67,3
ATGTGTGGTCATGCCG_d02_w167,3,public,IGHV1-18,IGHM,CARGTYGDYW,6.1,9.38,40
CCTTCCCAGTCCGTAT_d04_w98,3,public,IGHV4-39,IGHM,CARMYYYGSGREIDYW,12.0,4.71,7
TCGCGAGCAATCACAC_d06_w157,3,public,IGHV3-53,IGHM,CARDHSKDYGFYYYGMDVW,14.0,7.67,3
ACTGAGTTCTTATCTG_d05_w106,3,public,IGHV3-23,IGHM,CAKDLGYYDSSGYYSNSRFDYW,15.2,11.25,4
GATGAAAAGCATGGCA_d02_w104,3,public,IGHV5-51,IGHA2,CARLPGDACFDYW,10.4,12.8,5
ATCTGCCAGTACGACG_d04_w128,3,public,IGHV3-7,IGHM,CARDPDNYNSNGPEFDPW,14.0,20.67,3
CCCAGTTCATGCAATC_d02_w155,3,public,IGHV3-7,IGHM,CARELPDYW,5.7,12.33,3
AGTGAGGAGTGCGATG_d07_w107,3,public,IGHV4-39,IGHM,CARLPTGYPNWFDSW,11.0,28.33,3
AGTTGGTGTTGGTAAA_d04_w185,3,public,IGHV3-21,IGHM,CARVPGTDYYYSGMDVW,11.7,8.67,3
CGAATGTAGACCCACC_d02_w130,3,public,IGHV3-74,IGHM,CARAYSGNYRVDYW,10.0,10.0,4
GGTGCGTTCCATGAAC_d04_w116,3,public,IGHV3-23,IGHM,CAKGSWLDYW,8.2,7.0,4
TGGCCAGTCGTCTGAA_d07_w126,3,public,IGHV3-7,IGHM,CARTVGATAFDYW,9.5,9.5,4
ATCTACTCACGGCTAC_d06_w157,3,public,IGHV3-48,IGHM,CARGGPADAFDIW,8.5,13.25,4
ACTATCTCAATCCGAT_d07_w106,3,public,IGHV6-1,IGHM,CARTWGSGAFDYW,9.1,11.0,8
GCATACACAGACGTAG_d03_w102,3,public,IGHV3-74,IGHM,CARDGDGAYDLDYW,12.4,14.0,5
GGGATGATCATGTCCC_d07_w124,3,public,IGHV1-3,IGHA2,CARILSSGYYHHDALDIW,15.0,15.0,9
TTTGGTTCACTGTTAG_d02_w98,3,public,IGHV1-2,IGHM,CARGDSSGSHPRYYGMDVW,13.0,5.5,4
TAAGCGTGTGTCCTCT_d02_w128,3,public,IGHV3-23,IGHM,CAKDRGGGFDYW,9.5,10.75,4
TTCGGTCGTAGCTAAA_d02_w102,3,public,IGHV1-69,IGHG2,CARGGSRDYYFYMDVW,13.3,6.67,3
CCGGGATTCAACGAAA_d01_w116,3,public,IGHV3-23,IGHM,CAKDQNGRIWDYW,9.7,12.0,3
GGCGTGTTCTGTCAAG_d10_w180,3,public,IGHV4-34,IGHA2,CARGRRYSSGLSYIDYW,12.3,11.67,3
TTGCGTCCAAGACACG_d02_w121,3,public,IGHV3-23,IGHM,CAKFSDHYDSSGYYFRHAFDIW,16.8,11.67,6
CTTAACTTCTTGTCAT_d10_w156,3,public,IGHV3-7,IGHM,CARDPYDSGTYGAFDIW,13.7,16.33,3
TCCACACTCGATCCCT_d07_w106,3,public,IGHV1-18,IGHG2,CARDQYSSSYDAFDIW,12.8,16.0,5
CTCTACGCAGGAACGT_d03_w111,3,public,IGHV3-23,IGHM,CAKVLPGTTAFDIW,11.5,11.0,4
GTACGTAAGTGTGGCA_d04_w106,3,public,IGHV1-18,IGHG2,CAREKIGFLALDFW,9.0,27.0,4
AGTCTTTAGAGTAATC_d06_w123,3,public,IGHV1-3,IGHA2,CAREPDSSGYYGWPNTFDYW,13.2,15.75,4
GAAACTCCAGGTCGTC_d10_w136,3,public,IGHV3-48,IGHM,CARGAGANYYFDYW,11.2,11.6,5
CGGACTGAGAAAGTGG_d11_w100,3,public,IGHV3-23,IGHM,CAKRPGAVGGTGYFDYW,12.8,15.64,28
TTAGGACAGTTAGCGG_d11_w120,3,public,IGHV3-30,IGHA2,CARDRDGDSRGDGMDVW,14.2,15.5,4
TACTCATGTGCAACGA_d09_w104,3,public,IGHV1-2,IGHM,CARGEIGGTPRDYW,11.7,18.5,6
TGCGCAGGTGATAAAC_d06_w109,3,public,IGHV1-2,IGHM,CAREGSAFGFW,9.0,21.33,3
ACTATCTTCCGGCACA_d02_w176,3,public,IGHV5-51,IGHM,CARHPTHGDLYYFDYW,12.3,7.67,3
TCATTACTCCACGTGG_d07_w99,3,public,IGHV3-23,IGHM,CARRGGLPQPMDYW,11.2,19.75,4
GGAAAGCCACTTCGAA_d04_w109,3,public,IGHV1-18,IGHM,CARGGGDFWSGYYSYYYYGMDVW,19.0,14.17,18
GCTGGGTAGGTGCAAC_d10_w163,3,public,IGHV1-24,IGHM,CATTPPRYQVLYGGYHYSYYMDVW,17.3,10.0,3
GTTCTCGTCTTGAGAC_d05_w188,3,public,IGHV1-46,IGHA2,CARELRPHYFDYW,9.7,14.0,3
CGCTATCAGTCAAGGC_d11_w120,3,public,IGHV1-2,IGHG2,CARDPGHGYFDFW,10.3,25.33,3
TTCTACAAGCCAGTTT_d04_w169,3,public,IGHV4-39,IGHM,CARLDYDSSGYQYYFDYW,14.7,6.33,3
GATGAAAGTTGCTCCT_d04_w97,3,public,IGHV3-74,,CARGGRGCGSAGCLDYW,10.3,19.0,3
GACTACAAGTGGAGTC_d07_w181,3,public,IGHV5-51,IGHG2,CARLSGGWYSDDTGGYPFDFW,13.7,15.0,3
CTGTTTATCTATGTGG_d04_w165,3,public,IGHV1-18,IGHG2,CARLSTLYYYMDVW,9.3,16.33,3
GGATGTTGTCCGAACC_d11_w122,3,public,IGHV5-51,IGHM,CARRGSGSSYFDYW,10.7,10.33,6
CCTACACCAGCTGGCT_d02_w135,3,public,IGHV3-7,IGHM,CARETSDSGWYDFDYW,10.3,11.0,3
ATCTACTAGCGGATCA_d02_w178,3,public,IGHV3-7,IGHM,CARDAGGALDYW,6.7,10.0,3
AGCATACTCGATCCCT_d03_w123,3,public,IGHV3-74,IGHM,CVRDPRNKGFDPW,9.5,17.75,4
GATGAGGGTTACCGAT_d07_w177,3,public,IGHV6-1,IGHM,CARNTVLAGGFMDVW,8.3,10.0,3
GAGTCCGGTTATCCGA_d02_w135,3,public,IGHV1-18,IGHM,CARDNKYWVGGPEGFDYW,10.2,20.5,4
CGTAGCGGTCCAGTTA_d11_w116,3,public,IGHV1-18,,CARDYGAKFDYW,9.7,12.33,3
TGCCCTAAGTCTCGGC_d05_w137,3,public,IGHV3-7,IGHM,CARIGYSSSCFDYW,10.0,16.0,5
AGGCCACAGTTGTAGA_d07_w187,3,public,IGHV1-18,IGHM,CARDRRGGDYW,8.3,10.67,3
TGGGCGTGTGATGTCT_d06_w169,3,public,IGHV3-30-3,IGHM,CARDRSVAGTWFYYYYGMDVW,15.3,13.33,3
TGTTCCGGTACATCCA_d02_w129,3,public,IGHV3-48,IGHM,CAREDSQDAFDIW,9.0,11.29,7
TGGCTGGGTTGAACTC_d08_w119,3,public,IGHV4-39,IGHM,CARSRGYSYAMDVW,12.3,10.67,3
TATGCCCGTCATATGC_d02_w165,3,public,IGHV1-3,IGHA2,CARDRGAWLLPHW,9.0,7.25,4
GTAACTGCATGAGCGA_d11_w120,3,public,IGHV1-3,IGHG2,CARDRDDYGSIYW,9.7,9.33,3
CAGAGAGCAAGGCTCC_d07_w106,3,public,IGHV3-7,IGHM,CARDGWVVPVFFDYW,8.7,10.33,3
CGGACTGTCTCTTGAT_d02_w167,3,public,IGHV5-51,IGHM,CARRYGTYVNSGFDYW,11.7,10.67,3
TAGTGGTCAAGTACCT_d10_w126,3,public,IGHV4-39,IGHM,CARILWADYYYYMDVW,13.7,13.0,3
CTGGTCTTCCCTCTTT_d02_w157,3,public,IGHV3-74,IGHM,CARGSGNYYFDYW,11.5,11.5,8
AGGTCCGGTTTACTCT_d06_w121,3,public,IGHV4-39,IGHM,CASFGSGSYLYFDYW,10.7,17.0,3
CCGTTCAAGCTGGAAC_d02_w148,3,public,IGHV1-69,IGHA2,CARARSDWYFYYGMDVW,12.4,24.6,5
TAGCCGGGTCACACGC_d09_w98,3,public,IGHV3-53,IGHM,CARGLEMGYYYGMDVW,14.4,8.6,5
ACGGCCAAGACAAAGG_d04_w167,3,public,IGHV2-5,IGHM,CAHRGGGFTSPGGFDYW,12.7,9.33,3
CCTTCGACACGGACAA_d09_w146,3,public,IGHV3-21,IGHM,CAREVWRARSGSPGDYDYYGMDVW,16.5,17.25,4
GAACATCTCTGGTTCC_d05_w161,3,public,IGHV5-51,IGHM,CARRGSTASGWDYW,12.3,22.0,3
ACACCAAGTGCGCTTG_d02_w163,3,public,IGHV3-74,IGHM,CARNARGDCSGGSCLNWFDPW,15.8,9.67,12
CCCAGTTAGCGTGTCC_d04_w99,3,public,IGHV3-48,IGHM,CARGRGTVTTFYW,7.7,12.67,3
AGTGAGGGTACATGTC_d08_w170,3,public,IGHV3-74,IGHM,CVRGVGTSGRDYW,10.3,17.67,3
CATATTCAGACTTGAA_d04_w99,3,public,IGHV3-23,IGHA2,CAKGYSGSWLDPW,9.0,24.67,3
ACGATACGTTTCCACC_d11_w129,3,public,IGHV3-7,IGHG2,CAREYRWTTVTARVASRFDYW,10.0,15.33,3
CCTTCGATCTGGTTCC_d04_w131,3,public,IGHV4-39,IGHM,CARRRTGEDYIDYW,12.0,16.5,4
CATTATCTCGTGGGAA_d02_w147,3,public,IGHV3-74,IGHM,CARDRYDYLYYFDYW,7.8,13.0,5
TGCACCTAGCGCTTAT_d01_w97,3,public,IGHV3-7,IGHM,CVRVRGSYGYCFDYW,9.1,15.29,7
ATGCGATTCCTTCAAT_d04_w100,3,public,IGHV3-7,IGHA2,CVRDHDYGDYW,6.3,14.0,3
TTCCCAGGTAAGAGAG_d05_w174,3,public,IGHV3-74,IGHM,CARGGDDPNYYYAMDVW,15.0,11.33,3
ACACCAAAGTACGCGA_d02_w107,3,public,IGHV5-51,IGHM,CARRGSAYNPQYYFDYW,11.5,15.75,4
TACGGTAGTTCTGGTA_d01_w109,3,public,IGHV3-74,IGHM,CARCRYGDYSDYW,12.3,15.67,3
CTTAGGAAGATTACCC_d07_w139,3,public,IGHV5-51,IGHM,CARRRNSGYYEPDAFDIW,15.0,10.33,6
TCTTCGGCACGTCAGC_d02_w160,3,public,IGHV3-53,IGHG2,CARVDFIVARDYW,9.0,10.0,3
ACACCCTGTGACCAAG_d02_w133,3,public,IGHV3-33,IGHM,CVRERGPFDAFDVW,10.0,22.6,5
CTAGTGATCAATAAGG_d11_w123,3,public,IGHV3-21,IGHG2,CARDRVEYTTSPDPFDYW,10.7,19.0,3
CGAGCACAGCGCTCCA_d04_w121,3,public,IGHV3-53,IGHM,CARARFGEFLAYHYVMDVW,11.5,15.0,4
TCGCGTTGTCCGAACC_d04_w177,3,public,IGHV3-53,IGHA2,CGRDVGPW,12.7,17.33,3
GCTCTGTAGACTGGGT_d07_w119,3,public,IGHV5-51,IGHM,CARGARVGAFHYGMDVW,14.2,7.2,5
ATTGGTGAGGGATACC_d07_w104,3,public,IGHV3-74,IGHM,CVRDGGGSTWYNWFDPW,11.1,16.75,8
ACATGGTCATTTCACT_d05_w140,3,public,IGHV3-74,IGHM,CARDSSSWGSRSAPYFDYW,10.0,13.33,3
AGCCTAAGTTCAACCA_d02_w132,3,public,IGHV1-18,IGHM,CARAGATLTTHFDDW,11.0,19.08,12
ACTTACTGTTACTGAC_d07_w167,3,public,IGHV3-7,IGHM,CARDPAFGAIDYW,7.7,22.33,3
CCACCTAAGGTGCTTT_d11_w172,3,public,IGHV3-23,IGHM,CAKDLVGVPTSHWYFDLW,12.7,22.0,3
CCACGGACACGCGAAA_d02_w170,3,public,IGHV3-23,IGHM,CAKERPFSGSSVYYFDYW,8.7,11.86,7
CGGACACAGCGCCTCA_d07_w102,3,public,IGHV3-49,IGHM,CSRDPRDSSGWYYFDYW,9.7,6.14,7
CTGAAACGTAAGCACG_d11_w177,3,public,IGHV5-51,IGHM,CARQGDGGYEFDYW,11.7,12.33,3
GTCGGGTGTTACGGAG_d08_w139,3,public,IGHV3-74,IGHM,CARAQFGRNGMDVW,10.5,21.5,4
TGGGAAGAGGTAAACT_d07_w154,3,public,IGHV3-74,IGHM,CARTRYSYGMDVW,10.7,9.67,3
GTTCGGGCAAGGTTTC_d04_w156,3,public,IGHV3-7,IGHM,CARVKGSMTWALDYW,12.3,10.0,3
AGCGTATGTTCGCGAC_d07_w102,3,public,IGHV3-48,IGHM,CARGATRFSRSDYW,8.7,13.0,6
GCGCAGTCAAGAGGCT_d05_w160,3,public,IGHV4-39,IGHM,CARLSYYGSGSYYFDYW,12.3,7.33,3
ACACCCTCAGGATCGA_d09_w179,3,public,IGHV1-18,IGHM,CARHIAAAGAGGWFDPW,12.0,18.67,3
GAGTCCGTCTCGATGA_d04_w180,3,public,IGHV5-51,IGHM,CARRGGQYSSSWYYYYYMDVW,15.7,6.0,3
TAAGCGTGTTGCGCAC_d04_w113,3,public,IGHV3-23,IGHA2,CAKAGDATTPGGYFDSW,11.4,19.2,5
GGTGCGTTCGAATGGG_d04_w99,3,public,IGHV3-53,IGHA2,CARGGSGSHFDHW,12.3,13.0,3
CGGCTAGTCCCGACTT_d10_w178,3,public,IGHV3-23,IGHM,CAKGYGSGSYSGDYW,11.7,10.67,3
CTCTAATGTGTTAAGA_d05_w168,3,public,IGHV3-21,IGHM,CARGQYYNVMDVW,13.0,11.0,3
AACGTTGAGTGGACGT_d07_w144,3,public,IGHV3-74,IGHA2,CARRRDLGIGAVLGYW,10.0,10.33,3
TTGTAGGAGATCGATA_d02_w141,3,public,IGHV1-46,IGHM,CARAAGSYSIDYW,8.4,14.78,9
CATCGGGCACCGAAAG_d02_w99,3,public,IGHV5-51,IGHA2,CARLGSGGPLWGGYFDYW,12.2,11.25,4
AAGGCAGAGTACATGA_d05_w180,3,public,IGHV3-23,IGHM,CARDPHLLLRASYFDYW,11.8,12.0,4
GGAGCAATCAAGGCTT_d06_w170,3,public,IGHV4-59,IGHM,CARGGWSLDYW,8.3,21.67,3
GGCAATTGTGTGCGTC_d03_w132,3,public,IGHV2-5,IGHM,CAHSPDYSSNQYYFDYW,15.2,9.25,4
TTAGTTCGTGAACCTT_d02_w107,3,public,IGHV3-23,IGHM,CARQLGYCSGGSCYFDYW,14.0,16.0,3
GGAATAAAGAGGTAGA_d06_w145,3,public,IGHV3-74,IGHM,CSRLGSSGWYIDYW,8.1,13.5,16
GGCGTGTGTAGCACGA_d05_w126,3,public,IGHV3-48,IGHM,CAREWAVPGPCDYW,11.6,18.2,5
TTCGAAGTCAGTCAGT_d06_w133,3,public,IGHV3-21,IGHM,CARGEMSTTGLCDYW,9.7,10.33,3
ATAAGAGGTGTGCCTG_d07_w107,3,public,IGHV3-74,IGHM,CVRDKNWYFDYW,9.3,9.29,7
TTGGCAAGTCTGGAGA_d01_w97,3,public,IGHV3-53,IGHM,CARDGYGGNDAFDIW,12.0,13.67,3
CCGTACTGTCTGATCA_d11_w154,3,public,IGHV3-23,IGHM,CAQTWAYHHFDYW,10.3,16.0,3
TTCGGTCCATTTCAGG_d02_w102,3,public,IGHV4-39,IGHM,CARRGSSGYYYFDYW,11.2,11.6,5
GGGTTGCTCAGGCGAA_d07_w184,3,public,IGHV4-39,IGHM,CARRGYSYGYFDYW,10.4,8.6,5
GAGTCCGCAAGGCTCC_d07_w115,3,public,IGHV4-34,IGHM,CARGRAGGNYFDYW,11.0,17.5,4
CGAGCACTCCGTCAAA_d02_w191,3,public,IGHV3-48,IGHM,CAREVGYTSDYW,5.3,10.0,3
CTTACCGAGAGGTAGA_d02_w178,3,public,IGHV3-74,IGHM,CARGYSGSYRVDYW,9.2,11.4,5
AGCGTCGGTGCCTGTG_d09_w104,3,public,IGHV6-1,IGHM,CARGGAYNSLFDYW,8.0,16.67,3
CGGACACCAGCTGTAT_d02_w132,3,public,IGHV3-7,IGHM,CARDPGEWEIPIDYW,9.0,15.75,4
AGTCTTTGTACAGTGG_d07_w105,3,public,IGHV5-51,IGHM,CARRAYSSSWFIDYW,10.5,14.17,6
TGGACGCGTCAAGCGA_d02_w183,3,public,IGHV4-59,IGHA2,CARQGRGFGGMDVW,11.7,15.67,3
CTGAAGTAGCTACCGC_d05_w120,3,public,IGHV3-23,IGHA2,CAKTRQLGNYYYYYMDVW,11.2,25.0,4
CTCTAATTCCGTACAA_d07_w128,3,public,IGHV1-3,IGHM,CAREGVPGWFDPW,10.2,6.5,4
TTAGTTCCAACGATGG_d02_w156,3,public,IGHV3-30,IGHM,CARGYSGYDYAFDYW,11.0,19.33,3
TTAACTCAGTAGTGCG_d04_w176,3,public,IGHV3-23,IGHG2,CAKEIGVGVGNAFDFW,14.0,18.33,3
CGTCACTTCTATCCTA_d07_w131,3,public,IGHV3-74,IGHM,CLRGASGYGNFDYW,11.0,14.2,5
CCACCTACATCCAACA_d11_w117,3,public,IGHV3-74,IGHM,CARGGSPFYW,8.3,16.0,3
CTTACCGCAATGGACG_d07_w169,3,public,IGHV3-7,IGHM,CARLQLGAPDYW,9.8,11.8,5
CTGCGGAGTAGCGATG_d02_w188,3,public,IGHV1-18,,CARFWSGYLADYW,11.2,13.0,5
GTAACTGTCCTCGCAT_d10_w183,3,public,IGHV1-3,IGHM,CARSGYGGNARDYW,10.7,15.0,3
CCGGTAGGTTGGAGGT_d05_w107,3,public,IGHV3-74,IGHA2,CARDNPTRGLGIDYW,9.0,10.33,3
TACACGATCCTGTACC_d07_w137,3,public,IGHV5-51,IGHM,CARGGGSSAFDIW,10.5,11.5,4
CGGACTGGTAAACCTC_d03_w141,3,public,IGHV3-23,IGHM,CAKLSYYDFRSGNYFDYW,13.3,15.0,3
CGCCAAGTCGGTGTTA_d03_w115,3,public,IGHV4-39,IGHM,CARVVTGSIADSW,9.0,11.5,4
TTCTACACAAACGTGG_d09_w129,3,public,IGHV3-53,IGHM,CARDSYARDW,8.0,10.5,4
GCCTCTACAATTGCTG_d03_w131,3,public,IGHV3-7,IGHM,CARGRYGPFDYW,9.7,12.33,3
CGCCAAGAGCGATGAC_d06_w169,3,public,IGHV3-7,IGHM,CARGGWELLRGQAVFDYW,8.3,15.33,3
GTCCTCAGTTGAACTC_d07_w99,3,public,IGHV1-3,IGHM,CARDGSYYTYW,9.6,20.81,16
CGAGAAGAGCTACCGC_d05_w140,3,public,IGHV5-51,IGHM,CGRSEYSYALDYW,10.2,11.75,4
AGACGTTAGTGAAGAG_d10_w105,3,public,IGHV1-3,IGHM,CARDRGPFMARGVIINGIDWFDPW,12.7,21.67,3
CTGCTGTAGTGCGATG_d03_w124,3,public,IGHV3-21,IGHM,CARGLGDFWSGRRNFDIW,14.4,6.4,5
ACACCCTTCGCATGGC_d11_w128,3,public,IGHV3-33,IGHM,CAREGAWGSSYSYGMDVW,12.0,15.67,3
CAACCAACATGCATGT_d04_w128,3,public,IGHV3-74,IGHM,CARESSGGYRHFDSW,9.7,18.67,3
TCAACGATCAGCTCGG_d08_w167,3,public,IGHV4-39,IGHM,CARHYSGASNWFDPW,10.8,13.4,5
ACACTGATCAGGTAAA_d07_w99,3,public,IGHV1-2,IGHM,CARDGALDHW,6.0,19.33,6
ACGAGGATCCGAAGAG_d04_w126,3,public,IGHV4-31,IGHM,CARGSGYGDFDYW,11.0,12.75,4
ATCTACTCAATGAAAC_d04_w99,3,public,IGHV3-74,IGHM,CARAGSNWKIDYW,8.8,15.11,9
GGAACTTGTGTAACGG_d02_w107,3,public,IGHV3-7,IGHM,CARGGGYDYFDYW,10.7,10.67,3
CTCGTCACAATCAGAA_d02_w145,3,public,IGHV3-49,IGHM,CTRPGYSSGWGFDYW,9.0,14.67,3
CGGACACAGCAACGGT_d02_w133,3,public,IGHV2-5,IGHM,CAHFCSGGSCYSHYW,10.7,7.0,3
CACCACTCAGCTGTAT_d04_w117,3,public,IGHV3-7,IGHM,CARATPWFDYW,9.0,8.67,3
TTCTTAGCATGACATC_d02_w148,3,public,IGHV1-3,IGHM,CARDLLRFGGYFDYW,11.2,12.4,5
TTCTCAACACACAGAG_d07_w169,3,public,IGHV3-48,IGHM,CARSGDFEYW,10.7,13.0,3
AGTAGTCAGTATCTCG_d10_w184,3,public,IGHV3-23,IGHM,CAKATNDILTGYPLYYFDYW,12.4,13.0,5
ACCGTAAAGCCCTAAT_d04_w183,3,public,IGHV1-18,IGHG2,CARAPRDHFFGSGTDDYW,12.3,13.67,3
AACCATGAGGAGTAGA_d06_w109,3,public,IGHV4-39,IGHM,CARQPFRGYSYGYYFEYW,13.4,9.25,8
CTCGAAAAGCTAGCCC_d05_w129,3,public,IGHV3-23,IGHM,CAKDHLNGYYDARGLYYFDHW,13.0,18.0,3
GGAACTTCACGTAAGG_d07_w153,3,public,IGHV3-23,IGHG2,CAKDAPQGGFYPYYFDYW,11.7,17.33,3
ACACCAACAAGCCGTC_d02_w144,3,public,IGHV3-7,IGHM,CARDAWDYSSSSQFDYW,11.5,16.5,4
TCGTACCAGTAGATGT_d09_w180,3,public,IGHV3-74,IGHM,CARGLSGYDEYW,8.0,19.0,4
CGTTGGGAGGCGCTCT_d03_w116,3,public,IGHV3-33,,CARDKSPYYLDYW,10.3,11.67,3
ATTATCCCATACGCCG_d09_w117,3,public,IGHV3-7,IGHM,CARDRYCSGGACYSIGYFDYW,14.9,11.29,7
AGACGTTGTTAGTGGG_d01_w122,3,public,IGHV4-59,IGHM,CARVRSGDYALYYFDYW,11.0,10.75,4
TCAGATGTCTGCGGCA_d07_w164,3,public,IGHV4-59,IGHM,CARFPYGSGSQGDYW,11.0,3.67,3
GTGCGGTAGGGATGGG_d05_w122,3,public,IGHV3-7,IGHM,CARDVDSRASDYW,9.2,19.6,5
GGTGCGTAGTTACGGG_d02_w157,3,public,IGHV5-51,IGHM,CARLYGGRFDYW,9.3,15.0,3
CTAGAGTCAGTTCATG_d02_w181,3,public,IGHV3-15,IGHM,CSTGGYFFDYW,8.5,16.75,4
TTGGCAATCGCTAGCG_d07_w98,3,public,IGHV4-39,,CARLTGGSWSWFDPW,13.5,12.5,4
TCGGTAATCATGTCTT_d10_w161,3,public,IGHV3-7,IGHM,CARGVYHLDYW,7.7,9.67,3
GCATACATCTACTCAT_d09_w188,3,public,IGHV3-48,IGHA2,CTRDSGRGYGMDVW,9.6,17.0,5
GATGCTAAGAAACGCC_d02_w148,3,public,IGHV3-7,IGHM,CARDPYSGIYGAFDIW,11.6,18.5,8
AGGTCCGTCCGTCAAA_d02_w122,3,public,IGHV3-23,IGHM,CAKDFYSGWELLHAFDIW,10.6,6.0,5
TGCGTGGAGAATGTGT_d05_w120,3,public,IGHV3-48,IGHG2,CAREDNKGGMDVW,12.0,25.67,3
AACCATGGTTCCTCCA_d08_w107,3,public,IGHV3-23,IGHM,CAKLRGDYYYYVMDVW,11.8,10.83,6
TAGTTGGGTCAATGTC_d05_w179,3,public,IGHV3-74,IGHM,CARAGDADYW,8.0,11.67,3
GCTCTGTTCATGGTCA_d07_w120,3,public,IGHV3-23,IGHM,CAKNQLGTWEVPFDYW,11.2,6.75,4
CACACAATCAACACCA_d05_w102,3,public,IGHV3-7,IGHM,CARDYGNYAWSGGYFDNW,11.2,16.25,4
AGTTGGTGTCCCTACT_d11_w179,3,public,IGHV3-7,IGHM,CVRYTRGKYYLFDYW,7.8,19.2,5
TTTGCGCCACAGGTTT_d10_w97,3,public,IGHV3-74,IGHM,CARGGVGGQDYW,8.0,17.6,5
TTCGAAGGTGTCCTCT_d09_w178,3,public,IGHV1-2,IGHM,CARKSVRSGSFDYW,9.7,18.33,3
TTTATGCGTAGCGTGA_d10_w112,3,public,IGHV3-23,IGHM,CAKDRRGGYFDYW,10.3,19.0,3
GTTACAGTCTGTGCAA_d04_w148,3,public,IGHV3-7,IGHM,CARDGVAPGVYFDYW,11.0,14.25,4
CCTCAGTGTGGTTTCA_d03_w98,3,public,IGHV3-7,IGHM,CARDHVGDGLYFDSW,11.0,13.67,3
TGGTTAGTCGCGATCG_d06_w181,3,public,IGHV5-51,IGHM,CARLGYGSGWYEGDFDYW,13.3,9.0,3
CGAATGTGTAATAGCA_d04_w116,3,public,IGHV3-21,IGHG2,CARDPPGYSYGSYPPRYFDYW,15.3,26.33,3
GGACATTTCCTTGACC_d06_w169,3,public,IGHV1-18,IGHM,CARDRSGAAFDYW,9.6,8.8,5
CGTAGCGAGAGAACAG_d08_w159,3,public,IGHV3-23,IGHM,CAKEPIDSSGYQSYFDSW,14.6,9.8,5
TACGGTAAGAGTCTGG_d04_w98,3,public,IGHV3-74,IGHA2,CARAAPGGKHALDIW,10.2,19.75,4
TACAGTGCATCACGTA_d08_w152,3,public,IGHV3-23,IGHG2,CARRGPSYYYGLDVW,10.3,22.67,3
AACCGCGAGCGATGAC_d03_w105,3,public,IGHV1-8,IGHA2,CARGRSTARWFDPW,11.2,10.5,4
TGGCCAGAGCTGAAAT_d05_w117,3,public,IGHV5-51,IGHM,CARLYYSSGWFVGYFDYW,12.7,9.0,3
AGTGGGAAGTGCGATG_d07_w99,3,public,IGHV3-7,IGHM,CARDPDWGALDYW,8.6,18.8,5
ACACCAAGTCAGCTAT_d10_w146,3,public,IGHV1-46,IGHM,CARDTGRGSPNAFDIW,10.3,10.0,3
TTGACTTAGGACAGAA_d09_w160,3,public,IGHV3-7,IGHM,CARDRSYGRHDYW,9.7,11.67,3
GGCGTGTCAACGATGG_d09_w111,3,public,IGHV5-51,IGHA2,CAKLASGDYFDYW,13.1,26.18,11
GTAGTCACACAACGCC_d03_w129,3,public,IGHV1-46,IGHM,CARDGLHGYPLGYW,10.0,17.0,3
CTCAGAAGTGGACGAT_d09_w153,3,public,IGHV4-39,IGHM,CARHLYCTSTGCYAFDIW,15.7,8.67,3
CGTCTACAGGAATGGA_d04_w97,3,public,IGHV1-18,IGHM,CARRDSSGWYGGDYW,10.7,12.0,6
AGAGCTTTCCTCTAGC_d08_w117,3,public,IGHV1-3,IGHA2,CARGEDSSSWIFDYW,10.2,23.25,4
ACATGGTGTCGAAAGC_d06_w157,3,public,IGHV3-23,IGHM,CAKGRSSGWYEFDYW,10.2,12.83,6
GAGGTGATCATATCGG_d07_w171,3,public,IGHV1-46,IGHM,CARGKSPTYWFDPW,10.8,10.75,4
CTCGTCATCTGTCAAG_d02_w147,3,public,IGHV1-8,IGHM,CARGDYW,8.3,15.33,3
CCTTCGACAGCGTAAG_d04_w97,3,public,IGHV1-3,IGHA2,CARDYHYGMDVW,13.8,24.0,6
GGGAGATGTGCAACGA_d05_w131,3,public,IGHV3-7,IGHM,CARDVRRLSAFDLW,9.8,12.17,6
CGCTTCATCATTGCGA_d06_w133,3,public,IGHV3-33,IGHM,CARDGGGTIYYFDSW,11.7,23.0,3
CACACCTTCCCAGGTG_d09_w120,3,public,IGHV3-7,IGHM,CARDRYFYGMDVW,12.0,10.67,3
CATCGAACACGGACAA_d04_w97,3,public,IGHV3-30,IGHG2,CAREDRGSGRYVYFYYGMDVW,16.3,18.67,3
TTTGTCATCGGTCCGA_d07_w109,3,public,IGHV3-74,IGHM,CIRSSGYPDYW,8.6,20.6,5
GTCAAGTTCATGTGGT_d10_w177,3,public,IGHV3-21,IGHM,CARDHTPMVTSVYYYGMDVW,17.7,12.0,3
CATTATCTCTGGTTCC_d06_w181,3,public,IGHV3-7,IGHM,CARDRGWQTFDYW,9.7,7.33,3
CTCTGGTGTAACGACG_d09_w177,3,public,IGHV1-18,IGHA2,CARDQSIMGRAGYYFDYW,16.4,9.6,5
GGGAGATGTACCGGCT_d02_w120,3,public,IGHV3-23,IGHM,CAKSPGAWVFDYW,12.0,13.0,5
AGATCTGTCCTGCCAT_d03_w105,3,public,IGHV3-21,IGHM,CARVSYGSGSYYNPFDFW,12.0,13.0,3
GTTACAGTCATGTCTT_d07_w98,3,public,IGHV3-48,IGHM,CARSPWGSGWYWFDYW,10.8,13.25,4
CCACCTAAGCCACCTG_d04_w137,3,public,IGHV3-23,IGHA2,CAKGGRYCSGGSCDYYYYYMDVW,17.0,10.0,4
CGCGGTACAATCACAC_d03_w128,3,public,IGHV2-5,IGHM,CAHSTRALSCSGGDCYSFDYW,16.0,11.67,3
CATATGGCAGTAAGCG_d04_w161,3,public,IGHV3-23,IGHM,CAKGQQLVFYW,7.0,7.33,3
GATCGATAGCGTGTCC_d02_w131,3,public,IGHV1-3,IGHA2,CARGGKVGLGAFDVW,8.3,27.67,3
GGCGACTCAAAGCGGT_d07_w188,3,public,IGHV3-23,IGHM,CAKVASGGPHYYGMDVW,14.8,11.75,4
CAGATCACAATGAATG_d09_w180,3,public,IGHV3-53,IGHM,CARDASSTSGGWFDPW,9.0,6.75,4
ATTACTCTCTACTATC_d07_w137,3,public,IGHV3-74,IGHG2,CARGHNYGLDYW,9.3,12.33,3
GATCTAGTCAGATAAG_d04_w172,3,public,IGHV3-74,IGHA2,CARGADGYGNFDNW,12.7,14.33,3
TATCAGGAGGAGTTTA_d05_w189,3,public,IGHV3-23,IGHM,CAKGSPYYFDYW,8.7,12.33,3
TCTTCGGCAGACGCTC_d06_w169,3,public,IGHV5-51,IGHM,CARQGAGHYYGMDVW,13.7,9.33,3
TACCTTACAGACACTT_d03_w116,3,public,IGHV3-23,IGHM,CAKKGPDYSNNFYYYYYMDVW,15.3,18.71,7
ACACCAAGTGCGCTTG_d02_w179,3,public,IGHV3-74,IGHM,CARNARGDCSGGSCLNWFDPW,14.0,11.4,5
ACAGCTAGTTCGTTGA_d02_w136,3,public,IGHV3-74,IGHA2,CARGIAGVPVAFDIW,9.0,19.25,4
CAGAGAGGTTCGTCTC_d04_w117,3,public,IGHV1-2,IGHM,CAKSDGYYNGMDVW,15.6,14.4,5
GTCATTTGTCCTCCAT_d08_w191,3,public,IGHV5-10-1,IGHA2,CARHGCGSPSCYSAWGMDVW,15.3,11.67,3
CGATGGCGTCCTCTTG_d07_w116,3,public,IGHV5-51,IGHM,CGRRGDGYSFDYW,9.0,13.8,5
GTCGGGTGTTGTCGCG_d02_w131,3,public,IGHV1-18,IGHM,CARGSQELLKFLDYW,8.3,19.0,3
CTGGTCTTCGAATCCA_d05_w99,3,public,IGHV5-51,IGHM,CARHDYPGSRSYYTAFDSW,13.8,13.25,8
GATCGTACAGTCGATT_d04_w137,3,public,IGHV1-69,IGHA2,CARVGRVLEWLSSFDYW,11.7,23.0,3
TGAGCATGTAAACACA_d07_w155,3,public,IGHV4-39,IGHA2,CARVPYDSGTYYDYW,12.8,13.0,4
AGGGATGTCGGCGGTT_d03_w123,3,public,IGHV3-48,IGHM,CARGGYCSGGLCYHFNAFDIW,16.2,21.6,5
TGTTCCGCAGACGCCT_d04_w176,3,public,IGHV5-51,IGHM,CARQGPSASADFDYW,11.0,11.6,5
GGCCGATCATCGGAAG_d02_w165,3,public,IGHV3-21,IGHA2,CARVGFYSGYFDYW,8.7,6.0,3
GACACGCCACAACGCC_d08_w157,3,public,IGHV1-18,IGHM,CARGDFGAVNWFDSW,14.0,13.5,4
GTACTCCTCTTCATGT_d08_w174,3,public,IGHV1-3,IGHA2,CAREYWGSGYLDLW,11.3,22.33,3
AGCTCTCCAGCGTCCA_d05_w106,3,public,IGHV5-51,IGHM,CARRRPYLGSPIYFDYW,11.3,7.33,3
CTAGAGTCAGGGCATA_d05_w179,3,public,IGHV3-23,IGHM,CARWDFDYW,9.3,16.33,3
TGTGTTTGTCTTGCGG_d09_w139,3,public,IGHV4-39,IGHM,CARHSDRRPYVTAFDIW,11.8,18.75,4
ATAAGAGAGGGATGGG_d01_w136,3,public,IGHV3-23,IGHM,CAKGARYNWNDWFDPW,11.3,18.33,3
AAAGCAAAGAAACCAT_d02_w131,3,public,IGHV3-15,IGHM,CTTDEYNW,4.0,19.25,4
TTCCCAGGTATAGGTA_d07_w137,3,public,IGHV3-48,IGHM,CVRDHKWAFDYW,9.0,20.0,4
AAGGCAGAGTGTACGG_d11_w105,3,public,IGHV1-18,IGHA2,CARSPPDAGFGYGWYSDYW,11.5,18.25,8
CTGATAGCACCATCCT_d05_w177,3,public,IGHV5-51,IGHA2,CARLFSTSSGSRYFDYW,12.7,10.67,3
TTCGAAGGTCGAGATG_d04_w116,3,public,IGHV1-18,IGHA2,CARVGKTGDRSLYYFDYW,18.0,8.0,3
GCACTCTCAATAGCAA_d06_w109,3,public,IGHV3-74,IGHM,CARDYRGYSYGEFDYW,10.7,13.33,3
ACATCAGGTTACGACT_d05_w183,3,public,IGHV1-18,IGHM,CARDRLTYCGGDCYSSVDYW,11.0,13.33,3
ACGAGGATCTTGAGGT_d07_w135,3,public,IGHV4-39,IGHA2,CARCDGRGYHPSYWYFDLW,12.5,27.75,4
CTGTTTACAGTCGATT_d05_w128,3,public,IGHV5-51,IGHM,CARPGTDYW,7.2,13.2,5
CTACATTTCACTCCTG_d07_w107,3,public,IGHV3-48,IGHM,CVREGDRAARDAFDIW,10.3,10.0,3
AGGGATGTCCACGAAT_d06_w157,3,public,IGHV3-74,IGHM,CARGNYYGMDVW,7.8,6.67,6
CAGAGAGCATAAAGGT_d05_w113,3,public,IGHV5-51,IGHM,CARQGDNVTFDYW,10.0,13.0,4
ATAAGAGTCTGCTGCT_d04_w102,3,public,IGHV2-5,IGHG2,CAHSDFYSDSRGYYGHFDYW,14.8,17.75,4
TCATTACTCGTTGACA_d01_w141,3,public,IGHV3-7,IGHM,CAKGGWYPDIW,7.0,22.75,4
CACACCTCAATCAGAA_d06_w121,3,public,IGHV5-51,IGHM,CARMGSGTYYNDYW,10.3,6.67,3
TTATGCTTCACCAGGC_d07_w136,3,public,IGHV3-48,IGHM,CARGVGVAYYYYAMDVW,12.0,11.0,3
GGGTTGCCATCTATGG_d11_w105,3,public,IGHV5-51,,CARRTYCVGGSCYFYMDVW,16.7,18.67,3
ATTTCTGTCCGTAGTA_d07_w141,3,public,IGHV5-51,IGHM,CARQGYSSGGVDSW,11.2,9.75,4
GCAAACTTCATGTCCC_d06_w132,3,public,IGHV1-18,IGHA2,CARDSFNRGIFDIW,10.0,25.64,11
CTAAGACCAGATCGGA_d07_w147,3,public,IGHV1-18,IGHA2,CARADGWSFDYW,8.0,12.67,3
TCAGCAATCACAACGT_d09_w105,3,public,IGHV7-4-1,IGHM,CARARDCSGGNCYSDYW,13.0,17.33,3
ATAAGAGCATAAAGGT_d08_w105,3,public,IGHV3-30,IGHM,CAKERGEGYNLESYFDYW,11.5,9.5,4
TCTTTCCTCGGACAAG_d06_w109,3,public,IGHV4-39,IGHG2,CARHGRGSGYDYLWFDPW,14.0,16.0,4
GTTAAGCGTAAGTGGC_d04_w185,3,public,IGHV3-74,IGHM,CAKGAGYSSNWADYW,10.7,17.67,3
AACTCTTTCTCGGACG_d05_w137,3,public,IGHV4-59,IGHA2,CARERGSGWPNYYGLDVW,12.0,26.0,3
CCCAATCAGGCTAGAC_d10_w99,3,public,IGHV3-23,IGHA2,CAKGEYSSGWYKYAAFDIW,13.0,12.75,4
GTGTTAGTCCTCATTA_d07_w153,3,public,IGHV3-48,IGHM,CARGPFGDGRDYW,11.3,10.67,3
GAAACTCGTGCAACTT_d09_w104,3,public,IGHV5-51,IGHM,CVRSDGTGYFDYW,10.1,9.71,7
TCGTACCGTAAACGCG_d05_w104,3,public,IGHV3-74,IGHM,CTRGRYYGMDVW,13.0,9.25,4
ACTTTCACATGTCGAT_d11_w144,3,public,IGHV4-31,IGHM,CARDYTGGYGWFDPW,8.8,11.25,4
TGGCCAGTCCACGAAT_d11_w132,3,public,IGHV5-51,IGHM,CARGRYCSSGYCYFDYW,11.8,15.5,4
AAGACCTTCTTCATGT_d04_w159,3,public,IGHV1-18,IGHA2,CARDTLRFLQWWEGLSDYW,13.3,18.67,3
AAACGGGTCCGGGTGT_d06_w145,3,public,IGHV1-18,IGHM,CARPRHGAQYYGMDVW,14.0,17.33,3
GGACATTCAACTGCTA_d09_w122,3,public,IGHV3-33,IGHM,CARPSTSSSNYYYGMDVW,13.7,11.0,6
CCCAATCTCGCAGGCT_d02_w97,3,public,IGHV3-53,IGHM,CARGRGSSYFCYGMDVW,11.1,14.75,8
AAACCTGAGTATGACA_d02_w160,3,public,IGHV3-7,IGHM,CARDPAWGAIDHW,9.0,24.5,6
CGTCAGGTCTGCAAGT_d07_w124,3,public,IGHV3-23,IGHM,CAKVTGSVDPFDYW,11.3,14.17,12
AGATTGCAGGCCCGTT_d09_w131,3,public,IGHV3-53,IGHM,CARDFKGNGGYDYFDSW,10.3,16.0,3
CGTAGCGAGACAGACC_d04_w180,3,public,IGHV3-23,IGHM,CAKVYGSSYYYFDYW,11.5,14.0,4
ACCTTTAAGCCGGTAA_d04_w133,3,public,IGHV3-74,IGHA2,CTRDSYYNSRYYGMDVW,13.0,18.0,3
AAAGCAATCTGACCTC_d03_w133,3,public,IGHV3-30,IGHA2,CARDGIYHGSGSYLDYW,10.0,17.67,3
ACGGCCATCCACTCCA_d04_w145,3,public,IGHV3-23,IGHA2,CAKDWTISGINFFDYW,12.0,27.38,8
ACTGTCCTCCTTGACC_d02_w132,3,public,IGHV3-74,IGHM,CGRGGVPAAVDYW,8.0,15.67,6
AGAGCTTAGTACGACG_d07_w184,3,public,IGHV5-51,IGHM,CARHNYDSNGYYYLDYW,10.8,11.75,4
CAAGTTGCAATGAAAC_d06_w133,3,public,IGHV3-23,IGHM,CAKDSGQVPGSGGWYGRYYYTMDVW,15.4,22.4,5
AGTGAGGTCTACCAGA_d08_w143,3,public,IGHV3-33,IGHM,CTRDRGGYYYDSSSLEDAFDIW,14.7,10.33,3
ACGCCGAAGGCCCGTT_d07_w184,3,public,IGHV3-23,IGHM,CAQRTYAYGMDVW,10.4,17.8,5
TACAGTGGTCCGAGTC_d11_w135,3,public,IGHV3-74,IGHG2,CARDFFKYSASSADFW,9.3,19.0,3
CTCGAGGAGCCTTGAT_d04_w153,3,public,IGHV3-30,IGHG2,CARVPVPIPFYDSSGYYYLDYW,17.0,19.0,4
GTGCTTCTCTGCCCTA_d04_w135,3,public,IGHV5-51,IGHG2,CARTDGAGDTTYRYGMDVW,13.8,29.0,4
GGCAATTTCTAGAGTC_d06_w181,3,public,IGHV1-3,IGHM,CARDWMTSGFDYW,11.0,14.0,3
GAAACTCGTATGAAAC_d04_w104,3,public,IGHV3-7,IGHM,CARGSAMTDYW,8.3,10.67,3
CTCATTACAACACGCC_d04_w171,3,public,IGHV4-31,IGHA2,CARTVTNGWFDPW,12.0,20.75,4
GACAGAGTCACTGGGC_d02_w155,3,public,IGHV3-74,IGHG2,CARDRDDPMGSYHPLFDNW,15.0,19.57,7
ACATGGTCAATACGCT_d02_w147,3,public,IGHV5-51,IGHM,CARHPNGYSNPFDYW,7.8,9.4,5
GATGAGGCATTGGCGC_d11_w144,3,public,IGHV1-46,IGHA2,CARGTITSGYYYYGIDVW,14.2,19.0,4
TCAATCTAGCCACTAT_d07_w170,3,public,IGHV1-3,IGHG2,CARGYSYFNWFDPW,11.3,16.0,3
GTATTCTCAGATCTGT_d02_w107,3,public,IGHV3-74,IGHA2,CIRDSYTNDLYYGMDVW,14.5,17.75,4
TGTGTTTTCGGGAGTA_d07_w161,3,public,IGHV5-51,IGHA2,CARLPSGMDFYNYGMDVW,15.0,11.67,3
ACGGCCATCACATACG_d07_w130,3,public,IGHV3-74,IGHM,CARDPMALPYGMDVW,8.8,10.75,4
GGCGTGTGTCCGAGTC_d09_w117,3,public,IGHV2-70,IGHG2,CARTMVDTGTDFDYW,11.5,21.5,4
GACGCGTAGATCCCGC_d09_w136,3,public,IGHV1-3,IGHM,CARVIAARSGASRSALAPFDYW,12.0,9.33,3
CGGACGTAGACGCACA_d04_w99,3,public,IGHV3-74,IGHM,CARVLGTTGYGYW,10.5,12.5,4
GTACTTTAGTCCGGTC_d02_w132,3,public,IGHV1-46,IGHA2,CARASGLGKFDYW,9.5,17.5,4
TACTTGTCAATAGCGG_d11_w170,3,public,IGHV3-48,IGHM,CARDLGGSGHYW,9.0,18.0,4
ACCCACTAGACAGAGA_d10_w136,3,public,IGHV3-7,IGHM,CAKGFYYFDYW,9.2,11.17,6
GTCTTCGAGTTATCGC_d03_w146,3,public,IGHV3-74,IGHM,CARDLRSGYGEHLFDYW,10.0,12.0,3
TGACGGCGTTCCATGA_d02_w188,3,public,IGHV3-33,IGHM,CARDMSSRHFDYW,10.0,14.75,8
TGACTTTTCTAGAGTC_d05_w144,3,public,IGHV1-18,IGHM,CARGKRHMSSSGWYWFDPW,12.0,9.25,8
AACTTTCAGATGCCAG_d04_w156,3,public,IGHV3-74,IGHM,CVRGLGVDALGRVFDYW,11.6,13.2,5
CAAGATCCACCATGTA_d02_w152,3,public,IGHV1-18,IGHG2,CARGMGHYYDNSGREFDYW,12.3,10.67,3
TGACTAGTCAACCATG_d11_w131,3,public,IGHV3-23,IGHM,CAKSVSGEYWYLDLW,11.3,14.0,3
CCGTTCACATCCGGGT_d07_w105,3,public,IGHV5-51,IGHM,CARRVGGEGYPLRFDYW,11.2,13.5,4
GAAACTCCACGTCAGC_d03_w139,3,public,IGHV3-74,IGHM,CARDDSRSEGGFDYW,10.4,15.8,5
CGGACGTCATCTGGTA_d07_w109,3,public,IGHV1-3,IGHA2,CARQVTGIVNWFDPW,14.2,12.25,4
TGCCCATAGGTGCTTT_d01_w106,3,public,IGHV3-23,IGHM,CARDRTYWYFDVW,9.0,18.56,27
TACGGGCGTGTAACGG_d07_w154,3,public,IGHV6-1,IGHM,CARGTTNGLYW,6.8,14.0,4
CATGACACAAGTCTAC_d04_w98,3,public,IGHV3-74,IGHM,CARYSSSWHAIDYW,10.0,4.5,6
TTCTCAATCCGCGTTT_d07_w109,3,public,IGHV3-23,IGHM,CAKGWFGGPPYFDYW,12.7,10.33,3
GGGCATCAGTGTGGCA_d06_w157,3,public,IGHV3-30,IGHM,CAKGYSDNYFDYW,10.7,8.33,3
TTAGGCAGTTGGTTTG_d06_w97,3,public,IGHV1-18,IGHA2,CARWVAGHFDYW,9.3,18.67,3
CATATGGGTCGCGTGT_d08_w144,3,public,IGHV3-9,IGHM,CAKGHYYGGYDRSADYW,8.7,6.33,3
TCAGCAATCAGTTTGG_d06_w157,3,public,IGHV3-23,IGHM,CAKDGVGVVSDYW,10.0,11.67,3
CGTTCTGGTACCAGTT_d07_w126,3,public,IGHV3-7,IGHG2,CARDSQGFRTYSSDYW,9.7,19.67,3
GAACATCAGACGCACA_d10_w113,3,public,IGHV3-23,IGHG2,CAKIAGFSSGPFDYW,12.5,20.5,4
CTTACCGTCTGGCGTG_d04_w141,3,public,IGHV4-4,IGHM,CARAYYYYMDVW,9.3,37.33,3
CTCACACTCTGCTTGC_d05_w152,3,public,IGHV5-51,IGHM,CARGGNGDYFYMDVW,9.7,18.0,3
GACGTTATCAGCTCGG_d03_w100,3,public,IGHV5-51,IGHA2,CARPSYGLRPFDSW,11.7,10.33,3
AGGGAGTGTGCAACTT_d11_w191,3,public,IGHV4-31,IGHG4,CARDVSGGYYWFDPW,9.0,25.33,3
GCTCTGTAGCTACCTA_d02_w164,3,public,IGHV3-23,IGHM,CARRVDSTRTFDYW,10.3,21.33,3
AGGTCCGGTAAGCACG_d03_w112,3,public,IGHV4-39,IGHM,CARDSSIGSGNYFGVIDYW,11.7,16.67,3
GCAATCACAGGAACGT_d06_w144,3,public,IGHV3-7,IGHM,CARDSGSGLRAFDIW,12.0,7.67,3
AAAGATGTCATAGCAC_d02_w121,3,public,IGHV3-48,IGHM,CARDGGLGGYDYLDYW,10.3,15.0,3
AGATCTGAGTGCTGCC_d03_w129,3,public,IGHV3-7,IGHM,CARGMTGYSSSWYDYW,10.0,18.33,3
AAACCTGCACTTGGAT_d08_w140,3,public,IGHV3-7,IGHM,CARDPVRGDGFNFDYW,9.3,17.0,3
TACGGTACACACGCTG_d07_w139,3,public,IGHV3-74,IGHM,CSRDRGHAFDIW,8.4,17.88,8
AAGACCTCACCCATTC_d11_w161,3,public,IGHV3-7,IGHM,CARDPDAVVPGPEFDYW,10.7,12.0,3
AGCCTAATCTGGTGTA_d03_w148,3,public,IGHV5-51,IGHM,CARRGGSSGWYNFDYW,10.0,8.0,3
ATCATGGGTCGTTGTA_d03_w147,3,public,IGHV5-51,IGHM,CARFSDWNYAYYFDYW,9.7,7.0,3
ATGGGAGTCATTGCGA_d09_w150,3,public,IGHV3-23,IGHM,CAKEYYYDSTGYPFDYW,9.3,9.33,3
ACGGGTCGTAGTGAAT_d02_w128,3,public,IGHV3-74,IGHM,CTRGDPDKYGFFDYW,9.4,17.4,5
TCAGGTAAGTAGGCCA_d09_w120,3,public,IGHV2-5,IGHM,CAHRRTDTQFDYW,10.0,13.17,6
CGAATGTCACGAAATA_d05_w98,3,public,IGHV3-23,IGHM,CAKGGGSYSFDPW,9.5,14.38,8
CGGAGTCCACTTCGAA_d07_w121,3,public,IGHV3-74,IGHM,CVRDHYGVDYW,7.4,17.6,5
TCTTCGGTCTTAACCT_d07_w136,3,public,IGHV3-7,IGHM,CARDGWPFDFW,8.6,10.6,5
CATCGGGAGTGGGTTG_d07_w99,3,public,IGHV5-51,IGHM,CARYVAAQYFDYW,11.5,4.25,4
TGCCAAACAGGAACGT_d07_w112,3,public,IGHV3-48,IGHA2,CARGVGLDSW,8.2,18.0,4
CGAGAAGGTGAGGGTT_d04_w185,3,public,IGHV5-51,IGHM,CARHRSDDNSGYYYDAFDIW,13.3,13.0,3
AGGTCATAGGCATTGG_d06_w121,3,public,IGHV4-31,IGHM,CARDRGGFYYYGMDVW,10.8,8.0,4
ACACCGGTCACCACCT_d07_w126,3,public,IGHV3-74,IGHG2,CARDDYGGNSAFGYW,9.3,10.67,3
GTTACAGCACATCCAA_d07_w146,3,public,IGHV3-13,IGHM,CAREAVSSNWNDWYFDLW,14.0,19.33,3
TACGGATAGTCAAGGC_d05_w143,3,public,IGHV3-74,IGHM,CARDDQFDSW,7.3,18.17,6
TCTGAGAAGCTGGAAC_d04_w184,3,public,IGHV1-18,IGHM,CARDDFSRGYYPGTFDYW,12.8,10.5,4
GGGATGAGTCCCGACA_d08_w107,3,public,IGHV3-23,IGHM,CAKDSRSATTSYW,9.2,15.5,4
ACACTGAGTCATGCAT_d10_w170,3,public,IGHV3-23,IGHM,CAKGGQSAGYCSSTSCYGHDYW,18.0,10.67,3
ATCCGAAGTAACGCGA_d04_w122,3,public,IGHV1-18,IGHA2,CARGGRKYAYNYHFDYW,12.0,18.25,4
ACGAGCCAGTATCTCG_d02_w147,3,public,IGHV5-51,IGHM,CARHMKPGGSYYFGMDVW,13.2,12.0,5
GTCTCGTAGTGGTAGC_d07_w97,3,public,IGHV1-46,IGHA2,CARLSYYFDYW,8.0,9.33,3
CTCGTACTCGAACGGA_d02_w107,3,public,IGHV3-53,IGHM,CVRDGGSGSSYNGYTYYGMDVW,13.5,16.5,4
TACGGGCCAAATCCGT_d05_w167,3,public,IGHV1-2,IGHM,CARGDPAMATIFTGDYW,11.8,10.36,11
GTCGGGTTCAGCATGT_d05_w169,3,public,IGHV3-23,IGHM,CAKNNYYDSSAYLASDIW,15.3,8.33,3
TGAGAGGCATGGAATA_d05_w116,3,public,IGHV2-5,IGHM,CAHRSTDTSVDYW,9.0,14.24,21
TCATTACGTGGAAAGA_d09_w120,3,public,IGHV3-21,IGHM,CARGSSGYYYGMDVW,13.0,12.0,4
CACACAAGTGATAAGT_d07_w161,3,public,IGHV1-46,IGHM,CARERTGSGTVDYW,10.7,20.67,3
CAGAGAGAGGTAAACT_d07_w148,3,public,IGHV5-51,IGHM,CARQDRDYSFFDYW,7.7,13.0,3
CTTACCGCATGGGAAC_d03_w143,3,public,IGHV2-5,IGHM,CAHSFDYGDYFDYW,11.2,9.25,4
CTTACCGGTTGTTTGG_d02_w131,3,public,IGHV5-51,IGHM,CARRRSGWYGFDFW,10.7,15.0,3
TGGGAAGCAGGTCTCG_d05_w115,3,public,IGHV1-8,IGHM,CARGTRTFDPW,10.8,14.75,4
TGAGAGGTCTTGCCGT_d06_w181,3,public,IGHV5-51,IGHM,CARRDSWDHQYYFDYW,11.5,4.75,4
TTGACTTAGGCCGAAT_d07_w102,3,public,IGHV3-74,IGHG2,CARGGVWGSPSDYW,11.3,16.33,3
ATGGGAGGTTCCACGG_d07_w180,3,public,IGHV5-51,IGHM,CARLYGGHFDYW,9.2,8.25,4
AGACGTTAGACTCGGA_d04_w99,3,public,IGHV4-34,IGHA2,CARGEDRLQLLYYYW,10.5,7.5,8
AAAGATGAGGCAATTA_d05_w176,3,public,IGHV3-7,IGHM,CARIGYSSSSFDYW,10.0,15.5,4
GCGAGAATCCTTCAAT_d05_w120,3,public,IGHV1-3,IGHM,CARGILVVVMDVW,10.0,19.0,3
TAAGAGAAGCAGATCG_d02_w128,3,public,IGHV3-33,IGHM,CVRDRDGSSLDYW,9.6,15.8,5
GATGAGGAGAGGTTAT_d09_w143,3,public,IGHV3-23,IGHM,CAKGGGAQSFDYW,11.8,16.25,4
ATTATCCGTGCAGACA_d02_w191,3,public,IGHV5-51,IGHG2,CARRMGNGFGPYYFDYW,11.0,22.0,3
CGACTTCAGTACATGA_d02_w141,3,public,IGHV1-3,IGHA2,CARDVCSGGRCYLASFDYW,11.7,22.0,3
CCTAGCTTCGCCAGCA_d07_w121,3,public,IGHV3-74,IGHA2,CVRDRGRPDAFDIW,10.0,18.25,4
CACAGGCTCTGGGCCA_d02_w187,3,public,IGHV3-74,IGHM,CARVQYSGSYLIDYW,12.3,14.33,3
GTCGTAAGTGTATGGG_d02_w174,3,public,IGHV5-51,IGHM,CARSYSSGWNSIDYW,10.7,19.17,6
TTTACTGGTTGATTCG_d05_w128,3,public,IGHV5-51,IGHM,CARLFCGNTDCRTGSSYYFDLW,18.4,16.6,5
AGTAGTCGTCGCTTCT_d06_w97,3,public,IGHV3-74,IGHM,CSRLGSSGWYIDYW,10.3,11.33,3
TGCACCTAGAAGGCCT_d02_w107,3,public,IGHV1-8,,CARGDYW,5.3,18.0,3
TGATTTCTCATTGCGA_d04_w109,3,public,IGHV4-39,IGHA2,CARHDSRGWSRNYFDPW,12.4,32.0,5
CTAGCCTAGAAAGTGG_d10_w109,3,public,IGHV3-48,IGHM,CARRFLEEKYW,7.7,10.33,3
AAACGGGAGCCACCTG_d07_w130,3,public,IGHV4-39,IGHM,CARHPYGLGRNWFDPW,10.6,18.6,5
AAACGGGGTAAATGAC_d09_w168,3,public,IGHV3-74,IGHG2,CARWGGRYSSADAFDIW,10.2,22.25,4
ACTGCTCCAAACTGTC_d07_w135,3,public,IGHV3-23,IGHM,CAKGRIDSSGYYSPFDYW,12.3,6.33,3
AAGACCTAGCGTCTAT_d10_w155,3,public,IGHV4-31,IGHA2,CARSACGGDCSVGGWFDPW,11.0,17.0,3
CCTTCCCTCGCTAGCG_d04_w104,3,public,IGHV3-23,IGHA2,CAKGGGGGSNWNFDYW,11.7,16.67,3
TACTCGCCAGTATCTG_d05_w99,3,public,IGHV3-23,IGHM,CAKEGGLADIQGGDYW,11.2,13.67,6
AACGTTGAGTACGCGA_d09_w171,3,public,IGHV3-23,IGHM,CAKRADCSGGSCYSWDPYYFDYW,12.0,11.67,3
ATTGGACTCTCCAACC_d09_w176,3,public,IGHV1-2,IGHG2,CARDNYYVSSGYYYFDYW,11.3,8.33,3
GCAATCAAGCTGCAAG_d07_w126,3,public,IGHV1-46,IGHA2,CARDWQEGSYNWFDPW,13.3,1.0,3
GCATACACATGCAATC_d04_w189,3,public,IGHV1-3,IGHA2,CARGSSGTYDSW,8.7,19.33,3
CTGGTCTCAGTTAACC_d02_w191,3,public,IGHV5-51,IGHG2,CARHGYGDTNWFDPW,11.7,9.0,6
CCAGCGAAGTCGCCGT_d03_w139,3,public,IGHV3-74,IGHM,CARGGYTYGSPTGDYW,11.0,12.5,4
CCCATACAGCGTAGTG_d04_w136,3,public,IGHV1-18,IGHA2,CAREVTVVGFDYW,8.0,16.67,3
TGGTTAGAGGAGTCTG_d04_w154,3,public,IGHV5-51,IGHA2,CARHNFYGSGSYSDYW,14.0,7.0,3
TCAACGAGTCCGTCAG_d06_w157,3,public,IGHV3-9,IGHM,CAKGYGSGWYYYGMDVW,12.3,9.0,3
ACCAGTACAGGTTTCA_d04_w113,3,public,IGHV3-74,IGHM,CARGGFVGNSQYCFDSW,11.7,9.0,3
TCGGGACTCCCAGGTG_d02_w184,3,public,IGHV3-74,IGHM,CARSGGWTDYW,9.0,10.33,3
AAGGAGCAGGTAAACT_d04_w165,3,public,IGHV3-23,IGHM,CAKKSGYCTSSDCRDYYFDYW,15.3,19.67,3
TATCAGGTCATCTGCC_d04_w155,3,public,IGHV3-53,IGHM,CARDSTAVTGADYW,9.7,7.67,3
ACTGCTCGTATGAATG_d02_w185,3,public,IGHV3-74,IGHM,CARGYSGSYRIDYW,9.8,5.4,5
GTATTCTTCGTTACGA_d02_w155,3,public,IGHV3-7,IGHM,CARDGVASGVYFDYW,11.0,12.75,4
CTGCTGTGTCTGCAAT_d04_w99,3,public,IGHV3-33,IGHM,CARDGGYGDYPAYYFDYW,13.7,6.67,3
GGGACCTAGATGCCTT_d09_w132,3,public,IGHV1-18,IGHG2,CARDYRGYLDYW,9.3,18.0,3
AAGCCGCCAGTCAGCC_d07_w135,3,public,IGHV5-51,IGHM,CARRPKVGATWADAFDIW,12.3,9.17,6
CGGGTCATCTTATCTG_d03_w131,3,public,IGHV5-51,IGHM,CARGEYQLLAFDIW,10.7,3.0,3
ATCGAGTGTGCCTGGT_d07_w143,3,public,IGHV3-74,IGHA2,CVRDFVGANAFDIW,9.5,24.5,4
CATATTCGTGGGTATG_d05_w187,3,public,IGHV3-23,IGHM,CAKDLDVRRQLVPFDYW,11.0,7.33,3
AATCGGTCAGTATGCT_d09_w129,3,public,IGHV3-48,IGHM,CARDVGKWLDPDYYYYGMDVW,14.3,17.67,3
ATGCGATTCCGAATGT_d07_w148,3,public,IGHV3-23,IGHM,CAKASQGYDSGTGRGYGMDVW,10.3,20.0,3
GTCTCGTGTCGCGAAA_d02_w121,3,public,IGHV3-7,IGHM,CARDNDYASDYW,9.7,8.0,3
AAACGGGGTGATAAAC_d07_w132,3,public,IGHV4-39,IGHM,CARHRRVLDSSGWYSDYW,12.0,7.8,5
TCTCATAGTGTGCCTG_d02_w137,3,public,IGHV3-7,IGHM,CARGDVRYSNNRDHYYGLDVW,11.7,18.17,6
TGGACGCTCGCATGAT_d03_w98,3,public,IGHV3-7,IGHM,CARYGGAYFDYW,8.7,10.67,3
GCGACCAGTTTAAGCC_d06_w133,3,public,IGHV1-18,IGHA2,CARDGGRSGDYDSW,10.0,27.33,3
CCATGTCCAACTTGAC_d07_w174,3,public,IGHV3-7,IGHM,CARDGNW,4.0,14.33,3
CGAGAAGAGGGATACC_d07_w129,3,public,IGHV3-48,IGHM,CVRDREVAGTAFDIW,10.2,14.25,4
CGTCAGGTCCACTGGG_d07_w135,3,public,IGHV3-48,IGHM,CARQAVASCGGDCYSDYW,12.3,11.33,3
AACTCCCGTTGCGTTA_d04_w107,3,public,IGHV3-23,IGHM,CAKEGYNYWYFDLW,11.5,19.25,4
AGAGTGGGTTAAGTAG_d07_w177,3,public,IGHV3-48,IGHM,CARESGYDSFDYW,10.0,8.33,3
CCACCTAAGCCGGTAA_d02_w131,3,public,IGHV1-3,IGHM,CARDDGSSWLLDYW,8.6,16.9,10
AAATGCCTCTAACCGA_d02_w97,3,public,IGHV3-7,IGHM,CARDHLIVGATGTLDSW,10.7,14.67,3
TGGCGCAGTGCCTGTG_d06_w181,3,public,IGHV3-23,IGHG2,CAKGTRPANPLGYFDYW,14.0,12.33,3
TGACGGCTCTCAACTT_d04_w177,3,public,IGHV3-33,IGHM,CARDGGLLDLDYW,11.2,20.75,4
GTACGTAGTATGCTTG_d04_w99,3,public,IGHV3-48,IGHM,CARNSRGYDMDVW,12.9,15.89,9
TGCGCAGCACCGTTGG_d08_w171,3,public,IGHV3-23,IGHM,CAKLGVGTTCFDYW,12.7,16.0,3
CATATTCGTGCAACGA_d03_w129,3,public,IGHV3-48,IGHG2,CARDRWWASHIW,8.8,18.5,4
TGACAACGTATCAGTC_d04_w113,3,public,IGHV3-7,IGKC,CARGLRPDYW,7.3,6.33,3
TTGGAACAGGCCGAAT_d07_w178,3,public,IGHV5-51,IGHM,CARPGTSYAFDIW,9.0,11.03,35
ACTGATGCACGCGAAA_d09_w129,3,public,IGHV3-15,IGHM,CTTAGYDFWSGYYYFHYW,14.8,14.4,5
GGCAATTCAGCCAGAA_d03_w128,3,public,IGHV3-23,IGHM,CAKDRGGYYYYYGMDVW,13.4,8.8,5
CTCTAATGTACGACCC_d02_w139,3,public,IGHV3-23,IGHM,CAKDALRYSGWYYFDYW,12.7,10.83,6
AGAGCTTCATTCTCAT_d06_w121,3,public,IGHV3-74,IGHM,CARDAPYVGATVDYW,9.3,11.0,3
ATCACGAGTACCGAGA_d06_w174,3,public,IGHV1-18,IGHA2,CARTVETLYYLDYW,11.3,15.0,3
GTCTTCGTCTCTAAGG_d11_w163,3,public,IGHV5-51,IGHM,CARRSYYDRSGSDYW,11.4,15.0,5
AGGGAGTCATGGTCAT_d11_w160,3,public,IGHV3-74,IGHA2,CARDGDRSGSADYW,9.0,26.67,3
ACTGCTCCACTTCGAA_d09_w123,3,public,IGHV3-21,IGHM,CARGSERIGYPIDYW,8.3,12.67,3
ATTGGTGTCCACGACG_d07_w137,3,public,IGHV3-48,IGHM,CARSGWIQPLFFDYW,9.3,18.67,3
TCGGTAAAGGGAAACA_d05_w105,3,public,IGHV3-74,IGHM,CARAWYSGSYTSFDYW,10.5,8.25,4
TGGACGCTCTGGTTCC_d06_w109,3,public,IGHV4-39,IGHM,CARLSGYDGDSFDYW,11.3,8.43,7
TCAACGATCCATGAAC_d02_w169,3,public,IGHV1-3,IGHM,CARDHHWGGDYW,8.2,17.25,4
GGGATGAGTTCCATGA_d09_w137,3,public,IGHV5-51,IGHM,CARRVVGATTHAFDIW,12.0,8.5,6
CTACATTGTGTCTGAT_d11_w172,3,public,IGHV3-15,IGHA2,CTTGTKGVDLRHTFDYW,11.0,27.5,4
AACGTTGTCGCCGTGA_d02_w177,3,public,IGHV3-48,IGHA2,CARDPDWALRYFDYW,8.6,16.2,5
AGACGTTCAAGAAGAG_d07_w102,3,public,IGHV3-23,IGHM,CAKGYKDNYSTGWNDAFDIW,13.7,14.33,3
TCTGAGAAGCTGGAAC_d04_w128,3,public,IGHV1-18,IGHA2,CARGDRGWYDFKYW,11.3,17.67,3
TTAGGACGTCTGCGGT_d05_w143,3,public,IGHV5-51,IGHM,CARQLTAGHFDYW,10.0,7.5,4
CACAGTAAGCCCGAAA_d05_w102,3,public,IGHV3-23,IGHM,CAKDRVPDSGYNFDYW,11.9,16.24,41
GCCTCTAAGGTGCTAG_d07_w97,3,public,IGHV3-48,IGHM,CARDRGPPLYYYYGMDVW,13.0,11.0,6
AGAGCTTTCTGACCTC_d07_w159,3,public,IGHV5-51,IGHM,CARAPGRSGRYDGWYFDLW,14.4,10.4,5
CGGACACAGCTGGAAC_d07_w160,3,public,IGHV3-48,IGHM,CARMGSDAFDIW,8.2,11.0,5
ATCATCTGTGTGACCC_d02_w181,3,public,IGHV1-2,IGHM,CAREGRGYSYGYVFDYW,10.0,12.0,4
TGAGCATCACATCCGG_d07_w109,3,public,IGHV1-46,IGHM,CARAIGGDCYDYW,12.8,20.0,5
TGCCAAATCGCCGTGA_d03_w144,3,public,IGHV1-18,IGHM,CARDSDPYYFDYW,9.7,12.33,3
TAGGCATTCTGTGCAA_d04_w174,3,public,IGHV3-23,IGHM,CAKGHGDWGGNYFDYW,12.5,14.5,4
CGCGGTATCAAACGGG_d03_w106,3,public,IGHV3-23,IGHM,CAKAPDYGGKYYYYGMDVW,14.7,13.67,3
GCATGATCAGGGTTAG_d09_w120,3,public,IGHV1-2,IGHM,CARDGYIGGAFDIW,8.8,9.0,4
TTGCCGTAGCGAAGGG_d07_w107,3,public,IGHV3-53,IGHM,CAREGYDSSGRGYFDYW,15.0,9.0,3
CGATCGGGTGCCTGGT_d05_w179,3,public,IGHV1-46,IGHM,CARELRNGYNFDYW,10.0,13.33,3
TGTTCCGGTTCGGGCT_d02_w147,3,public,IGHV1-18,IGHA2,CARDGETGYQYYYYGMDVW,17.0,12.67,3
ACTTTCATCCTTGACC_d02_w126,3,public,IGHV1-18,IGHM,CARGPWRARDDYW,11.1,10.86,7
CGGAGTCAGGCTAGGT_d11_w141,3,public,IGHV1-46,IGHG2,CARGVYGGNFDYW,9.8,10.0,5
CTCGTACGTTTGGCGC_d09_w171,3,public,IGHV3-23,IGHM,CAKAAGAGLPYDYW,10.4,10.4,5
CGTAGGCTCGCGATCG_d02_w178,3,public,IGHV3-15,IGHM,CTTDPGDYPDYW,8.0,24.67,3
AATCGGTCACATTCGA_d09_w123,3,public,IGHV5-51,IGHM,CARHPLIRLPRYYYYGMDVW,11.2,8.25,4
CGTCACTCACAGTCGC_d04_w172,3,public,IGHV1-18,IGHG2,CARDHNDYGSRSYYVVDYW,13.3,22.0,3
AAGCCGCAGGCCCTCA_d04_w98,3,public,IGHV3-21,IGHM,CARDPSDRDSSDSPIDYW,13.0,15.4,5
CCTTACGAGCAGGCTA_d03_w100,3,public,IGHV3-74,IGHM,CARDGGSGSLGAFDIW,12.0,10.8,5
ACTGATGGTACAGACG_d02_w112,3,public,IGHV3-53,,CARLVGRPGSNYGLYYFDYW,12.3,15.67,3
AAAGTAGAGATAGCAT_d11_w155,3,public,IGHV3-21,IGHM,CAREKYSSPSVPLDYW,10.3,15.0,3
GCGCGATAGCCAGTAG_d04_w97,3,public,IGHV5-51,IGHM,CARLGTVGQWLAWRPGDYW,14.2,8.0,6
AGAGCGACACCTCGGA_d04_w100,3,public,IGHV3-23,IGHM,CAKDVLRWAFDFW,9.0,19.08,13
TCGGTAAAGTGGTCCC_d07_w115,3,public,IGHV3-23,IGHM,CSQWFHVDYW,8.0,19.67,3
TCAACGAGTCTTCGTC_d07_w106,3,public,IGHV5-51,IGHM,CARKVGLLTAFDIW,11.0,8.38,8
AGGGATGGTATGCTTG_d09_w179,3,public,IGHV4-39,IGHM,CARHGDHYDSSGYYTWFDPW,13.0,12.5,4
TTTGGTTCACAGCGTC_d06_w104,3,public,IGHV6-1,IGHM,CARYGSIWYLDSW,9.0,11.75,4
CAGCGACTCCTAGAAC_d05_w100,3,public,IGHV3-48,IGHM,CARGGSSGYLLNAFDIW,15.7,15.67,3
TTGTAGGCAATCCGAT_d02_w135,3,public,IGHV1-8,IGHM,CARMNYDDSRSVNWFDPW,13.7,10.0,3
GTGCAGCTCTGTGCAA_d07_w106,3,public,IGHV5-51,IGHM,CARIPRDYSSDWSYFDYW,11.3,16.67,3
GAACATCAGGATTCGG_d04_w100,3,public,IGHV3-74,IGHM,CARDAIVEGRGLDYW,10.0,12.67,3
CTCCTAGCACATGACT_d07_w164,3,public,IGHV3-23,IGHM,CVKLYSSGWYNSWHYYYGMDVW,14.3,12.0,3
GTGCAGCGTTCACCTC_d06_w97,3,public,IGHV3-7,IGHA2,CARDLLGWGGYW,7.6,10.8,5
TCGGGACGTCGGATCC_d11_w160,3,public,IGHV5-51,IGHM,CARRQHLTEDFDYW,11.4,10.8,5
CCTCTGATCGTCACGG_d05_w111,3,public,IGHV5-51,IGHM,CARLGYYDSSGANYFDYW,13.8,10.0,4
ACATACGAGTACGCGA_d11_w124,3,public,IGHV1-18,IGHM,CGRDPGGARGDYW,12.0,18.67,3
ACCCACTTCTTGGGTA_d07_w106,3,public,IGHV3-7,IGHM,CARVRGSGRLYYYFDYW,10.3,9.33,3
GGACAAGTCCGTAGTA_d03_w129,3,public,IGHV1-18,IGHM,CAREYQYYYYMDVW,10.0,14.83,6
TACACGACATGTCCTC_d07_w102,3,public,IGHV1-2,IGHM,CARSGGGTYVNYW,10.8,13.83,6
TTGCCGTGTATCACCA_d09_w183,3,public,IGHV3-74,IGHM,CARGGDFHAFDIW,9.0,17.0,4
TACTTGTGTAATTGGA_d06_w181,3,public,IGHV3-23,IGHM,CAKDRSGSSRAGDYW,11.5,12.75,4
TCAGGTATCTTGGGTA_d04_w99,3,public,IGHV1-18,IGHM,CARDDFSYGIYPGTFDYW,13.3,17.0,7
GGGCACTGTGTAACGG_d03_w115,3,public,IGHV1-2,IGHA2,CARALTTAGEGDYW,10.3,9.67,3
TTGCCGTGTGTGACCC_d08_w176,3,public,IGHV3-21,IGHM,CARGSFNNFDYW,9.5,18.75,4
TAGTGGTCATGATCCA_d02_w143,3,public,IGHV4-59,IGHM,CARGSATYFDYW,10.0,17.5,4
TCATTACAGGCAGGTT_d07_w104,3,public,IGHV1-8,IGHA2,CTRGDHW,7.2,15.55,11
AGCCTAAAGAGCTATA_d09_w187,3,public,IGHV1-18,IGHA2,CARDKVTINYYGSGSFDYW,11.0,22.5,4
GTGCAGCCAAAGGAAG_d04_w185,3,public,IGHV3-74,IGHM,CARVDHW,10.5,18.25,4
TCAATCTTCTGTCAAG_d04_w100,3,public,IGHV3-7,IGHM,CAREGTYIPYCVDVW,10.8,17.25,8
GAAACTCCAAGTAGTA_d07_w98,3,public,IGHV1-69,IGHM,CARARLSDYDYYGMDVW,15.6,14.71,7
TTGCCGTAGGTAGCTG_d04_w102,3,public,IGHV3-23,IGHM,CAKDSFSRNGLYDAFDIW,16.0,15.67,3
TACCTATCATGCTAGT_d02_w161,3,public,IGHV3-48,IGHM,CAREGYYRIPDYW,9.0,8.67,3
GCGCAGTCAAGCGATG_d03_w132,3,public,IGHV3-74,IGHM,CARRGLDAFDIW,9.3,9.33,3
ACTTACTTCTTACCGC_d09_w147,3,public,IGHV3-7,IGHM,CARDLRGSGSFDYW,9.3,13.33,3
TATTACCAGGACAGAA_d05_w111,3,public,IGHV3-74,IGHM,CVRELFGQRGFW,7.0,16.8,5
GAGTCCGTCTGGGCCA_d05_w97,3,public,IGHV3-74,IGHG2,CAREGSGSWIDFW,9.7,19.17,6
GGAGCAACAGATCTGT_d03_w121,3,public,IGHV1-18,IGHA2,CARIAEQHLDYYFDYW,10.4,17.6,5
GAACATCTCCGCATCT_d02_w123,3,public,IGHV4-59,IGHM,CARGGVFFDYW,8.3,12.67,3
TAAGAGAAGGCAAAGA_d11_w154,3,public,IGHV3-30,IGHG2,CARDDFFDYW,8.3,15.67,3
TTTACTGCATGCTGGC_d07_w123,3,public,IGHV5-51,IGHM,CARRGYCSGGSCFSSAFDIW,14.8,8.5,4
CCTATTAAGGCTACGA_d09_w174,3,public,IGHV3-7,IGHM,CARDYYYGDYW,8.0,11.0,4
AGTGAGGAGCTAGTGG_d07_w104,3,public,IGHV4-39,IGHA2,CARRAFDYSYGMDVW,11.7,16.33,3
AACTGGTAGCCACCTG_d07_w130,3,public,IGHV3-7,IGHM,CVRGRAGAGWIFDYW,8.4,19.2,5
GGGTCTGCACGAGAGT_d07_w156,3,public,IGHV5-51,IGHM,CARNRGGNGDFDYW,11.2,12.5,4
CTCGGGAAGAGACTTA_d04_w105,3,public,IGHV3-23,IGHG2,CAKSVGYFHYYFEWW,10.6,17.0,5
CGAGCACCACCATGTA_d09_w185,3,public,IGHV3-48,IGHM,CGRNRVDYW,9.0,17.0,3
GTCATTTAGGCCCTTG_d02_w157,3,public,IGHV3-7,IGHM,CARHTYHRLDYW,6.9,12.0,7
CGAACATCAGATGGCA_d07_w156,3,public,IGHV3-7,IGHM,CVRDWGFSGIYGRFDYW,10.3,13.0,3
CTCGTACTCATACGGT_d07_w115,3,public,IGHV3-74,IGHM,CARDLYSSGDYW,8.2,18.0,4
CAAGGCCGTTCAGCGC_d04_w192,3,public,IGHV5-51,IGHG2,CARVRGSKYGYGDYW,10.3,22.67,3
CCGGTAGAGCACCGCT_d09_w109,3,public,IGHV3-74,IGHA2,CARDQDGPGGTVDYW,10.1,15.0,9
CAACTAGCAATCACAC_d10_w128,3,public,IGHV4-39,IGHM,CARSSYNWNGYYFDYW,13.4,8.4,5
AAGGAGCTCGGCTTGG_d04_w116,3,public,IGHV4-59,IGHM,CARNVRGYSYGLGYYYMDVW,15.3,10.67,3
CGAGCCAAGTGGGATC_d07_w133,3,public,IGHV3-23,IGHM,CAKDRNSGWYFFDYW,12.3,8.33,3
TCACAAGCAAGAGGCT_d04_w102,3,public,IGHV3-23,IGHM,CAKSASGWFLFDYW,10.7,11.67,3
CTGGTCTCACCATCCT_d02_w150,3,public,IGHV3-23,IGHM,CAKDARRSDGWYYFDYW,12.7,15.5,6
GCTCCTACACAGGAGT_d05_w177,3,public,IGHV3-74,IGHA2,CARGGSGRYYHFDYW,11.4,13.6,5
GCTGCGAGTTAAGATG_d09_w126,3,public,IGHV6-1,IGHA2,CARGYSGIFDIW,7.7,17.33,3
GTAGGCCCATTAACCG_d04_w113,3,public,IGHV2-70,IGHG2,CARTWRGGTSKFYFDSW,13.9,33.29,7
CTTAACTAGATTACCC_d05_w185,3,public,IGHV5-51,IGHM,CARREGSGWYIIDYW,11.0,11.25,4
GTATCTTAGTAGATGT_d09_w98,3,public,IGHV3-74,IGHM,CARDLTWGASDYW,9.2,22.88,8
ATCCACCTCTTAACCT_d07_w115,3,public,IGHV3-7,IGHM,CARDGVAPGIYFDYW,10.2,17.25,4
CAGAATCGTCTTCTCG_d02_w188,3,public,IGHV4-39,IGHM,CARLPTGFPNWFDPW,11.0,24.33,3
CAAGTTGAGTGGTAAT_d10_w104,3,public,IGHV4-31,IGHM,CARGADYDSFDYW,9.2,6.5,4
GAGTCCGCAAGTCTGT_d04_w102,3,public,IGHV1-18,IGHA2,CARNYDFWTSPLFGDYW,15.3,19.0,3
CACACTCTCATTGCCC_d02_w132,3,public,IGHV3-23,IGHM,CAKDLLRWGYFDYW,12.2,11.25,4
CTTACCGTCACGCATA_d04_w130,3,public,IGHV3-53,IGHM,CARDLYYYGMDVW,11.0,12.0,4
GGAGCAAGTTCGAATC_d03_w147,3,public,IGHV3-7,IGHM,CARDVDRYYYYMDVW,12.7,5.0,3
CCTTTCTGTTCAGACT_d04_w112,3,public,IGHV3-49,IGHM,CTRDQTVDGAKYYFDSW,13.0,27.0,5
GTTCATTTCGCAGGCT_d03_w124,3,public,IGHV3-48,IGHM,CARDTKYSFDYW,8.6,12.71,7
CTCAGAACATCCTTGC_d11_w146,3,public,IGHV3-7,IGHM,CARHPLGTFDYW,9.3,11.33,3
ACGCCGACATGGTAGG_d09_w117,3,public,IGHV5-51,IGHM,CARHGGPAGVDYW,9.0,9.5,4
TGCTGCTCACCTATCC_d07_w99,3,public,IGHV3-23,IGHM,CAKGPRGSGAYYFDYW,13.8,13.4,5
TGCACCTGTAACGTTC_d11_w164,3,public,IGHV5-10-1,IGHM,CARRPSGWPFDYW,10.3,8.0,3
CACACAATCCATGAGT_d07_w126,3,public,IGHV1-2,IGHG4,CARGPRGWSDHFDYW,12.3,15.33,3
ATCCGAAGTTCCAACA_d11_w144,3,public,IGHV3-74,IGHM,CARDLASGWARIDYW,9.8,9.75,4
GATCTAGGTCTAGGTT_d07_w115,3,public,IGHV1-18,IGHG2,CARPSPGSFGSFDYW,12.2,15.0,4
CCTTACGGTTACGGAG_d06_w97,3,public,IGHV3-33,IGHM,CARGSSGWDFDYW,9.7,11.67,3
GTACTCCTCACCAGGC_d09_w176,3,public,IGHV3-23,IGHM,CAKDPLAVTMYYFDYW,11.6,11.8,5
AGTAGTCAGACAGACC_d11_w135,3,public,IGHV1-18,IGHM,CARDQRLYYYYDGSGYPLGYW,13.0,16.0,5
GTAGTCACAGACGTAG_d07_w128,3,public,IGHV5-51,IGHM,CARKTGRDALDIW,10.8,8.25,4
CGATCGGCAAGACGTG_d04_w102,3,public,IGHV1-18,IGHM,CARGGTGSYFFVAPDYW,11.8,10.75,4
CGGACACCAATCTACG_d04_w107,3,public,IGHV3-53,IGHM,CARDLHGYNYLGDYYYGMDVW,17.0,8.0,3
CGAGCACCACATCCGG_d07_w116,3,public,IGHV3-23,IGHM,CAKWHYYGSGTVDYW,12.8,10.0,4
CCACCTACACCCAGTG_d02_w152,3,public,IGHV3-7,IGHM,CARDPFTGSYGAFDIW,11.0,15.0,3
TAAGTGCAGACGCTTT_d04_w144,3,public,IGHV3-7,IGHM,CARDPENGALDYW,9.0,18.2,10
ATAGACCCACCAGGTC_d04_w97,3,public,IGHV1-3,IGHM,CARALYYYDSSGYYNGGFDYW,16.9,4.12,42
ATTATCCAGAGAGCTC_d07_w98,3,public,IGHV3-13,IGHM,CAREAVSRNWNNWYFDLW,14.0,11.5,6
CCACTACGTTGGAGGT_d07_w153,3,public,IGHV5-51,IGHM,CARWGPNSSGWKAFDYW,11.3,8.0,3
CTCTGGTTCTTAGAGC_d04_w139,3,public,IGHV2-70,IGHA2,CARIVRDYDVFTGYYYYGMDVW,16.7,11.33,3
TATCTCAGTCCGAAGA_d04_w102,3,public,IGHV3-48,IGHM,CARGGYCSSTTCYLLNAFDVW,17.0,16.0,5
ACCCACTGTTGGTTTG_d05_w169,3,public,IGHV3-48,IGHM,CARDGFAGDPSIDYW,8.3,10.67,3
CACCTTGCAACGATGG_d02_w169,3,public,IGHV3-33,IGHG2,CARVGPISTTYYYGMDVW,14.7,9.67,3
TAAACCGCAGGGTATG_d06_w130,3,public,IGHV3-72,IGHM,CARDDGGTYQYW,7.9,19.2,10
GGACAAGTCCAGTATG_d09_w120,3,public,IGHV3-74,IGHA2,CARELGGYSGYGGLDYW,10.7,13.0,3
CCTCTGAGTTGCCTCT_d11_w160,3,public,IGHV4-59,IGHM,CAREGYGSGKFDYW,11.0,13.33,3
CTCGTCAGTTTCCACC_d02_w184,3,public,IGHV3-53,IGHM,CARDLYGDYYDYW,6.0,19.75,4
GTGCATACATCTATGG_d07_w105,3,public,IGHV5-51,IGHM,CARRGGGNSRSWFDPW,11.2,9.67,6
GCTGCTTTCCGCTGTT_d07_w97,3,public,IGHV3-48,IGHM,CARRLPYYGMDVW,10.0,13.5,4
TGACTAGAGTGGTCCC_d06_w145,3,public,IGHV5-51,IGHM,CARRVYGDYYFDYW,8.7,11.33,3
TACAGTGTCGTCCGTT_d02_w105,3,public,IGHV1-46,IGHA2,CVRDREAFDIW,7.7,19.67,3
CCGTGGAGTCCATCCT_d11_w160,3,public,IGHV3-74,IGHA2,CARVIYGDYGLDSW,10.2,14.5,4
CTACGTCTCACCAGGC_d11_w129,3,public,IGHV4-39,IGHM,CARHLADGATFLDYW,11.8,18.0,4
GTTACAGAGGCCGAAT_d08_w115,3,public,IGHV3-7,IGHM,CARPESSSFDYW,9.3,8.33,3
CGACCTTAGGTAGCCA_d06_w183,3,public,IGHV1-46,IGHA2,CARDTSSSGWWWFDPW,13.3,30.67,3
GATGCTAGTCGTTGTA_d04_w105,3,public,IGHV3-53,IGHM,CARDGDSNAGPIDYW,10.7,14.67,6
GTTCGGGTCCAAGCCG_d02_w169,3,public,IGHV3-74,IGHM,CVRDMSHGDDYW,9.0,13.5,4
CATTATCCAGGGTACA_d05_w189,3,public,IGHV3-48,IGHM,CARDYPDAYFDYW,9.7,10.67,3
TGCTACCTCGCACTCT_d02_w119,3,public,IGHV3-53,IGHM,CARAPNWGLFDYW,10.3,7.67,3
CTGCGGATCAATCTCT_d04_w105,3,public,IGHV1-3,IGHA2,CARLKFDPW,12.3,6.0,3
TTCTCCTTCAACCAAC_d07_w132,3,public,IGHV3-74,IGHM,CARDLEAGGLDYW,10.0,11.67,3
GCTTCCAGTGAGGGAG_d02_w119,3,public,IGHV3-53,IGHA2,CARKSGSGWSFDYW,11.2,8.0,4
CGACTTCGTCGGCATC_d07_w99,3,public,IGHV1-3,IGHM,CARKDYGDYVFFDYW,12.3,10.83,6
GGACAAGTCAGAGGTG_d06_w97,3,public,IGHV3-7,IGHM,CARDQSSSSGFYYYGMDVW,16.0,9.67,3
GTTCGGGGTCAGAGGT_d02_w159,3,public,IGHV1-69,IGHG2,CARDLYNLVVVAVGYYYGMDVW,15.3,19.0,3
CACATAGTCTGGCGAC_d02_w180,3,public,IGHV3-21,IGHA2,CARAGSGWSFDYW,10.0,10.75,4
ACAGCCGCAGGTTTCA_d02_w104,3,public,IGHV3-74,IGHM,CARESAYSGRYFDYW,9.2,11.25,4
CACAAACCACACGCTG_d01_w99,3,public,IGHV5-51,IGHM,CARRGSYLDFDYW,10.3,12.5,6
TAAGTGCTCTTATCTG_d05_w181,3,public,IGHV5-51,IGHM,CARVRSGGLFDLW,9.5,15.25,4
AGTTGGTAGGAGTAGA_d07_w140,3,public,IGHV3-23,IGHM,CAKTYYYDSSGYYNGFFDYW,13.7,12.0,3
AAGACCTTCTCCAACC_d11_w184,3,public,IGHV3-23,IGHM,CAKDICSSTSCYMWDYW,13.2,8.2,5
CCCAATCCACTGAAGG_d02_w147,3,public,IGHV1-18,IGHM,CARAGAEITTHFDHW,11.0,21.0,4
CTCGTCAGTTTGACAC_d07_w143,3,public,IGHV5-51,IGHM,CARVSSTRWFDPW,10.7,15.33,3
GGGACCTCAGACGCCT_d02_w170,3,public,IGHV4-59,IGHM,CARGFWSGYYGVGDYLYGLDVW,15.5,21.5,4
CCGTTCACACAGGAGT_d02_w146,3,public,IGHV5-51,IGHM,CARPASGSYDAFDIW,11.5,12.75,4
CCTTTCTCAAGTTAAG_d07_w115,3,public,IGHV3-48,IGHM,CARGCGGGSCYSDYW,9.6,16.29,7
AGCTTGATCCGAACGC_d05_w108,3,public,IGHV5-51,IGHM,CARRYYYGSGTGSYYFDYW,12.0,15.0,3
GCACTCTCACCTCGTT_d07_w98,3,public,IGHV3-23,IGHM,CAKYIGSSFWYFDLW,12.3,13.86,7
GGATTACAGCGTGTCC_d09_w123,3,public,IGHV4-39,IGHA2,CARLPTGYPNWFDSW,11.0,26.0,3
AGCAGCCAGGTTACCT_d07_w116,3,public,IGHV3-7,IGHM,CTRDGVAPGYYFDSW,9.7,17.5,6
ACACCGGGTTAGTGGG_d04_w98,3,public,IGHV4-59,IGHM,CARHLWRTHDYYYMDVW,10.7,23.0,3
TGCACCTTCTCGTTTA_d07_w130,3,public,IGHV3-7,IGHM,CARAVDVADYW,7.7,15.83,6
TTTACTGGTAGTAGTA_d05_w111,3,public,IGHV3-33,IGHM,CARDQGSGSTRATFDYW,10.7,9.86,7
CTTAACTCATACCATG_d07_w161,3,public,IGHV1-3,IGHM,CARGHDSSGWTFDIW,9.7,20.67,3
CGAACATTCTGTCTAT_d09_w154,3,public,IGHV3-15,IGHM,CTTDCLCYGSVFDYW,13.0,18.0,3
GCGCGATCAAGCCGCT_d02_w97,3,public,IGHV7-4-1,IGHM,CARDRGYGPPGYW,10.3,9.0,3
CGGACTGTCATGCATG_d07_w99,3,public,IGHV3-7,IGHM,CARDSGDRTVDYW,7.0,14.33,3
GCATGCGCAAAGCAAT_d06_w145,3,public,IGHV3-74,IGHM,CARGNYYGMDVW,8.0,10.33,3
CTCGAAAGTTCGGCAC_d11_w153,3,public,IGHV1-18,IGHM,CARDAERILDYW,11.0,17.5,4
CGTGTAAGTTGGGACA_d04_w121,3,public,IGHV3-23,IGHM,CAKARSGVAVAGNNYW,12.0,12.0,4
TAAACCGTCCAGAAGG_d07_w123,3,public,IGHV5-51,IGHM,CARRGYCGGGGCFSNAFDIW,14.7,8.83,6
TCGGTAATCCTGTACC_d06_w109,3,public,IGHV3-23,IGHM,CAKRTGGAFDYW,11.8,15.25,4
CAACCAACAACACGCC_d02_w147,3,public,IGHV3-23,IGHM,CAKHKVRSHDYW,8.4,25.1,10
GACGGCTGTGGGTCAA_d02_w179,3,public,IGHV5-51,IGHA2,CARRGDSGTYPDYW,11.0,20.33,6
CTGAAACTCCTGCTTG_d02_w169,3,public,IGHV1-2,IGHM,CARGEGWSYGMDVW,10.7,3.67,3
ACTGTCCCACTGTCGG_d08_w159,3,public,IGHV3-23,IGHM,CAKVNKWSHEGGYFDYW,10.3,14.0,3
GATCGATAGCGGCTTC_d07_w157,3,public,IGHV3-7,IGHA2,CARGTRLGHFDYW,9.3,18.0,3
GACTACAAGCTACCTA_d10_w109,3,public,IGHV3-7,IGHM,CARGGDSKDYFDYW,7.0,13.0,3
CAGTAACTCCCTTGTG_d07_w104,3,public,IGHV3-74,IGHM,CARDSHYSFELW,8.3,10.33,3
CGCTATCAGCGGCTTC_d05_w106,3,public,IGHV2-5,IGHA2,CVYRSSGWYKFDYW,12.0,14.83,6
CGGACTGCATTCCTCG_d04_w141,3,public,IGHV3-74,IGHG2,CSRDIVAGSGSTDSW,11.0,23.33,3
CTACCCAGTATAAACG_d07_w184,3,public,IGHV1-18,IGHG2,CARGGDYAWFDPW,9.8,16.6,5
GTAGGCCCAGAAGCAC_d07_w112,3,public,IGHV1-46,IGHM,CARDYGSGALGYW,11.0,11.57,7
CGCTTCAAGTGACTCT_d07_w144,3,public,IGHV2-5,IGHM,CAHTYFDSSGYYSDYW,13.7,7.67,3
GGTGAAGAGTACCGGA_d02_w160,3,public,IGHV3-23,IGHM,CARGIYAPDYW,8.7,15.0,3
TTAACTCCAGTTTACG_d08_w99,3,public,IGHV5-51,IGHM,CARHSGGSYAYGAFDIW,14.5,10.25,8
GCGAGAATCCACGTGG_d04_w161,3,public,IGHV1-69,IGHA2,CARAPVTYGEYPYYFDYW,15.3,11.67,3
CTGTGCTTCAACGGGA_d05_w189,3,public,IGHV3-7,IGHM,CARDSEFCRYVDCRGDAFDIW,10.0,10.67,3
GATCGATTCAATCACG_d05_w102,3,public,IGHV1-18,IGHG2,CARVSGGGYFFDYW,7.5,23.75,4
CTTCTCTAGTACGCCC_d06_w143,3,public,IGHV3-48,IGHM,CARDSGETPGITNNHFDYW,11.7,19.33,3
TTGCGTCGTTATGCGT_d04_w171,3,public,IGHV1-8,IGHA2,CARGDYW,4.3,19.0,3
AACGTTGAGAAGGACA_d06_w109,3,public,IGHV3-23,IGHM,CAKDLEPGIAASGSDYW,13.3,12.0,3
GGACAGATCAGCTGGC_d02_w185,3,public,IGHV1-46,IGHM,CARGGTPGDYPFDYW,13.3,9.0,3
CTCGAGGAGGTTACCT_d07_w106,3,public,IGHV5-51,IGHM,CARLEDTATADFDYW,9.0,13.67,3
ACCGTAAAGCTTATCG_d02_w135,3,public,IGHV3-53,IGHM,CARVRWDPPACFDYW,8.0,12.25,4
TCTCTAAAGGCTATCT_d07_w160,3,public,IGHV3-48,IGHM,CARDLSGLKYYYYGMDVW,14.8,6.88,8
TAGCCGGAGTGGGATC_d11_w144,3,public,IGHV3-23,IGHM,CARGLTTFDYW,9.0,18.0,3
TAGGCATTCGAGAGCA_d09_w106,3,public,IGHV1-18,IGHA2,CARGSGDLAYW,9.0,17.67,3
TATGCCCTCCACTCCA_d07_w105,3,public,IGHV3-74,IGHM,CARASSGWYGLLDYW,10.0,12.33,3
GTGTGCGTCTTCGGTC_d10_w153,3,public,IGHV3-7,IGHM,CARGHYGMDVW,9.8,12.8,5
CACAAACTCAGGCCCA_d07_w119,3,public,IGHV1-3,IGHM,CARDEDYW,4.0,14.25,4
CAGCCGAGTATTAGCC_d08_w187,3,public,IGHV1-18,IGHA2,CARDGSRYCGRTSCYSGYYYYGMDVW,20.0,22.33,3
AGTGGGATCTCTAGGA_d02_w183,3,public,IGHV3-33,IGHM,CVKEKGPFDAFDIW,10.0,18.4,5
CAGTAACGTTCATGGT_d02_w99,3,public,IGHV3-74,IGHM,CVRGTSHWDGVDYW,9.4,19.47,19
TAGACCACAGGTCGTC_d09_w102,3,public,IGHV3-21,IGHM,CARFYYGSGTHFDYW,11.2,16.0,4
AGCGTATAGCCTTGAT_d09_w115,3,public,IGHV5-51,IGHA2,CARRKVRHPGDAFDIW,8.0,0.0,3
AACGTTGCAGGGTTAG_d02_w156,3,public,IGHV3-23,IGHM,CAKGHRGIYPGFMDVW,10.7,13.67,3
GAAATGACAACCGCCA_d02_w113,3,public,IGHV3-48,IGHM,CAREYSSSSGRAFDYW,10.9,9.86,7
GCTCTGTGTCAGAAGC_d05_w157,3,public,IGHV3-48,IGHM,CAREALWTGYPFDYW,8.7,10.0,3
GACCAATAGCACCGTC_d11_w119,3,public,IGHV3-23,IGHM,CAKGRGSGWSFDYW,10.3,13.0,3
ACGCAGCGTTATGTGC_d06_w169,3,public,IGHV3-74,IGHM,CARGGSCNHGVCYTRGYYGMDVW,11.7,16.0,3
CGCGGTACAGGCTGAA_d06_w97,3,public,IGHV3-23,IGHM,CAKGIDSSGYQSFDYW,12.4,13.4,5
CAGCGACAGAGGTAGA_d07_w132,3,public,IGHV1-2,IGHG2,CAREILPGNKAFDIW,9.7,16.33,3
GGATTACTCGGCGCTA_d09_w112,3,public,IGHV3-53,IGHG2,CARGGSGYYWAFDYW,10.2,14.2,5
AACTCAGAGCCTCGTG_d11_w157,3,public,IGHV1-46,IGHM,CARDGPDYYDSSGFPDYW,12.0,12.0,3
TGTATTCAGCTACCGC_d04_w148,3,public,IGHV1-46,IGHA2,CARDPRGELLVDYW,13.3,22.33,3
CTGTGCTTCCGCGGTA_d05_w124,3,public,IGHV3-9,IGHM,CGKDITAGGLDVW,9.6,18.29,7
CATCGGGGTCGCCATG_d02_w97,3,public,IGHV3-30,IGHG2,CARERTGYYAEFW,9.0,19.0,8
TTAGGCAGTTAAGAAC_d07_w165,3,public,IGHV4-39,IGHM,CARLPTGYPNWFGPW,11.0,28.67,3
TGGCGCATCTTACCTA_d02_w133,3,public,IGHV6-1,IGHG2,CARGAYYYMDVW,9.7,18.0,3
GCTGCTTTCACATGCA_d04_w97,3,public,IGHV3-23,IGHA2,CAKKVTSGWFPFDYW,10.2,20.2,5
ACCTTTATCGTATCAG_d07_w102,3,public,IGHV3-7,IGHM,CARDKSYGDSEDYW,8.0,12.67,3
AGCGGTCAGGAATTAC_d04_w160,3,public,IGHV3-74,IGHM,CARWDAEEGVGGGDYW,11.0,15.67,3
TGCTGCTCACGGTAGA_d02_w180,3,public,IGHV4-31,IGHG2,CARDLGGIDSW,7.7,19.0,3
GATCTAGGTTCGAATC_d07_w104,3,public,IGHV1-18,IGHA2,CVRGYYYDSSGYRYW,11.0,9.25,4
ATCCGAACAGGAACGT_d11_w161,3,public,IGHV3-53,IGHM,CARGREILDYW,6.7,22.33,3
AGGGTGAAGTCTCCTC_d01_w133,3,public,IGHV4-4,IGHM,CTRGIGAADFW,7.0,25.25,4
TTGGCAAAGCGTCAAG_d07_w140,3,public,IGHV4-39,IGHM,CARRGSGWYDAPFDYW,12.5,15.25,4
AGCGTATAGCTCCCAG_d05_w160,3,public,IGHV3-7,IGHM,CARDPDGGALDIW,8.5,13.25,4
ACAGCCGGTAGCGTGA_d04_w100,3,public,IGHV2-5,IGHM,CAHRLSGRGWNEGNFDYW,14.0,4.5,6
CAACCTCCACCATGTA_d05_w115,3,public,IGHV3-23,IGHM,CAKGVSGTSSYTGLDYW,9.6,10.0,5
ATAGACCCAAACCTAC_d02_w153,3,public,IGHV5-51,IGHA2,CARLSGIRDRNYYHGVDVW,15.0,14.0,6
ACTGTCCAGAGGTTGC_d04_w109,3,public,IGHV3-33,IGHG2,CARDHSGSRYLDYW,13.3,10.0,3
TTGCGTCTCCATTCTA_d08_w172,3,public,IGHV2-5,IGHM,CAHPSSSWSDYFDYW,11.7,10.33,3
TACGGATGTATTCTCT_d02_w176,3,public,IGHV1-18,IGHG2,CARDGAGSTGGMDVW,11.3,13.67,3
GTGGGTCCACTTAAGC_d10_w147,3,public,IGHV4-31,IGHG2,CARVSVTQNWYFDLW,11.0,20.33,3
GGGAGATGTTATGCGT_d05_w146,3,public,IGHV1-18,IGHA2,CAREGSRPYYYYGMDVW,14.7,16.17,6
GCAGCCAGTAGGACAC_d05_w130,3,public,IGHV3-33,IGHG2,CARDGYAYLGNDYW,11.0,14.0,3
CCACCTACAATGGATA_d05_w164,3,public,IGHV3-74,IGHM,CARDSRQCTGGHCYNEYW,14.0,13.33,3
TACTCATTCAGAGGTG_d11_w154,3,public,IGHV3-23,IGHM,CAKENKVGAHDYW,10.0,10.67,3
AGATTGCTCTGGAGCC_d05_w174,3,public,IGHV3-7,IGHM,CARAVDHAFDIW,8.7,18.0,3
CATGGCGTCGCTGATA_d07_w102,3,public,IGHV3-23,IGHM,CAKHQYCSSTSCYLDYW,12.3,10.0,3
CCTTACGAGTGTACCT_d02_w121,3,public,IGHV3-74,IGHG2,CVRGTSDWPGVDYW,9.5,24.33,6
CCGGTAGCATCACGAT_d02_w132,3,public,IGHV2-5,IGHM,CAHRPPGIHLNAGGYFDYW,12.0,6.67,3
GCTGCGAAGGGCATGT_d07_w181,3,public,IGHV2-70,IGHM,CARTDCGTYLFDYW,11.0,7.67,3
ATTATCCCAGTAACGG_d05_w109,3,public,IGHV1-18,IGHM,CARTTLDCTNALCYDYW,11.7,15.33,3
GACGTGCCACGTCAGC_d05_w170,3,public,IGHV3-13,IGHM,CAREGRSSSWNDWYFDLW,14.0,17.14,7
TCATTACGTTCGGCAC_d09_w128,3,public,IGHV3-48,IGHM,CAREDSSGWVYW,8.7,8.33,3
ACTGCTCAGGATGTAT_d11_w183,3,public,IGHV3-7,IGHM,CARDPYCVGACNYGAFDIW,12.5,15.75,4
AGTCTTTCATTGAGCT_d05_w112,3,public,IGHV5-51,IGHM,CARRGGSSWYPIW,10.7,13.86,7
AGATCTGAGTCAATAG_d04_w107,3,public,IGHV3-23,IGHM,CAKDIFRWAFDYW,9.0,26.5,6
GGGTTGCCATCCTTGC_d11_w107,3,public,IGHV3-15,IGHM,CATGYGGNW,6.8,16.8,5
AGTAGTCGTAGCTTGT_d07_w121,3,public,IGHV3-48,IGHM,CARGGSVTYPWNAFDIW,11.8,16.36,11
GAAACTCGTAAGGGAA_d02_w106,3,public,IGHV3-21,IGHM,CAREGDYGGNSYAFDIW,11.0,17.0,4
CGATTGAAGCGATAGC_d02_w99,3,public,IGHV3-33,IGHA2,CARDRGAVAYYFDYW,11.2,7.0,5
GACCAATAGAATAGGG_d07_w107,3,public,IGHV1-3,IGHM,CARDAHDSSGYYSHFDYW,14.0,10.25,4
ATAAGAGCAACTGGCC_d03_w133,3,public,IGHV3-23,IGHM,CAKGLGRYCSSTSCSLDYW,15.3,14.0,3
AACTCTTAGGCGATAC_d06_w141,3,public,IGHV3-48,IGHM,CARDEFNYHYMDVW,8.2,11.75,4
ATCACGACATGGAATA_d05_w148,3,public,IGHV3-7,IGHM,CARDSGDRTVDYW,10.2,13.67,6
GTCACGGTCAGGATCT_d06_w180,3,public,IGHV3-23,IGHM,CAKGQSTGWYYFDYW,12.2,12.0,4
AACTCTTAGGCCATAG_d05_w131,3,public,IGHV3-74,IGHG2,CVRGGPLGASW,7.7,32.0,3
CGACCTTTCAATAAGG_d04_w104,3,public,IGHV3-74,IGHM,CVRQNNYGLDYW,10.6,23.29,7
ATCTGCCTCTTGTATC_d06_w129,3,public,IGHV3-48,IGHM,CARVQNSAFDIW,8.7,13.67,3
TTGAACGAGACCTTTG_d04_w116,3,public,IGHV3-23,IGHA2,CAKSRSGNYRADAFDIW,16.3,10.33,3
AGGCCACCACGTCTCT_d04_w104,3,public,IGHV3-53,IGHM,CARDRGEGGFFDYW,9.9,13.43,7
ACCCACTAGGGAACGG_d04_w105,3,public,IGHV1-18,IGHM,CVRDRLLVVPSSVSPTYYYYGMDVW,20.3,26.67,3
GCTGCAGCATGAAGTA_d04_w137,3,public,IGHV3-74,IGHM,CTREVQSAPLGDYW,8.2,5.0,4
CAGGTGCCACGGCTAC_d07_w106,3,public,IGHV5-51,IGHM,CARRGSDRDYYYYMDVW,12.7,9.0,3
CCATGTCAGACTAGAT_d07_w113,3,public,IGHV3-74,IGHG2,CARENGLTYFYYGMDVW,12.7,16.0,3
GTCTCGTTCACGACTA_d07_w131,3,public,IGHV5-51,IGHM,CARHDFAYDYW,8.7,15.33,3
TGACTAGCATGACGGA_d02_w154,3,public,IGHV3-74,IGHG2,CARVSSGRYNFDEW,10.6,23.0,5
CGAACATAGAGTACAT_d02_w183,3,public,IGHV3-74,IGHA2,CVRGSSGWKGVDHW,10.0,0.0,3
CGGGTCAGTCACCCAG_d02_w168,3,public,IGHV3-7,IGHA2,CARDRLDYW,6.8,9.5,4
AACCGCGAGACCGGAT_d07_w184,3,public,IGHV3-7,IGHM,CARGPSYGSRSDFFDYW,10.3,15.0,3
TTCTCCTTCTACGAGT_d02_w131,3,public,IGHV3-48,IGHM,CARDLRNYFDYW,10.0,11.5,4
GCATGCGAGCGTTCCG_d05_w124,3,public,IGHV3-30,IGHM,CARDRGSSGIGGYFDYW,11.0,13.33,3
AGATTGCTCATTGCCC_d02_w184,3,public,IGHV3-53,IGHM,CARTIVGTTESRFDAFDIW,13.0,17.33,3
CCCAATCCAATGGTCT_d02_w189,3,public,IGHV4-39,IGHM,CARDERGYSHGYVDYW,10.3,10.33,3
GGAGCAAGTTGCCTCT_d07_w139,3,public,IGHV1-2,IGHM,CVREYCSGGSCYFDYW,12.7,19.33,3
ACACCGGTCCTGTAGA_d06_w181,3,public,IGHV3-23,IGHM,CAKDLETDYYYDSSGYSYW,14.3,14.67,3
GTCCTCAGTAACGACG_d03_w144,3,public,IGHV5-51,IGHM,CARRAGGFHAFDSW,10.8,9.75,4
TCAGGATCAATGACCT_d04_w98,3,public,IGHV3-7,IGHM,CARDGVAPGIYFDYW,11.0,22.0,11
CTCGAAAGTTCTGGTA_d03_w98,3,public,IGHV1-18,IGHA2,CAKGHGFYNYMDVW,10.5,30.64,11
GGGAGATAGACCTAGG_d06_w181,3,public,IGHV3-21,IGHM,CARDWGAVDISYYYGMDVW,15.8,10.6,5
TGACAACAGCCCGAAA_d07_w109,3,public,IGHV3-21,IGHM,CARLRGDGYGKYYFDYW,13.7,12.33,3
ACGATACCAATGACCT_d05_w136,3,public,IGHV4-NL1,IGHA2,CARHVFGGKDYFDYW,10.0,13.8,5
CATCGGGCATCGGTTA_d11_w122,3,public,IGHV3-23,IGHG2,CAKRGDNTYNWFDPW,13.8,11.5,4
TTTATGCGTAGCTGCC_d03_w133,3,public,IGHV3-23,IGHM,CAKSQRPGYYYYMDVW,13.3,14.67,3
CGGAGCTTCTTGTATC_d07_w135,3,public,IGHV5-51,IGHM,CARPSSGSSYHFDYW,11.0,10.33,3
GGGCACTGTGAGTGAC_d06_w181,3,public,IGHV1-69,IGHA2,CARARLSDYDYYGMDVW,13.3,13.33,3
TGCGTGGGTAAACACA_d07_w136,3,public,IGHV3-74,IGHM,CARGLYGMDVW,7.8,8.5,4
ACGGAGATCCGTAGGC_d04_w152,3,public,IGHV3-74,IGHA2,CTRDPLSYGSVFDYW,9.7,17.0,3
TAAGAGAAGTTGCAGG_d02_w98,3,public,IGHV1-3,IGHM,CARDNSLKVWYFDLW,12.0,9.33,3
ACGGGTCCACGGTGTC_d09_w168,3,public,IGHV3-15,IGHM,CTTENDNGDSALDYW,8.7,13.33,3
TGGCTGGCACGGACAA_d11_w107,3,public,IGHV3-23,IGHG2,CAKVDSASGNEYYW,11.0,13.0,4
ATCTGCCGTCCTAGCG_d11_w132,3,public,IGHV3-23,IGHM,CAKQSGPDGVWYTSFDYW,11.7,11.67,3
TCTCTAAAGTATCTCG_d07_w98,3,public,IGHV3-23,IGHM,CAKDLTVGYSYGYGDFDYW,13.7,17.0,3
AACCATGGTAAGGATT_d07_w161,3,public,IGHV3-48,IGHA2,CARDRGVFTYGPDYW,8.8,12.25,4
GTGCAGCGTGGTACAG_d04_w165,3,public,IGHV3-23,IGHM,CAKCAGYTYGHFDYW,12.7,14.67,3
GTCGTAAAGCGAGAAA_d06_w181,3,public,IGHV3-74,IGHM,CARDLNWNQADYW,9.0,24.0,3
CAGCAGCTCTCTGTCG_d02_w105,3,public,IGHV3-23,IGHM,CAKGGYYDPKEGWFDPW,9.4,14.6,10
ATCATCTTCCCTCTTT_d04_w124,3,public,IGHV4-39,IGHM,CARHYYGSDLPPDYW,14.3,11.33,3
TCACGAAAGTGATCGG_d07_w112,3,public,IGHV3-23,IGHM,CAKGPDHFYYDGMDVW,13.8,12.25,4
CCTTCGATCCGTCATC_d08_w185,3,public,IGHV3-74,IGHA2,CGRWNYGMDVW,9.4,22.0,5
ACAGCCGTCCTTTCGG_d05_w100,3,public,IGHV1-2,IGHG2,CARGTPYSGSAEGPDYW,11.0,10.67,3
TGCCAAATCGTGGGAA_d05_w105,3,public,IGHV3-23,IGHA2,CAKDLSPDGCFDYW,11.2,10.5,4
CACACAAAGTAATCCC_d08_w187,3,public,IGHV3-74,IGHG2,CARDGVASDGWFDAFDIW,12.7,9.67,3
GAACGGAGTACCGCTG_d02_w132,3,public,IGHV6-1,IGHM,CARYTSAWYLDYW,8.5,12.0,4
TTTACTGAGCTAAGAT_d07_w115,3,public,IGHV1-18,IGHM,CARDQVGGVGDYW,10.7,14.67,3
AAAGCAACAGGCGATA_d04_w107,3,public,IGHV5-51,IGHM,CARPVSDGFSSSWYFDYW,13.3,11.0,3
GGTGTTAGTGTAATGA_d05_w183,3,public,IGHV3-7,IGHM,CARDRRSEWLFDFW,9.8,21.0,12
TACGGGCGTCGCTTCT_d07_w104,3,public,IGHV3-74,IGHM,CARWAYSYGGDYFDYW,10.0,12.0,4
GACGCGTTCTTGGGTA_d04_w102,3,public,IGHV1-18,IGHG2,CARDSNNFAFW,9.2,30.25,4
GCAGCCATCTCGCATC_d07_w97,3,public,IGHV1-3,IGHM,CARGKSGVDFDYW,12.7,13.43,7
CATCAGAAGATGTCGG_d05_w107,3,public,IGHV3-48,IGHM,CARASGTSFDYW,10.6,7.4,5
ATTTCTGCATACTCTT_d05_w105,3,public,IGHV1-2,IGHM,CARDDITGPLVGYYGMDVW,13.0,21.0,3
GATGAGGGTAACGCGA_d04_w187,3,public,IGHV1-18,IGHM,CARDGDLLQFLEFFKNWFDPW,15.0,17.5,4
AACTCTTTCTCTAGGA_d02_w139,3,public,IGHV3-23,IGHM,CAKDVRLGGGGMDVW,10.3,18.36,11
GGGAATGTCAGGCAAG_d05_w148,3,public,IGHV3-23,IGHM,CAKIVGTSPFDYW,10.3,16.33,3
AGCTCCTAGTGCCAGA_d11_w100,3,public,IGHV3-23,IGHG2,CAKGSWVDYW,7.0,23.67,3
CCCATACAGAGGTTGC_d04_w159,3,public,IGHV1-3,IGHM,CARCLVAGTVGWFDPW,11.2,10.5,4
CGTAGCGTCTGCTTGC_d03_w112,3,public,IGHV1-2,IGHG2,CARDFLVPGFDFW,11.0,19.0,3
CTCGGAGGTAGCGTAG_d11_w129,3,public,IGHV3-30,IGHA2,CAKDRRDSGRSFDYW,13.8,11.25,4
ATCTGCCTCGAGAACG_d07_w157,3,public,IGHV3-23,IGHM,CAKDSSGWLQKYYFDYW,11.6,9.8,5
ACTGCTCTCTTCGAGA_d02_w106,3,public,IGHV3-23,IGHM,CAKGGSSYSSGWYHFDSW,10.4,9.91,11
AACTGGTCAGCTGCTG_d08_w98,3,public,IGHV1-18,IGHG2,CARDRSNSDYW,7.0,22.0,3
TCGGGACGTAAATACG_d10_w159,3,public,IGHV3-23,IGHM,CAKDYYGSGSSHMDVW,13.3,15.33,3
GACGGCTGTCAAGCGA_d04_w136,3,public,IGHV5-51,IGHM,CVRRHYYDSSGPYYFDYW,13.0,9.67,3
GCCTCTACAGATGGGT_d06_w145,3,public,IGHV3-23,IGHM,CAKAGPYYFDYW,8.0,12.0,3
TAGGCATAGGACATTA_d07_w111,3,public,IGHV5-51,IGHM,CARTRELGRSGAFDYW,11.6,13.91,43
TACTCATTCACTCCTG_d05_w156,3,public,IGHV1-8,IGHM,CARGPAWSGSYYYFDYW,14.0,7.5,8
CATATTCCACCGAAAG_d03_w140,3,public,IGHV4-39,IGHA2,CAREYCSSTSCHYSPSYYYYYYMDVW,19.3,9.33,3
TGACAACGTCGACTGC_d09_w136,3,public,IGHV3-53,IGHM,CARFVWADDAFDLW,13.0,21.6,5
GTCTTCGTCTAACTCT_d07_w109,3,public,IGHV6-1,IGHM,CARWGPAIALAGLDYW,10.0,13.0,6
TTTCCTCTCATTTGGG_d07_w116,3,public,IGHV3-23,IGHM,CAKCTTSSGYFYYYMDVW,15.7,11.67,3
GATCAGTGTACGACCC_d09_w130,3,public,IGHV3-7,IGHM,CARGPDYGDYYFDYW,10.5,12.25,4
GGCGACTCACAACTGT_d07_w104,3,public,IGHV3-48,IGHM,CARDFRYHFDYW,10.0,15.5,4
TAGTTGGCACCAGATT_d04_w122,3,public,IGHV3-74,IGHA2,CVRGSSTWTGVDHW,10.0,25.5,4
AAAGATGGTTCCATGA_d07_w145,3,public,IGHV1-18,IGHM,CARRYGSGSQYNWFDPW,12.7,13.33,3
GCATGCGTCGAATGCT_d03_w124,3,public,IGHV2-5,IGHM,CAHRRGSCYWCGAFDYW,10.3,8.67,3
CATCAAGAGTGGGCTA_d03_w144,3,public,IGHV5-51,IGHM,CARLNGGSGWHGDYW,10.3,7.0,3
CATTCGCGTCATGCAT_d11_w121,3,public,IGHV4-59,IGHM,CARGGPSGWYLDYW,10.2,13.5,4
TTAACTCGTGATAAGT_d07_w153,3,public,IGHV3-48,IGHM,CARGLDLDNW,8.2,17.0,5
TCTTTCCTCCGGGTGT_d11_w144,3,public,IGHV3-23,IGHA2,CAKLTDSW,7.7,14.0,3
GATGCTATCGTTTAGG_d09_w137,3,public,IGHV3-53,IGHM,CARVGGTAAAYYFDYW,12.3,10.0,3
GCTGGGTCATATACGC_d06_w150,3,public,IGHV5-51,IGHM,CARGGPSGTTNWFDPW,12.7,13.33,3
CAGATCAAGATGGGTC_d11_w136,3,public,IGHV3-48,IGHM,CARGGNTGYLFNAFDIW,14.6,8.2,5
GCGACCAAGTGGGCTA_d02_w180,3,public,IGHV3-7,IGHM,CARIGYSSSSFDYW,11.7,9.67,3
TGAGGGAAGGTAAACT_d07_w109,3,public,IGHV5-51,IGHM,CARHRNRGDPFDYW,9.8,12.78,9
CCGTTCAGTCCGTTAA_d07_w157,3,public,IGHV4-59,IGHM,CARGISGYYYGW,8.0,13.14,7
CTAAGACCAGATCGGA_d06_w137,3,public,IGHV5-51,IGHM,CARGHAFDIW,7.7,8.67,3
CGAACATGTTATCGGT_d03_w139,3,public,IGHV3-53,IGHM,CARAPSGNYYFDYW,11.3,9.17,6
GCAGTTAGTATAGGTA_d07_w124,3,public,IGHV3-74,IGHM,CARSDWFDPW,6.0,15.86,7
CTACATTGTTGTGGAG_d07_w155,3,public,IGHV1-18,IGHA2,CARLHSSGWPLECSDYW,12.0,10.33,3
AGCAGCCCAGTCACTA_d05_w174,3,public,IGHV3-23,IGHM,CAKDPDYYESSGYGYFDYW,14.8,17.0,6
ACACTGACATTACGAC_d09_w177,3,public,IGHV3-33,IGHM,CARDPAPGSIAMRFDYW,10.3,13.67,3
GTGCGGTTCTCTTGAT_d04_w112,3,public,IGHV2-5,IGHM,CVHRAGPAGSAWNEGYFDYW,15.4,15.12,8
CGTTGGGAGTTAGCGG_d06_w133,3,public,IGHV3-74,IGHM,CARDNRGAFDYW,6.7,15.67,3
GCTCTGTTCCCTAATT_d05_w174,3,public,IGHV3-23,IGHM,CAKVSSWAYKNFDYW,11.0,17.33,3
TTCTCAAGTAGAGGAA_d03_w105,3,public,IGHV1-18,IGHM,CGRSNGWADYW,9.8,10.62,8
TCTGAGAGTACCTACA_d07_w98,3,public,IGHV3-48,IGHM,CARVEPSGYYYYGMDVW,13.0,10.67,3
CTCTACGAGTCCATAC_d02_w181,3,public,IGHV1-69,IGHM,CARVRTTLTTALTYYGMDVW,15.5,19.0,4
CCTATTATCACTCCTG_d11_w147,3,public,IGHV3-53,IGHM,CARTKGRPYYYYMDVW,13.7,5.0,3
AGCTCCTCAGGCTCAC_d05_w120,3,public,IGHV3-74,IGHM,CARGSSGWYVDYW,9.0,13.33,3
AACTCCCAGCGTTTAC_d11_w131,3,public,IGHV3-23,IGHM,CAKDGGGRYATAYTDYW,11.0,14.0,4
ACCGTAATCGCCAAAT_d11_w145,3,public,IGHV5-51,IGHA2,CARHFDYRNYPYYNYGMDVW,13.7,13.67,3
CAGCTAATCATAACCG_d04_w106,3,public,IGHV3-74,IGHM,CARAVAVAGTGGYYW,9.0,8.0,3
GGAATAATCTAGAGTC_d02_w160,3,public,IGHV5-51,IGHM,CARHDWNYEDYW,10.9,7.88,8
TTGACTTTCATCACCC_d07_w184,3,public,IGHV5-51,IGHM,CARGYSSGYYLVYW,9.2,7.25,4
GGGATGAGTTGTGGCC_d09_w119,3,public,IGHV3-74,IGHM,CARGAYFFDYW,10.3,14.0,3
GTCGGGTAGCGGATCA_d04_w129,3,public,IGHV3-74,IGHM,CARGPYYYDSSGYYFLW,14.7,15.67,6
CGTAGGCAGCCACCTG_d05_w183,3,public,IGHV3-7,IGHM,CARDVRRLSAFDLW,10.0,19.09,45
GGTATTGCAGACGTAG_d04_w168,3,public,IGHV4-34,IGHG2,CARAGRQRGLYW,10.0,19.33,3
CGATCGGTCGCAGGCT_d10_w168,3,public,IGHV3-74,IGHA2,CARIGNGYYYGMDVW,14.3,20.33,3
GCTGGGTGTTACGACT_d05_w133,3,public,IGHV1-3,IGHM,CAREHDILTAYGFDYW,12.0,19.33,3
TCATTTGAGAGACGAA_d11_w97,3,public,IGHV3-23,IGHM,CAKKSGGRWPLDHW,11.7,29.0,3
ACATACGAGCCACTAT_d02_w99,3,public,IGHV3-23,IGHM,CAKDWSGGYYYPDYW,12.4,12.2,5
CGGACTGGTTACGACT_d11_w169,3,public,IGHV1-18,IGHA2,CARDLITTTGSKDYW,12.0,23.0,3
CTGATAGGTTATCACG_d05_w179,3,public,IGHV5-51,IGHM,CARQPNFMDVW,8.8,12.75,4
GCGCAGTAGGCATGTG_d09_w120,3,public,IGHV3-74,IGHM,CVRSGGW,12.5,12.83,6
ATTGGTGAGCCCAATT_d04_w119,3,public,IGHV3-21,IGHM,CARVRITGTNYFDYW,10.0,9.0,4
CGGCTAGAGATGCCAG_d06_w181,3,public,IGHV5-51,IGHA2,CARLADHGDYIVAFDIW,13.8,10.83,6
GCACATAAGATGCGAC_d05_w128,3,public,IGHV3-7,IGHM,CARDMDVW,7.0,7.5,6
AGCGGTCGTTATCACG_d11_w152,3,public,IGHV1-46,IGHA2,CARKDGSGNYFDYW,12.5,21.5,4
CCACGGATCCACTCCA_d02_w104,3,public,IGHV1-2,IGHA2,CAREKDPATGIRYFDYW,8.7,12.33,3
AACCATGGTCACTGGC_d05_w124,3,public,IGHV1-46,IGHM,CARDAYDSSGPVGYYFDCW,13.7,16.67,3
CATATTCGTGGTCCGT_d02_w183,3,public,IGHV1-8,IGHM,CARTHGDLDYW,8.0,9.5,4
GCGAGAAAGCAGGTCA_d02_w108,3,public,IGHV5-51,IGHM,CARGRYCNDGSCYFDYW,12.8,10.5,4
GAAGCAGTCAACACTG_d06_w177,3,public,IGHV3-7,IGHM,CARRNDFDYW,6.7,10.67,3
CTACACCAGCTAACAA_d07_w98,3,public,IGHV3-30,IGHM,CARDPTGDYYFDYW,11.0,16.33,3
CACACCTGTCAGAGGT_d06_w117,3,public,IGHV3-7,IGHM,CARDGVAPGIYFDSW,11.0,18.76,17
TACCTTATCGGTGTTA_d02_w129,3,public,IGHV3-21,IGHM,CARDQPLHYFDYW,10.2,11.5,4
TGCGTGGCATTCCTCG_d07_w139,3,public,IGHV3-7,IGHM,CARDPYTGGYAAFDIW,12.8,16.0,5
ATAAGAGAGATCGATA_d11_w130,3,public,IGHV1-2,IGHA2,CSREGDDYGDFW,10.3,18.33,3
ATTGGTGAGTCTCCTC_d04_w150,3,public,IGHV3-74,IGHG2,CSRLGSSGWYIDYW,10.0,4.33,3
GGGCACTAGTGACTCT_d02_w143,3,public,IGHV3-7,IGHM,CVREYGYYW,8.7,12.0,3
GCATACAAGTGCGATG_d03_w129,3,public,IGHV3-74,IGHM,CARDLNWLQGDYW,9.8,12.0,5
AGCAGCCAGGCACATG_d08_w115,3,public,IGHV5-51,IGHM,CARQFRCGAGTCYPDYW,10.6,13.6,5
CGCCAAGGTGAAGGCT_d02_w184,3,public,IGHV1-46,IGHA2,CAREGGDTYETKGDGFDYW,11.7,28.0,3
AAGTCTGGTAAGTAGT_d07_w123,3,public,IGHV1-18,IGHM,CARDLDTAIVGGFDYW,11.0,9.5,4
GTCAAGTCAGTAAGCG_d03_w99,3,public,IGHV3-53,IGHM,CARGYSSGWYYFDYW,11.6,10.71,7
TTGCCGTTCATCGCTC_d03_w146,3,public,IGHV3-74,IGHA2,CARGGSGCFDYW,9.3,17.0,3
GGAACTTGTGACTACT_d11_w139,3,public,IGHV3-33,IGHM,CARDFSGSFDYW,9.5,15.5,4
TACTTGTTCCTAGGGC_d02_w99,3,public,IGHV3-74,IGHM,CTRDGVPVAGTHWFDPW,11.0,18.5,4
GTATCTTCATGGTCAT_d02_w191,3,public,IGHV2-5,IGHM,CAHRRDWKYDYW,10.0,20.67,3
GCTGGGTGTCTGCAAT_d03_w126,3,public,IGHV3-23,IGHM,CAKDENYW,5.3,7.67,3
CTCGTCAGTGAGGGAG_d07_w126,3,public,IGHV3-11,IGHM,CVRASREVDYW,7.0,12.5,8
CCGTTCATCGTGGGAA_d08_w191,3,public,IGHV3-53,IGHA2,CARAIVWGGYFDYW,10.2,12.25,4
TGCGTGGTCAGTTGAC_d02_w156,3,public,IGHV3-74,IGHM,CARGYGSGSVDYW,9.7,10.33,3
CAGAGAGCAGGGTATG_d02_w122,3,public,IGHV3-74,IGHG2,CIRGGASDNYDSRGYPVRDAFDIW,16.5,21.25,4
GACTAACGTCGGCTCA_d04_w109,3,public,IGHV3-53,IGHG2,CARDKDYMDVW,9.6,20.38,8
GCAATCATCTGTTTGT_d04_w161,3,public,IGHV5-51,IGHM,CARRGYSKFPFDYW,11.3,10.0,3
AGAGCTTGTGCAGTAG_d01_w97,3,public,IGHV3-15,IGHM,CTTLTLVIVHDDYW,10.0,11.8,5
AGCTCTCGTAAGTAGT_d02_w167,3,public,IGHV3-23,IGHM,CARRTGYSSGWFFDYW,10.7,23.0,3
AAATGCCAGCTGGAAC_d07_w170,3,public,IGHV3-48,IGHM,CARKTNYGQNFDYW,8.0,17.25,12
GGAATAATCACGCATA_d02_w183,3,public,IGHV3-74,IGHM,CARGRANYFYMDVW,11.8,12.0,4
GTACTCCGTCCTAGCG_d09_w107,3,public,IGHV1-3,IGHM,CARDARMASVTYGMDVW,10.5,19.5,4
CACAAACCACCACCAG_d05_w153,3,public,IGHV3-7,IGHM,CARDAVRPGSDMDVW,7.3,11.33,3
CAGCATAAGAAGGGTA_d03_w133,3,public,IGHV3-7,IGHM,CARDYYGSGPDLDYW,9.7,17.0,3
CGGGTCAAGATCCCGC_d05_w122,3,public,IGHV3-48,IGHM,CARDGIAGGYAFDIW,12.0,12.75,4
GCTGCGATCATGTCCC_d02_w113,3,public,IGHV3-7,IGHM,CARGWASLDYW,7.0,8.21,14
CGCGTTTTCATCGGAT_d07_w120,3,public,IGHV4-39,IGHA2,CARHRGGNSIGARPSYFDYW,14.0,18.2,5
ACGAGGATCTCAAGTG_d10_w164,3,public,IGHV3-9,IGHM,CAKDIGYSSSWYPDAFDIW,13.7,6.67,3
AACCGCGCATGGTAGG_d05_w139,3,public,IGHV3-74,IGHM,CARGASGYGNFDCW,9.8,15.5,4
GATGCTAAGGGTTTCT_d02_w99,3,public,IGHV3-23,IGHM,CAKRFGYGHDYW,10.0,18.0,3
ACACCCTGTGGTCCGT_d02_w168,3,public,IGHV3-53,IGHM,CARDRHNSRWFDYW,12.0,7.25,4
GCGAGAATCGAACTGT_d11_w124,3,public,IGHV3-53,IGHM,CARDLERGAFDIW,11.7,19.0,6
ATTATCCCAAGAGGCT_d09_w111,3,public,IGHV5-51,IGHM,CARRTGATGFDYW,10.0,13.0,3
TCCACACGTGTCTGAT_d02_w154,3,public,IGHV5-51,IGHG4,CARARDSGSYYPHEFDSW,12.0,20.25,4
TGCCCTATCAGCGACC_d06_w133,3,public,IGHV1-2,IGHM,CARDASNKGFDIW,8.7,10.29,7
AGCATACTCGGGAGTA_d04_w109,3,public,IGHV3-33,IGHA2,CARQDYDSSGYSSSGHFDYW,15.3,15.0,3
CGAACATTCTGAGGGA_d05_w191,3,public,IGHV5-51,IGHM,CARDYGDYGDAFDIW,11.0,10.33,3
GACTGCGAGCATGGCA_d07_w102,3,public,IGHV4-39,IGHM,CARHYSGWYNYFDYW,11.0,18.12,8
GTCCTCAGTGCAACGA_d02_w146,3,public,IGHV3-74,IGHM,CTRGGAWFDPW,10.0,13.0,3
CTGATAGTCTCAACTT_d06_w159,3,public,IGHV4-39,IGHM,CARRLAGSSQTDYW,9.8,15.83,6
CACCAGGTCAACGAAA_d08_w139,3,public,IGHV1-18,IGHG2,CAREYYYDTSGYYRPGVDYW,12.2,16.6,5
AAGGTTCGTGTATGGG_d10_w106,3,public,IGHV5-51,IGHM,CARRSYDTTGYASFDYW,10.7,13.33,3
CAGCTGGTCCGCATAA_d11_w126,3,public,IGHV1-2,IGHM,CARGEVAWGLDFW,6.3,17.67,3
GTGGGTCAGAGTTGGC_d09_w167,3,public,IGHV3-7,IGHA2,CARYGSRSYGMDVW,10.7,13.33,3
AGATCTGAGCGTGTCC_d03_w129,3,public,IGHV5-51,IGHM,CARASRGGYNNEAFYFDFW,12.8,16.5,4
GGACGTCCATGCAATC_d06_w145,3,public,IGHV3-23,IGHM,CAKSVSSGWYYFDYW,10.8,12.0,4
GATCGATAGACATAAC_d02_w184,3,public,IGHV5-51,IGHM,CARQWLYYFDYW,9.3,11.0,6
CCTTCGAGTCGAGTTT_d03_w98,3,public,IGHV1-3,IGHM,CARDLQYNGFWRNWFDPW,14.0,14.0,3
ATCATGGTCACCACCT_d09_w132,3,public,IGHV3-23,IGHM,CAKDRSGSSRAGDYW,11.4,11.91,11
TGGCCAGGTTTCCACC_d07_w131,3,public,IGHV3-23,IGHA2,CAKRYSSGWEFDYW,10.6,16.2,5
GAACATCGTTGGTAAA_d02_w122,3,public,IGHV1-3,IGHM,CARSGYGGNARDYW,9.2,8.8,5
TCTATTGGTACTCGCG_d09_w124,3,public,IGHV3-74,IGHA2,CVRGVGTSGRDYW,9.7,23.67,3
TCGAGGCTCTCGTTTA_d05_w168,3,public,IGHV3-7,IGHM,CARDGDGYNDW,9.0,12.33,3
CAAGAAACAGTGGGAT_d09_w176,3,public,IGHV1-46,IGHM,CARHHGMDVW,9.0,19.67,3
TGCGCAGGTGGTAACG_d07_w187,3,public,IGHV3-7,IGHM,CARSESTGSVDIW,9.0,15.0,3
TTGACTTAGGGAGTAA_d03_w141,3,public,IGHV1-3,IGHM,CARDYSSGWSFDYW,10.8,13.4,5
GTAGTCAAGCATGGCA_d04_w119,3,public,IGHV1-3,IGHA2,CVRGGGDYW,13.2,19.0,4
GTGCGGTGTTATCCGA_d05_w167,3,public,IGHV3-74,IGHM,CARVYCSGGSCYSFFDYW,13.2,10.0,4
AACCGCGCACAGGAGT_d08_w174,3,public,IGHV3-13,IGHM,CAREPAVPGTWYFDLW,12.0,18.2,5
GCGAGAAAGGATGGAA_d04_w108,3,public,IGHV3-74,IGHA2,CARDLASGITGYNWFDPW,13.0,30.25,4
GCTCTGTTCTGACCTC_d07_w112,3,public,IGHV1-8,IGHM,CARGPPHWGFDFW,9.0,13.0,3
GCGCAACAGTCCAGGA_d02_w124,3,public,IGHV4-31,IGHA2,CARSHHDSDHWFDPW,12.0,18.67,3
CGAGCACAGCTCAACT_d02_w146,3,public,IGHV2-5,IGHM,CAHRHDGNGWNEASFDYW,12.2,13.33,6
ATGTGTGAGCTAGGCA_d11_w105,3,public,IGHV3-53,IGHM,CARTGDWGYYFDYW,11.3,14.0,3
GCAATCAGTCGCATCG_d08_w164,3,public,IGHV3-74,IGHA2,CARASSYSTSGTYYFDYW,11.3,16.0,3
GGGAGATTCACATAGC_d11_w121,3,public,IGHV3-74,IGHM,CARGVYDFTDYW,9.0,12.0,4
ATAACGCTCATGCTCC_d01_w107,3,public,IGHV3-7,IGHM,CARDKGGKDYW,7.0,15.62,8
GTTCTCGAGGGCTTGA_d06_w109,3,public,IGHV1-18,IGHM,CARDGSSGYVGDYW,10.0,16.67,3
CTTTGCGGTCACCTAA_d10_w148,3,public,IGHV3-23,IGHM,CAKYLATDDYW,10.3,10.67,3
TGCTACCAGATCACGG_d09_w126,3,public,IGHV3-48,IGHM,CARDTSYYGLDVW,10.3,11.29,7
GGGACCTCATAAGACA_d07_w140,3,public,IGHV2-70,IGHM,CARTPLYSAYDYGMDVW,12.5,13.0,8
CAGCGACAGTATCGAA_d05_w164,3,public,IGHV1-2,IGHM,CARSTSTYIYFDYW,12.0,17.33,3
ACACCGGAGAATGTGT_d07_w137,3,public,IGHV3-33,IGHM,CARDRGNYESGTSYFDYW,11.8,13.0,4
CGGAGCTAGGATGTAT_d07_w98,3,public,IGHV3-48,IGHM,CAREALWTGYPFDYW,11.5,13.25,4
GGCTCGAGTATATCCG_d10_w156,3,public,IGHV5-51,IGHM,CARRRGFAFDIW,9.7,7.67,3
CGTCACTTCGTGGGAA_d03_w139,3,public,IGHV3-7,IGHM,CARYHPDGADAFDIW,14.3,11.33,3
TGCGGGTGTAGGCATG_d10_w153,3,public,IGHV3-9,IGHM,CAKNWQWAFDIW,9.8,11.25,4
AGAGCGACATTTCAGG_d05_w178,3,public,IGHV3-23,IGHM,CAKYPEQYYFYYYMDVW,14.0,11.0,3
TGCACCTGTCGCATCG_d03_w146,3,public,IGHV3-74,IGHA2,CARWGLGTPGLDYW,10.0,20.67,3
GATGAAAAGTGAAGTT_d04_w97,3,public,IGHV3-74,IGHM,CARDEGTGTTVRGFDCW,13.0,10.0,10
ATCTGCCCATGTTGAC_d08_w99,3,public,IGHV3-74,IGHA2,CARGWFYGMDVW,10.9,25.71,7
AACTCCCCATCGGGTC_d04_w177,3,public,IGHV3-30,IGHM,CARVGDRGTYYFDYW,9.7,15.33,3
ATAGACCGTTGAGTTC_d10_w116,3,public,IGHV3-74,IGHM,CARGRGDGLDPW,8.0,23.67,3
TCAATCTGTGAGGCTA_d09_w165,3,public,IGHV3-74,IGHA2,CARGLTPFDYW,8.3,17.67,3
TCAGGTACAAATCCGT_d07_w116,3,public,IGHV5-51,IGHM,CARMYSGTYYYFDYW,11.2,9.4,5
AGCTCTCGTCTGGAGA_d04_w161,3,public,IGHV4-NL1,IGHM,CARRIADRSRGYYFDYW,13.0,10.0,11
CTCACACAGCTGCGAA_d07_w128,3,public,IGHV3-21,IGHM,CARTGVSYYFDYW,10.5,8.5,4
GCATACACAATCGAAA_d11_w123,3,public,IGHV3-74,IGHM,CARAGSYRFDYW,8.0,15.25,4
AACCATGCAGGGCATA_d11_w132,3,public,IGHV5-51,IGHM,CAREEWVTGAYFDYW,9.7,6.0,3
GCCAAATCACGGACAA_d11_w154,3,public,IGHV3-74,,CARSDYFDYW,7.7,16.67,3
ACGGGTCAGAGTAATC_d02_w174,3,public,IGHV1-3,IGHA2,CARGDGSYYYYMDVW,12.7,21.0,3
GCGGGTTTCTGTTGAG_d06_w136,3,public,IGHV5-51,IGHM,CVRPSTWLGAFDIW,12.0,6.25,4
GTTACAGTCTTCGAGA_d03_w102,3,public,IGHV1-2,IGHM,CAREELRDFDYW,9.2,9.0,6
GTCATTTAGCAGGTCA_d04_w152,3,public,IGHV5-51,IGHA2,CARRYYGSGSYDHWYFDLW,14.3,17.33,3
CTGAAGTGTAAATACG_d06_w169,3,public,IGHV1-3,IGHM,CARGVVMDVW,9.7,14.33,3
ACCGTAATCGAGAACG_d11_w192,3,public,IGHV5-51,IGHM,CARHGVGGCNSGGRCFTSYYYYGMDVW,20.7,14.33,3
CTACATTTCTACCTGC_d02_w106,3,public,IGHV3-23,IGHM,CAKGGWSSFFDYW,10.0,14.25,4
TGCGGGTAGCGATCCC_d02_w100,3,public,IGHV1-18,IGHM,CARVPLRLGNWFDPW,12.0,17.25,4
GATCGTACATTACGAC_d05_w99,3,public,IGHV5-51,IGHM,CARLNYDGSGYYFDYW,12.2,11.25,4
CGGGTCAAGACAGACC_d04_w104,3,public,IGHV1-46,IGHM,CARSSNWNDVFDYW,9.7,18.0,3
TGTGGTATCCACGTTC_d02_w189,3,public,IGHV3-7,IGHM,CARDVDYRASDYW,9.7,11.67,3
CGAGAAGCACGGTGTC_d05_w183,3,public,IGHV1-2,IGHG2,CARDPTSPYGSGTYYFDYW,12.3,15.0,3
GGGTTGCTCACCCGAG_d10_w152,3,public,IGHV7-4-1,IGHG2,CARIQGGGYVDYW,10.3,17.33,3
AGGTCCGCAAGCTGAG_d10_w141,3,public,IGHV1-18,IGHA2,CARVHDYSNSPLRYYYYYYMDVW,17.2,12.25,4
GGGAATGAGCCAGTAG_d02_w122,3,public,IGHV3-7,IGHM,CARGGFYPDYW,9.0,14.6,5
ACTGAGTGTCACACGC_d03_w139,3,public,IGHV3-74,IGHM,CAREYSTSSGRAFDIW,10.2,9.0,4
CTAAGACGTCTTGTCC_d02_w136,3,public,IGHV5-51,IGHG2,CARRDNWGFDYW,9.3,19.67,3
CGAGAAGGTTGTGGAG_d09_w122,3,public,IGHV3-74,IGHM,CARGGYSYGKGVDYW,12.0,9.67,3
ACATGGTAGAGAACAG_d03_w140,3,public,IGHV3-7,IGHM,CARACSSTSCYFFNYW,11.0,8.0,3
GTCTCGTGTAACGCGA_d09_w187,3,public,IGHV5-51,IGHG2,CARLYCSSSNCYQGFDYW,12.7,25.0,3
CTAATGGTCCAAACTG_d04_w188,3,public,IGHV1-3,IGHM,CARSGYYGSGSSYGMDVW,17.0,13.0,4
CAGCCGATCCACGACG_d09_w156,3,public,IGHV3-23,IGHM,CAKDGSYWYFDLW,11.8,12.5,4
TAGTGGTCAAGTTCTG_d07_w174,3,public,IGHV4-39,IGHM,CARRYTSGYNPFDYW,11.5,14.0,4
ATTTCTGGTCCTGCTT_d02_w133,3,public,IGHV5-51,IGHG2,CARMGCGGGSCYSGDNWFDPW,14.7,17.67,3
ACAGCTAAGGATCGCA_d03_w141,3,public,IGHV3-48,IGHM,CARGGYCSGGTCYSFNAFDIW,16.0,16.0,4
GGCCGATGTAATCACC_d02_w130,3,public,IGHV5-51,IGHM,CAKGGGYW,7.3,15.67,3
TGTTCCGAGTCATGCT_d05_w107,3,public,IGHV5-51,IGHM,CARRGSSSEWFDPW,9.7,8.67,3
CCTACCACACCTATCC_d05_w115,3,public,IGHV1-8,IGHM,CARGPAWSGSYYYFDYW,12.0,8.6,5
CCCAATCAGTACGTAA_d08_w139,3,public,IGHV5-51,IGHG2,CARRGTVTIPGDYW,10.7,16.67,3
TGATTTCAGGGCATGT_d06_w109,3,public,IGHV3-21,IGHM,CARTLGIGNYGMDVW,11.7,10.0,3
GGAATAACAGGGTACA_d04_w188,3,public,IGHV1-46,IGHM,CARGRLAVPSTIDYW,10.7,13.67,3
CAAGAAATCACATGCA_d02_w157,3,public,IGHV1-46,IGHM,CARRSTVTTNYYFDYW,10.5,9.5,4
TCAATCTTCCAGTATG_d02_w171,3,public,IGHV1-18,IGHA2,CARGSGELLPFNYW,8.7,10.67,3
GTACTTTGTCTAGGTT_d09_w130,3,public,IGHV3-53,IGHA2,CARGGALDYW,7.3,14.33,3
AGCTCTCGTACCAGTT_d03_w98,3,public,IGHV5-51,IGHM,CARREVSAGVAGLFDYW,10.7,11.33,3
CTGCCTAAGGACCACA_d09_w152,3,public,IGHV5-51,IGHG2,CARRGPTGSSDAFDIW,12.0,10.33,3
CCAATCCGTCACACGC_d08_w180,3,public,IGHV4-39,IGHA2,CARQANDYDRGYGLDVW,11.0,20.67,3
AGTCTTTTCAAAGACA_d07_w156,3,public,IGHV3-74,IGHM,CARESSSQSRSFDYW,10.4,6.8,5
TCTATTGAGTGGCACA_d04_w170,3,public,IGHV5-51,IGHG2,CARVLRFLDFW,7.7,19.33,3
ATTGGTGCACTCTGTC_d09_w160,3,public,IGHV3-23,IGHM,CAKSYSNSWGLDYW,10.7,9.67,3
GTCCTCATCCCTCAGT_d07_w112,3,public,IGHV3-74,IGHM,CARDISWNQADYW,9.0,25.67,3
TAAGCGTTCAATCTCT_d02_w184,3,public,IGHV3-7,IGHM,CARSPGYYTDYW,9.3,9.67,3
CGAGCCATCTACCAGA_d07_w107,3,public,IGHV1-69,IGHM,CARGCSGGNCYSGQNWFDPW,12.7,13.0,3
TTGACTTCACGGATAG_d11_w120,3,public,IGHV3-23,IGHG2,CAKDAMTSVPYYFDSW,12.0,19.0,3
GGAACTTGTAAATGAC_d08_w115,3,public,IGHV4-39,IGHA2,CGRGLGFW,9.0,25.5,4
GCGCAACGTTGATTGC_d07_w102,3,public,IGHV4-31,IGHM,CARDRGRGYYFDYW,10.3,7.67,3
GAAACTCGTTTAGGAA_d07_w167,3,public,IGHV4-59,IGHM,CARTLGRFDHW,9.0,14.33,3
ATCTGCCAGACAAAGG_d04_w157,3,public,IGHV3-53,IGHA2,CARGSEYGGNVWLYYLDYW,13.7,21.0,3
TTGGAACCAGTCGTGC_d09_w170,3,public,IGHV4-4,IGHM,CARGRGSSSLFDYW,11.7,12.33,3
CTCGGAGGTCCATCCT_d09_w181,3,public,IGHV4-59,IGHM,CARDPGAAGGLYYFDYW,12.3,7.33,3
TAAGAGACACGACGAA_d08_w187,3,public,IGHV3-30,IGHM,CAKDMGGGGDFDYW,10.0,12.67,3
CAGCTGGGTTCACGGC_d07_w181,3,public,IGHV4-59,IGHM,CARGASEGPDYFDYW,8.4,18.0,5
ACTGTCCGTACGACCC_d04_w121,3,public,IGHV1-3,IGHG2,CARWPSIVREVTPVGDYW,12.7,20.67,6
CGTCCATGTGAAATCA_d06_w172,3,public,IGHV1-18,IGHG2,CARVFGSIFGHDW,11.0,21.25,4
AAGGAGCAGACATAAC_d07_w107,3,public,IGHV4-38-2,IGHM,CARASVSGYNSWYFDYW,11.8,6.5,4
ATCATGGAGTATTGGA_d04_w147,3,public,IGHV5-51,IGHA2,CARLRSSGWYYDAFDIW,12.3,5.67,3
TTAGGACCATTCCTCG_d05_w169,3,public,IGHV4-4,IGHM,CARYYYYYMDVW,11.0,15.0,4
TGCTACCAGTACATGA_d07_w150,3,public,IGHV3-30,IGHM,CARGYYDSSGYYFDYW,12.6,14.6,5
AACTCTTAGTGCAAGC_d07_w130,3,public,IGHV5-51,IGHA2,CARRKRDGYNPDAFYFDYW,12.0,11.17,6
TGAGCATAGAGAGCTC_d09_w177,3,public,IGHV5-51,IGHM,CARRDGDDDWYFDLW,11.8,11.5,6
GGGCATCTCCATGCTC_d02_w116,3,public,IGHV3-7,IGHG2,CARDIWPEDYW,6.2,14.0,4
CCCAGTTGTTCAACCA_d11_w146,3,public,IGHV1-2,IGHM,CARGYGSSAYFDYW,11.7,14.33,3
TAGTTGGTCCAGTAGT_d05_w100,3,public,IGHV3-74,IGHA2,CVRGSSTWTGVDHW,9.6,25.88,8
ACAGCCGTCAGCACAT_d09_w170,3,public,IGHV3-74,IGHM,CGRMYRNAFDIW,10.3,11.33,3
GCTTGAAAGATGTCGG_d03_w97,3,public,IGHV1-2,IGHG2,CARGVSSSPFDYW,11.0,12.67,3
CATCGGGGTACTTGAC_d07_w137,3,public,IGHV3-7,IGHG2,CARDPAFSAFDIW,9.0,19.0,3
CAACCTCGTCCTCTTG_d07_w122,3,public,IGHV5-51,IGHM,CARHDWNDDDYW,7.5,19.25,4
TCCCGATAGGATCGCA_d05_w124,3,public,IGHV3-73,IGHM,CARHGDIIDYW,7.0,13.0,3
ATAAGAGGTAGCTGCC_d04_w109,3,public,IGHV4-NL1,IGHA2,CARQHYVSGWYFDYW,10.0,9.67,3
CGTGTCTCACGAAGCA_d03_w116,3,public,IGHV1-2,IGHM,CARSGGTAPFDYW,8.0,11.0,3
CAGATCATCGTCCGTT_d05_w117,3,public,IGHV3-74,IGHA2,CAREVAVAGRSLDYW,10.7,13.33,3
TGCCCATAGCGACGTA_d11_w168,3,public,IGHV3-74,IGHM,CAREGYDGPGKYYFDYW,14.3,7.67,3
CTGTGCTAGTGTACGG_d07_w128,3,public,IGHV3-23,IGHM,CAKGSAAVRPYFFDFW,11.0,18.25,4
CAGAGAGCATCAGTAC_d02_w146,3,public,IGHV3-48,IGHM,CAREQWLVTGQFDYW,12.0,12.4,5
CTTGGCTGTATCGCAT_d03_w128,3,public,IGHV3-74,IGHM,CARVGYTYGYLYW,9.2,10.25,4
ATTATCCAGCTGGAAC_d02_w122,3,public,IGHV3-74,IGHM,CVRDMYGGNDYW,8.0,14.8,5
CCAATCCGTTGAGTTC_d04_w121,3,public,IGHV5-51,IGHM,CARRNSGHYNMDVW,12.5,15.33,6
TGGGAAGGTATAATGG_d01_w111,3,public,IGHV3-48,IGHA2,CARDGSSWDYYYGMDVW,13.6,13.56,9
CGGACTGAGTGGGATC_d11_w139,3,public,IGHV1-46,IGHG2,CARAAGGYGYVYW,10.7,22.0,3
TGGTTAGTCGTACGGC_d03_w141,3,public,IGHV6-1,IGHG2,CARDLGFSSFDYW,9.7,9.0,3
CATTCGCCAGCATACT_d09_w150,3,public,IGHV3-53,IGHM,CARGMGCTGGPFDYW,12.7,9.67,3
GTCGGGTGTCCAGTTA_d02_w132,3,public,IGHV3-48,IGHM,CARNRDYAFDYW,9.7,16.33,3
CGATTGATCTAACTCT_d09_w126,3,public,IGHV3-53,IGHM,CARGYSSGWYYFDYW,9.0,16.0,3
CGTTCTGTCTACGAGT_d02_w122,3,public,IGHV3-7,IGHM,CARDPAWGSLDYW,9.0,17.67,6
GGCCGATCATATGGTC_d04_w100,3,public,IGHV1-46,IGHG2,CARGGIVGPKTYYFDYW,12.7,13.4,10
ACATACGGTGCAGACA_d09_w128,3,public,IGHV3-53,IGHA2,CARDVGGDGFAQCDYW,10.0,16.67,3
TGAGCATGTGCTAGCC_d05_w100,3,public,IGHV1-2,IGHM,CTREDYW,3.0,19.08,12
CTGAAGTTCATTATCC_d10_w106,3,public,IGHV7-4-1,IGHG2,CVRGSSWSDYYYYGMDVW,13.7,10.33,3
CTCGTCACATTGGCGC_d06_w97,3,public,IGHV3-23,IGHM,CAKGGFGENYFDYW,11.0,5.0,3
TAGTTGGGTACAGTGG_d03_w144,3,public,IGHV1-18,IGHA2,CARDREWEQYYFDYW,13.0,6.0,3
CACAGGCGTGGTGTAG_d11_w163,3,public,IGHV2-5,IGHM,CARRRYGDGYFDYW,13.8,17.5,6
TCGGGACTCAATCACG_d07_w132,3,public,IGHV3-21,IGHM,CAREEPTGGFDYW,8.8,15.0,4
ATTGGACCAAGACACG_d09_w172,3,public,IGHV3-7,IGHM,CARLTGDDWYFDLW,10.9,11.29,7
GGGTTGCCAGTCACTA_d11_w147,3,public,IGHV3-48,IGHM,CARDRSGWPHFDYW,10.0,10.0,3
GATCTAGCACAGTCGC_d02_w128,3,public,IGHV3-23,IGHM,CAKDRRGPVAGTWYFDLW,14.0,15.0,3
TAAGTGCGTTCTGTTT_d10_w105,3,public,IGHV5-51,IGHA2,CARHPGSWYFDFW,10.7,8.67,6
TGGTTAGCACGAAATA_d04_w143,3,public,IGHV3-48,IGHA2,CARVLRSGHYYIDYW,10.0,14.0,4
AAGGCAGTCGAGAACG_d11_w123,3,public,IGHV3-53,IGHM,CARDHNWNSRDTYYYGMDVW,11.0,11.0,4
CCCAGTTAGGAGTTTA_d11_w123,3,public,IGHV3-21,IGHM,CARFLDSGSYYMMDYW,13.7,12.67,3
TTAGGACAGTGGAGTC_d05_w135,3,public,IGHV3-7,IGHM,CARNKNYGDSEDYW,10.0,9.69,36
GGCTGGTCAAAGCGGT_d09_w152,3,public,IGHV3-23,IGHM,CAKGGYYDSSDYW,10.3,13.0,3
GAACGGACACGGACAA_d06_w181,3,public,IGHV4-39,IGHM,CARRTKSSGWFDYW,10.0,9.0,3
CGAACATAGAGTTGGC_d02_w99,3,public,IGHV3-53,IGHM,CARDRGGFGGLFYW,11.2,10.75,4
AGGTCATCAATCGAAA_d04_w107,3,public,IGHV3-7,IGHM,CARDGVAPGIYFDYW,11.0,20.67,3
TCTCTAAGTTCCACAA_d06_w119,3,public,IGHV7-4-1,IGHM,CAREFDPKPFDYW,9.7,6.67,3
GACGTGCCATAACCTG_d11_w126,3,public,IGHV5-51,IGHM,CSRGTVTDIDYW,9.3,5.67,3
GAGTCCGTCCGTACAA_d02_w131,3,public,IGHV3-7,IGHM,CARDIEAFDYW,8.0,11.8,5
CGTTAGAAGTCCATAC_d07_w131,3,public,IGHV5-51,IGHM,CARRDYYGSGGYYGAFDYW,13.9,11.37,19
AGCAGCCAGGATGGTC_d05_w135,3,public,IGHV3-7,IGHG2,CAKDATGTTFDYW,7.3,13.67,3
GTTCGGGCATTACGAC_d07_w169,3,public,IGHV4-39,IGHA2,CARLRTVYSNHFDYW,10.3,18.33,3
ACGCAGCCATGGGAAC_d11_w148,3,public,IGHV3-48,IGHM,CAREVTPGRSGQDAFDIW,11.3,13.67,3
ACCCACTAGCGATAGC_d03_w129,3,public,IGHV4-39,IGHM,CARGSGAGRSSSCCNWFDPW,14.0,9.0,3
CAGGTGCAGTTACGGG_d01_w99,3,public,IGHV5-51,IGHA2,CARRFDSGGYGLDAFDIW,11.3,9.33,3
ACGATACAGTGAACAT_d02_w152,3,public,IGHV5-51,IGHM,CARRRGTSGYHFDSW,10.0,22.67,3
AAGGTTCCACTTCTGC_d02_w181,3,public,IGHV4-39,IGHM,CARHATSHYGGHFNWFDPW,12.2,23.0,4
GGGATGACACACGCTG_d10_w143,3,public,IGHV5-51,IGHG2,CARLTRGWYEGFDYW,12.0,14.33,3
TACGGATAGTAGCCGA_d02_w129,3,public,IGHV3-74,IGHM,CPRAAGGTRNGLDVW,10.3,14.0,3
CAAGAAAAGTTGAGTA_d06_w109,3,public,IGHV3-74,IGHM,CARANIVGVGYFDYW,10.5,7.67,6
TGGTTCCGTAAAGTCA_d11_w97,3,public,IGHV3-48,IGHM,CARDLDYGFDYW,8.7,8.67,3
GTGCATATCTGAGTGT_d05_w123,3,public,IGHV3-30,IGHA2,CAKGIGNFYYYYMDVW,12.0,15.67,3
ACGATGTCATCGGACC_d09_w105,3,public,IGHV3-33,IGHM,CARAVGRATTRFDYW,7.6,15.86,7
GTTACAGAGTCGATAA_d03_w141,3,public,IGHV1-2,IGHA2,CARGPSSGDFDYW,10.0,27.33,3
GATGAAAGTCGGCTCA_d06_w133,3,public,IGHV3-72,IGHM,CVRGRGGAYSDFDYW,10.0,14.8,5
GCATGCGCACACAGAG_d02_w132,3,public,IGHV3-74,IGHA2,CARSWGGAFDYW,11.0,9.5,4
ATCGAGTAGAATTGTG_d02_w180,3,public,IGHV3-7,IGHM,CVRDGWGSLFDHW,10.1,13.86,7
ACCCACTTCCGTCAAA_d07_w105,3,public,IGHV5-51,IGHM,CAREARDGYNVFDYW,8.1,8.86,7
TGACAACTCTTGCCGT_d07_w108,3,public,IGHV1-18,IGHM,CARDWYCVNGCSDVFDIW,14.8,15.5,4
TCGCGTTCAGGGATTG_d08_w136,3,public,IGHV3-7,IGHM,CARIGYSSSCFDYW,10.0,15.0,4
GCGCGATGTTATGCGT_d09_w119,3,public,IGHV3-74,IGHM,CARGIAGGGYYFDYW,9.0,10.0,6
TCAGGTATCGGTTCGG_d05_w106,3,public,IGHV5-51,IGHM,CARQGSSSDYW,8.0,11.43,7
TTTGGTTCAACTGCTA_d11_w122,3,public,IGHV3-7,IGHM,CARDSGWFRFDYW,10.3,13.0,3
TGCGGGTTCTATCGCC_d02_w154,3,public,IGHV3-74,IGHA2,CARESSESGGSCEDYW,13.5,6.5,4
GTTCATTTCGGAGCAA_d02_w165,3,public,IGHV4-31,IGHM,CARVISSGWYFDYW,10.5,8.25,4
GTTCTCGCATGCCTTC_d02_w185,3,public,IGHV5-51,IGHG2,CARLSDYYDSSGYFVFDYW,14.3,10.67,3
CTCCTAGCAATGACCT_d03_w100,3,public,IGHV4-39,IGHM,CARDQGIAARPDYW,8.7,11.83,6
GACTAACTCCAATGGT_d07_w105,3,public,IGHV4-4,IGHM,CAREVGSLGYGMDVW,14.0,12.6,5
GATCGATAGGTAGCCA_d07_w126,3,public,IGHV3-23,IGHM,CAKGDYGAFDIW,11.0,8.67,3
ATAACGCAGATGAGAG_d05_w163,3,public,IGHV3-48,IGHM,CARGASCGGDCYNYYGMDVW,14.0,19.33,3
TGAGGGATCAGTTTGG_d04_w132,3,public,IGHV4-39,IGHA2,CARRHYYDSSGYFDYW,15.3,13.67,3
CTCTACGGTCTAGTCA_d11_w135,3,public,IGHV1-18,IGHA2,CARDYQDGGAWYFDYW,9.3,28.0,3
CGGACTGCATGAACCT_d03_w148,3,public,IGHV6-1,IGHA2,CARGELDYW,7.7,9.33,3
AAGCCGCCATTAACCG_d07_w191,3,public,IGHV5-51,IGHM,CARHRGTIGYYYADFDYW,10.8,14.6,5
TTGACTTCATTCCTGC_d11_w144,3,public,IGHV3-7,IGHM,CARDQWRIFDYW,9.7,11.0,3
TGACGGCGTTGGAGGT_d02_w159,3,public,IGHV5-51,IGHA2,CARASSGSDAFDIW,12.5,12.5,4
GACCAATCACTTAAGC_d04_w131,3,public,IGHV4-34,IGHA2,CARVRYTFSLGDW,11.7,29.33,3
GGAACTTGTTGCCTCT_d07_w152,3,public,IGHV4-39,IGHA2,CARQSPPYYYNGLDVW,14.0,8.0,3
CGATTGAGTCCCGACA_d02_w132,3,public,IGHV3-74,,CARVNLASAGYYFDYW,11.3,11.33,3
AGAGCGACATCAGTAC_d06_w157,3,public,IGHV3-23,IGHM,CARDLAPYYYDSSGYYLDYW,13.2,11.17,6
AGGCCGTTCAAACAAG_d07_w102,3,public,IGHV3-23,IGHM,CAKALGDYVWGSGPYYYYAMDVW,16.0,6.67,3
TAGCCGGTCATCGCTC_d11_w100,3,public,IGHV3-74,IGHM,CARDLDWLLFDYW,11.0,12.4,5
GCAGCCAGTACGACCC_d05_w176,3,public,IGHV1-2,IGHM,CARDLGIPDDYW,8.0,13.75,4
GCTGCGAGTCTGCCAG_d01_w137,3,public,IGHV3-7,IGHM,CARDPGWGAIDIW,10.3,19.0,3
CTGCCTATCGGACAAG_d09_w105,3,public,IGHV5-51,IGHM,CARRSADAFDIW,9.3,17.33,3
CAGCCGAAGGTTCCTA_d07_w111,3,public,IGHV5-51,IGHA2,CARRKPYYDSSGYYYYFDYW,14.2,7.0,4
TCACAAGCATCCGCGA_d08_w116,3,public,IGHV7-4-1,IGHM,CARGTRGYYGMDVW,11.5,16.25,4
TCAGCTCGTTTCGCTC_d11_w167,3,public,IGHV3-13,IGHM,CARDPSGWGLDVW,9.2,16.0,20
AATCGGTTCTTGGGTA_d02_w126,3,public,IGHV3-48,IGHM,CARDSGQGYGMDVW,12.0,15.67,3
AATCGGTAGTGGGATC_d07_w106,3,public,IGHV5-51,IGHM,CARRGYCSGGGCPNWFDPW,12.7,12.33,3
CACAAACAGGCAGGTT_d05_w108,3,public,IGHV2-5,IGHM,CAHSTVYYDSSGYYQYFDYW,13.5,7.83,6
GATGAGGAGACGCACA_d07_w187,3,public,IGHV3-23,IGHM,CAKTGGAGYYLDWYFDLW,11.7,16.67,3
TTCTACAGTTAGTGGG_d07_w145,3,public,IGHV3-74,IGHM,CARGGDGAVDYW,8.1,21.75,8
CATGCCTAGGGTTTCT_d05_w132,3,public,IGHV5-51,IGHM,CARIRGDISGYPLGYFDYW,12.5,15.75,4
TCTTTCCTCGGATGGA_d08_w187,3,public,IGHV3-21,IGHM,CARSSGYFDYW,10.7,9.67,3
TGGCCAGCAGACAAGC_d11_w139,3,public,IGHV4-31,IGHM,CARVGSYNWFDPW,10.0,19.0,3
ACCAGTATCCGCATAA_d08_w111,3,public,IGHV3-23,IGHM,CAKGSAAVRPYCFDNW,12.0,20.71,7
CACACAAGTTAGAACA_d07_w98,3,public,IGHV3-74,IGHM,CARTSPGSGWYPFDYW,11.4,7.25,8
ATCACGATCTTCTGGC_d02_w159,3,public,IGHV3-7,IGHG2,CARLDRGGYW,8.4,13.0,5
GGAGCAAAGGTGACCA_d07_w152,3,public,IGHV3-48,IGHM,CARDSGSYYNFEYW,10.8,9.33,6
ATTCTACAGTAGGCCA_d11_w144,3,public,IGHV5-51,IGHM,CARQSDGYKILSRDFDYW,11.7,11.33,3
TCACGAAAGTCCTCCT_d04_w98,3,public,IGHV3-74,IGHM,CARGGAGAVDYW,8.0,17.68,34
CGATGTAGTCGGCACT_d08_w130,3,public,IGHV3-33,IGHG2,CARRGAYDDHLAPNSFDIW,14.3,25.0,3
TTAGGCACAGGACGTA_d03_w133,3,public,IGHV3-7,IGHM,CARTYSYSPFDYW,8.8,10.0,4
AAAGATGCACTCTGTC_d07_w104,3,public,IGHV3-7,IGHM,CARDPARSYYYDSSGYCDYW,14.2,10.6,10
GACTAACTCCCGGATG_d04_w144,3,public,IGHV3-74,IGHM,CARIALGMGATTPDYW,9.7,15.33,3
GACGCGTGTGCGAAAC_d11_w143,3,public,IGHV3-74,IGHM,CARSDWLDAW,6.0,18.33,3
CCTCTGATCAAGCCTA_d09_w157,3,public,IGHV3-48,IGHM,CARRLRSFDYW,8.3,14.67,3
GTACTCCTCAGGTTCA_d04_w106,3,public,IGHV4-4,IGHA2,CARYWRSSGYYYGMDVW,15.0,11.33,3
TTTCCTCGTTGGAGGT_d07_w143,3,public,IGHV3-74,IGHA2,CVRAWELLNWFDPW,12.0,18.67,3
GTGGGTCCATCTATGG_d02_w135,3,public,IGHV1-46,IGHG2,CARDLGSGEYGLDYW,11.0,21.0,3
GTATCTTTCGAATGGG_d02_w108,3,public,IGHV3-23,IGHM,CAKDPRSSGTYYFDYW,12.7,16.33,3
GCATACACAGATGGCA_d05_w141,3,public,IGHV3-23,IGHM,CAKGSSAARPYYFDYW,12.0,15.0,4
GGATTACAGCCGTCGT_d07_w128,3,public,IGHV1-2,IGHM,CARSYSGGPSRFDYW,13.2,14.75,4
TTCGAAGAGGCCCTTG_d02_w164,3,public,IGHV3-74,IGHM,CARARGGYYYDYW,9.7,13.0,3
CCTTCGAAGATATGCA_d03_w123,3,public,IGHV1-18,IGHG4,CARDVPGWGAFDIW,11.7,6.67,3
TCTTTCCGTACGACCC_d06_w121,3,public,IGHV5-51,IGHM,CARSDGYKLDYW,9.2,9.5,4
GCTGCTTGTCACAAGG_d09_w120,3,public,IGHV6-1,IGHM,CARSSGNNWFDPW,9.2,6.5,4
AACGTTGTCTCGTTTA_d05_w123,3,public,IGHV3-23,IGHM,CAKDQREHSSSWWSMGFDYW,14.0,12.0,3
ACGGGTCCACGTAAGG_d04_w104,3,public,IGHV3-74,IGHG2,CARDGERAITFDSW,9.6,10.78,9
AGTTGGTCAGCAGTTT_d06_w133,3,public,IGHV3-74,IGHM,CARSSIAMVKAFVDYW,10.0,11.83,6
GGAACTTGTGCACTTA_d07_w132,3,public,IGHV1-3,IGHG2,CARQAQADYYYYYGMDVW,11.8,14.0,6
GTCACGGCACTTCGAA_d04_w100,3,public,IGHV4-39,IGHM,CARAVGVDAFDIW,12.2,10.4,5
